# File produced by Open Asset Import Library (http://www.assimp.sf.net)
# (assimp v5.3.0)

mtllib link_5.mtl

# 4260 vertex positions
v -0.00164963002 -0.00935566984 0.061999999
v 1.06334994e-06 -0.0132620996 0.061999999
v -9.53674029e-09 -0.00949999969 0.061999999
v 0.00164961 -0.00935566984 0.061999999
v 0.00446810015 -0.0124939997 0.061999999
v 0.00324916001 -0.00892707985 0.061999999
v 0.00474999985 -0.00822724029 0.061999999
v 0.00669847988 -0.0114460001 0.061999999
v 0.0061064898 -0.00727741979 0.061999999
v 0.00858043972 -0.0101122996 0.061999999
v 0.00727747986 -0.00610648002 0.061999999
v 0.0102027999 -0.00847262982 0.061999999
v 0.00822721981 -0.00474999985 0.061999999
v 0.0115163997 -0.00657668989 0.061999999
v 0.00892710034 -0.00324919005 0.061999999
v 0.0124818003 -0.0044817999 0.061999999
v 0.00935565028 -0.00164965994 0.061999999
v 0.0130695002 -0.00225133006 0.061999999
v 0.00950002018 1.20035012e-18 0.061999999
v 0.0132619003 4.72423962e-05 0.061999999
v 0.00935565028 0.00164965994 0.061999999
v 0.0130532002 0.0023443799 0.061999999
v 0.00892710034 0.00324919005 0.061999999
v 0.0124495002 0.00457060989 0.061999999
v 0.00822721981 0.00474999985 0.061999999
v 0.0114693996 0.00665856991 0.061999999
v 0.00727747986 0.00610648002 0.061999999
v 0.0101421 0.00854511 0.061999999
v 0.0061064898 0.00727741979 0.061999999
v 0.00850819983 0.0101731997 0.061999999
v 0.00474999985 0.00822724029 0.061999999
v 0.00661682012 0.0114935003 0.061999999
v 0.00324916001 0.00892707985 0.061999999
v 0.00452528987 0.0124661 0.061999999
v 0.00164961 0.00935566984 0.061999999
v 0.00229691993 0.0130615998 0.061999999
v -9.53674029e-09 0.00949999969 0.061999999
v -9.63210937e-07 0.0132619999 0.061999999
v -0.00164963002 0.00935566984 0.061999999
v -0.00229884009 0.0130612999 0.061999999
v -0.00324918004 0.00892707985 0.061999999
v -0.00452722004 0.0124653997 0.061999999
v -0.00475001987 0.00822724029 0.061999999
v -0.00661851 0.0114925001 0.061999999
v -0.00610650983 0.00727741979 0.061999999
v -0.0085096499 0.0101718996 0.061999999
v -0.00727738021 0.00610648002 0.061999999
v -0.0101434002 0.00854356028 0.061999999
v -0.00822724029 0.00474999985 0.061999999
v -0.0114703001 0.00665681018 0.061999999
v -0.0089271199 0.00324919005 0.061999999
v -0.0124501996 0.00456870021 0.061999999
v -0.00935566984 0.00164965994 0.061999999
v -0.0131577002 0.00119380001 0.061999999
v -0.00950003974 3.69382996e-20 0.061999999
v -0.00935566984 -0.00164965994 0.061999999
v -0.0130692003 -0.00225333008 0.061999999
v -0.0089271199 -0.00324919005 0.061999999
v -0.0124810999 -0.00448371004 0.061999999
v -0.00822724029 -0.00474999985 0.061999999
v -0.0115155 -0.00657845009 0.061999999
v -0.00727738021 -0.00610648002 0.061999999
v -0.0102014998 -0.00847420003 0.061999999
v -0.00610650983 -0.00727741979 0.061999999
v -0.00857890956 -0.0101135997 0.061999999
v -0.00475001987 -0.00822724029 0.061999999
v -0.0066967099 -0.0114471 0.061999999
v -0.00324918004 -0.00892707985 0.061999999
v -0.0045877602 -0.0124431998 0.061999999
v 0.0653695017 0.0135835996 0.0407765992
v 0.0651448965 0.0105427997 0.0411657989
v 0.0663750991 0.0130112004 0.0390351005
v 0.0659025982 0.0101367002 0.0398534983
v 0.0666840002 0.00999999978 0.0384999998
v 0.0674178004 0.0131609999 0.0372290015
v 0.0674654022 0.0101367002 0.0371465012
v 0.0682229996 0.0105427997 0.0358342007
v 0.0683719963 0.0140151 0.0355762988
v 0.068934001 0.0112057999 0.0346028991
v 0.0695765018 0.0121056 0.0334899984
v 0.0691227019 0.0154704005 0.0342760012
v 0.0701311976 0.0132149002 0.0325292982
v 0.0705811009 0.0144999996 0.031750001
v 0.069579199 0.0173512008 0.0334854014
v 0.0709125996 0.0159217995 0.0311757997
v 0.0711155981 0.0174371991 0.0308241993
v 0.069683902 0.0189999994 0.033303801
v 0.0711838976 0.0189999994 0.0307056997
v 0.0696033984 0.0204678997 0.0334433988
v 0.0711155981 0.0205627996 0.0308241993
v 0.0709125996 0.0220781993 0.0311757997
v 0.0691763982 0.0223763008 0.0341829993
v 0.0705811009 0.0234999992 0.031750001
v 0.0701311976 0.0247850996 0.0325292982
v 0.0684487 0.0238774996 0.0354433991
v 0.0695765018 0.0258943997 0.0334899984
v 0.068934001 0.0267942008 0.0346028991
v 0.0675081983 0.0247904994 0.0370724015
v 0.0682229996 0.0274572 0.0358342007
v 0.0674654022 0.0278632995 0.0371465012
v 0.0664682984 0.0250051003 0.0388736017
v 0.0666840002 0.0280000009 0.0384999998
v 0.0659025982 0.0278632995 0.0398534983
v 0.0654544011 0.0244954992 0.0406295992
v 0.0651448965 0.0274572 0.0411657989
v 0.0644339025 0.0267942008 0.0423971005
v 0.0645888001 0.0233229995 0.0421289988
v 0.0637914017 0.0258943997 0.0435100012
v 0.0632366985 0.0247850996 0.0444707014
v 0.0639759004 0.0216291007 0.0431905985
v 0.0627868026 0.0234999992 0.0452499986
v 0.0624553002 0.0220781993 0.0458241999
v 0.063689597 0.0196182001 0.0436864011
v 0.0622523017 0.0205627996 0.0461758003
v 0.0621839985 0.0189999994 0.0462943017
v 0.0637644976 0.0175324995 0.0435567014
v 0.0622523017 0.0174371991 0.0461758003
v 0.0624553002 0.0159217995 0.0458241999
v 0.0641914979 0.0156239998 0.0428172015
v 0.0627868026 0.0144999996 0.0452499986
v 0.0632366985 0.0132149002 0.0444707014
v 0.0647556037 0.0144036999 0.0418399982
v 0.0637914017 0.0121056 0.0435100012
v 0.0644339025 0.0112057999 0.0423971005
v 0.0155146001 -0.00714405999 0.0575583987
v 0.0143485004 -0.00838662032 0.0573997982
v 0.0240019001 -0.0137745002 0.0563406013
v 0.0137619004 -0.00982945971 0.0571609996
v 0.0122245997 -0.0109070996 0.0569845997
v 0.0151901003 -0.0135784 0.0563881993
v 0.0100256996 -0.0126218004 0.0566475987
v 0.0326123983 9.20551997e-07 0.0579705983
v 0.0172281992 -0.00109656004 0.057989601
v 0.0326123983 -0.00439810986 0.057833001
v 0.0171441995 -0.00194103003 0.0579674989
v 0.0326123983 -0.00709473994 0.0575064011
v 0.0165173002 -0.00342513993 0.0579027012
v 0.0164384991 -0.00498184981 0.057785701
v 0.0326123983 -0.0139325997 0.0563016012
v 0.0326123983 -0.00953745004 0.0572105013
v 0.0158507992 -0.00645527011 0.0576396994
v 0.0168782994 0.000465087011 0.0579984002
v 0.0326123983 0.000776270987 0.0579948016
v 0.0171331 0.00202627992 0.0579646006
v 0.0326123983 0.00594446994 0.057694599
v 0.0168491993 0.00356063992 0.0578906015
v 0.0326123983 0.0070957602 0.0575237982
v 0.0166717991 0.00423760992 0.0578448996
v 0.0115794996 0.0120465001 0.0567325987
v 0.0159063991 0.0136652999 0.0563671999
v 0.00926392991 0.0136080999 0.0563816987
v 0.0133359004 0.0103379004 0.0570712984
v 0.0326123983 0.0139325997 0.0563016012
v 0.0143488999 0.00905312039 0.0572891012
v 0.0146792 0.00856993999 0.0573633015
v 0.0154908998 0.00718952995 0.0575525984
v 0.0326123983 0.0110652996 0.0569345988
v 0.0155314002 0.00710156001 0.0575625002
v 0.0161557999 0.00574463978 0.0577148013
v 0.0539003015 -0.0096579399 0.0305080004
v 0.0539033003 -0.00676710997 0.0312763005
v 0.0523919985 -0.00679414021 0.0314011984
v 0.0526589006 -0.0134330001 0.0292204991
v 0.0523919985 -0.00970098004 0.0306281
v 0.0511730015 -0.0135396002 0.0295273997
v 0.0509237014 -0.00981563982 0.0309902001
v 0.0495399982 -0.0100031001 0.031582199
v 0.0498089008 -0.0136887003 0.0300852992
v 0.0482802019 -0.0102581 0.0323872007
v 0.0485543013 -0.0139322998 0.0308141001
v 0.0474492982 -0.0142019 0.0317552015
v 0.0471800007 -0.0105732996 0.0333823003
v 0.0465084016 -0.0145634003 0.0328329988
v 0.0462707989 -0.0109398998 0.034539599
v 0.045578301 -0.0113473004 0.0358259007
v 0.0457694009 -0.0149312001 0.0340719
v 0.0451223999 -0.0117840003 0.0372048989
v 0.0452288985 -0.0153898001 0.0354338996
v 0.0449363999 -0.0152519001 0.0372731984
v 0.0449156985 -0.0122376997 0.0386371985
v 0.0449156985 -0.00113424996 0.0405130982
v 0.0449156985 -0.00482867006 0.040240299
v 0.0450515002 -0.000329806993 0.0394545011
v 0.0451223999 -0.00464966008 0.0387485996
v 0.045578301 -0.00447733002 0.037312299
v 0.0454642996 -0.000268387987 0.0379559994
v 0.0462707989 -0.00431656977 0.0359725989
v 0.0462520011 -0.00113486999 0.0362433009
v 0.0471800007 -0.00417194981 0.0347674005
v 0.0472451001 -0.00173927005 0.0348451994
v 0.0482802019 -0.00404756982 0.0337309018
v 0.0485575013 -0.000277748011 0.0337783992
v 0.0495399982 -0.00394695997 0.0328924991
v 0.0509237014 -0.0038729799 0.0322760008
v 0.051066801 -0.000241376998 0.032507699
v 0.0497894995 -0.000256709987 0.0330356993
v 0.0523919985 -0.00382773997 0.0318989009
v 0.0525453985 -0.000312822987 0.032130599
v 0.0539033003 -0.00112707005 0.031980101
v 0.0539033003 -0.0124075003 0.0294966996
v 0.0539033003 -0.00500062015 0.0315728001
v 0.0539033003 -0.00381252007 0.0317720994
v 0.0509237014 -0.00687443977 0.0317723006
v 0.0495399982 -0.00700573996 0.0323791988
v 0.0482802019 -0.00718432013 0.0332044996
v 0.0471800007 -0.00740509015 0.0342249013
v 0.0462707989 -0.00766179012 0.0354112983
v 0.045578301 -0.00794714037 0.0367300995
v 0.0451223999 -0.00825302023 0.0381438993
v 0.0449156985 -0.00857075024 0.0396123007
v -0.0752113014 0.00434119999 0.0246201996
v -0.0754999965 0.00442802999 0.0251125991
v -0.075256899 0.00856218021 0.0235645007
v -0.0754999965 0.00872150995 0.0239621997
v -0.0752113014 0.0125000002 0.0216505993
v -0.0754999965 0.0127499998 0.0220836997
v -0.0752113014 0.0160696991 0.0191511009
v -0.0754999965 0.0163911004 0.0195342004
v -0.0752113014 0.0191511009 0.0160696991
v -0.0754999965 0.0195340998 0.0163911004
v -0.0752113014 0.0216505993 0.0125000002
v -0.0754999965 0.0220835991 0.0127499998
v -0.0752113014 0.0234923009 0.00855046045
v -0.0754999965 0.0239621997 0.00872152019
v -0.0752113014 0.0246201996 0.00434117997
v -0.0754999965 0.0251125991 0.00442807982
v -0.0752113014 0.0250000004 5.24521013e-08
v -0.0754999965 0.0254999995 5.24521013e-08
v -0.075256899 0.0246933997 -0.0043401001
v -0.0754999965 0.0251125991 -0.00442798017
v -0.075256899 0.0235645995 -0.00856214017
v -0.0754999965 0.0239621997 -0.00872153975
v -0.075256899 0.0217196997 -0.0125241
v -0.0754999965 0.0220835991 -0.0127499998
v -0.0752113014 0.0191511009 -0.0160696991
v -0.0754999965 0.0195340998 -0.0163911004
v -0.0752113014 0.0160696991 -0.0191511996
v -0.0754999965 0.0163911004 -0.0195342004
v -0.0752113014 0.0125000002 -0.0216505993
v -0.0754999965 0.0127499998 -0.0220836997
v -0.075256899 0.00858804956 -0.0235551
v -0.0754999965 0.00872150995 -0.0239621997
v -0.0752113014 0.00434119999 -0.0246201996
v -0.0754999965 0.00442802999 -0.0251125991
v -0.0752113014 -6.83899954e-19 -0.0250000004
v -0.0754999965 -5.86755966e-19 -0.0254999995
v -0.0752113014 -0.00434119999 -0.0246201996
v -0.0754999965 -0.00442802999 -0.0251125991
v -0.0752113014 -0.00855049957 -0.0234923009
v -0.0754999965 -0.00872150995 -0.0239621997
v -0.0752113014 -0.0125000002 -0.0216505993
v -0.0754999965 -0.0127499998 -0.0220836997
v -0.0752113014 -0.0160696991 -0.0191511996
v -0.0754999965 -0.0163911004 -0.0195342004
v -0.0752113014 -0.0191511009 -0.0160696991
v -0.0754999965 -0.0195340998 -0.0163911004
v -0.075256899 -0.021706 -0.0125479
v -0.0754999965 -0.0220835991 -0.0127499998
v -0.0752113014 -0.0234923009 -0.00855046976
v -0.0754999965 -0.0239621997 -0.00872153975
v -0.075256899 -0.0246885996 -0.00436720019
v -0.0754999965 -0.0251125991 -0.00442798017
v -0.075256899 -0.0250719003 -1.37325997e-05
v -0.0754999965 -0.0254999995 5.24521013e-08
v -0.0752113014 -0.0246201996 0.00434117997
v -0.0754999965 -0.0251125991 0.00442807982
v -0.0752113014 -0.0234923009 0.00855046045
v -0.0754999965 -0.0239621997 0.00872152019
v -0.0752113014 -0.0216505993 0.0125000002
v -0.0754999965 -0.0220835991 0.0127499998
v -0.0752113014 -0.0191511009 0.0160696991
v -0.0754999965 -0.0195340998 0.0163911004
v -0.075256899 -0.0161265004 0.0191973001
v -0.0754999965 -0.0163911004 0.0195342004
v -0.075256899 -0.0125478003 0.021706
v -0.0754999965 -0.0127499998 0.0220836997
v -0.0752113014 -0.00855049957 0.0234923009
v -0.0754999965 -0.00872150995 0.0239621997
v -0.0752113014 -0.00434119999 0.0246201996
v -0.0754999965 -0.00442802999 0.0251125991
v -0.0752113014 -5.54113031e-18 0.0250000004
v -0.0754999965 -1.17867993e-17 0.0254999995
v -0.0058456799 -0.0227793995 0.0795354024
v -0.00985253975 -0.0227786005 0.0791390017
v -0.00892913993 -0.0292499997 0.0792485997
v 0.0618223995 0.0106199002 0.0503791012
v 0.0623484999 0.00989146996 0.0497212
v 0.0623511001 0.0292499997 0.0497233011
v -0.047339499 0.0242772996 -0.0641797036
v -0.0496550016 0.0242772996 -0.0622683018
v -0.0497233011 0.0292499997 -0.0623511001
v 0.0758394003 -0.00897802971 0.0246670004
v 0.0756113008 -0.00678720977 0.0253573991
v 0.0752746984 -0.0292499997 0.0263397004
v 0.0754439011 -0.00455826009 0.0258511994
v 0.075341098 -0.0022972899 0.0261493009
v 0.076795198 -0.0150499996 0.0215071999
v 0.0764413029 -0.0131249996 0.0227330998
v 0.0761199966 -0.0111018997 0.0237866994
v 0.0753061026 0 0.0262500998
v 0.075341098 0.00229727011 0.0261493009
v 0.0752746984 0.0292499997 0.0263397004
v 0.0754439011 0.00455826009 0.0258511994
v 0.0756111965 0.00678719999 0.0253573991
v 0.0758394003 0.00897802971 0.0246670004
v 0.0761198997 0.011101 0.0237872005
v 0.0764413029 0.0131249996 0.0227330998
v 0.0786624998 -0.0227332003 0.0131249996
v 0.0783144012 -0.0214974005 0.0150640002
v 0.0777506009 -0.0292499997 0.0177459996
v 0.0792485029 -0.0292499997 0.00892919023
v 0.0794619024 -0.0253612008 0.00677268999
v 0.0792431012 -0.0246668998 0.00897806045
v 0.0789745972 -0.0237904992 0.0110940002
v 0.0777506009 -0.0193427 0.0177459996
v 0.0771732032 -0.0168731995 0.0201085992
v 0.0797170028 -0.0261496995 -0.00229306007
v 0.0797500983 -0.0262499992 5.24521013e-08
v 0.0797500983 -0.0292499997 5.24521013e-08
v 0.0797171965 -0.0261499994 0.0022891101
v 0.0796196014 -0.0258511994 0.00455826009
v 0.0796196014 -0.0258511994 -0.00455826987
v 0.0792485029 -0.0292499997 -0.00892919954
v 0.0794622004 -0.0253621005 -0.00676936982
v 0.0779445991 -0.0201086998 -0.0168731995
v 0.0783160031 -0.0215032008 -0.0150557002
v 0.0777506009 -0.0292499997 -0.0177459996
v 0.0786624998 -0.0227332003 -0.0131249996
v 0.0789735988 -0.0237872005 -0.011101
v 0.0792424977 -0.0246648006 -0.00897711981
v 0.0758394003 0.00897802971 -0.0246670004
v 0.0756127983 0.0068033901 -0.0253529996
v 0.0752746984 0.0292499997 -0.0263397004
v 0.0754439011 0.00455826009 -0.0258511994
v 0.075340502 0.00227897009 -0.0261509009
v 0.0767975971 0.0150624001 -0.0214984994
v 0.0764413029 0.0131249996 -0.0227332003
v 0.076117903 0.0110871997 -0.0237936005
v 0.0753061026 0 -0.0262499992
v 0.075340502 -0.00228003995 -0.0261508003
v 0.0752746984 -0.0292499997 -0.0263397004
v 0.0754439011 -0.00455826009 -0.0258511994
v 0.0756127983 -0.00680371001 -0.0253529008
v 0.0758394003 -0.00897802971 -0.0246670004
v 0.0761179999 -0.0110884998 -0.0237930007
v 0.0764413029 -0.0131249996 -0.0227332003
v 0.0767974034 -0.0150611997 -0.0214993004
v 0.0771732032 -0.0168731995 -0.0201085992
v 0.0777506009 -0.0193427 -0.0177459996
v 0.0786624998 0.0227332003 -0.0131249996
v 0.0783160999 0.0215038005 -0.0150547996
v 0.0777506009 0.0292499997 -0.0177459996
v 0.0792485029 0.0292499997 -0.00892919954
v 0.0794622004 0.0253618993 -0.00677007996
v 0.0792431012 0.0246668998 -0.00897808
v 0.0789735988 0.0237870999 -0.0111012002
v 0.0777506009 0.0193427 -0.0177459996
v 0.0771732032 0.0168731995 -0.0201085992
v 0.0797171965 0.0261500999 0.00228755991
v 0.0797500983 0.0262499992 5.24521013e-08
v 0.0797500983 0.0292499997 5.24521013e-08
v 0.0797171965 0.0261502005 -0.00228733988
v 0.0796196014 0.0258511994 -0.00455826987
v 0.0796196014 0.0258511994 0.00455826009
v 0.0792485029 0.0292499997 0.00892919023
v 0.0794617012 0.0253605004 0.00677555008
v 0.0783148035 0.0214987993 0.0150619997
v 0.0786624998 0.0227332003 0.0131249996
v 0.0777506009 0.0292499997 0.0177459996
v 0.0779445991 0.0201086998 0.0168731995
v 0.0767956004 0.0150517998 0.0215060003
v 0.0771732032 0.0168731995 0.0201085992
v 0.0777506009 0.0193427 0.0177459996
v 0.0789745972 0.0237902999 0.0110943001
v 0.0792424977 0.0246648006 0.00897710957
v -0.0758503973 0.00659357989 0.0246326998
v -0.0752746984 0.0292499997 0.0263397004
v -0.0760649964 0.00872150995 0.0239621997
v -0.0769646019 0.0146201998 0.0208925996
v -0.076631397 0.0127499998 0.0220836997
v -0.0763289034 0.0107840002 0.0231075007
v -0.0755961984 0.00223118998 0.0254021995
v -0.0755632967 0 0.0254999995
v -0.0752746984 -0.0292499997 0.0263397004
v -0.0755961984 -0.00223155995 0.0254021008
v -0.0758503973 -0.00659315009 0.0246328991
v -0.0760649964 -0.00872150995 0.0239621997
v -0.0763289034 -0.0107837999 0.0231075995
v -0.076631397 -0.0127499998 0.0220836997
v -0.078724198 0.0220835991 0.0127499998
v -0.0783960968 0.0208836999 0.0146329002
v -0.0777504966 0.0292499997 0.0177459996
v -0.0780474022 0.0195340998 0.0163911004
v -0.0777504966 0.0183119997 0.0177459996
v -0.0773205981 0.0163911004 0.0195342004
v -0.0797498971 0.0292499997 5.24521013e-08
v -0.0797498971 0.0254999995 5.24521013e-08
v -0.0797189996 0.0254027992 0.0022241401
v -0.0792485997 0.0292499997 0.00892919023
v -0.0796269029 0.0251125991 0.00442807982
v -0.0794762 0.0246303994 0.00660254993
v -0.0792485997 0.0238856003 0.00892919023
v -0.0790048018 0.0230637994 0.0108772004
v -0.0792716965 0.0239623003 -0.00872107036
v -0.0794764981 0.0246312004 -0.00659961021
v -0.0792485997 0.0292499997 -0.00892919954
v -0.0796269029 0.0251125991 -0.00442798017
v -0.0797187984 0.0254024006 -0.00222845003
v -0.0780474022 0.0195340998 -0.0163911004
v -0.0783974975 0.0208890997 -0.0146251004
v -0.0777504966 0.0292499997 -0.0177459996
v -0.078724198 0.0220835991 -0.0127499998
v -0.0790036991 0.0230601002 -0.0108848
v -0.0758517012 -0.00660852017 -0.0246287994
v -0.0752746984 -0.0292499997 -0.0263397004
v -0.0760649964 -0.00872150995 -0.0239621997
v -0.0769668967 -0.0146318004 -0.0208845008
v -0.076631397 -0.0127499998 -0.0220836997
v -0.0763270035 -0.0107703004 -0.0231139008
v -0.0755956993 -0.00221379008 -0.0254037008
v -0.0755632967 -1.38777994e-17 -0.0254999995
v -0.0752746984 0.0292499997 -0.0263397004
v -0.0755956993 0.00221521012 -0.0254036002
v -0.0758517981 0.00660951016 -0.0246286001
v -0.0760649964 0.00872150995 -0.0239621997
v -0.0763271973 0.0107714003 -0.0231132992
v -0.076631397 0.0127499998 -0.0220836997
v -0.0769667998 0.0146311 -0.0208848994
v -0.0773205981 0.0163911004 -0.0195342004
v -0.0777504966 0.0183119997 -0.0177459996
v -0.078724198 -0.0220835991 -0.0127499998
v -0.0783974975 -0.0208893996 -0.0146247996
v -0.0777504966 -0.0292499997 -0.0177459996
v -0.0780474022 -0.0195340998 -0.0163911004
v -0.0777504966 -0.0183119997 -0.0177459996
v -0.0773205981 -0.0163911004 -0.0195342004
v -0.0797498971 -0.0292499997 5.24521013e-08
v -0.0797498971 -0.0254999995 5.24521013e-08
v -0.0797190964 -0.0254030004 -0.00222153007
v -0.0792485997 -0.0292499997 -0.00892919954
v -0.0796269029 -0.0251125991 -0.00442798017
v -0.0794764012 -0.0246307999 -0.00660105003
v -0.0792485997 -0.0238856003 -0.00892919954
v -0.0790038034 -0.0230605993 -0.0108839003
v -0.0792716965 -0.0239620991 0.00872161984
v -0.079475902 -0.0246293005 0.00660675019
v -0.0792485997 -0.0292499997 0.00892919023
v -0.0796269029 -0.0251125991 0.00442807982
v -0.0797190964 -0.0254030004 0.00222198991
v -0.0780474022 -0.0195340998 0.0163911004
v -0.0783962011 -0.0208844002 0.0146319
v -0.0777504966 -0.0292499997 0.0177459996
v -0.0769649968 -0.0146214999 0.0208915994
v -0.0773205981 -0.0163911004 0.0195342004
v -0.0777504966 -0.0183119997 0.0177459996
v -0.078724198 -0.0220835991 0.0127499998
v -0.0790048018 -0.0230638999 0.0108767999
v 0.0751610994 0.00249999994 0.0266622994
v 0.0751610994 -0.00249999994 0.0266622994
v 0.072459802 0.0035274399 0.0333123989
v 0.0727208033 0.00249998993 0.0327382013
v 0.0723204985 0.0246242993 0.0336146988
v 0.0726810023 0.0233217999 0.0328258984
v 0.0718522966 0.0292499997 0.0346021987
v 0.0718100965 0.0258332007 0.0346994996
v 0.0729392022 0.0218835007 0.032247901
v 0.0730893016 0.0203558002 0.0319061019
v 0.073124297 0.0189999994 0.0318261012
v 0.0730967969 0.0178235006 0.0318894014
v 0.0729589984 0.0162872002 0.0322033986
v 0.0726798996 0.0146674002 0.0328294002
v 0.0722542033 0.0132149002 0.0337550007
v 0.0716900006 0.00529053016 0.0349385999
v 0.0720750019 0.00454758992 0.034136001
v 0.0721940994 0.00423470978 0.0338811018
v 0.073624 -0.00918878987 0.0306522995
v 0.0738995969 -0.0111846998 0.0299817007
v 0.0743111968 -0.0136954999 0.0289503001
v 0.0730910972 -0.00249999994 0.0319022015
v 0.0732195973 -0.00500620017 0.0316059999
v 0.0733945966 -0.00712083979 0.0311976001
v 0.0744376034 -0.0148841003 0.0286199003
v 0.0744927004 -0.0160482991 0.0284761991
v 0.0744964033 -0.0163742993 0.0284668002
v 0.0744666979 -0.0175486002 0.0285442006
v 0.0743642971 -0.0187471006 0.0288098995
v 0.0741949007 -0.0198555999 0.0292434003
v 0.0739317983 -0.0209800992 0.0299031008
v 0.0735920966 -0.0219579004 0.0307288002
v 0.0731903017 -0.0227690004 0.0316739008
v 0.0727227032 -0.0234178994 0.0327335
v 0.0718522966 -0.0292499997 0.0346021987
v 0.0721905008 -0.0238943007 0.0338908993
v 0.0675261989 0.0292499997 0.0424294993
v 0.0673964024 0.0274231993 0.0426384993
v 0.0683879033 0.0279163998 0.0410295017
v 0.0700203031 0.0277951993 0.0381754003
v 0.0710562021 0.0270147994 0.0362161994
v 0.0692623034 0.0279999003 0.0395346992
v 0.0669784024 0.00695540011 0.0432883985
v 0.0675029978 0.0105203995 0.0424681008
v 0.0659080967 0.00710503012 0.0449020006
v 0.0667880028 0.0110994 0.0435791016
v 0.064824298 0.00756062986 0.0464528017
v 0.0637592003 0.00831155013 0.0479043014
v 0.0659909993 0.0121056 0.0447799005
v 0.0627468973 0.00933970977 0.0492229015
v 0.0653596967 0.0132149002 0.0456964001
v 0.0647699982 0.0146743003 0.0465295017
v 0.0643974021 0.0161153991 0.0470428988
v 0.0641760975 0.0176439006 0.0473442003
v 0.0641447976 0.019785 0.0473866984
v 0.0641243011 0.0189999994 0.0474145003
v 0.0642469004 0.0209509004 0.0472483002
v 0.0645276979 0.0224498007 0.0468642004
v 0.0648377985 0.0234999992 0.0464341007
v 0.0653596967 0.0247850996 0.0456964001
v 0.0659909993 0.0258943997 0.0447799005
v 0.0667055026 0.0267942008 0.0437086001
v 0.0691217035 0.00696069002 0.0397774987
v 0.0698625967 0.00685044006 0.0384607986
v 0.0694572031 0.0100207999 0.0391921997
v 0.068383798 0.0100835003 0.0410264991
v 0.0705695003 0.00650922023 0.0371467993
v 0.0705581978 0.0105146002 0.0371726006
v 0.0717761964 0.0121056996 0.0347598009
v 0.0712054968 0.0112057999 0.0359143987
v 0.071102798 0.00605307007 0.0361171998
v 0.0718522966 0.0292499997 -0.0346021987
v 0.0721905008 0.0238943007 -0.0338908993
v 0.0716034994 0.0241838992 -0.0351142995
v 0.0709877983 0.0242772996 -0.0363426991
v 0.0675261989 0.0292499997 -0.0424294993
v 0.0718522966 -0.0292499997 -0.0346021987
v 0.0721905977 -0.0238943007 -0.0338907987
v 0.0723610967 -0.0237667002 -0.0335251018
v 0.0728607997 -0.0232522003 -0.0324246995
v 0.0733012035 -0.0225734003 -0.0314165987
v 0.0734848976 -0.0222040005 -0.0309842993
v 0.073823303 -0.0213290993 -0.0301690996
v 0.0740894005 -0.0203609001 -0.0295100994
v 0.0741724968 -0.019971 -0.0293001998
v 0.0743547976 -0.0188338999 -0.0288346
v 0.0744630024 -0.0176149998 -0.0285538007
v 0.0744965002 -0.0164570995 -0.0284665003
v 0.0744958967 -0.0162883997 -0.0284679998
v 0.0743281022 -0.0138336001 -0.0289032999
v 0.0744376034 0.0148841003 -0.0286200009
v 0.0744524971 -0.0150934001 -0.0285812002
v 0.0742202029 1.27675997e-15 -0.0291792993
v 0.073823601 0.0106693003 -0.0301690008
v 0.0743136033 0.0137283001 -0.0289402995
v 0.0730995983 0.0027365 -0.0318828002
v 0.0732526034 0.00546545023 -0.0315298997
v 0.0734992996 0.00812944025 -0.0309500992
v 0.0738245994 -0.0106779002 -0.0301660001
v 0.0734992996 -0.00812944025 -0.0309500992
v 0.0732512027 -0.00544779981 -0.0315328017
v 0.0730995983 -0.0027365 -0.0318828002
v 0.073048301 -4.78221e-06 -0.0320000015
v 0.0742202029 -0.0131366001 -0.0291792993
v 0.074492 0.0160485003 -0.0284761991
v 0.0744964033 0.0163742993 -0.0284668002
v 0.0744666979 0.0175486002 -0.0285442006
v 0.0743642971 0.0187471006 -0.02881
v 0.0741951019 0.0198548995 -0.0292429999
v 0.0739317983 0.0209800992 -0.0299031995
v 0.0735920966 0.0219579004 -0.0307288002
v 0.0731903017 0.0227690004 -0.0316739008
v 0.0727227032 0.0234178994 -0.0327335
v 0.0716257021 -0.0241784994 -0.035069
v 0.0623511001 -0.0292499997 -0.0497233011
v 0.0671693012 -0.0242772996 -0.0429923981
v 0.0675261989 -0.0292499997 -0.0424294993
v 0.0675007999 -0.0242772996 -0.0424150005
v 0.0709877983 -0.0242772996 -0.0363426991
v 0.0563917011 -0.0292499997 -0.0563918017
v 0.0620879009 -0.0242772996 -0.0500514992
v 0.0497233011 -0.0292499997 -0.0623511001
v 0.049775999 -0.0242772996 -0.0623090006
v 0.0562667996 -0.0242772996 -0.0565164983
v 0.0426938012 -0.0242772996 -0.0673594996
v 0.0424295999 -0.0292499997 -0.0675263032
v 0.0351030007 -0.0242769998 -0.071608901
v 0.0346022993 -0.0292499997 -0.0718522966
v 0.0270936005 -0.0242781006 -0.0750067011
v 0.0263397992 -0.0292499997 -0.0752746984
v 0.0187650006 -0.0242772996 -0.0775109008
v 0.0177461002 -0.0292499997 -0.0777504966
v 0.0177369006 -0.0242772996 -0.0777012035
v 0.0102112005 -0.0242772996 -0.079093501
v 0.00892912038 -0.0292499997 -0.0792485029
v 0.00892470963 -0.0242772996 -0.0791888013
v 0.00153611996 -0.0242772996 -0.0797351971
v -9.53674029e-09 -0.0292499997 -0.0797500014
v 2.49385994e-06 -0.0242772996 -0.0796810016
v -0.00715515018 -0.0242777001 -0.0794283003
v -0.00892913993 -0.0292499997 -0.0792485029
v -0.0157657005 -0.0242772996 -0.0781761035
v -0.0177461002 -0.0292499997 -0.0777504966
v -0.0177248009 -0.0242772996 -0.0776683986
v -0.0241876002 -0.0242768992 -0.0759935975
v -0.0263397992 -0.0292499997 -0.0752746984
v -0.0323201008 -0.0242772009 -0.0729072988
v -0.0346021987 -0.0292499997 -0.0718522966
v -0.0400683992 -0.0242771003 -0.0689536035
v -0.0424295999 -0.0292499997 -0.0675263032
v -0.0473395996 -0.0242772009 -0.0641795993
v -0.0497233011 -0.0292499997 -0.0623511001
v -0.0540473983 -0.0242774002 -0.0586424991
v -0.0563917011 -0.0292499997 -0.0563918017
v -0.0601130985 -0.0242772996 -0.052406799
v -0.0623511001 -0.0292499997 -0.0497233011
v -0.0654636025 -0.0242772996 -0.0455477014
v -0.0675261989 -0.0292499997 -0.0424294993
v -0.069535397 -0.0242772996 -0.0390498005
v -0.071732901 -0.0230826996 -0.0348489992
v -0.0712016001 -0.0236418005 -0.0359220989
v -0.0718521997 -0.0292499997 -0.0346021987
v -0.0705875978 -0.0240410008 -0.0371140987
v -0.0698781982 -0.0242536999 -0.0384328999
v -0.0718521997 0.0292499997 -0.0346021987
v -0.071850501 0.0228934996 -0.0346014015
v -0.0720890984 0.0225565992 -0.0341060013
v -0.0723216981 0.0221239999 -0.0336100012
v -0.0726853013 0.0212458 -0.0328162983
v -0.0729700029 0.0202795006 -0.0321781002
v -0.0730703995 0.0198375005 -0.0319495983
v -0.0732508004 0.0187705997 -0.0315339006
v -0.0733174011 0.0181857999 -0.0313787013
v -0.0733900964 0.0170366 -0.0312082991
v -0.0733906031 0.0158884991 -0.0312072001
v -0.073384501 0.0157156009 -0.0312213004
v -0.0732994974 0.0145375002 -0.0314203016
v -0.0719546974 -0.00276958989 -0.0343886018
v -0.0721125975 -0.00551419007 -0.0340564996
v -0.0731287003 7.68829021e-15 -0.0318159983
v -0.0723716989 -0.00823737029 -0.0335021988
v -0.0727125034 -0.0108307004 -0.0327557996
v -0.0731287003 0.0133413998 -0.0318159983
v -0.0727116019 0.0108244 -0.0327579007
v -0.0723716989 0.00823737029 -0.0335021988
v -0.0721141994 0.00553617021 -0.034052901
v -0.0719546974 0.00276958989 -0.0343886018
v -0.0719014034 -5.24523011e-06 -0.0344999991
v -0.0731604025 -0.0135346996 -0.0317435004
v -0.0733055025 -0.0145949004 -0.0314063989
v -0.0733854994 -0.0157404002 -0.031219
v -0.0733959973 -0.0161116999 -0.0311944
v -0.0733814985 -0.0172651 -0.0312284995
v -0.0733188018 -0.0181709994 -0.0313754007
v -0.0731728971 -0.0192911997 -0.031714201
v -0.0729477033 -0.0203678999 -0.0322295018
v -0.0726013035 -0.0214763004 -0.0330017991
v -0.0722057 -0.0223500002 -0.0338585004
v -0.072023198 -0.0226329006 -0.0342409015
v -0.0675261989 0.0292499997 -0.0424294993
v -0.0695353001 0.0242772996 -0.0390499011
v -0.0702152029 0.0241819993 -0.0378138013
v -0.0709559023 0.0238476992 -0.0364094004
v -0.071608901 0.0232347008 -0.0351031981
v -0.0623511001 0.0292499997 -0.0497233011
v -0.0622611009 0.0242772996 -0.0496531017
v -0.0654636025 0.0242772996 -0.0455477014
v -0.0563917011 0.0292499997 -0.0563918017
v -0.0540478006 0.0242772996 -0.0586421005
v -0.0563120991 0.0242772996 -0.0563143007
v -0.0601132996 0.0242772996 -0.0524066016
v -0.042373199 0.0242772996 -0.0674403012
v -0.0424295999 0.0292499997 -0.0675263032
v -0.0400676988 0.0242772996 -0.0689539015
v -0.0346021987 0.0292499997 -0.0718522966
v -0.0323196985 0.0242772009 -0.0729075
v -0.0263397992 0.0292499997 -0.0752746984
v -0.0241873004 0.0242769998 -0.0759935975
v -0.0177461002 0.0292499997 -0.0777504966
v -0.0177248009 0.0242772996 -0.0776683986
v -0.0157657005 0.0242772996 -0.0781761035
v -0.00892913993 0.0292499997 -0.0792485029
v -0.00715532014 0.0242777001 -0.0794283003
v -9.53674029e-09 0.0292499997 -0.0797500014
v 2.49385994e-06 0.0242772996 -0.0796810016
v 0.00153611996 0.0242772996 -0.0797351971
v 0.00892912038 0.0292499997 -0.0792485029
v 0.00892470963 0.0242772996 -0.0791888013
v 0.0102112005 0.0242772996 -0.079093501
v 0.0177461002 0.0292499997 -0.0777504966
v 0.0177369006 0.0242772996 -0.0777012035
v 0.0187650006 0.0242772996 -0.0775109008
v 0.0263397992 0.0292499997 -0.0752746984
v 0.0270936005 0.0242781006 -0.0750067011
v 0.0346022993 0.0292499997 -0.0718522966
v 0.0351030007 0.0242769998 -0.071608901
v 0.0424295999 0.0292499997 -0.0675263032
v 0.0426938012 0.0242772996 -0.0673594996
v 0.0497233011 0.0292499997 -0.0623511001
v 0.049775999 0.0242772996 -0.0623090006
v 0.0563917011 0.0292499997 -0.0563918017
v 0.0562669002 0.0242772996 -0.0565164015
v 0.0623511001 0.0292499997 -0.0497233011
v 0.0620879009 0.0242772996 -0.0500514992
v 0.0671693012 0.0242772996 -0.0429923981
v 0.0716034994 -0.0241838992 0.0351142995
v 0.0709877983 -0.0242772996 0.0363426991
v 0.0675261989 -0.0292499997 0.0424294993
v 0.0563917011 0.0292499997 0.0563918017
v 0.0558364987 0.0238779001 0.0569426008
v 0.0566905998 0.0233913008 0.0560893007
v 0.0574798994 0.0227144007 0.0552826002
v 0.0583676994 0.0215505995 0.0543439984
v 0.0589333996 0.0204285998 0.053730499
v 0.0593330003 0.0192312002 0.0532885008
v 0.0595563985 0.0181042999 0.0530391
v 0.0599044003 0.0156210996 0.0526452996
v 0.0603719987 0.0138015002 0.052108299
v 0.0610201992 0.0121199004 0.051347699
v 0.0549032018 0.0241771992 0.0578420982
v 0.0424295999 0.0292499997 0.0675263032
v 0.0480226018 0.0242772996 0.0636702031
v 0.0497233011 0.0292499997 0.0623509996
v 0.0496754982 0.0242772996 0.0622936003
v 0.0539306998 0.0242772996 0.0587497987
v 0.0346022993 0.0292499997 0.0718522966
v 0.0409304015 0.0242774002 0.0684453994
v 0.0263397992 0.0292499997 0.0752746016
v 0.0333677009 0.0242772009 0.0724337995
v 0.0177461002 0.0292499997 0.0777504966
v 0.0254219007 0.0242774002 0.0755895972
v 0.00892912038 0.0292499997 0.0792485997
v 0.0171840992 0.0242772996 0.0778765976
v 0.0177382994 0.0242772996 0.0777226985
v 5.86509998e-07 0.0242772996 0.0797389001
v 0.000212301995 0.0242772996 0.0797498003
v -9.53674029e-09 0.0292499997 0.0797500014
v 0.00874811038 0.0242774002 0.0792687982
v -0.00832478981 0.0242775008 0.0793142989
v -0.00892913993 0.0292499997 0.0792485997
v -0.0167692006 0.0242772996 0.077967003
v -0.0177461002 0.0292499997 0.0777504966
v -0.0177336 0.0242772996 0.0777048022
v -0.0250198003 0.0242772996 0.0757237002
v -0.0263397992 0.0292499997 0.0752746016
v -0.0329824984 0.0242772009 0.0726101026
v -0.0346021987 0.0292499997 0.0718522966
v -0.0405659005 0.0242772009 0.0686620027
v -0.0424295999 0.0292499997 0.0675263032
v -0.0476831011 0.0242772996 0.0639247969
v -0.0497233011 0.0292499997 0.0623509996
v -0.0542520992 0.0242774002 0.0584531985
v -0.0563917011 0.0292499997 0.0563918017
v -0.060197901 0.0242772996 0.0523094013
v -0.0623511001 0.0292499997 0.0497233011
v -0.0654518977 0.0242772996 0.0455644988
v -0.0675261989 0.0292499997 0.0424294993
v -0.069535397 0.0242772996 0.0390498005
v -0.071732901 0.0230826996 0.0348489992
v -0.0712016001 0.0236418005 0.0359220989
v -0.0718521997 0.0292499997 0.0346021987
v -0.0705875978 0.0240410008 0.0371140018
v -0.0698781982 0.0242536999 0.0384328999
v -0.0718521997 -0.0292499997 0.0346021987
v -0.071850501 -0.0228934996 0.0346014015
v -0.0720888972 -0.0225568004 0.0341063999
v -0.0723216981 -0.0221239999 0.0336099006
v -0.0726853013 -0.0212458 0.0328162983
v -0.0729700029 -0.0202795006 0.0321781002
v -0.0730701983 -0.0198385008 0.0319502018
v -0.0732508004 -0.0187705997 0.0315339006
v -0.0733174011 -0.0181857999 0.0313787013
v -0.0733900964 -0.0170367006 0.0312082991
v -0.0733906031 -0.0158884991 0.0312070996
v -0.073384501 -0.0157156009 0.0312213004
v -0.0732994974 -0.0145375002 0.0314203016
v -0.0719546974 0.00276958989 0.0343886018
v -0.0721125975 0.00551419007 0.0340564996
v -0.0731287003 -1.65145993e-15 0.0318160988
v -0.0723716989 0.00823737029 0.0335021988
v -0.0727125034 0.0108307004 0.0327557996
v -0.0731287003 -0.0133413998 0.0318160988
v -0.0727116019 -0.0108244 0.0327579007
v -0.0723716989 -0.00823737029 0.0335021988
v -0.0721141994 -0.00553617021 0.034052901
v -0.0719546974 -0.00276958989 0.0343886018
v -0.0719014034 5.24523011e-06 0.0345000997
v -0.0731607005 0.0135367997 0.0317428
v -0.0733055025 0.0145949004 0.0314062983
v -0.0733854994 0.0157404002 0.031219
v -0.0733959973 0.0161116999 0.0311944
v -0.0733814985 0.0172652006 0.0312284995
v -0.0733188018 0.0181709994 0.0313754007
v -0.0731728971 0.0192911997 0.031714201
v -0.0729312971 0.0204386003 0.0322665982
v -0.0726013035 0.0214763992 0.0330018997
v -0.0722057 0.0223500002 0.0338585004
v -0.072023198 0.0226329006 0.0342409015
v -0.0675261989 -0.0292499997 0.0424294993
v -0.069535099 -0.0242772996 0.0390502997
v -0.0702152997 -0.0241819993 0.0378138013
v -0.0709559023 -0.0238476992 0.0364094004
v -0.071608901 -0.0232347008 0.0351031981
v -0.0650343969 -0.0242772996 0.0461581983
v -0.0623511001 -0.0292499997 0.0497233011
v -0.0595315993 -0.0242772996 0.0530664995
v -0.0563917011 -0.0292499997 0.0563918017
v -0.0497233011 -0.0292499997 0.0623509996
v -0.0496469997 -0.0242772996 0.0622560009
v -0.0532986 -0.0242772996 0.059324
v -0.0563051999 -0.0242772996 0.0563055985
v -0.0424295999 -0.0292499997 0.0675263032
v -0.0346021987 -0.0292499997 0.0718522966
v -0.0345490985 -0.0242772996 0.0717436969
v -0.0389559008 -0.0242772996 0.0695881024
v -0.0423645005 -0.0242772996 0.0674237981
v -0.0464119017 -0.0242772996 0.064853698
v -0.0263397992 -0.0292499997 0.0752746016
v -0.0177461002 -0.0292499997 0.0777504966
v -0.0177212991 -0.0242772996 0.0776477009
v -0.0227079 -0.0242772996 0.0764487013
v -0.0262991991 -0.0242772996 0.0751615986
v -0.0310222004 -0.0242772996 0.0734689981
v -0.0111411996 -0.0235318001 0.0789680034
v -0.00985253975 -0.0230618007 0.0791390017
v -0.0123327998 -0.0239739995 0.0787905976
v -0.0136481002 -0.0242350008 0.0785731971
v -0.0145274 -0.0242772996 0.0784156993
v -0.00399996014 -0.0271978006 0.0796495974
v -0.00399996014 -0.0227795001 0.0796526
v 0.0054591801 -0.0227790996 0.0795394033
v 0.00400005979 -0.0227793008 0.0796495974
v 0.00400005979 -0.0271978006 0.0796495974
v -9.53674029e-09 -0.0273330994 0.0797500014
v -9.53674029e-09 -0.0292499997 0.0797500014
v 0.00892912038 -0.0292499997 0.0792485997
v 0.00801573973 -0.0227787998 0.079346098
v 0.0177461002 -0.0292499997 0.0777504966
v 0.0220797006 -0.0242772996 0.0766325966
v 0.0145276999 -0.0242772996 0.0784156024
v 0.0132764 -0.0241806004 0.0786371008
v 0.0120002003 -0.0238738991 0.0788424015
v 0.00985252019 -0.0227783993 0.0791390017
v 0.00985252019 -0.0230617002 0.0791390017
v 0.0111411996 -0.0235316996 0.0789680034
v 0.0263397992 -0.0292499997 0.0752746016
v 0.0263056997 -0.0242772996 0.0751758963
v 0.0346022993 -0.0292499997 0.0718522966
v 0.0345611013 -0.0242772996 0.0717637986
v 0.0298287999 -0.0242772996 0.0739614964
v 0.0497233011 -0.0292499997 0.0623509996
v 0.0443033017 -0.0242772996 0.0663120002
v 0.0424295999 -0.0292499997 0.0675263032
v 0.0423868001 -0.0242772996 0.067454502
v 0.0372629017 -0.0242772996 0.0705090985
v 0.0563917011 -0.0292499997 0.0563918017
v 0.0569106005 -0.0242772996 0.055868201
v 0.0508756004 -0.0242774002 0.0614144988
v 0.0671198964 -0.0242772996 0.0430695005
v 0.0623511001 -0.0292499997 0.0497233011
v 0.0623479001 -0.0242772996 0.0497267991
v -0.00399996014 -0.0226329006 0.0768484026
v -0.00852621999 -0.0219851006 0.064081803
v -0.0107562002 -0.0218874998 0.0618376993
v -2.03608988e-06 -0.0226328 0.0768482983
v 0.00400005979 -0.0226326995 0.0768482983
v 0.00544916978 -0.0219714995 0.0640828982
v 1.09673003e-07 -0.0219586007 0.0640838966
v 0.00145493995 -0.0219541006 0.0640842021
v 0.0107572004 -0.0218883995 0.0618652999
v 0.00852631964 -0.0219848994 0.0640819967
v -9.53674029e-09 0.064000003 0.0405000001
v 0.00633561006 0.064000003 0.0400012992
v -0.0183866005 0.064000003 -0.0360857993
v -0.0183866005 0.064000003 0.0360857993
v -0.0125152003 0.064000003 0.0385177992
v -0.00633563008 0.064000003 0.0400012992
v -0.0327651985 0.064000003 0.0238052998
v -0.0286378004 0.064000003 0.0286378004
v -0.0238052998 0.064000003 0.0327651985
v -0.0400013998 0.064000003 0.00633554999
v -0.0385177992 0.064000003 0.0125152003
v -0.0360856988 0.064000003 0.0183866993
v -0.0385177992 0.064000003 -0.0125150997
v -0.0400013998 0.064000003 -0.00633556023
v -0.0405001007 0.064000003 5.24521013e-08
v -0.0286378004 0.064000003 -0.0286378004
v -0.0327651985 0.064000003 -0.0238052998
v -0.0360856988 0.064000003 -0.0183866993
v -0.0238052998 0.064000003 -0.0327651985
v 0.00633561006 0.064000003 -0.0400012992
v -9.53674029e-09 0.064000003 -0.0405000001
v -0.00633563008 0.064000003 -0.0400012992
v -0.0125152003 0.064000003 -0.0385177992
v 0.0238052998 0.064000003 -0.0327651985
v 0.0183866005 0.064000003 -0.0360857993
v 0.0125152003 0.064000003 -0.0385177992
v 0.0360856988 0.064000003 -0.0183866993
v 0.0327651016 0.064000003 -0.0238052998
v 0.0286378991 0.064000003 -0.0286378004
v 0.0405000001 0.064000003 5.24521013e-08
v 0.0400013998 0.064000003 -0.00633556023
v 0.0385177992 0.064000003 -0.0125150997
v 0.0360856988 0.064000003 0.0183866993
v 0.0385177992 0.064000003 0.0125152003
v 0.0400013998 0.064000003 0.00633554999
v 0.0238052998 0.064000003 0.0327651985
v 0.0286378991 0.064000003 0.0286378004
v 0.0327651016 0.064000003 0.0238052998
v 0.0125152003 0.064000003 0.0385177992
v 0.0183866005 0.064000003 0.0360857993
v 0.0539033003 -0.00319934008 -0.0318403989
v 0.0539033003 -0.00640367996 -0.0313526988
v 0.0523919985 -0.00642924989 -0.0314778984
v 0.0539033003 0.00321830995 -0.0318377018
v 0.0539033003 2.01228003e-16 -0.0320000015
v 0.0523919985 2.01228003e-16 -0.0321278013
v 0.0526582003 0.0134432996 -0.0292183999
v 0.0523919985 0.00956229959 -0.0306717996
v 0.0511745997 0.0135508999 -0.0295243002
v 0.0509237014 0.00967532024 -0.0310343001
v 0.0495399982 0.00986013003 -0.0316269994
v 0.0498116985 0.0136991004 -0.0300814006
v 0.0482802019 0.0101114996 -0.0324332006
v 0.0485575981 0.0139416996 -0.0308095999
v 0.0474526994 0.0142088002 -0.031750299
v 0.0471800007 0.0104222 -0.0334298983
v 0.0465112999 0.0145688998 -0.0328275003
v 0.0462707989 0.0107835 -0.0345887989
v 0.045578301 0.0111851003 -0.0358769
v 0.0457718 0.0149339996 -0.0340662003
v 0.0451223999 0.0116156004 -0.0372578986
v 0.0452301987 0.0153913004 -0.0354287997
v 0.0449363999 0.0152519001 -0.0372731984
v 0.0449156985 0.0120628001 -0.0386921987
v 0.045578301 -0.0111851003 -0.0358769
v 0.045467101 -0.0152574005 -0.0347471014
v 0.0451223999 -0.0116156004 -0.0372578986
v 0.0450997986 -0.0154542997 -0.0360063016
v 0.0462707989 -0.0107835 -0.0345887989
v 0.0462700985 -0.0144793997 -0.0332503989
v 0.0471800007 -0.0104222 -0.0334298983
v 0.0482802019 -0.0101114996 -0.0324332006
v 0.0472594015 -0.0141695999 -0.0319566987
v 0.0495399982 -0.00986013003 -0.0316269994
v 0.0484775007 -0.0138750998 -0.0309085995
v 0.0509237014 -0.00967532024 -0.0310343001
v 0.0512290001 -0.0134426998 -0.0295519009
v 0.0498154014 -0.0136390002 -0.0300808009
v 0.0539033003 -0.0124075003 -0.0294966996
v 0.0527179018 -0.0133419996 -0.0292249992
v 0.0523919985 -0.00956229959 -0.0306717996
v 0.0539033003 0.00640367996 -0.0313526988
v 0.0539033003 0.00952426996 -0.0305496994
v 0.0539033003 0.0124075003 -0.0294966996
v 0.0523919985 0.00323099992 -0.0319649987
v 0.0523919985 -0.00323099992 -0.0319649987
v 0.0539033003 -0.00811943039 -0.0309113003
v 0.0539033003 -0.00952426996 -0.0305496994
v 0.0523919985 0.00642924989 -0.0314778984
v 0.0509237014 0.00650524022 -0.0318498984
v 0.0495399982 0.00662948983 -0.0324583985
v 0.0482802019 0.00679846993 -0.0332856998
v 0.0471800007 0.0070073898 -0.0343085006
v 0.0462707989 0.00725030992 -0.0354979001
v 0.045578301 0.00752033014 -0.0368199013
v 0.0451223999 0.00780978007 -0.0382370017
v 0.0449156985 0.00811044965 -0.0397091992
v 0.0509237014 0.00326918997 -0.0323426984
v 0.0495399982 0.00333164004 -0.0329605006
v 0.0482802019 0.00341655989 -0.0338006988
v 0.0471800007 0.00352154998 -0.0348392986
v 0.0462707989 0.00364363007 -0.0360470004
v 0.045578301 0.00377932005 -0.0373895988
v 0.0451223999 0.00392478984 -0.0388287008
v 0.0449156985 0.00407588994 -0.0403236002
v 0.0509237014 1.85614988e-16 -0.0325075015
v 0.0495399982 2.34188013e-16 -0.0331283994
v 0.0482802019 1.70003007e-16 -0.0339727998
v 0.0471800007 2.39391999e-16 -0.0350168012
v 0.0462707989 2.49799995e-16 -0.0362307988
v 0.045578301 2.34188013e-16 -0.037580099
v 0.0451223999 2.51534983e-16 -0.0390263982
v 0.0449156985 2.46330998e-16 -0.0405290015
v 0.0509237014 -0.00326918997 -0.0323426984
v 0.0495399982 -0.00333164004 -0.0329605006
v 0.0482802019 -0.00341655989 -0.0338006988
v 0.0471800007 -0.00352154998 -0.0348392986
v 0.0462707989 -0.00364363007 -0.0360470004
v 0.045578301 -0.00377932005 -0.0373895988
v 0.0451223999 -0.00392478984 -0.0388287008
v 0.0449156985 -0.00407588994 -0.0403236002
v 0.0509237014 -0.00650524022 -0.0318498984
v 0.0495399982 -0.00662948983 -0.0324583985
v 0.0482802019 -0.00679846993 -0.0332856998
v 0.0471800007 -0.0070073898 -0.0343085006
v 0.0462707989 -0.00725030992 -0.0354979001
v 0.045578301 -0.00752033014 -0.0368199013
v 0.0451223999 -0.00780978007 -0.0382370017
v 0.0449156985 -0.00811044965 -0.0397091992
v 0.0449156985 -0.0104799997 -0.0390994996
v 0.0449156985 -0.0120628001 -0.0386921987
v 0.0449156985 -0.0153390002 -0.0375141986
v 0.0445959009 -0.0155523997 -0.0439579003
v 0.0445959009 0.0119855003 -0.0450576991
v 0.0445866995 0.0155293001 -0.0441179983
v 0.0445959009 -0.0119016999 -0.0450835004
v 0.0445959009 -0.00798370037 -0.0459395014
v 0.0445959009 -0.00400666986 -0.0464555994
v 0.0449156985 2.55004007e-16 -0.0405290015
v 0.0445959009 2.42861022e-16 -0.0466280989
v 0.0445959009 0.00400666986 -0.0464555994
v 0.0445959009 0.00798370037 -0.0459395014
v 0.0326123983 -0.00709492015 -0.057511501
v 0.0326123983 -0.00498384004 -0.0577854998
v 0.0346274003 -0.00496920012 -0.0576157011
v 0.0342652984 -0.0139963999 -0.0561680011
v 0.0346274003 -0.00990165025 -0.0569757
v 0.0357564017 -0.0140760001 -0.0558229983
v 0.0365852006 -0.00981494971 -0.0564768016
v 0.0384300984 -0.00967320986 -0.0556611009
v 0.0378030017 -0.0151377004 -0.0548277013
v 0.0390736014 -0.0142842 -0.0542634018
v 0.0401098989 -0.00948042981 -0.0545518994
v 0.0401098989 -0.0141329002 -0.0535354018
v 0.0415766984 -0.0137775997 -0.0521894991
v 0.0394398011 -0.0155854002 -0.0538115986
v 0.042789001 -0.0133645004 -0.0506246984
v 0.0423960984 -0.0156481992 -0.0506999008
v 0.041090399 -0.0156440008 -0.0523510985
v 0.0435062982 -0.0149028003 -0.0488292016
v 0.0437121987 -0.0129052997 -0.0488852002
v 0.0443203002 -0.0124129998 -0.0470204987
v 0.0439992994 -0.0159063991 -0.0472656004
v 0.0444977991 -0.0153906997 -0.0451003015
v 0.0442986004 -0.0160172004 -0.0461311005
v 0.0443203002 0.0124129998 -0.0470204987
v 0.0442781001 0.0152228 -0.0463518985
v 0.0444356985 0.0161816999 -0.0454604998
v 0.0437121987 0.0129052997 -0.0488852002
v 0.0435888991 0.0158118997 -0.0484355986
v 0.044042699 0.0159922 -0.0471726991
v 0.042789001 0.0133645004 -0.0506246984
v 0.0428112 0.0156536009 -0.0500329994
v 0.0415697992 0.0142724998 -0.0520878993
v 0.0416840985 0.0157906003 -0.0516697988
v 0.0354330018 0.0150739998 -0.0557264984
v 0.0364684016 0.0150525002 -0.0554109998
v 0.0365852006 0.00981494971 -0.0564768016
v 0.0384300984 0.00967320986 -0.0556611009
v 0.0372923985 0.0151752001 -0.0550650991
v 0.0383513011 0.0151632996 -0.0545239002
v 0.0326123983 0.00709492015 -0.057511501
v 0.0326123983 0.0099308202 -0.0571434982
v 0.0346274003 0.00990165025 -0.0569757
v 0.0326123983 0.0139325997 -0.0563017018
v 0.0334420986 0.0149494996 -0.0560746007
v 0.0345624015 0.014951 -0.0559285991
v 0.0326123983 -0.0099308202 -0.0571434982
v 0.0415766984 -0.0092420904 -0.0531804003
v 0.042789001 -0.00896496978 -0.0515859015
v 0.0437121987 -0.00865691993 -0.0498133004
v 0.0443203002 -0.0083267102 -0.0479131006
v 0.0326123983 2.49799995e-16 -0.0579999983
v 0.0346274003 2.35921996e-16 -0.0578295998
v 0.0365852006 -0.0049256999 -0.0571113005
v 0.0365852006 2.42861022e-16 -0.0573232993
v 0.0384300984 -0.0048545599 -0.0562864989
v 0.0384300984 2.42861022e-16 -0.0564954989
v 0.0401098989 -0.00475780992 -0.0551647991
v 0.0401098989 2.35921996e-16 -0.0553696007
v 0.0415766984 -0.00463820016 -0.0537778996
v 0.0415766984 2.35921996e-16 -0.0539776012
v 0.042789001 -0.00449912017 -0.0521652997
v 0.042789001 2.46330998e-16 -0.0523591004
v 0.0437121987 -0.00434452994 -0.0503728986
v 0.0437121987 2.28982996e-16 -0.0505599007
v 0.0443203002 -0.00417880993 -0.0484514982
v 0.0443203002 2.28982996e-16 -0.0486313999
v 0.0326123983 0.00498384004 -0.0577854998
v 0.0346274003 0.00496920012 -0.0576157011
v 0.0365852006 0.0049256999 -0.0571113005
v 0.0384300984 0.0048545599 -0.0562864989
v 0.0401098989 0.00475780992 -0.0551647991
v 0.0415766984 0.00463820016 -0.0537778996
v 0.042789001 0.00449912017 -0.0521652997
v 0.0437121987 0.00434452994 -0.0503728986
v 0.0443203002 0.00417880993 -0.0484514982
v 0.0445959009 2.51534983e-16 -0.0466280989
v 0.0330448002 -0.0139405997 -0.0562997013
v 0.0443203002 0.0083267102 -0.0479131006
v 0.0437121987 0.00865691993 -0.0498133004
v 0.042789001 0.00896496978 -0.0515859015
v 0.0415766984 0.0092420904 -0.0531804003
v 0.0401098989 0.00948042981 -0.0545518994
v 0.0392256007 0.0142970001 -0.0541572012
v 0.0401098989 0.0141329002 -0.0535354018
v 0.0159063991 -0.0136652999 -0.0563671999
v -0.0326124988 -0.0139325997 -0.0563017018
v -0.0326124988 -0.0099308202 -0.0571434982
v -0.0161009002 -0.0136674 -0.0563666001
v -0.0326124988 -0.00709492015 -0.057511501
v -0.000145683007 -0.0135768997 -0.0563886017
v -0.0330446996 0.0139405997 -0.0562997013
v -0.0159064997 0.0136652999 -0.0563671999
v -0.0326124988 0.0099308202 -0.0571434982
v -0.0326124988 0.00709492015 -0.057511501
v 0.0161009002 0.0136674 -0.0563666001
v 0.000145664002 0.0135768997 -0.0563886017
v -0.0326124988 -0.00498384004 -0.0577854998
v 0.0326123983 1.86310005e-16 -0.0579999983
v -0.0326124988 1.86310005e-16 -0.0579999983
v -0.0326124988 0.00498384004 -0.0577854998
v -0.0445960015 0.00400666986 -0.0464555994
v -0.0445960015 0.00798370037 -0.0459395014
v -0.0443204008 0.0083267102 -0.0479131006
v -0.0443204008 -0.0124129998 -0.0470204987
v -0.0443665013 -0.0152852004 -0.0458831005
v -0.0445960015 -0.0119016999 -0.0450835004
v -0.0445866995 -0.0155293001 -0.0441179983
v -0.0437122993 -0.0129052997 -0.0488852002
v -0.0435889997 -0.0158118997 -0.0484355986
v -0.0440429002 -0.0159926992 -0.0471718982
v -0.042789001 -0.0133645004 -0.0506246984
v -0.0428110994 -0.0156536009 -0.0500332005
v -0.0415698998 -0.0142721999 -0.0520878993
v -0.0416836999 -0.0157903004 -0.0516702011
v -0.0356130004 -0.0140596004 -0.0558772013
v -0.0364679992 -0.0150525998 -0.0554111004
v -0.0365852006 -0.00981494971 -0.0564768016
v -0.0384300984 -0.00967320986 -0.0556611009
v -0.0372923985 -0.0151752997 -0.0550650991
v -0.038356699 -0.0151608996 -0.0545217991
v -0.0346274003 -0.00990165025 -0.0569757
v -0.0336286016 -0.0139702 -0.0562480018
v -0.0346274003 -0.0140124001 -0.0561062992
v -0.0342652984 0.0139963999 -0.0561680011
v -0.0346274003 0.00990165025 -0.0569757
v -0.0357564017 0.0140760001 -0.0558229014
v -0.0365852006 0.00981494971 -0.0564768016
v -0.0384300984 0.00967320986 -0.0556611009
v -0.0378030017 0.0151377004 -0.0548277013
v -0.0390736014 0.0142842 -0.0542634018
v -0.0401098989 0.00948042981 -0.0545518994
v -0.0401098989 0.0141329002 -0.0535354018
v -0.041576799 0.0137775997 -0.0521894991
v -0.0394399986 0.0155854002 -0.0538115017
v -0.042789001 0.0133645004 -0.0506246984
v -0.0423964001 0.0156484991 -0.0506994985
v -0.041090101 0.0156442001 -0.0523512997
v -0.043505799 0.0149029 -0.0488302
v -0.0437122993 0.0129052997 -0.0488852002
v -0.0443204008 0.0124129998 -0.0470204987
v -0.0444214009 0.0160067994 -0.0455560014
v -0.0439995006 0.0159061998 -0.0472652987
v -0.0445960015 0.0119016999 -0.0450835004
v -0.0445960015 0.0155523997 -0.0439579003
v -0.0445960015 -0.00400666986 -0.0464555994
v -0.0443204008 -0.00417880993 -0.0484514982
v -0.0445960015 -0.00798370037 -0.0459395014
v -0.0443204008 -0.0083267102 -0.0479131006
v -0.0437122993 -0.00865691993 -0.0498133004
v -0.042789001 -0.00896496978 -0.0515859015
v -0.041576799 -0.0092420904 -0.0531804003
v -0.0401098989 -0.0141329002 -0.0535354018
v -0.0401098989 -0.00948042981 -0.0545518994
v -0.0392255001 -0.0142970001 -0.0541572012
v -0.0437122993 0.00865691993 -0.0498133004
v -0.042789001 0.00896496978 -0.0515859015
v -0.041576799 0.0092420904 -0.0531804003
v -0.0443204008 0.00417880993 -0.0484514982
v -0.0437122993 0.00434452994 -0.0503728986
v -0.042789001 0.00449912017 -0.0521652997
v -0.041576799 0.00463820016 -0.0537778996
v -0.0401098989 0.00475780992 -0.0551647991
v -0.0384300984 0.0048545599 -0.0562864989
v -0.0365852006 0.0049256999 -0.0571113005
v -0.0346274003 0.00496920012 -0.0576157011
v -0.0346274003 -0.00496920012 -0.0576157011
v -0.0365852006 -0.0049256999 -0.0571113005
v -0.0384300984 -0.0048545599 -0.0562864989
v -0.0401098989 -0.00475780992 -0.0551647991
v -0.041576799 -0.00463820016 -0.0537778996
v -0.042789001 -0.00449912017 -0.0521652997
v -0.0437122993 -0.00434452994 -0.0503728986
v -0.0445960015 2.51534983e-16 -0.0466280989
v -0.0443204008 2.34188013e-16 -0.0486313999
v -0.0437122993 2.22045002e-16 -0.0505599007
v -0.042789001 2.49799995e-16 -0.0523591004
v -0.041576799 2.56738995e-16 -0.0539776012
v -0.0401098989 2.84494994e-16 -0.0553696007
v -0.0384300984 2.42861022e-16 -0.0564954989
v -0.0365852006 2.32453025e-16 -0.0573232993
v -0.0346274003 2.46330998e-16 -0.0578295998
v -0.0326124988 2.49799995e-16 -0.0579999983
v -0.0447846018 0.0154248998 -0.0401692018
v -0.0447846018 0.0120967999 -0.0412935987
v -0.0447846018 0.00812564045 -0.0422548018
v -0.0447846018 0.0040812199 -0.0428349003
v -0.0447846018 1.82146005e-16 -0.0430289991
v -0.0445960015 2.56738995e-16 -0.0466280989
v -0.0447846018 -0.0040812199 -0.0428349003
v -0.0447846018 -0.00812564045 -0.0422548018
v -0.0448031016 -0.0154151004 -0.0398057997
v -0.0449912995 -0.00784191024 -0.0407793
v -0.0447846018 2.5847401e-16 -0.0430289991
v -0.0449912995 2.72352009e-16 -0.0415265001
v -0.0449912995 0.00784191024 -0.0407793
v -0.0450862013 -0.0155803002 -0.0381174013
v -0.0449912995 -0.0116744004 -0.039851699
v -0.0449808985 0.0155461999 -0.0385807008
v -0.0449912995 0.0116744004 -0.039851699
v -0.0454474017 0.0112677999 -0.0384634994
v -0.0455111004 0.0144202001 -0.0372337997
v -0.0461397991 0.0108883996 -0.0371687002
v -0.0461438 0.0148080997 -0.0358515009
v -0.0470960997 0.0144199003 -0.034610901
v -0.0470491014 0.0105472002 -0.0360037982
v -0.0481491014 0.0102537004 -0.0350017995
v -0.0483104996 0.0141473003 -0.0335506983
v -0.0494089015 0.0100162998 -0.034191601
v -0.0496261008 0.0139328996 -0.0327208005
v -0.0507927015 0.00984171033 -0.0335955992
v -0.0510476008 0.0128102005 -0.0324853994
v -0.0537721999 0.00822827034 -0.0334645994
v -0.0537721999 0.00969902985 -0.0331084989
v -0.0522609986 0.00973495003 -0.0332311988
v -0.0537721999 0.0126510998 -0.0320966989
v -0.0525391996 0.0136503 -0.0318334997
v -0.0525292009 -0.0137433 -0.0318249017
v -0.0522609986 -0.00973495003 -0.0332311988
v -0.0510302 -0.0138382996 -0.0321398005
v -0.0507927015 -0.00984171033 -0.0335955992
v -0.0494089015 -0.0100162998 -0.034191601
v -0.0496652983 -0.0139809996 -0.0327018984
v -0.0481491014 -0.0102537004 -0.0350017995
v -0.0484028012 -0.0142118996 -0.0334433988
v -0.0472980998 -0.0144654997 -0.0343950987
v -0.0470491014 -0.0105472002 -0.0360037982
v -0.0463544987 -0.0148069002 -0.0354907997
v -0.0461397991 -0.0108883996 -0.0371687002
v -0.0454474017 -0.0112677999 -0.0384634994
v -0.0456211008 -0.0151511999 -0.0367419012
v -0.0449912995 0.00393870985 -0.0413392
v -0.0449912995 -0.00393870985 -0.0413392
v -0.0454474017 0.00756875984 -0.039358899
v -0.0461397991 0.00731394999 -0.0380338989
v -0.0470491014 0.00708471984 -0.0368417986
v -0.0481491014 0.00688757002 -0.0358165987
v -0.0494089015 0.0067281099 -0.0349874012
v -0.0507927015 0.00661086012 -0.034377601
v -0.0522609986 0.00653915014 -0.0340048
v -0.0537721999 0.00651500979 -0.0338792019
v -0.0454474017 0.00380151998 -0.0398994014
v -0.0461397991 0.00367353996 -0.0385561995
v -0.0470491014 0.00355840009 -0.0373477004
v -0.0481491014 0.00345938001 -0.0363085009
v -0.0494089015 0.00337928999 -0.0354677998
v -0.0507927015 0.0033203999 -0.0348496996
v -0.0522609986 0.00328438007 -0.0344717018
v -0.0537721999 0.0032512499 -0.0343472995
v -0.0522609986 2.41126987e-16 -0.0346276984
v -0.0537721999 2.53269998e-16 -0.0344999991
v -0.0454474017 2.61943007e-16 -0.0400799997
v -0.0461397991 2.53269998e-16 -0.0387306996
v -0.0470491014 2.70617021e-16 -0.0375167988
v -0.0481491014 2.39391999e-16 -0.0364729017
v -0.0494089015 2.11635999e-16 -0.0356284007
v -0.0507927015 2.56738995e-16 -0.0350074992
v -0.0454474017 -0.00380151998 -0.0398994014
v -0.0461397991 -0.00367353996 -0.0385561995
v -0.0470491014 -0.00355840009 -0.0373477004
v -0.0481491014 -0.00345938001 -0.0363085009
v -0.0494089015 -0.00337928999 -0.0354677998
v -0.0507927015 -0.0033203999 -0.0348496996
v -0.0522609986 -0.00328438007 -0.0344717018
v -0.0537721999 -0.0032718 -0.0343445987
v -0.0454474017 -0.00756875984 -0.039358899
v -0.0461397991 -0.00731394999 -0.0380338989
v -0.0470491014 -0.00708471984 -0.0368417986
v -0.0481491014 -0.00688757002 -0.0358165987
v -0.0494089015 -0.0067281099 -0.0349874012
v -0.0507927015 -0.00661086012 -0.034377601
v -0.0522609986 -0.00653915014 -0.0340048
v -0.0537721999 -0.00651500979 -0.0338792019
v -0.0537721999 -0.00969902985 -0.0331084989
v -0.0537721999 -0.0126510998 -0.0320966989
v 0.0524154007 -0.0235811006 -0.0408697985
v 0.0515411012 -0.0233750008 -0.0376107991
v 0.0535577014 -0.0234983992 -0.0366345011
v 0.0530271009 -0.0233328007 -0.0353611
v 0.0523522012 -0.0236230996 -0.042219799
v 0.0513643995 -0.0238297004 -0.0493206009
v 0.0521107987 -0.0237208009 -0.0454116985
v 0.0471572988 -0.0239719003 -0.056927301
v 0.0496137999 -0.0239182003 -0.0534038991
v 0.0407796986 -0.0239764992 -0.0617575012
v 0.0438219011 -0.0239895992 -0.0599466003
v 0.0324225016 -0.0238434002 -0.0636942983
v 0.0360001996 -0.0239157993 -0.0633307025
v 0.0232059993 -0.0236747004 -0.0637172014
v 0.0158057008 -0.0235392004 -0.0637355968
v 0.00829278026 -0.0234917998 -0.0637412965
v 0.00123095 -0.0234472994 -0.063746497
v -0.000144730002 -0.0234386008 -0.0637475997
v -0.00578428013 -0.0234753005 -0.0637431964
v -0.0129155004 -0.0235216003 -0.0637376979
v -0.0159990005 -0.0235415995 -0.0637352988
v -0.0204111002 -0.0236226991 -0.0637243018
v -0.032422401 -0.0238434002 -0.0636942983
v -0.0423205011 -0.0239848997 -0.0608962998
v -0.0367151983 -0.0239275992 -0.0631813034
v -0.0481970012 -0.0239553992 -0.0556361005
v -0.0465273 -0.0239780005 -0.0575883016
v -0.0522357002 -0.0236968007 -0.0445817001
v -0.0510738008 -0.0238466002 -0.0500684008
v -0.0524416007 -0.0235639997 -0.0403049998
v -0.0519882999 -0.0234788004 -0.0390093997
v -0.0566148013 -0.0237105992 -0.0392456017
v -0.0633817017 -0.0240020007 -0.0391478986
v 0.0640019029 -0.0239582006 -0.0364667997
v 0.0643656999 -0.0127753001 -0.0293393005
v 0.0539033003 2.42417018e-16 -0.0320000015
v 0.0643652976 0.0127753001 -0.0293393005
v -0.0637414977 0.0129989004 -0.0319574997
v -0.0537721999 2.00504001e-16 -0.0344999991
v -0.0637380034 -0.0129987001 -0.0319576003
v 0.0434116013 0.0239898991 -0.0602575988
v 0.0389055982 0.0239585992 -0.0625587031
v -0.0523092002 0.0236513 -0.0431381986
v -0.0514958985 0.0234340001 -0.039474301
v -0.0534350015 0.0235737003 -0.0392914005
v -0.050547 0.0238771997 -0.0514176004
v -0.0521431006 0.0237233993 -0.0454616994
v -0.0451485999 0.0239872001 -0.0588969998
v -0.0476535 0.0239637997 -0.0563042983
v -0.0351644009 0.0239013992 -0.0634903014
v -0.0403871015 0.0239720996 -0.0619057007
v -0.032422401 0.0238434002 -0.0636942983
v -0.0204169005 0.0236236006 -0.0637241006
v -0.0158057008 0.0235392004 -0.0637355968
v -0.0129129998 0.0235208999 -0.0637378022
v -0.0057854699 0.0234760009 -0.0637431964
v 0.000144710997 0.0234386008 -0.0637475997
v 0.00123047002 0.0234456994 -0.0637468025
v 0.0082921898 0.0234914999 -0.0637412965
v 0.0159990005 0.0235415995 -0.0637352988
v 0.0232011005 0.0236740001 -0.0637172982
v 0.0349380001 0.0238965005 -0.0635038987
v 0.0324225016 0.0238434002 -0.0636942983
v 0.0486266986 0.0239457004 -0.0550078005
v 0.0518653989 0.0237744004 -0.0472344011
v 0.0512699001 0.0238371994 -0.0496238992
v 0.0525643006 0.0234865006 -0.0376579016
v 0.0524154007 0.0235811006 -0.0408697985
v 0.0521549992 0.0234290995 -0.0365981013
v 0.0574029982 0.0236677006 -0.0365727991
v 0.0640015975 0.0239582006 -0.0364667997
v -0.0633853003 0.0240020994 -0.0391478986
v -0.0445960015 -0.00400666986 0.0464555994
v -0.0445960015 -0.00798370037 0.0459395014
v -0.0443204008 -0.0083267102 0.0479132012
v -0.0444548987 0.0153476 0.0454142988
v -0.0447138995 0.0154724997 0.0415899009
v -0.0445960015 0.0119016999 0.045083601
v -0.0443204008 0.0124129998 0.0470204987
v -0.0442779996 0.0152228 0.0463518016
v -0.0437122993 0.0129052997 0.0488852002
v -0.0435888991 0.0158120003 0.0484355986
v -0.0440429002 0.0159926992 0.0471718982
v -0.042789001 0.0133645004 0.0506246984
v -0.0428113006 0.0156536996 0.0500328988
v -0.0415697992 0.0142727997 0.0520878993
v -0.0416838005 0.0157903004 0.0516701005
v -0.0356130004 0.0140596004 0.0558771007
v -0.0364678986 0.0150525998 0.055411201
v -0.0365852006 0.00981494971 0.0564768016
v -0.0384300984 0.00967320986 0.0556611009
v -0.0372925997 0.0151744997 0.0550650991
v -0.038356699 0.0151608996 0.0545217991
v -0.0326124988 0.00709492015 0.057511501
v -0.0326124988 0.0099308202 0.0571434982
v -0.0346274003 0.00990165025 0.0569757
v -0.0326124988 0.0139325997 0.0563016012
v -0.0336286016 0.0139702 0.0562480018
v -0.0346274003 0.0140124001 0.0561062992
v -0.0330462009 -0.0139408 0.0562995002
v -0.0326124988 -0.0099308202 0.0571434982
v -0.0342652984 -0.0139963999 0.0561680011
v -0.0346274003 -0.00990165025 0.0569757
v -0.0357562006 -0.0140759004 0.0558229983
v -0.0365852006 -0.00981494971 0.0564768016
v -0.0384300984 -0.00967320986 0.0556611009
v -0.0378015004 -0.0151377004 0.0548284985
v -0.0390736014 -0.0142842 0.0542634018
v -0.0401098989 -0.00948042981 0.0545518994
v -0.0401098989 -0.0141329002 0.0535354987
v -0.041576799 -0.0137775997 0.0521895997
v -0.0394399017 -0.0155854002 0.0538115017
v -0.042789001 -0.0133645004 0.0506246984
v -0.0423965007 -0.0156484991 0.0506993011
v -0.0410902984 -0.0156442001 0.0523510985
v -0.0435060002 -0.0149029 0.0488298014
v -0.0437122993 -0.0129052997 0.0488852002
v -0.0443204008 -0.0124129998 0.0470204987
v -0.0444213003 -0.0160069 0.0455560014
v -0.0439994 -0.0159063004 0.0472653992
v -0.0445960015 -0.0119016999 0.045083601
v -0.0445960015 -0.0155523997 0.0439579003
v -0.0445960015 0.00400666986 0.0464555994
v -0.0443204008 0.00417880993 0.0484514982
v -0.0445960015 0.00798370037 0.0459395014
v -0.0443204008 0.0083267102 0.0479132012
v -0.0437122993 0.00865691993 0.0498133004
v -0.042789001 0.00896496978 0.0515858009
v -0.041576799 0.0092420904 0.0531804003
v -0.0401098989 0.0141329002 0.0535354987
v -0.0401098989 0.00948042981 0.0545518994
v -0.0392255001 0.0142970001 0.0541572012
v -0.0437122993 -0.00865691993 0.0498133004
v -0.042789001 -0.00896496978 0.0515858009
v -0.041576799 -0.0092420904 0.0531804003
v -0.0443204008 -0.00417880993 0.0484514982
v -0.0437122993 -0.00434452994 0.0503728986
v -0.042789001 -0.00449912017 0.0521652997
v -0.041576799 -0.00463820016 0.0537778996
v -0.0401098989 -0.00475780992 0.0551646985
v -0.0384300984 -0.0048545599 0.0562864989
v -0.0365852006 -0.0049256999 0.0571113005
v -0.0346274003 -0.00496920012 0.0576157011
v -0.0326124988 0.00498384004 0.0577853993
v -0.0346274003 0.00496920012 0.0576157011
v -0.0365852006 0.0049256999 0.0571113005
v -0.0384300984 0.0048545599 0.0562864989
v -0.0401098989 0.00475780992 0.0551646985
v -0.041576799 0.00463820016 0.0537778996
v -0.042789001 0.00449912017 0.0521652997
v -0.0437122993 0.00434452994 0.0503728986
v -0.0445960015 1.89085004e-16 0.0466280989
v -0.0443204008 1.99493001e-16 0.0486313999
v -0.0437122993 2.01228003e-16 0.0505599007
v -0.042789001 2.15106015e-16 0.0523589998
v -0.041576799 2.35921996e-16 0.0539775006
v -0.0401098989 2.18574999e-16 0.0553695001
v -0.0384300984 2.46330998e-16 0.0564954989
v -0.0365852006 2.04696986e-16 0.0573232993
v -0.0346274003 2.32453025e-16 0.0578297004
v -0.0326124988 2.15106015e-16 0.0579999983
v -0.0326124988 -0.00498384004 0.0577853993
v -0.0326124988 -0.00709492015 0.057511501
v -0.0447846018 -0.0154248998 0.0401692018
v -0.0447846018 -0.0120967999 0.0412935987
v -0.0447846018 -0.00812564045 0.0422547013
v -0.0447846018 -0.0040812199 0.0428350009
v -0.0447846018 2.02963004e-16 0.0430289991
v -0.0445960015 2.63677995e-16 0.0466280989
v -0.0447846018 0.0040812199 0.0428350009
v -0.0447846018 0.00812564045 0.0422547013
v -0.0447846018 0.0120967999 0.0412935987
v -0.0449912995 0.00784191024 0.0407793
v -0.0447846018 2.6888198e-16 0.0430289991
v -0.0449912995 2.65413009e-16 0.0415265001
v -0.0449912995 -0.00784191024 0.0407793
v -0.044820901 0.0152752995 0.0397301018
v -0.0450862013 0.0155803002 0.0381174013
v -0.0449912995 0.0116744004 0.039851699
v -0.0449808985 -0.0155461002 0.0385806002
v -0.0449912995 -0.0116744004 0.039851699
v -0.0454474017 -0.0112677999 0.0384636
v -0.0455111004 -0.0144202001 0.0372337997
v -0.0461397991 -0.0108883996 0.0371687002
v -0.0461438 -0.0148085998 0.0358514003
v -0.0470960997 -0.0144199003 0.0346108004
v -0.0470491014 -0.0105472002 0.0360037982
v -0.0481491014 -0.0102537004 0.0350019
v -0.0483104996 -0.0141471997 0.0335506983
v -0.0494089015 -0.0100162998 0.0341915004
v -0.0496261008 -0.0139328996 0.0327208005
v -0.0507927015 -0.00984171033 0.0335955992
v -0.0510476008 -0.0128103001 0.0324853994
v -0.0537721999 -0.00822827034 0.0334645994
v -0.0537721999 -0.00969902985 0.0331085995
v -0.0522609986 -0.00973495003 0.0332311988
v -0.0537721999 -0.0126510998 0.0320966989
v -0.0525391996 -0.0136503 0.0318334997
v -0.0524871014 0.0126772998 0.0321854986
v -0.0522609986 0.00973495003 0.0332311988
v -0.0510302 0.0138382996 0.0321398005
v -0.0507927015 0.00984171033 0.0335955992
v -0.0494089015 0.0100162998 0.0341915004
v -0.0496658012 0.0139813004 0.0327016003
v -0.0481491014 0.0102537004 0.0350019
v -0.0484026 0.0142117999 0.0334434994
v -0.0472979993 0.0144659001 0.0343951993
v -0.0470491014 0.0105472002 0.0360037982
v -0.0463544987 0.0148069002 0.0354907997
v -0.0461397991 0.0108883996 0.0371687002
v -0.0454474017 0.0112677999 0.0384636
v -0.0456211008 0.0151511999 0.0367420018
v -0.0449912995 -0.00393870985 0.0413393006
v -0.0449912995 0.00393870985 0.0413393006
v -0.0454474017 -0.00756875984 0.039358899
v -0.0461397991 -0.00731394999 0.0380338989
v -0.0470491014 -0.00708471984 0.0368417986
v -0.0481491014 -0.00688757002 0.0358165987
v -0.0494089015 -0.0067281099 0.0349874012
v -0.0507927015 -0.00661086012 0.034377601
v -0.0522609986 -0.00653915014 0.0340046994
v -0.0537721999 -0.00651500979 0.0338792019
v -0.0454474017 -0.00380151998 0.0398994014
v -0.0461397991 -0.00367353996 0.0385561995
v -0.0470491014 -0.00355840009 0.0373477004
v -0.0481491014 -0.00345938001 0.0363085009
v -0.0494089015 -0.00337928999 0.0354677998
v -0.0507927015 -0.0033203999 0.0348496996
v -0.0522609986 -0.00328438007 0.0344717018
v -0.0537721999 -0.00325145992 0.0343471989
v -0.0522609986 2.30717984e-16 0.0346277989
v -0.0537721999 2.5847401e-16 0.0345000997
v -0.0454474017 2.48065007e-16 0.0400799997
v -0.0461397991 2.32453025e-16 0.0387306996
v -0.0470491014 2.42861022e-16 0.0375168994
v -0.0481491014 1.96024004e-16 0.0364728011
v -0.0494089015 1.9428899e-16 0.0356284007
v -0.0507927015 2.01228003e-16 0.0350074992
v -0.0454474017 0.00380151998 0.0398994014
v -0.0461397991 0.00367353996 0.0385561995
v -0.0470491014 0.00355840009 0.0373477004
v -0.0481491014 0.00345938001 0.0363085009
v -0.0494089015 0.00337928999 0.0354677998
v -0.0507927015 0.0033203999 0.0348496996
v -0.0522609986 0.00328438007 0.0344717018
v -0.0537721999 0.00327202003 0.0343445018
v -0.0454474017 0.00756875984 0.039358899
v -0.0461397991 0.00731394999 0.0380338989
v -0.0470491014 0.00708471984 0.0368417986
v -0.0481491014 0.00688757002 0.0358165987
v -0.0494089015 0.0067281099 0.0349874012
v -0.0507927015 0.00661086012 0.034377601
v -0.0522609986 0.00653915014 0.0340046994
v -0.0537721999 0.00651500979 0.0338792019
v -0.0537721999 0.00969902985 0.0331085995
v -0.0537721999 0.0126510998 0.0320966989
v -0.0139204999 -0.00908065028 0.0572917983
v -0.0150961997 -0.00790014025 0.0574593991
v -0.0240017995 -0.0137745002 0.0563406013
v -0.0153903998 -0.0136596998 0.0563685
v -0.0139156003 -0.0130764004 0.0565054007
v -0.0128715998 -0.0102730002 0.0570978001
v -0.0104866 -0.0126812002 0.056614399
v -0.0125978002 0.0106349001 0.057025101
v -0.0116533004 0.0120093999 0.0567431003
v -0.0161009002 0.0136674 0.0563666001
v -0.00877020974 0.0137144998 0.0563628003
v -0.0164631996 0.00490870001 0.0577918999
v -0.0158862993 0.0063773999 0.0576484017
v -0.0155145004 0.00710113999 0.0575593002
v -0.0151602998 0.00779028982 0.0574744008
v -0.0142847002 0.00914285984 0.0572749004
v -0.0326124988 2.59134007e-16 0.0579999983
v -0.0172333997 0.00102267996 0.0579910018
v -0.0170508008 0.00257005007 0.0579430014
v -0.0163336992 0.00407474022 0.0578601994
v -0.0160949007 -0.00589430984 0.057699699
v -0.0166215003 -0.00440945011 0.0578322001
v -0.0166267995 -0.00282694004 0.0579321012
v -0.0172100998 -0.00132559997 0.0579848997
v 0.0445959009 -0.0117381001 0.0451264009
v 0.0445959009 -0.00766746001 0.0459932983
v 0.0443203002 -0.00799688045 0.0479694009
v 0.0346274003 0.00592700997 0.0575250983
v 0.0346274003 0.0110328002 0.0567674004
v 0.034362901 0.0139242997 0.0561892986
v 0.0365852006 0.0109361997 0.0562703982
v 0.0363879986 0.0139861004 0.0556768999
v 0.0384300984 0.0107783005 0.0554578006
v 0.0381526984 0.0151468003 0.0546512008
v 0.0401098989 0.0105635002 0.0543526001
v 0.0392294005 0.0142986998 0.0541400015
v 0.0415766984 0.0102979001 0.0529861003
v 0.0412629992 0.0154302996 0.0521479994
v 0.0404645987 0.0144143002 0.0531545989
v 0.042789001 0.00998912007 0.0513974018
v 0.0433714986 0.0110983001 0.0503793992
v 0.0430096015 0.0130971996 0.0505472012
v 0.0436596014 0.00876266975 0.0501082018
v 0.0437121987 0.00518193003 0.0502936989
v 0.0441395007 0.00684252009 0.0492559001
v 0.042789001 0.00536631979 0.0520832986
v 0.0445959009 -0.00353577989 0.0464937985
v 0.0446814001 0.00272807991 0.0467041992
v 0.0443203002 0.000650880975 0.0486270003
v 0.0444230996 0.0029265699 0.0481736995
v 0.0437121987 0.000676692987 0.0505554006
v 0.0443203002 -0.0122424001 0.0470651984
v 0.0443665013 -0.0152852004 0.0458831005
v 0.0445866995 -0.0155293001 0.0441179983
v 0.0437121987 -0.0127279004 0.0489316992
v 0.0435950011 -0.0157983005 0.048419401
v 0.0440395996 -0.0159789007 0.0471789017
v 0.042789001 -0.0131807998 0.0506727993
v 0.0425520018 -0.0156711005 0.0504489988
v 0.0430539995 -0.0158142 0.0495776013
v 0.0415766984 -0.0135882003 0.0522391982
v 0.041615501 -0.0155656002 0.0517539009
v 0.0401098989 -0.0139386002 0.053586401
v 0.0404240005 -0.0155255003 0.0530027002
v 0.038371399 -0.0151639003 0.0545160994
v 0.0394342989 -0.0155224996 0.0538157001
v 0.0354386009 -0.0150870997 0.0557239018
v 0.0364781991 -0.0150680002 0.0554062985
v 0.0365852006 -0.00942618027 0.0565428995
v 0.0384300984 -0.00929004978 0.0557263009
v 0.0372984 -0.0151875 0.0550615005
v 0.0336286016 -0.0139702 0.0562480018
v 0.0346274003 -0.00950943958 0.0570424013
v 0.0345720984 -0.0149669005 0.0559256002
v 0.0365852006 0.00587511016 0.0570214018
v 0.0384300984 0.00579026015 0.0561979003
v 0.0401098989 0.00567487022 0.0550779998
v 0.0415766984 0.00553219998 0.0536932983
v 0.0346274003 0.000773990003 0.0578243993
v 0.0365852006 0.000767213991 0.0573180988
v 0.0384300984 0.000756133988 0.0564903989
v 0.0401098989 0.000741065014 0.0553645007
v 0.0415766984 0.000722434022 0.0539727993
v 0.042789001 0.000700771983 0.0523543991
v 0.0444159992 0.00482477993 0.0483392999
v 0.0346274003 -0.00438519008 0.0576631017
v 0.0365852006 -0.00434680004 0.0571582988
v 0.0384300984 -0.00428402005 0.0563328005
v 0.0401098989 -0.00419864012 0.0552101992
v 0.0401098989 -0.00910490006 0.0546157993
v 0.0415766984 -0.00409309007 0.0538221002
v 0.0415766984 -0.00887600984 0.0532426983
v 0.042789001 -0.00397035992 0.0522082001
v 0.042789001 -0.0086098602 0.0516462997
v 0.0437121987 -0.00383393001 0.0504143983
v 0.0437121987 -0.00831402 0.0498716012
v 0.0443203002 -0.00368769001 0.0484912992
v 0.0447354987 -1.11428999e-05 0.0439637005
v -0.0637414977 -0.0129989004 0.0319573991
v -0.0537721999 2.13179002e-16 0.0345000997
v -0.0637380034 0.0129987001 0.0319576003
v 0.052264899 -0.0236809999 0.0440827012
v 0.0512699001 -0.0238371994 0.0496238992
v 0.0525643006 -0.0234865006 0.0376579016
v 0.0524154007 -0.0235811006 0.0408698991
v 0.0521548986 -0.0234286003 0.0365943015
v 0.0572574995 -0.0236613005 0.0365750007
v 0.0640015975 -0.0239582006 0.0364667997
v 0.0150392996 -0.0237780008 0.0685944036
v 0.0152928997 -0.0235328004 0.0637364015
v 0.0183998998 -0.0235802997 0.0637302995
v 0.0238552 -0.0236635003 0.0637196004
v 0.0257347003 -0.0237029996 0.0637141019
v 0.0324225016 -0.0238434002 0.0636942983
v 0.0369603001 -0.0239304993 0.0630932003
v 0.0417530984 -0.0239822008 0.0612268001
v 0.0458812006 -0.0239809006 0.0581561998
v 0.0494922996 -0.0239221007 0.0536178984
v 0.0699210986 -0.00249999994 0.0319022015
v 0.0669901967 -0.000913302007 0.0319870003
v 0.0577941984 -0.00118977996 0.0319777988
v 0.0643652976 -0.0127753001 0.0293391999
v 0.0697968006 -0.000361453014 0.0320266001
v 0.0466613993 0.0239774995 0.0574735999
v 0.0481260009 0.0239567999 0.0557315983
v 0.0418745019 0.0239838008 0.0611872002
v 0.0387676992 0.0239563994 0.0625884011
v 0.0309542995 0.0238164999 0.0636978969
v 0.0354771987 0.0239064991 0.0634237975
v 0.0215924997 0.0236450993 0.0637212023
v 0.0158057008 0.0235392004 0.0637357011
v 0.0141057 0.0235284008 0.0637367964
v 0.00708888983 0.0234842002 0.0637421012
v -0.000144730002 0.0234386008 0.0637475997
v -0.00674128998 0.0234814994 0.0637425035
v -0.0137595003 0.0235271007 0.0637371019
v -0.0159990005 0.0235415995 0.0637352988
v -0.0212021992 0.0236371998 0.0637222975
v -0.032422401 0.0238434002 0.0636942983
v -0.0423205011 0.0239848997 0.0608962998
v -0.0372566991 0.0239364002 0.0630607009
v -0.0473622009 0.0239666998 0.056612201
v -0.0522357002 0.0236968007 0.0445818007
v -0.0508893989 0.0238549002 0.0504649989
v -0.0524416007 0.0235639997 0.0403049998
v -0.0565834008 0.0237093009 0.0392460003
v -0.051931601 0.0234788004 0.0390870012
v -0.0633817017 0.0240020007 0.0391478986
v -0.0470122993 -0.0239697006 0.0569646992
v -0.0489638001 -0.0239375997 0.0545005016
v -0.0351644009 -0.0239013992 0.0634903014
v -0.0152928 -0.0235328004 0.0637364015
v -0.0189711004 -0.0235890001 0.0637291968
v -0.0238550995 -0.0236635003 0.0637196004
v -0.0269559994 -0.0237285998 0.0637105033
v -0.032422401 -0.0238434002 0.0636942983
v -0.0633853003 -0.0240020994 0.0391478986
v -0.0534350015 -0.0235737003 0.0392914005
v -0.0523535013 -0.0236216001 0.0421936996
v -0.0514958985 -0.0234340001 0.0394742005
v -0.0503945015 -0.0238873996 0.0518507995
v -0.0520634986 -0.0237429999 0.0461205989
v -0.0445059985 -0.0239898004 0.0594514012
v -0.0399945006 -0.0239678007 0.0620539002
v 0.0104288002 -0.0224948004 0.0681438968
v 0.0107062003 -0.0222887006 0.0638500974
v -0.0106533002 -0.0222743005 0.0638587028
v -0.00259484001 0.0460915007 0.0404167995
v -0.00774213998 0.0460915007 0.0397531018
v -0.0175727997 0.0460915007 0.0364889987
v -0.0127614001 0.0460915007 0.0384369008
v -0.0220943 0.0460915007 0.0339424014
v -0.0262531992 0.0460915007 0.0308385007
v -0.0299811997 0.0460915007 0.0272282008
v -0.0332170017 0.0460915007 0.0231707003
v -0.0359071009 0.0460915007 0.0187331997
v -0.0380077995 0.0460915007 0.0139877005
v -0.0394846015 0.0460915007 0.00901215989
v -0.0403129011 0.0460915007 0.0038882501
v -0.0404792018 0.0460915007 -0.00129854004
v -0.0388259999 0.0460915007 -0.0115234004
v -0.039980799 0.0460915007 -0.00646418007
v -0.0370336995 0.0460915007 -0.0163937006
v -0.0346333012 0.0460915007 -0.0209947992
v -0.031663999 0.0460915007 -0.0252515003
v -0.0281754006 0.0460915007 -0.0290927999
v -0.0242238007 0.0460915007 -0.0324570015
v -0.0198743008 0.0460915007 -0.0352883004
v -0.0151984002 0.0460915007 -0.0375401005
v -0.0102727003 0.0460915007 -0.0391754992
v -0.00517841987 0.0460915007 -0.0401675999
v 0.00517841987 0.0460915007 -0.0401675999
v -9.53674029e-09 0.0460915007 -0.0405000001
v 0.0102725998 0.0460915007 -0.0391754992
v 0.0151982997 0.0460915007 -0.0375401005
v 0.0198743008 0.0460915007 -0.0352883004
v 0.0281758998 0.0460915007 -0.0290923994
v 0.0242238007 0.0460915007 -0.0324570015
v 0.031663999 0.0460915007 -0.0252515003
v 0.0346333012 0.0460915007 -0.0209947992
v 0.0370336995 0.0460915007 -0.0163937006
v 0.0388259999 0.0460915007 -0.0115235997
v 0.039980799 0.0460915007 -0.00646416005
v 0.0404791012 0.0460915007 -0.00129854004
v 0.0403129011 0.0460915007 0.00388889993
v 0.0394846015 0.0460915007 0.00901211984
v 0.0380081013 0.0460915007 0.0139867999
v 0.0332170017 0.0460915007 0.0231707003
v 0.0359070003 0.0460915007 0.0187331997
v 0.0299811997 0.0460915007 0.0272282008
v 0.0262531992 0.0460915007 0.0308385007
v 0.0220947992 0.0460915007 0.0339420997
v 0.0175727997 0.0460915007 0.0364889987
v 0.0127617 0.0460915007 0.0384368002
v 0.00774211995 0.0460915007 0.0397531018
v -9.53674029e-09 0.0460915007 0.0405000001
v 0.00259481999 0.0460915007 0.0404167995
v 9.32723943e-09 0.0405000001 -0.0599999987
v -0.00767268008 0.0405000001 -0.0595073998
v -0.0152195003 0.0405000001 -0.0580376014
v -0.0225159992 0.0405000001 -0.0556150004
v -0.0294429995 0.0405000001 -0.0522792004
v -0.0358869992 0.0405000001 -0.0480845012
v -0.0417409018 0.0405000001 -0.0431010015
v -0.0469098985 0.0405000001 -0.0374093987
v -0.0513084009 0.0405000001 -0.0311037991
v -0.0548648015 0.0405000001 -0.0242868997
v -0.057520099 0.0405000001 -0.0170715991
v -0.0592309013 0.0405000001 -0.00957603008
v -0.0599692017 0.0405000001 -0.00192269997
v -0.0597227998 0.0405000001 0.0057616299
v -0.0584957004 0.0405000001 0.0133512998
v -0.0563082993 0.0405000001 0.0207215007
v -0.0531960018 0.0405000001 0.0277523007
v -0.0492102988 0.0405000001 0.0343270004
v -0.0444164984 0.0405000001 0.0403383002
v -0.0388936996 0.0405000001 0.0456868
v -0.0327317007 0.0405000001 0.0502856001
v -0.0260335002 0.0405000001 0.0540578999
v -0.0189065002 0.0405000001 0.0569433011
v -0.0114698 0.0405000001 0.0588934012
v -0.00384417991 0.0405000001 0.059876699
v -9.53674029e-09 0.0405000001 0.0599999987
v 0.00384424999 0.0405000001 0.059876699
v 0.0114697004 0.0405000001 0.0588935018
v 0.0189062003 0.0405000001 0.0569434017
v 0.0260329992 0.0405000001 0.054058101
v 0.0327319019 0.0405000001 0.050285399
v 0.0388940014 0.0405000001 0.0456864983
v 0.0444166996 0.0405000001 0.040338099
v 0.0492103994 0.0405000001 0.0343267992
v 0.0531959012 0.0405000001 0.0277523007
v 0.0563082993 0.0405000001 0.0207215007
v 0.0584955998 0.0405000001 0.0133512998
v 0.0597227998 0.0405000001 0.00576141989
v 0.0599692017 0.0405000001 -0.00192307006
v 0.0592309013 0.0405000001 -0.00957603008
v 0.0575199984 0.0405000001 -0.0170715991
v 0.0548648015 0.0405000001 -0.0242867991
v 0.0513085984 0.0405000001 -0.0311035998
v 0.0469098985 0.0405000001 -0.0374094993
v 0.0417410992 0.0405000001 -0.0431009009
v 0.0358866006 0.0405000001 -0.0480847992
v 0.0294432007 0.0405000001 -0.0522790998
v 0.0225159992 0.0405000001 -0.0556150004
v 0.0152192004 0.0405000001 -0.0580376983
v 0.00767266005 0.0405000001 -0.0595073998
v -0.00767268008 0.0292499997 0.0595073998
v -9.53674029e-09 0.0292499997 0.0599999987
v -0.0152192004 0.0292499997 0.0580376983
v -0.0225159992 0.0292499997 0.0556150004
v -0.0294429995 0.0292499997 0.0522792004
v -0.0358867012 0.0292499997 0.0480847992
v -0.0417409018 0.0292499997 0.0431010015
v -0.0469098985 0.0292499997 0.0374093987
v -0.0513085015 0.0292499997 0.0311034992
v -0.0548648015 0.0292499997 0.0242870003
v -0.0575199984 0.0292499997 0.0170716997
v -0.0592309013 0.0292499997 0.00957601983
v -0.0599692017 0.0292499997 0.00192314002
v -0.0597227998 0.0292499997 -0.00576133002
v -0.0584957004 0.0292499997 -0.0133512998
v -0.0563081987 0.0292499997 -0.0207218993
v -0.0531960018 0.0292499997 -0.0277523007
v -0.0492102988 0.0292499997 -0.0343270004
v -0.0444166996 0.0292499997 -0.040338099
v -0.0388936996 0.0292499997 -0.0456868
v -0.0327320993 0.0292499997 -0.0502852984
v -0.0260330997 0.0292499997 -0.054058101
v -0.0189065002 0.0292499997 -0.0569434017
v -0.0114695001 0.0292499997 -0.0588935018
v -0.00384427002 0.0292499997 -0.059876699
v 0.00384424999 0.0292499997 -0.059876699
v 0.0114695001 0.0292499997 -0.0588935018
v 0.0189065002 0.0292499997 -0.0569434017
v 0.0260329992 0.0292499997 -0.054058101
v 0.0327320993 0.0292499997 -0.0502852984
v 0.0388936996 0.0292499997 -0.0456868
v 0.0444166996 0.0292499997 -0.040338099
v 0.0492102988 0.0292499997 -0.0343270004
v 0.0531959012 0.0292499997 -0.0277523007
v 0.0563080981 0.0292499997 -0.0207218993
v 0.0584955998 0.0292499997 -0.0133512998
v 0.0597227998 0.0292499997 -0.00576133002
v 0.0599692017 0.0292499997 0.00192314002
v 0.0592309013 0.0292499997 0.00957601983
v 0.0575199984 0.0292499997 0.0170716997
v 0.0548648015 0.0292499997 0.0242870003
v 0.0513085984 0.0292499997 0.0311034992
v 0.0469098985 0.0292499997 0.0374093987
v 0.0417409986 0.0292499997 0.0431010015
v 0.0358866006 0.0292499997 0.0480847992
v 0.0294429995 0.0292499997 0.0522792004
v 0.0225159992 0.0292499997 0.0556150004
v 0.0152193001 0.0292499997 0.0580376983
v 0.00767266005 0.0292499997 0.0595073998
v 0.0592309013 -0.0292499997 0.00957601983
v 0.0575199984 -0.0292499997 0.0170716997
v 0.0548648015 -0.0292499997 0.0242870003
v 0.0513085984 -0.0292499997 0.0311034992
v 0.0469098985 -0.0292499997 0.0374093987
v 0.0417409986 -0.0292499997 0.0431010015
v 0.0358866006 -0.0292499997 0.0480847992
v 0.0294429995 -0.0292499997 0.0522792004
v 0.0444166996 -0.0292499997 -0.040338099
v 0.0492102988 -0.0292499997 -0.0343270004
v 0.0531959012 -0.0292499997 -0.0277523007
v 0.0563080981 -0.0292499997 -0.0207218993
v 0.0584955998 -0.0292499997 -0.0133512998
v 0.0597227998 -0.0292499997 -0.00576133002
v 0.0599692017 -0.0292499997 0.00192314002
v -0.0225159992 -0.0292499997 0.0556150004
v -0.0294429995 -0.0292499997 0.0522792004
v -0.0358867012 -0.0292499997 0.0480847992
v -0.0417409018 -0.0292499997 0.0431010015
v -0.0469098985 -0.0292499997 0.0374093987
v -0.0513085015 -0.0292499997 0.0311034992
v -0.0548648015 -0.0292499997 0.0242870003
v -0.0575199984 -0.0292499997 0.0170716997
v 0.0225159992 -0.0292499997 0.0556150004
v 0.0152193001 -0.0292499997 0.0580376983
v 0.00767266005 -0.0292499997 0.0595073998
v -9.53674029e-09 -0.0292499997 0.0599999987
v -0.00767268008 -0.0292499997 0.0595073998
v -0.0152192004 -0.0292499997 0.0580376983
v -0.00384427002 -0.0292499997 -0.059876699
v 0.00384424999 -0.0292499997 -0.059876699
v 0.0114695001 -0.0292499997 -0.0588935018
v 0.0189065002 -0.0292499997 -0.0569434017
v 0.0260329992 -0.0292499997 -0.054058101
v 0.0327320993 -0.0292499997 -0.0502852984
v 0.0388936996 -0.0292499997 -0.0456868
v -0.0492102988 -0.0292499997 -0.0343270004
v -0.0444166996 -0.0292499997 -0.040338099
v -0.0388936996 -0.0292499997 -0.0456868
v -0.0327320993 -0.0292499997 -0.0502852984
v -0.0260330997 -0.0292499997 -0.054058101
v -0.0189065002 -0.0292499997 -0.0569434017
v -0.0114695001 -0.0292499997 -0.0588935018
v -0.0592309013 -0.0292499997 0.00957601983
v -0.0599692017 -0.0292499997 0.00192314002
v -0.0597227998 -0.0292499997 -0.00576133002
v -0.0584957004 -0.0292499997 -0.0133512998
v -0.0563081987 -0.0292499997 -0.0207218993
v -0.0531960018 -0.0292499997 -0.0277523007
v 0.00767266005 -0.0405000001 0.0595073998
v 0.0152193001 -0.0405000001 0.0580376983
v 0.0225159992 -0.0405000001 0.0556150004
v 0.0294429995 -0.0405000001 0.0522792004
v 0.0358866006 -0.0405000001 0.0480847992
v 0.0417409986 -0.0405000001 0.0431010015
v 0.0469098985 -0.0405000001 0.0374093987
v 0.0513085984 -0.0405000001 0.0311034992
v 0.0548648015 -0.0405000001 0.0242870003
v 0.0575199984 -0.0405000001 0.0170716997
v 0.0592309013 -0.0405000001 0.00957601983
v 0.0599692017 -0.0405000001 0.00192314002
v 0.0597227998 -0.0405000001 -0.00576133002
v 0.0584955998 -0.0405000001 -0.0133512998
v 0.0563080981 -0.0405000001 -0.0207218993
v 0.0531959012 -0.0405000001 -0.0277523007
v 0.0492102988 -0.0405000001 -0.0343270004
v 0.0444166996 -0.0405000001 -0.040338099
v 0.0388936996 -0.0405000001 -0.0456868
v 0.0327320993 -0.0405000001 -0.0502852984
v 0.0260329992 -0.0405000001 -0.054058101
v 0.0189065002 -0.0405000001 -0.0569434017
v 0.0114695001 -0.0405000001 -0.0588935018
v 0.00384424999 -0.0405000001 -0.059876699
v -0.00384427002 -0.0405000001 -0.059876699
v -0.0114695001 -0.0405000001 -0.0588935018
v -0.0189065002 -0.0405000001 -0.0569434017
v -0.0260330997 -0.0405000001 -0.054058101
v -0.0327320993 -0.0405000001 -0.0502852984
v -0.0388936996 -0.0405000001 -0.0456868
v -0.0444166996 -0.0405000001 -0.040338099
v -0.0492102988 -0.0405000001 -0.0343270004
v -0.0531960018 -0.0405000001 -0.0277523007
v -0.0563081987 -0.0405000001 -0.0207218993
v -0.0584957004 -0.0405000001 -0.0133512998
v -0.0597227998 -0.0405000001 -0.00576133002
v -0.0599692017 -0.0405000001 0.00192314002
v -0.0592309013 -0.0405000001 0.00957601983
v -0.0575199984 -0.0405000001 0.0170716997
v -0.0548648015 -0.0405000001 0.0242870003
v -0.0513085015 -0.0405000001 0.0311034992
v -0.0469098985 -0.0405000001 0.0374093987
v -0.0417409018 -0.0405000001 0.0431010015
v -0.0358867012 -0.0405000001 0.0480847992
v -0.0294429995 -0.0405000001 0.0522792004
v -0.0225159992 -0.0405000001 0.0556150004
v -0.0152192004 -0.0405000001 0.0580376983
v -0.00767268008 -0.0405000001 0.0595073998
v -9.53674029e-09 -0.0405000001 0.0599999987
v -0.00664965995 -0.0437321998 0.0515731014
v -0.0131903002 -0.0437321998 0.0502993017
v -0.019514 -0.0437321998 0.0481996983
v -0.0255178008 -0.0437321998 0.0453082994
v -0.0311021991 -0.0437321998 0.0416731015
v -0.0361751989 -0.0437321998 0.0373544991
v -0.0406551994 -0.0437321998 0.0324217007
v -0.0475495011 -0.0437321998 0.0210485999
v -0.0444675013 -0.0437321998 0.0269563999
v -0.0498506986 -0.0437321998 0.0147954999
v -0.0513334014 -0.0437321998 0.00829932
v -0.0519732013 -0.0437321998 0.00166686997
v -0.0517597012 -0.0437321998 -0.00499325013
v -0.050696101 -0.0437321998 -0.0115715005
v -0.0488005988 -0.0437321998 -0.0179583002
v -0.0461033992 -0.0437321998 -0.0240515005
v -0.0426486991 -0.0437321998 -0.0297503993
v -0.0384941995 -0.0437321998 -0.0349600017
v -0.0337079018 -0.0437321998 -0.0395952016
v -0.0283681992 -0.0437321998 -0.0435803011
v -0.0225623995 -0.0437321998 -0.0468502007
v -0.0163863003 -0.0437321998 -0.0493507013
v -0.00994079001 -0.0437321998 -0.0510409996
v 0.00333133992 -0.0437321998 -0.0518932007
v -0.00333167007 -0.0437321998 -0.0518932007
v 0.0163860992 -0.0437321998 -0.0493508019
v 0.00994026009 -0.0437321998 -0.0510411002
v 0.0225623008 -0.0437321998 -0.0468502007
v 0.0283681992 -0.0437321998 -0.0435804017
v 0.0337079987 -0.0437321998 -0.039595101
v 0.0384941995 -0.0437321998 -0.0349599011
v 0.0426486991 -0.0437321998 -0.0297504999
v 0.0461033992 -0.0437321998 -0.0240515005
v 0.0488005988 -0.0437321998 -0.0179583002
v 0.0506963991 -0.0437321998 -0.0115705002
v 0.0517597012 -0.0437321998 -0.00499350019
v 0.0519732982 -0.0437321998 0.00166611001
v 0.0513334014 -0.0437321998 0.00829933025
v 0.0498506986 -0.0437321998 0.0147954999
v 0.0444674008 -0.0437321998 0.0269565005
v 0.0475495011 -0.0437321998 0.0210487004
v 0.0406550989 -0.0437321998 0.0324216001
v 0.0361750983 -0.0437321998 0.0373544991
v 0.0311021991 -0.0437321998 0.0416731015
v 0.0255178008 -0.0437321998 0.0453082994
v 0.019514 -0.0437321998 0.0481996015
v 0.0131901996 -0.0437321998 0.0502993017
v -9.53674029e-09 -0.0437321998 0.0520000011
v 0.00664963014 -0.0437321998 0.0515731014
v 0.0734177977 0.00455826009 -0.0258511994
v 0.0734177977 0.00897802971 0.0246670004
v 0.0734177977 0.00455826009 0.0258511994
v 0.0734177977 0.0131249996 0.0227330998
v 0.0734177977 0.0168731995 0.0201085992
v 0.0734177977 0.0201086998 0.0168731995
v 0.0734177977 0.0227332003 0.0131249996
v 0.0734177977 0.0246668998 0.00897806045
v 0.0734177977 0.0258511994 0.00455826009
v 0.0734177977 0.0262499992 5.24521013e-08
v 0.0734177977 0.0258511994 -0.00455826987
v 0.0734177977 0.0246668998 -0.00897808
v 0.0734177977 0.0227332003 -0.0131249996
v 0.0734177977 0.0201086998 -0.0168731995
v 0.0734177977 0.0168731995 -0.0201085992
v 0.0734177977 0.0131249996 -0.0227332003
v 0.0734177977 0.00897802971 -0.0246670004
v 0.0753061026 -2.32643017e-18 -0.0262499992
v 0.0734177977 -1.19704996e-17 -0.0262499992
v 0.0734177977 -0.00455826009 -0.0258511994
v 0.0734177977 -0.00897802971 -0.0246670004
v 0.0734177977 -0.0131249996 -0.0227332003
v 0.0734177977 -0.0168731995 -0.0201085992
v 0.0734177977 -0.0201086998 -0.0168731995
v 0.0734177977 -0.0227332003 -0.0131249996
v 0.0734177977 -0.0246668998 -0.00897808
v 0.0734177977 -0.0258511994 -0.00455826987
v 0.0734177977 -0.0262499992 5.24521013e-08
v 0.0734177977 -0.0258511994 0.00455826009
v 0.0734177977 -0.0246668998 0.00897806045
v 0.0734177977 -0.0227332003 0.0131249996
v 0.0734177977 -0.0201086998 0.0168731995
v 0.0734177977 -0.0168731995 0.0201085992
v 0.0734177977 -0.0131249996 0.0227330998
v 0.0734177977 -0.00897802971 0.0246670004
v 0.0734177977 -0.00455826009 0.0258511994
v 0.0734177977 -1.19704996e-17 0.0262500998
v -0.0754999965 -2.41828031e-18 -0.0254999995
v -0.00399996014 -0.0251157004 0.0782387033
v 0.00400005979 -0.0251157004 0.0782387033
v 0.0690084025 0.00249998993 0.0328149982
v 0.0693249032 0.00179487001 0.0324985012
v -9.53674029e-09 -0.0670000017 0.0520000011
v -0.00708068023 -0.0670000017 0.0515156016
v -0.0270182993 -0.0670000017 -0.0444298014
v 0.0207169 -0.0670000017 0.0476949997
v 0.0140294004 -0.0670000017 0.0500716008
v 0.0070806602 -0.0670000017 0.0515156016
v 0.0380034 -0.0670000017 0.0354926996
v 0.0328164995 -0.0670000017 0.040337
v 0.0270183999 -0.0670000017 0.0444298014
v 0.048997499 -0.0670000017 0.0174138006
v 0.04617 -0.0670000017 0.0239233002
v 0.042482499 -0.0670000017 0.0299874004
v 0.0518787988 -0.0670000017 -0.00354856998
v 0.0518787988 -0.0670000017 0.00354855997
v 0.0509123988 -0.0670000017 0.0105798002
v 0.04617 -0.0670000017 -0.0239233002
v 0.048997499 -0.0670000017 -0.0174137
v 0.0509123988 -0.0670000017 -0.0105798002
v 0.0328164995 -0.0670000017 -0.040337
v 0.0380034 -0.0670000017 -0.0354926996
v 0.042482499 -0.0670000017 -0.0299874004
v 0.0140294004 -0.0670000017 -0.0500717014
v 0.0207169 -0.0670000017 -0.0476949997
v 0.0270183999 -0.0670000017 -0.0444298014
v -0.00708068023 -0.0670000017 -0.0515156016
v -9.53674029e-09 -0.0670000017 -0.0520000011
v 0.0070806602 -0.0670000017 -0.0515156016
v -0.0207169 -0.0670000017 -0.0476949997
v -0.0140294004 -0.0670000017 -0.0500717014
v -0.0424823985 -0.0670000017 -0.0299874004
v -0.0380035006 -0.0670000017 -0.0354926996
v -0.0328164995 -0.0670000017 -0.040337
v -0.0509123988 -0.0670000017 -0.0105798002
v -0.048997499 -0.0670000017 -0.0174137
v -0.04617 -0.0670000017 -0.0239233002
v -0.0509123988 -0.0670000017 0.0105798002
v -0.0518787988 -0.0670000017 0.00354855997
v -0.0518787988 -0.0670000017 -0.00354856998
v -0.0424823985 -0.0670000017 0.0299874004
v -0.04617 -0.0670000017 0.0239233002
v -0.048997499 -0.0670000017 0.0174138006
v -0.0270182993 -0.0670000017 0.0444298014
v -0.0328164995 -0.0670000017 0.040337
v -0.0380035006 -0.0670000017 0.0354926996
v -0.0140294004 -0.0670000017 0.0500716008
v -0.0207169 -0.0670000017 0.0476949997
v -0.0697999969 0.0199999996 -0.00274998997
v -0.0757998973 0.0199999996 -0.00274998997
v -0.0697999969 0.0195224993 -0.00270825997
v -0.0757998973 0.0195224993 -0.00270825997
v -0.0697999969 0.0190593991 -0.00258417008
v -0.0757998973 0.0190593991 -0.00258417008
v -0.0697999969 0.0186250005 -0.0023815101
v -0.0757998973 0.0186250005 -0.0023815101
v -0.0697999969 0.0182323009 -0.00210660999
v -0.0757998973 0.0182323009 -0.00210660999
v -0.0697999969 0.0178934 -0.00176769996
v -0.0757998973 0.0178934 -0.00176769996
v -0.0697999969 0.0176183991 -0.00137503003
v -0.0757998973 0.0176183991 -0.00137503003
v -0.0697999969 0.0174157992 -0.000940509024
v -0.0757998973 0.0174157992 -0.000940509024
v -0.0697999969 0.0172917992 -0.000477499998
v -0.0757998973 0.0172917992 -0.000477499998
v -0.0697999969 0.0172499996 5.24521013e-08
v -0.0757998973 0.0172499996 5.24521013e-08
v -0.0697999969 0.0172917992 0.000477485999
v -0.0757998973 0.0172917992 0.000477485999
v -0.0697999969 0.0174157992 0.000940613972
v -0.0757998973 0.0174157992 0.000940613972
v -0.0697999969 0.0176183991 0.00137501
v -0.0757998973 0.0176183991 0.00137501
v -0.0697999969 0.0178934 0.00176768994
v -0.0757998973 0.0178934 0.00176768994
v -0.0697999969 0.0182323009 0.00210659998
v -0.0757998973 0.0182323009 0.00210659998
v -0.0697999969 0.0186250005 0.00238162
v -0.0757998973 0.0186250005 0.00238162
v -0.0697999969 0.0190593991 0.00258415006
v -0.0757998973 0.0190593991 0.00258415006
v -0.0697999969 0.0195224993 0.00270824996
v -0.0757998973 0.0195224993 0.00270824996
v -0.0697999969 0.0199999996 0.00274996995
v -0.0757998973 0.0199999996 0.00274996995
v -0.0697999969 0.0204774998 0.00270824996
v -0.0757998973 0.0204774998 0.00270824996
v -0.0697999969 0.0209406 0.00258415006
v -0.0757998973 0.0209406 0.00258415006
v -0.0697999969 0.0213750005 0.00238162
v -0.0757998973 0.0213750005 0.00238162
v -0.0697999969 0.0217677001 0.00210659998
v -0.0757998973 0.0217677001 0.00210659998
v -0.0697999969 0.0221066009 0.00176768994
v -0.0757998973 0.0221066009 0.00176768994
v -0.0697999969 0.0223816 0.00137501
v -0.0757998973 0.0223816 0.00137501
v -0.0697999969 0.0225841999 0.000940613972
v -0.0757998973 0.0225841999 0.000940613972
v -0.0697999969 0.0227081999 0.000477485999
v -0.0757998973 0.0227081999 0.000477485999
v -0.0697999969 0.0227499995 5.24521013e-08
v -0.0757998973 0.0227499995 5.24521013e-08
v -0.0697999969 0.0227081999 -0.000477499998
v -0.0757998973 0.0227081999 -0.000477499998
v -0.0697999969 0.0225841999 -0.000940509024
v -0.0757998973 0.0225841999 -0.000940509024
v -0.0697999969 0.0223816 -0.00137503003
v -0.0757998973 0.0223816 -0.00137503003
v -0.0697999969 0.0221066009 -0.00176769996
v -0.0757998973 0.0221066009 -0.00176769996
v -0.0697999969 0.0217677001 -0.00210660999
v -0.0757998973 0.0217677001 -0.00210660999
v -0.0697999969 0.0213750005 -0.0023815101
v -0.0757998973 0.0213750005 -0.0023815101
v -0.0697999969 0.0209406 -0.00258417008
v -0.0757998973 0.0209406 -0.00258417008
v -0.0697999969 0.0204774998 -0.00270825997
v -0.0757998973 0.0204774998 -0.00270825997
v -0.0697999969 -0.0199999996 -0.00274998997
v -0.0757998973 -0.0199999996 -0.00274998997
v -0.0697999969 -0.0204774998 -0.00270825997
v -0.0757998973 -0.0204774998 -0.00270825997
v -0.0697999969 -0.0209406 -0.00258417008
v -0.0757998973 -0.0209406 -0.00258417008
v -0.0697999969 -0.0213750005 -0.0023815101
v -0.0757998973 -0.0213750005 -0.0023815101
v -0.0697999969 -0.0217677001 -0.00210660999
v -0.0757998973 -0.0217677001 -0.00210660999
v -0.0697999969 -0.0221066009 -0.00176769996
v -0.0757998973 -0.0221066009 -0.00176769996
v -0.0697999969 -0.0223816 -0.00137503003
v -0.0757998973 -0.0223816 -0.00137503003
v -0.0697999969 -0.0225841999 -0.000940509024
v -0.0757998973 -0.0225841999 -0.000940509024
v -0.0697999969 -0.0227081999 -0.000477499998
v -0.0757998973 -0.0227081999 -0.000477499998
v -0.0697999969 -0.0227499995 5.24521013e-08
v -0.0757998973 -0.0227499995 5.24521013e-08
v -0.0697999969 -0.0227081999 0.000477485999
v -0.0757998973 -0.0227081999 0.000477485999
v -0.0697999969 -0.0225841999 0.000940613972
v -0.0757998973 -0.0225841999 0.000940613972
v -0.0697999969 -0.0223816 0.00137501
v -0.0757998973 -0.0223816 0.00137501
v -0.0697999969 -0.0221066009 0.00176768994
v -0.0757998973 -0.0221066009 0.00176768994
v -0.0697999969 -0.0217677001 0.00210659998
v -0.0757998973 -0.0217677001 0.00210659998
v -0.0697999969 -0.0213750005 0.00238162
v -0.0757998973 -0.0213750005 0.00238162
v -0.0697999969 -0.0209406 0.00258415006
v -0.0757998973 -0.0209406 0.00258415006
v -0.0697999969 -0.0204774998 0.00270824996
v -0.0757998973 -0.0204774998 0.00270824996
v -0.0697999969 -0.0199999996 0.00274996995
v -0.0757998973 -0.0199999996 0.00274996995
v -0.0697999969 -0.0195224993 0.00270824996
v -0.0757998973 -0.0195224993 0.00270824996
v -0.0697999969 -0.0190593991 0.00258415006
v -0.0757998973 -0.0190593991 0.00258415006
v -0.0697999969 -0.0186250005 0.00238162
v -0.0757998973 -0.0186250005 0.00238162
v -0.0697999969 -0.0182323009 0.00210659998
v -0.0757998973 -0.0182323009 0.00210659998
v -0.0697999969 -0.0178934 0.00176768994
v -0.0757998973 -0.0178934 0.00176768994
v -0.0697999969 -0.0176183991 0.00137501
v -0.0757998973 -0.0176183991 0.00137501
v -0.0697999969 -0.0174157992 0.000940613972
v -0.0757998973 -0.0174157992 0.000940613972
v -0.0697999969 -0.0172917992 0.000477485999
v -0.0757998973 -0.0172917992 0.000477485999
v -0.0697999969 -0.0172499996 5.24521013e-08
v -0.0757998973 -0.0172499996 5.24521013e-08
v -0.0697999969 -0.0172917992 -0.000477499998
v -0.0757998973 -0.0172917992 -0.000477499998
v -0.0697999969 -0.0174157992 -0.000940509024
v -0.0757998973 -0.0174157992 -0.000940509024
v -0.0697999969 -0.0176183991 -0.00137503003
v -0.0757998973 -0.0176183991 -0.00137503003
v -0.0697999969 -0.0178934 -0.00176769996
v -0.0757998973 -0.0178934 -0.00176769996
v -0.0697999969 -0.0182323009 -0.00210660999
v -0.0757998973 -0.0182323009 -0.00210660999
v -0.0697999969 -0.0186250005 -0.0023815101
v -0.0757998973 -0.0186250005 -0.0023815101
v -0.0697999969 -0.0190593991 -0.00258417008
v -0.0757998973 -0.0190593991 -0.00258417008
v -0.0697999969 -0.0195224993 -0.00270825997
v -0.0757998973 -0.0195224993 -0.00270825997
v -0.0757998973 -0.0209005997 0.0120670004
v -0.0757998973 -0.0226785 0.00825433992
v -0.0757998973 -0.0237673 -0.0041908701
v -0.0757998973 0.000590403972 -0.0033483
v -0.0757998973 -0.00340000005 5.24521013e-08
v -0.0757998973 -0.0120670004 0.0209007002
v -0.0757998973 -0.0155130001 0.0184876993
v -0.0757998973 -0.0184876993 0.0155130001
v -0.0757998973 -0.0241340008 5.24521013e-08
v -0.0757998973 -0.0226785 -0.00825436041
v -0.0757998973 -0.0209005997 -0.0120670004
v -0.0757998973 0.0209005997 -0.0120670004
v -0.0757998973 0.0184876993 -0.0155130001
v -0.0757998973 0.0155130001 -0.0184876006
v -0.0757998973 0.0120670004 -0.0209007002
v -0.0757998973 0.00825431012 -0.0226786006
v -0.0757998973 0.0041908198 -0.0237673
v -0.0757998973 3.97551023e-16 -0.0241340008
v -0.0757998973 0.0226785 -0.00825436041
v -0.0757998973 0.0209005997 0.0120670004
v -0.0757998973 0.0184876993 0.0155130001
v -0.0757998973 -0.0237673 0.00419085985
v -0.0757998973 0.0237673 -0.0041908701
v -0.0757998973 0.0237673 0.00419085985
v -0.0757998973 0.0226785 0.00825433992
v -0.0757998973 0.0120670004 0.0209007002
v -0.0757998973 0.0155130001 0.0184876993
v -0.0757998973 -0.00170000002 0.00294451998
v -0.0757998973 -0.00116286997 0.00319498009
v -0.0757998973 -0.00825431012 0.0226785
v -0.0757998973 -0.000590403972 0.00334839988
v -0.0757998973 -0.0041908198 0.0237673
v -0.0757998973 4.09394979e-16 0.00340002007
v -0.0757998973 4.12864028e-16 0.0241340008
v -0.0757998973 0.000590403972 0.00334839988
v -0.0757998973 0.0041908198 0.0237673
v -0.0757998973 0.00116286997 0.00319498009
v -0.0757998973 0.00825431012 0.0226785
v -0.0757998973 0.00170000002 0.00294451998
v -0.0757998973 -0.00334835006 -0.000590390991
v -0.0757998973 -0.00319495006 -0.00116283004
v -0.0757998973 -0.00294448994 -0.00169999001
v -0.0757998973 -0.0184876993 -0.0155130001
v -0.0757998973 -0.00260454998 -0.00218553003
v -0.0757998973 -0.0155130001 -0.0184876006
v -0.0757998973 -0.00218547997 -0.00260454998
v -0.0757998973 -0.0120670004 -0.0209007002
v -0.0757998973 -0.00170000002 -0.00294454
v -0.0757998973 -0.00825431012 -0.0226786006
v -0.0757998973 -0.00116286997 -0.0031949901
v -0.0757998973 -0.0041908198 -0.0237673
v -0.0757998973 -0.000590403972 -0.0033483
v -0.0757998973 4.09789987e-16 -0.00340003008
v -0.0757998973 0.00116286997 -0.0031949901
v -0.0757998973 0.00170000002 -0.00294454
v -0.0757998973 0.00218547997 -0.00260454998
v -0.0757998973 0.0241340008 5.24521013e-08
v -0.0757998973 -0.00294448994 0.00169998
v -0.0757998973 -0.00319495006 0.00116282003
v -0.0757998973 -0.00334835006 0.000590377022
v -0.0757998973 -0.00218547997 0.00260453997
v -0.0757998973 -0.00260454998 0.00218552002
v -0.0757998973 0.00260454998 -0.00218553003
v -0.0757998973 0.00294448994 -0.00169999001
v -0.0757998973 0.00319495006 -0.00116283004
v -0.0757998973 0.00294448994 0.00169998
v -0.0757998973 0.00319495006 0.00116282003
v -0.0757998973 0.00260454998 0.00218552002
v -0.0757998973 0.00218547997 0.00260453997
v -0.0757998973 0.00334835006 -0.000590390991
v -0.0757998973 0.00340000005 5.24521013e-08
v -0.0757998973 0.00334835006 0.000590377022
v -0.0697999969 3.92053991e-16 -0.00340003008
v -0.0697999969 -0.000590403972 -0.0033483
v -0.0697999969 -0.00116286997 -0.0031949901
v -0.0697999969 -0.00170000002 -0.00294454
v -0.0697999969 -0.00218547997 -0.00260454998
v -0.0697999969 -0.00260454998 -0.00218553003
v -0.0697999969 -0.00294448994 -0.00169999001
v -0.0697999969 -0.00319495006 -0.00116283004
v -0.0697999969 -0.00334835006 -0.000590390991
v -0.0697999969 -0.00340000005 5.24521013e-08
v -0.0697999969 -0.00334835006 0.000590377022
v -0.0697999969 -0.00319495006 0.00116282003
v -0.0697999969 -0.00294448994 0.00169998
v -0.0697999969 -0.00260454998 0.00218552002
v -0.0697999969 -0.00218547997 0.00260453997
v -0.0697999969 -0.00170000002 0.00294451998
v -0.0697999969 -0.00116286997 0.00319498009
v -0.0697999969 -0.000590403972 0.00334839988
v -0.0697999969 3.90127997e-16 0.00340002007
v -0.0757998973 4.07863993e-16 0.00340002007
v -0.0697999969 0.000590403972 0.00334839988
v -0.0697999969 0.00116286997 0.00319498009
v -0.0697999969 0.00170000002 0.00294451998
v -0.0697999969 0.00218547997 0.00260453997
v -0.0697999969 0.00260454998 0.00218552002
v -0.0697999969 0.00294448994 0.00169998
v -0.0697999969 0.00319495006 0.00116282003
v -0.0697999969 0.00334835006 0.000590377022
v -0.0697999969 0.00340000005 5.24521013e-08
v -0.0697999969 0.00334835006 -0.000590390991
v -0.0697999969 0.00319495006 -0.00116283004
v -0.0697999969 0.00294448994 -0.00169999001
v -0.0697999969 0.00260454998 -0.00218553003
v -0.0697999969 0.00218547997 -0.00260454998
v -0.0697999969 0.00170000002 -0.00294454
v -0.0697999969 0.00116286997 -0.0031949901
v -0.0697999969 0.000590402982 -0.0033483
v -0.0753000006 4.10957013e-16 0.0250000004
v -0.0753000006 -0.00434119999 0.0246201996
v -0.0753000006 -0.00855049957 0.0234923009
v -0.0753000006 -0.0191511009 0.0160696991
v -0.0753000006 -0.0216505993 0.0125000002
v -0.0753000006 -0.0234923009 0.00855046045
v -0.0753000006 -0.0246201996 0.00434117997
v -0.0753000006 -0.0234923009 -0.00855046976
v -0.0753000006 -0.0191511009 -0.0160696991
v -0.0753000006 -0.0160696991 -0.0191511996
v -0.0753000006 -0.0125000002 -0.0216505993
v -0.0753000006 -0.00855049957 -0.0234923009
v -0.0753000006 -0.00434119999 -0.0246201996
v -0.0753000006 4.01772026e-16 -0.0250000004
v -0.0753000006 0.00434119999 -0.0246201996
v -0.0753000006 0.0125000002 -0.0216505993
v -0.0753000006 0.0160696991 -0.0191511996
v -0.0753000006 0.0191511009 -0.0160696991
v -0.0753000006 0.0250000004 5.24521013e-08
v -0.0753000006 0.0246201996 0.00434117997
v -0.0753000006 0.0234923009 0.00855046045
v -0.0753000006 0.0216505993 0.0125000002
v -0.0753000006 0.0191511009 0.0160696991
v -0.0753000006 0.0160696991 0.0191511009
v -0.0753000006 0.0125000002 0.0216505993
v -0.0753000006 0.00434119999 0.0246201996
v -0.0757998973 4.12329021e-16 0.0241340008
v -0.0753000006 3.96793008e-16 0.0250000004
v -0.0752113014 4.04572026e-16 -0.0250000004
v 0.0719999969 0.00451485021 -0.0256050006
v 0.0719999969 0.00889252033 -0.0244319998
v 0.0719999969 0.0130000003 -0.0225166995
v 0.0719999969 0.0167124998 -0.0199171994
v 0.0719999969 0.0199171994 -0.0167124998
v 0.0719999969 0.0225166995 -0.0130000003
v 0.0719999969 0.0244319998 -0.00889248028
v 0.0719999969 0.0256050006 -0.00451488001
v 0.0719999969 0.0260000005 5.24521013e-08
v 0.0719999969 0.0256050006 0.00451486977
v 0.0719999969 0.0244319998 0.00889247004
v 0.0719999969 0.0225166995 0.0129998997
v 0.0719999969 0.0199171994 0.0167124998
v 0.0719999969 0.0167124998 0.0199171994
v 0.0719999969 0.0130000003 0.0225166995
v 0.0719999969 0.00889252033 0.0244319998
v 0.0719999969 0.00451485021 0.0256050006
v 0.0719999969 -2.35703999e-18 0.0260000005
v 0.0734177977 -4.41038951e-19 0.0262500998
v 0.0719999969 -0.00451485021 0.0256050006
v 0.0719999969 -0.00889252033 0.0244319998
v 0.0719999969 -0.0130000003 0.0225166995
v 0.0719999969 -0.0167124998 0.0199171994
v 0.0719999969 -0.0199171994 0.0167124998
v 0.0719999969 -0.0225166995 0.0129998997
v 0.0719999969 -0.0244319998 0.00889247004
v 0.0719999969 -0.0256050006 0.00451486977
v 0.0719999969 -0.0260000005 5.24521013e-08
v 0.0719999969 -0.0256050006 -0.00451488001
v 0.0719999969 -0.0244319998 -0.00889248028
v 0.0719999969 -0.0225166995 -0.0130000003
v 0.0719999969 -0.0199171994 -0.0167124998
v 0.0719999969 -0.0167124998 -0.0199171994
v 0.0719999969 -0.0130000003 -0.0225166995
v 0.0719999969 -0.00889252033 -0.0244319998
v 0.0719999969 -0.00451485021 -0.0256050006
v 0.0719999969 -5.54113031e-18 -0.0260000005
v 0.0649999976 -1.19092998e-17 0.0260000005
v 0.0649999976 0.00451485021 0.0256050006
v 0.0649999976 0.00889252033 0.0244319998
v 0.0649999976 0.0130000003 0.0225166995
v 0.0649999976 0.0167124998 0.0199171994
v 0.0649999976 0.0199171994 0.0167124998
v 0.0649999976 0.0225166995 0.0129998997
v 0.0649999976 0.0244319998 0.00889247004
v 0.0649999976 0.0256050006 0.00451486977
v 0.0649999976 0.0260000005 5.24521013e-08
v 0.0649999976 0.0256050006 -0.00451488001
v 0.0649999976 0.0244319998 -0.00889248028
v 0.0649999976 0.0225166995 -0.0130000003
v 0.0649999976 0.0199171994 -0.0167124998
v 0.0649999976 0.0167124998 -0.0199171994
v 0.0649999976 0.0130000003 -0.0225166995
v 0.0649999976 0.00889252033 -0.0244319998
v 0.0649999976 0.00451485021 -0.0256050006
v 0.0719999969 -2.35703999e-18 -0.0260000005
v 0.0649999976 4.01111997e-18 -0.0260000005
v 0.0649999976 -0.00451485021 -0.0256050006
v 0.0649999976 -0.00889252033 -0.0244319998
v 0.0649999976 -0.0130000003 -0.0225166995
v 0.0649999976 -0.0167124998 -0.0199171994
v 0.0649999976 -0.0199171994 -0.0167124998
v 0.0649999976 -0.0225166995 -0.0130000003
v 0.0649999976 -0.0244319998 -0.00889248028
v 0.0649999976 -0.0256050006 -0.00451488001
v 0.0649999976 -0.0260000005 5.24521013e-08
v 0.0649999976 -0.0256050006 0.00451486977
v 0.0649999976 -0.0244319998 0.00889247004
v 0.0649999976 -0.0225166995 0.0129998997
v 0.0649999976 -0.0199171994 0.0167124998
v 0.0649999976 -0.0167124998 0.0199171994
v 0.0649999976 -0.0130000003 0.0225166995
v 0.0649999976 -0.00889252033 0.0244319998
v 0.0649999976 -0.00451485021 0.0256050006
v 0.0608768016 0.00658618007 0.0397659987
v 0.054140199 0.0108820004 0.0469017997
v 0.0542769991 0.0102517996 0.0463277996
v 0.0538117997 0.00710233022 0.0408377983
v 0.0537145995 0.00693954015 0.0402772017
v 0.0577658005 0.00647380017 0.0391841009
v 0.0548756011 0.00645771017 0.0386565998
v 0.0523488 0.00670209015 0.0393966995
v 0.0537393019 0.0061417399 0.0372993983
v 0.054361701 0.00859147031 0.0441907011
v 0.0543867014 0.00894732028 0.0447361991
v 0.0543984994 0.00911641028 0.0449954011
v 0.0542452 0.00811628997 0.0433177017
v 0.0541272983 0.00781239988 0.0426448993
v 0.0540326014 0.00756793004 0.0421035998
v 0.0543641001 0.0096936198 0.0457335003
v 0.0539372005 0.0116219996 0.0474499986
v 0.0536037982 0.0126620997 0.0480397008
v 0.0532035008 0.0138050998 0.0485060997
v 0.0575870015 0.0173514001 0.0518780984
v 0.0519879013 0.0171457008 0.0489960983
v 0.0518500991 0.0159115009 0.0486653
v 0.0525818989 0.0155031998 0.048887901
v 0.0528636985 0.0147364 0.0487593003
v 0.0639825016 -0.0238176007 0.0351724997
v 0.0643016994 -0.0140059004 0.0289188996
v 0.0642397031 -0.0152885001 0.0287040994
v 0.0641810969 -0.0165892001 0.0287002996
v 0.0641273037 -0.0178734008 0.0289076008
v 0.0640799031 -0.0191072002 0.0293208007
v 0.0640399009 -0.0202578995 0.0299286004
v 0.0640086979 -0.0212948993 0.0307151992
v 0.0639868975 -0.0221909005 0.0316594988
v 0.0639751032 -0.0229221992 0.0327365994
v 0.0639735013 -0.0234692004 0.0339181013
v 0.0538436994 -0.0136329997 0.0290942993
v 0.0537857004 -0.0149074001 0.0288944002
v 0.0537307002 -0.0161975008 0.0289022997
v 0.0536802001 -0.0174697004 0.0291179996
v 0.053635601 -0.0186906997 0.0295355003
v 0.0529703014 -0.0198071003 0.0301606003
v 0.0530132987 -0.0208334997 0.0309420992
v 0.0530764014 -0.0217218008 0.0318779983
v 0.0531584993 -0.0224489998 0.0329441987
v 0.0528223999 -0.0229774993 0.0341238007
v 0.0529787987 -0.0233305991 0.0353619009
v 0.0450383015 -0.0167379007 0.0370110013
v 0.0508649014 -0.0230443999 0.0357685015
v 0.0499237999 -0.0228656009 0.0366063006
v 0.0511296988 -0.0233568009 0.0392020009
v 0.0454013012 -0.0173096005 0.0355965011
v 0.0453712009 -0.0180805996 0.0370927006
v 0.0458928011 -0.0192775 0.0370768011
v 0.045756001 -0.0163997002 0.034227401
v 0.0459499992 -0.0188744999 0.0357144997
v 0.046619501 -0.0203725006 0.0369406007
v 0.0464063995 -0.0160211008 0.0329545997
v 0.0460689999 -0.0180085003 0.0343479998
v 0.0467524007 -0.0202878006 0.0359119996
v 0.0475762002 -0.0214491002 0.0374710001
v 0.0465425998 -0.0171702001 0.0330411009
v 0.0472673997 -0.0156916007 0.0318294987
v 0.0468165018 -0.0182838999 0.0332180001
v 0.0469801016 -0.0200038999 0.0347260982
v 0.0479165986 -0.0214038994 0.0356414989
v 0.0486604013 -0.0222567003 0.0373641998
v 0.0483315997 -0.0154012004 0.0308152996
v 0.0473504998 -0.0168792997 0.0319155008
v 0.0472221002 -0.0193387996 0.0334817991
v 0.0488809012 -0.0220509004 0.0353992991
v 0.0483676009 -0.0166225992 0.0308893993
v 0.0475635007 -0.0180360004 0.0321191996
v 0.0477511995 -0.0203127004 0.0338263996
v 0.0495485999 -0.0151795996 0.0300181005
v 0.0485197008 -0.0178174991 0.0311082993
v 0.0480880998 -0.0196176004 0.0325925983
v 0.0486528017 -0.0211385004 0.0337722003
v 0.0509489998 -0.0150103001 0.0293777008
v 0.0495474003 -0.0164273996 0.0300744995
v 0.0487838015 -0.0189580005 0.0314672999
v 0.0516247004 -0.0220717005 0.0327477008
v 0.0511019006 -0.0208982993 0.0315455012
v 0.0504161008 -0.0225213002 0.0345317014
v 0.0512365997 -0.0198452007 0.0306270998
v 0.0524048992 -0.0186864994 0.0296711009
v 0.0499554016 -0.0218353998 0.0335275009
v 0.051067099 -0.0187282003 0.0300453994
v 0.0523797981 -0.0174720995 0.0292543005
v 0.0496218018 -0.0209704004 0.0325682014
v 0.0501031987 -0.0199161991 0.0312300995
v 0.0509606004 -0.0175295994 0.0296372995
v 0.0523902997 -0.0162071008 0.0290341005
v 0.0491535999 -0.0200171992 0.0319580995
v 0.0498280004 -0.0188250002 0.0306880008
v 0.0509211011 -0.0162797999 0.0294128004
v 0.052436199 -0.0149239004 0.0290160999
v 0.0496411994 -0.0176525004 0.0302996002
v 0.0447724015 -0.0176893007 0.0448830016
v 0.0451721996 -0.0188107006 0.0447315983
v 0.0451777019 -0.0181462001 0.0406750999
v 0.0499292016 -0.0233021006 0.0451167002
v 0.0510221012 -0.0235901996 0.0452273004
v 0.048522599 -0.0223740991 0.0407133996
v 0.0477989987 -0.0222788006 0.0457384996
v 0.0497446992 -0.0229985006 0.0407551005
v 0.0488778017 -0.0228629 0.0451221988
v 0.0463186987 -0.0207442995 0.0448279008
v 0.046484001 -0.0205501001 0.0406672992
v 0.0456723012 -0.0198103003 0.0447742008
v 0.0457274988 -0.0194042996 0.0406644009
v 0.0445935018 -0.0166577008 0.044814501
v 0.0471377 -0.0215668008 0.0442762002
v 0.0338376015 -0.0237111002 0.0624133982
v 0.037839599 -0.0167177003 0.0548196994
v 0.0359909013 -0.0166194998 0.0555706993
v 0.0360381007 -0.0178781003 0.0557720996
v 0.0503631011 -0.0236783009 0.0485541001
v 0.0492749996 -0.0233707 0.0482542999
v 0.0492199995 -0.0237438008 0.0515624993
v 0.0482406989 -0.0229016002 0.047973901
v 0.0481734984 -0.0234200004 0.0510797016
v 0.0473084003 -0.0222791005 0.0477138013
v 0.0469215997 -0.0215491001 0.0456221998
v 0.0476273 -0.0237907991 0.0543243997
v 0.0472107008 -0.0229260996 0.0506248996
v 0.0464437008 -0.0215197001 0.0474935994
v 0.0466575995 -0.0234532002 0.0536644012
v 0.0462883003 -0.0222753994 0.0502194017
v 0.0456947982 -0.0206386 0.0473078005
v 0.0457752012 -0.0229400005 0.0530366004
v 0.0454658009 -0.0214814991 0.0498569012
v 0.045077499 -0.0196548998 0.0471603982
v 0.0441827998 -0.0238240995 0.0580583997
v 0.0447805002 -0.0234693997 0.0559158996
v 0.0449250005 -0.0222642999 0.0524750017
v 0.0447603986 -0.0205626003 0.0495484993
v 0.0446054004 -0.0185889006 0.0470524989
v 0.0439980999 -0.0229400005 0.0551497005
v 0.0441712998 -0.0214415994 0.051975999
v 0.0441876985 -0.0195391998 0.049301099
v 0.0442873016 -0.0174644999 0.046991501
v 0.0425669998 -0.0234689992 0.0578357987
v 0.0432457998 -0.0222439002 0.0544489995
v 0.0435300991 -0.0204911008 0.0515533015
v 0.0437591001 -0.0184348002 0.0491236001
v 0.0406581983 -0.0238138996 0.0604168996
v 0.0419254005 -0.0229276009 0.0569330007
v 0.0425835997 -0.0213973001 0.0538279004
v 0.0430154987 -0.0194352008 0.0512183011
v 0.0434845984 -0.0172736999 0.0490186997
v 0.040151 -0.0234517008 0.0593448989
v 0.0412998013 -0.0222153999 0.0561075993
v 0.0420253985 -0.0204208009 0.0533035994
v 0.0426385999 -0.0182984006 0.0509795994
v 0.0379293002 -0.0179664996 0.0550150983
v 0.0361444987 -0.0190884005 0.0561622009
v 0.0395505987 -0.0168305002 0.0537680984
v 0.0381091982 -0.0191657003 0.0553830005
v 0.0363091007 -0.0202191006 0.0567305014
v 0.0396855995 -0.0180654004 0.0539519005
v 0.0383737013 -0.0202856995 0.0559149012
v 0.0365279987 -0.0212417003 0.0574625991
v 0.0410849005 -0.0169599 0.052432999
v 0.0399364009 -0.0192489997 0.0542866997
v 0.0387185998 -0.0212977994 0.0565961003
v 0.0367963016 -0.0221301001 0.0583397001
v 0.0377762988 -0.0237824004 0.061586801
v 0.0396136008 -0.0229010992 0.0583355986
v 0.0407533012 -0.0213500001 0.0553781018
v 0.0415830016 -0.0193380993 0.0528903008
v 0.0424092002 -0.0171071999 0.0508412011
v 0.0374647006 -0.0234175995 0.0604328997
v 0.0391337015 -0.0221772008 0.0574108995
v 0.0402938984 -0.0203533005 0.0547674
v 0.0412672013 -0.0181751009 0.0525975004
v 0.0371088982 -0.0228615999 0.0593390986
v 0.0337595008 -0.0233488996 0.0611899011
v 0.0344744995 -0.0228246003 0.0599373989
v 0.0343475007 -0.0220979005 0.0588954017
v 0.0342404991 -0.0212126002 0.0579797998
v 0.034156099 -0.0201910008 0.0572148003
v 0.0340957008 -0.0190593991 0.0566206016
v 0.034064699 -0.0178463999 0.0562122017
v 0.0340612009 -0.0165833998 0.0560006015
v 0.0331326984 -0.0152131002 0.0560908988
v 0.0324267 -0.0227604993 0.0600337014
v 0.0324378014 -0.0220266003 0.0589809008
v 0.0324533992 -0.0211338997 0.0580589995
v 0.0324730985 -0.0201051999 0.0572917014
v 0.0324964002 -0.0189670995 0.0566986986
v 0.0325227007 -0.0177488998 0.0562955998
v 0.0325512998 -0.0164819993 0.0560922995
v 0.0238525998 -0.0234986991 0.0624505989
v 0.0146054002 -0.0233539008 0.0624692999
v 0.0238537993 -0.0231336001 0.0612239987
v 0.0238586999 -0.0225776993 0.0600713007
v 0.0146212997 -0.0229857992 0.0612415001
v 0.0238674004 -0.0218451004 0.0590219982
v 0.0146799004 -0.0224286001 0.0600906014
v 0.0238793995 -0.0209547002 0.0581029989
v 0.0147615997 -0.0216965992 0.0590442009
v 0.0238946993 -0.0199290998 0.0573377013
v 0.0148943001 -0.0208100006 0.0581295006
v 0.0239126999 -0.0187945999 0.0567458011
v 0.0153401997 -0.0197995994 0.0573693998
v 0.0239329003 -0.0175803006 0.0563423
v 0.0146492999 -0.0186301991 0.0567713007
v 0.0239549 -0.0163173005 0.0561376996
v 0.0153454002 -0.0174550004 0.0563750006
v 0.0239780992 -0.0150378002 0.0561370999
v 0.0153395999 -0.0150648998 0.0561446995
v 0.0147909997 -0.0163003001 0.0561875999
v 0.0141425999 -0.0191283002 0.0570763983
v 0.0141361002 -0.0234312005 0.0636792034
v 0.0130057 -0.0231628995 0.0636316985
v 0.0129127996 -0.0224906001 0.0610639006
v 0.0131988004 -0.0219963994 0.0599532016
v 0.0111686997 -0.0210462995 0.0599250011
v 0.0133533003 -0.0211720001 0.0588359013
v 0.0113811996 -0.0202041008 0.0588344
v 0.0134925004 -0.0200977996 0.0578420982
v 0.012317 -0.0168701001 0.0566934012
v 0.0127335005 -0.0228544008 0.0623096004
v -0.0152909998 -0.0233663004 0.0624703988
v -0.0239780005 -0.0150378002 0.0561370999
v -0.0239327997 -0.0175803006 0.0563423
v -0.0239549 -0.0163173005 0.0561376996
v -0.0329775997 -0.0164899994 0.0560899004
v -0.0238946006 -0.0199290998 0.0573377013
v -0.0239125993 -0.0187945999 0.0567458011
v -0.0329438001 -0.0189757999 0.0566960014
v -0.0238672998 -0.0218451004 0.0590219982
v -0.0238793008 -0.0209547002 0.0581029989
v -0.0329430997 -0.0211437009 0.0580560006
v -0.0340956002 -0.0237173997 0.0624115989
v -0.0238524992 -0.0234986991 0.0624505989
v -0.0335197002 -0.0233385991 0.0611800998
v -0.0238537006 -0.0231336001 0.0612239987
v -0.033478599 -0.0227802992 0.0600229017
v -0.0238585994 -0.0225776993 0.0600713007
v -0.0334330015 -0.0220442005 0.0589703992
v -0.0329395011 -0.0201143995 0.0572887994
v -0.0329555012 -0.0177571997 0.0562929995
v -0.0330182016 -0.0152073 0.0560920984
v -0.0146537004 -0.0224264003 0.0600878
v -0.0146126999 -0.0229839999 0.0612375997
v -0.0153093003 -0.0208238997 0.0581340007
v -0.0153008997 -0.0217129998 0.0590511002
v -0.0146540999 -0.0186326001 0.0567721017
v -0.0153198 -0.0197998993 0.057369899
v -0.0150126005 -0.0174426008 0.0563747995
v -0.0156194 -0.0160604995 0.0561476983
v -0.0153508 -0.0149504999 0.0561638996
v -0.0443542004 -0.0174880996 0.0467673019
v -0.0446563996 -0.0170348007 0.0445500016
v -0.0450289994 -0.0184176005 0.0445745997
v -0.0434348993 -0.0160783008 0.0488441996
v -0.034799099 -0.0152981002 0.0558738001
v -0.0367281996 -0.0153959002 0.0553052984
v -0.0401456989 -0.0238127001 0.0607776009
v -0.0346891992 -0.0165615007 0.0558952987
v -0.0366369002 -0.0166522004 0.0553484
v -0.0385110006 -0.0167596005 0.0544512011
v -0.0402362011 -0.0168855004 0.0532247014
v -0.0414136015 -0.0169949997 0.0520723984
v -0.0347083993 -0.0178247001 0.0560986996
v -0.0366985016 -0.0179079007 0.0555482991
v -0.0386199988 -0.0180031992 0.0546416007
v -0.0403917991 -0.0181121994 0.0534009002
v -0.0416071005 -0.0182057004 0.0522319004
v -0.0347638987 -0.0190392006 0.0564975999
v -0.0368299 -0.0191146992 0.0559321009
v -0.038825199 -0.0191967003 0.0549990982
v -0.04067 -0.0192873999 0.0537200011
v -0.0419377983 -0.0193633996 0.0525135994
v -0.0430690981 -0.0194403995 0.0511424989
v -0.0443402007 -0.0238246992 0.0579595007
v -0.0477094986 -0.0237888992 0.0541983992
v -0.0348556004 -0.0201743003 0.0570818
v -0.0370275006 -0.0202421993 0.0564904995
v -0.0391241983 -0.0203108005 0.0555137992
v -0.0410641991 -0.0203827992 0.0541744009
v -0.0423986018 -0.0204403996 0.0529097989
v -0.0435841009 -0.0204948001 0.0514772013
v -0.0349811018 -0.0212009996 0.0578364991
v -0.0372853018 -0.0212616008 0.0572094992
v -0.0395093001 -0.0213178005 0.0561733991
v -0.0415628999 -0.0213712994 0.0547541007
v -0.0429765992 -0.0214108992 0.0534128994
v -0.0442255996 -0.0214437991 0.0518991016
v -0.0455534011 -0.0214859005 0.0496865995
v -0.0363726988 -0.0221209992 0.0584614016
v -0.038825199 -0.0221720003 0.0575621985
v -0.0405859016 -0.0222052 0.0565771013
v -0.0421563014 -0.0222290996 0.055444099
v -0.0436596982 -0.0222516991 0.0540091991
v -0.0449776016 -0.0222654007 0.0524002016
v -0.0463759005 -0.0222771 0.0500475988
v -0.0366383009 -0.0228530001 0.0594750009
v -0.0392656997 -0.0228969008 0.0585074015
v -0.0422272012 -0.0229288992 0.0567376986
v -0.0444305018 -0.0229429007 0.0546856001
v -0.0458195992 -0.0229401998 0.0529723018
v -0.0472935997 -0.0229257997 0.0504603982
v -0.0486127995 -0.0229203999 0.0470352992
v -0.0369268991 -0.0234091002 0.0605897009
v -0.0397452004 -0.0234479997 0.0595467985
v -0.0423214994 -0.0234679002 0.0580457002
v -0.0446963012 -0.0234696008 0.0559974983
v -0.0471643992 -0.0234456994 0.0529977009
v -0.0485936999 -0.0234062001 0.0501900017
v -0.0493740998 -0.0233635996 0.0478999987
v -0.0493133999 -0.0237399004 0.0513628013
v -0.0504646003 -0.0236690994 0.0481775999
v -0.0424603 -0.0171153005 0.0507657006
v -0.0435594991 -0.0172898993 0.0488649011
v -0.0438381992 -0.0184483994 0.0489665009
v -0.0442705005 -0.0195499994 0.0491397008
v -0.0451527983 -0.0196688995 0.0469237007
v -0.0457727015 -0.0206480008 0.0470644012
v -0.0465229005 -0.0215245001 0.0472440012
v -0.0471759997 -0.0216488 0.0447168984
v -0.0478705987 -0.0222778004 0.0453464016
v -0.0509819984 -0.0236048996 0.0457212999
v -0.0446773991 -0.0186084993 0.0468218997
v -0.0455920994 -0.0195978004 0.0444192998
v -0.0462852009 -0.0206911992 0.0446947999
v -0.0484154001 -0.0224475004 0.0429816991
v -0.0426911004 -0.0183049999 0.0509039015
v -0.0448466986 -0.0205700994 0.0493810996
v -0.0473878011 -0.0222798996 0.0474586003
v -0.0498861 -0.0233136993 0.0455841012
v -0.0496379994 -0.0230710004 0.0430231988
v -0.0509932004 -0.0234460998 0.0421314016
v -0.0633684024 -0.0238629002 0.0378707983
v -0.063361302 -0.0235211998 0.0366324
v -0.0633639991 -0.0229858998 0.0354644991
v -0.0633763969 -0.0222708005 0.0343971997
v -0.0634289011 -0.0203789007 0.0326715
v -0.0633981004 -0.0213942006 0.0334581994
v -0.0634675995 -0.0192510001 0.0320575982
v -0.0636212975 -0.0154926004 0.0313857011
v -0.0636804998 -0.0142225996 0.0315711014
v -0.052916199 -0.0230685994 0.0368020982
v -0.0527245998 -0.0234021004 0.0380368009
v -0.0534307994 -0.0218477994 0.0345733985
v -0.0534171984 -0.0225588996 0.0356363989
v -0.0534791984 -0.0199761 0.0328589007
v -0.053456299 -0.0209771004 0.0336376987
v -0.0535142012 -0.0188504998 0.0322417989
v -0.0535007007 -0.0176506005 0.0318163
v -0.0635133982 -0.0180396009 0.0316321999
v -0.0535944998 -0.0163968001 0.0315834992
v -0.0635650009 -0.0167759005 0.0314062983
v -0.0536472984 -0.0151255997 0.0315541998
v -0.0537062995 -0.0138659002 0.0317267999
v -0.0465488993 -0.0205348991 0.0395807996
v -0.0457096994 -0.0193780009 0.0403520986
v -0.0456892997 -0.0189813003 0.0388978012
v -0.0517656989 -0.0205167998 0.0335180014
v -0.0513245016 -0.0215425007 0.0346593
v -0.0517035984 -0.0223555993 0.0356882997
v -0.0517278984 -0.0193319004 0.0327186994
v -0.0509619005 -0.0140941003 0.0321427993
v -0.045372799 -0.0156564005 0.0373244993
v -0.0450800993 -0.0173892993 0.0391927995
v -0.045475401 -0.0168752 0.0373602994
v -0.0460919999 -0.0164954998 0.0359953009
v -0.0469608009 -0.0161467008 0.0346986987
v -0.0480720997 -0.0158526003 0.0336047001
v -0.0493962988 -0.0156169999 0.0326686017
v -0.0508790016 -0.0154558998 0.0320261009
v -0.0523733012 -0.0153732002 0.0316413008
v -0.0502998009 -0.0231366009 0.0394309983
v -0.0514095984 -0.0229975004 0.0372948982
v -0.0491605997 -0.0226191003 0.0390638001
v -0.050112199 -0.0224342998 0.0369866006
v -0.0482980981 -0.0221758001 0.0397562012
v -0.0484393016 -0.0218787994 0.0379779004
v -0.0493668988 -0.0216866005 0.0362388007
v -0.0474244989 -0.0214674994 0.0396133997
v -0.0476195998 -0.0210627001 0.0375990011
v -0.0487188995 -0.0207803007 0.0355842002
v -0.0501755998 -0.0206001997 0.0342786014
v -0.0469204001 -0.0201187003 0.0372769982
v -0.0481836982 -0.0197361 0.0350380987
v -0.0498263985 -0.0194857009 0.0336055011
v -0.0461837985 -0.0191590004 0.0375955999
v -0.0464436002 -0.0183038991 0.036194399
v -0.0474070013 -0.0186366998 0.0350903012
v -0.0483810008 -0.0184260998 0.0340287015
v -0.0495756008 -0.0182603002 0.0331043005
v -0.0509417988 -0.0181499999 0.0324546993
v -0.0523549989 -0.0181188006 0.0320601985
v -0.0457493998 -0.0180450995 0.0374457985
v -0.0471073985 -0.0174157005 0.0348296016
v -0.0481585003 -0.0171610005 0.033734899
v -0.0494315997 -0.0169581007 0.0327885002
v -0.0508721992 -0.0168212 0.0321310982
v -0.0523299985 -0.0167528 0.0317342989
v -0.0448434986 -0.0165852997 0.0401845016
v -0.0451131016 -0.0181903001 0.0420010984
v -0.0119037004 -0.0180868991 0.0572163984
v -0.0121670999 -0.0168730002 0.0567166992
v -0.0141188996 -0.0192274991 0.0571478009
v -0.0115956003 -0.0192291997 0.0579533018
v -0.0139333997 -0.0203565992 0.0579094999
v -0.0137334 -0.0213203002 0.0588427
v -0.0113332001 -0.0202233996 0.058874201
v -0.0110467002 -0.0210608002 0.0599954017
v -0.0130069004 -0.0225754008 0.0611643009
v -0.0113121998 -0.0217806995 0.0610594004
v -0.0132029001 -0.0219972003 0.0599519983
v -0.0114153996 -0.0222941004 0.0623066984
v -0.0129754003 -0.0231078994 0.062995702
v -0.0141433999 -0.0232650992 0.0624625012
v -0.0141359996 -0.0234312005 0.0636792034
v -0.0125118 -0.0155664003 0.0564213991
v -0.0633649975 0.0238627009 0.0378707983
v -0.0636176988 0.0154924002 0.0313858017
v -0.0636771023 0.0142224999 0.0315711014
v -0.0635616034 0.0167757999 0.0314062983
v -0.0635097995 0.0180395003 0.0316321999
v -0.0634640977 0.0192508996 0.0320576988
v -0.0634253025 0.0203788001 0.0326716006
v -0.063394703 0.0213941 0.0334581994
v -0.0633729026 0.0222705994 0.0343973003
v -0.0633604974 0.0229857992 0.0354644991
v -0.0633578002 0.0235210992 0.0366324
v -0.0527973995 0.0234050006 0.0380348004
v -0.0534140989 0.0230908003 0.0367954001
v -0.0534171984 0.0225588996 0.0356363989
v -0.0534578003 0.0209769998 0.0336375982
v -0.0534325019 0.0218479 0.0345734991
v -0.0534791984 0.0199761 0.0328589007
v -0.0535061993 0.0188501999 0.0322420001
v -0.0535494983 0.0176491998 0.0318145007
v -0.053599 0.0163970999 0.0315833986
v -0.0536531992 0.0151257999 0.0315540992
v -0.0537111014 0.0138662001 0.0317266993
v -0.0522641018 0.0167577993 0.0317586996
v -0.0522697009 0.0181025006 0.0320837982
v -0.0523158014 0.0193716995 0.0326323994
v -0.0448554009 0.0164617002 0.0397628993
v -0.0522993989 0.0153778996 0.0316665992
v -0.0523745008 0.0140041001 0.0318102986
v -0.0508151986 0.0154574998 0.0320319012
v -0.0494204983 0.0156142004 0.0326764993
v -0.0482045002 0.0158206001 0.0334821008
v -0.0471468009 0.0160910003 0.0345047005
v -0.0462910011 0.0163982008 0.035639599
v -0.045651 0.0167506002 0.0369196013
v -0.0452249981 0.0171303991 0.0382791013
v -0.0450582989 0.0175688006 0.0397658981
v -0.0517949983 0.0230017994 0.0370335989
v -0.0503602996 0.0230673999 0.0388791002
v -0.0496825986 0.0230404008 0.0420788005
v -0.0491936989 0.0227115005 0.0400616005
v -0.0518746004 0.0223782007 0.0356624015
v -0.0503440984 0.0224239994 0.0367415994
v -0.0493974984 0.0225636996 0.0383452997
v -0.0518863983 0.0215501003 0.0344942994
v -0.0502425991 0.0216051992 0.0353756994
v -0.0489911996 0.0217451993 0.0367871001
v -0.0483159982 0.0219458006 0.0384873003
v -0.0482237004 0.0221277997 0.0399227999
v -0.0516556986 0.0205640998 0.0335831009
v -0.0497245006 0.0206518993 0.0346006006
v -0.0482591018 0.0208644997 0.0362345017
v -0.0474608988 0.0211578999 0.0382095985
v -0.0473510996 0.0214188993 0.0398458987
v -0.0510329008 0.0194038991 0.032993
v -0.0498463996 0.0194837991 0.033610899
v -0.0488413014 0.0195958 0.0343643017
v -0.0479956008 0.0197470002 0.0352998003
v -0.047342401 0.0199203994 0.0363117009
v -0.0468861982 0.0201203991 0.0374271981
v -0.0466182008 0.0203352999 0.0385807008
v -0.0465714 0.0205841996 0.0398319997
v -0.0508848988 0.0181510001 0.0324602984
v -0.0495975018 0.0182578005 0.0331106
v -0.0484993011 0.0184032992 0.0339081995
v -0.0475675017 0.0185965002 0.0349031985
v -0.046838399 0.0188167002 0.0359870009
v -0.0463194996 0.0190696009 0.0371879004
v -0.0460028984 0.0193409994 0.0384389013
v -0.0458441004 0.0195170995 0.0398596004
v -0.0508113988 0.0168226007 0.0321368016
v -0.049454201 0.0169556998 0.0327962004
v -0.0482853018 0.0171332993 0.0336112007
v -0.0472820997 0.0173672009 0.0346359983
v -0.0464849994 0.0176328998 0.0357609987
v -0.0459044985 0.0179375 0.0370174013
v -0.0455352999 0.0182648003 0.0383372009
v -0.0452386998 0.0182301998 0.0399904996
v -0.0497040004 0.0232126992 0.0449957997
v -0.0510018989 0.0234920997 0.0431968011
v -0.0481936 0.0223765001 0.044122301
v -0.0455786996 0.0196458995 0.0447423011
v -0.0463482998 0.0206995998 0.0440640002
v -0.0472048 0.0216112006 0.0440868996
v -0.0450023003 0.0183415003 0.0445134006
v -0.0446744002 0.0168188997 0.0440488011
v -0.0506372005 0.0236479994 0.0473706014
v -0.0492751002 0.0233707 0.0482542999
v -0.0485107005 0.0228713993 0.0470847003
v -0.0492199995 0.0237438008 0.0515624993
v -0.0475195982 0.0222765002 0.0470637009
v -0.0481734984 0.0234200004 0.0510797016
v -0.0465269983 0.0211755 0.0455861017
v -0.0476273 0.0237907991 0.0543243997
v -0.0472108014 0.0229260996 0.0506248996
v -0.0464436002 0.0215197001 0.0474936999
v -0.0466575995 0.0234532002 0.0536644012
v -0.0462887995 0.0222753007 0.0502181984
v -0.0456948988 0.0206387006 0.0473076999
v -0.0456400998 0.0238178 0.0567380004
v -0.0457753018 0.0229400005 0.0530364998
v -0.0454663001 0.0214814004 0.049855601
v -0.0450777002 0.0196547993 0.0471595004
v -0.0447805002 0.0234693997 0.0559158996
v -0.0449252985 0.0222642999 0.0524745993
v -0.0447604991 0.0205626003 0.0495483018
v -0.0446054004 0.0185889006 0.0470524989
v -0.0445611998 0.0170673002 0.0452353992
v -0.0439978987 0.0229400992 0.0551499985
v -0.044171501 0.0214415994 0.0519758016
v -0.0441872999 0.0195393004 0.0493019
v -0.0442873985 0.0174646005 0.0469914004
v -0.0420342982 0.0238224007 0.0596438013
v -0.0425669998 0.0234689992 0.0578357987
v -0.0432457998 0.0222439002 0.0544491
v -0.0435300991 0.0204911008 0.0515533015
v -0.0437591001 0.0184348002 0.0491236001
v -0.0419248007 0.0229276009 0.0569334999
v -0.0425835997 0.0213973001 0.0538279004
v -0.0430154987 0.0194352008 0.0512183011
v -0.043484699 0.0172736999 0.0490184985
v -0.0392174013 0.0238003004 0.061071299
v -0.040151 0.0234517008 0.0593448989
v -0.0413003005 0.0222153999 0.0561071001
v -0.0420253985 0.0204208009 0.0533035994
v -0.0426390991 0.0182983 0.0509787016
v -0.0396143012 0.0229010992 0.0583352
v -0.0407534018 0.0213500001 0.0553780012
v -0.0415830985 0.0193380993 0.0528902002
v -0.0424098 0.0171071999 0.050840199
v -0.0355282985 0.0237492993 0.0621996
v -0.0374649018 0.0234175995 0.0604328997
v -0.0391339995 0.0221772008 0.0574106984
v -0.0402938984 0.0203533005 0.0547674
v -0.0412674993 0.0181751996 0.0525971986
v -0.0344734006 0.0153125003 0.055945199
v -0.0359903984 0.0166194998 0.0555709004
v -0.0340612009 0.0165833998 0.0560006015
v -0.0340647995 0.0178463999 0.0562122017
v -0.0360376984 0.0178782009 0.0557722002
v -0.0340957008 0.0190593991 0.0566206016
v -0.0378388017 0.0167178009 0.0548201017
v -0.0361443982 0.0190882999 0.0561622009
v -0.0341559015 0.0201910008 0.0572148003
v -0.0398437008 0.0156100001 0.0535196997
v -0.0379290991 0.0179664996 0.0550151989
v -0.0363086015 0.0202191994 0.0567306988
v -0.0342404991 0.0212126002 0.0579797998
v -0.0395505987 0.0168305002 0.0537681989
v -0.038108699 0.0191658009 0.0553832985
v -0.0365281999 0.0212417003 0.0574624017
v -0.0343472995 0.0220979005 0.0588954017
v -0.0396858007 0.0180654991 0.0539517999
v -0.0383736007 0.0202856995 0.0559149012
v -0.036796201 0.0221301001 0.0583397001
v -0.0344743989 0.0228246003 0.0599373989
v -0.0410857014 0.0169597007 0.0524321012
v -0.0399369001 0.0192488991 0.0542864017
v -0.0387185998 0.0212977994 0.0565961003
v -0.0371089987 0.0228615999 0.0593390018
v -0.0346187018 0.0233747996 0.0610787012
v -0.0324188992 0.0236808006 0.0624212995
v -0.0324202999 0.0233167 0.0611904003
v -0.0324265994 0.0227604993 0.0600337014
v -0.0324378014 0.0220266003 0.0589809008
v -0.0324533992 0.0211338997 0.0580589995
v -0.0324730985 0.0201051999 0.0572917014
v -0.0324965008 0.0189670995 0.0566986986
v -0.0325227007 0.0177488998 0.0562955998
v -0.0325512998 0.0164819993 0.0560922995
v -0.0325815007 0.0151989004 0.0560945012
v -0.0159971993 0.0233750995 0.0624690987
v -0.00512153003 0.0179619007 0.0565601997
v -0.00350780995 0.0185823999 0.0568085015
v -0.0160390008 0.0186774004 0.0567772016
v 0.0158900991 0.0149263004 0.0561662987
v 0.00840527005 0.0149085997 0.0561796986
v 0.0158743002 0.0162032004 0.0561687015
v 0.00718009006 0.0161409006 0.0561894998
v 0.00553091988 0.0168781001 0.0562903993
v 0.0158590991 0.0174634997 0.0563744009
v 0.00470041018 0.0179460999 0.0565606989
v 0.0158453006 0.0186751001 0.0567778014
v 0.00318524009 0.0186758004 0.0568424016
v -0.000144967998 0.0197080001 0.0573938005
v 0.00125311001 0.0184595007 0.0567767993
v 0.00145303004 0.0191079006 0.0570510998
v 0.0158328991 0.0198069997 0.0573689006
v -0.00186467997 0.0190299992 0.0570111983
v -0.0160265006 0.0198094007 0.0573683009
v -0.0160530005 0.0174658 0.0563735999
v -0.0160681996 0.0162055008 0.0561681017
v -0.0065558902 0.0160866994 0.0562028997
v -0.00643539988 0.0167753994 0.0562701002
v -0.00477103004 0.0173432007 0.0564029999
v -0.0160843004 0.0149285002 0.0561656989
v -0.00819488987 0.0145645998 0.0562083982
v -0.00765920989 0.015687 0.056163501
v 0.0328423008 0.0152032999 0.0560933016
v 0.0328067988 0.0164864007 0.0560911
v 0.0327799991 0.0177535005 0.0562944002
v 0.0327606983 0.0189718008 0.056697499
v 0.0327454992 0.0201101005 0.0572904013
v 0.0158225 0.0208304003 0.0581327006
v 0.0327356011 0.0211389996 0.0580577999
v 0.0158142 0.0217192993 0.0590494983
v 0.0327327996 0.0220320001 0.0589796007
v 0.0158082005 0.0224510003 0.0600962006
v 0.0327306017 0.0227661002 0.0600325018
v 0.0158047993 0.0230068006 0.0612460002
v 0.0327221006 0.0233222004 0.0611892007
v 0.0158038996 0.0233727004 0.0624694005
v 0.0324189998 0.0236808006 0.0624212995
v -0.000144730002 0.0232707001 0.0624837987
v -0.000144730002 0.0229042005 0.0612628981
v -0.000144730002 0.0223482996 0.0601155981
v -0.000144848993 0.0216173008 0.0590712018
v -0.000144848993 0.0207297001 0.0581563003
v -0.0160159003 0.0208329 0.0581321009
v -0.0160076004 0.0217218008 0.0590490997
v -0.0160015002 0.0224535 0.0600957014
v -0.0159980003 0.0230093002 0.061245501
v 0.0475714989 0.0237945002 0.0545638986
v 0.0344985984 0.0152829001 0.0559311993
v 0.0350529999 0.0237374995 0.0622401014
v 0.0364369005 0.0153780999 0.0554152988
v 0.0343911014 0.0165496003 0.0559488013
v 0.0368214995 0.0166593008 0.0552973002
v 0.0386978984 0.0167728998 0.0543305986
v 0.034905199 0.0178273004 0.0560774989
v 0.037374299 0.0179395005 0.0552752987
v 0.0388110988 0.0180158 0.0545203015
v 0.0349681005 0.0190402996 0.0564747006
v 0.0375326015 0.0191425998 0.055650901
v 0.0390264988 0.0192085002 0.0548736006
v 0.0404301994 0.0192748997 0.0539140999
v 0.0383520983 0.02379 0.061395999
v 0.0405290984 0.0238134991 0.0605005994
v 0.0442888997 0.0238237008 0.0579647012
v 0.0350680985 0.0201746002 0.0570571013
v 0.0377657004 0.0202660002 0.0561962985
v 0.0393380001 0.0203213003 0.0553819016
v 0.0408102982 0.0203728992 0.0543786995
v 0.0346264988 0.0211918 0.0578981005
v 0.0363855995 0.0212401003 0.0574930012
v 0.0380681008 0.0212817006 0.0568975993
v 0.0397381 0.0213264003 0.0560327992
v 0.0412946008 0.0213642996 0.0549704991
v 0.042868901 0.0214210991 0.0535410009
v 0.034754999 0.0220839009 0.0588086993
v 0.0372227989 0.0221391991 0.0582026988
v 0.0396680012 0.0221880004 0.0571373999
v 0.0418704003 0.0222247001 0.0556755997
v 0.0437876992 0.0222778004 0.0538984016
v 0.0460394993 0.0230832994 0.0532251
v 0.0461962 0.0234599002 0.0543363988
v 0.0430631004 0.0229348 0.0560549982
v 0.0443583988 0.0234706998 0.0563330017
v 0.0419352986 0.0234657004 0.0583106987
v 0.0401680991 0.0229091998 0.0580502003
v 0.0385861993 0.0234335996 0.0600681007
v 0.0375510007 0.0228694007 0.0591963008
v 0.0349050984 0.0228180997 0.0598486997
v 0.0350655988 0.0233753007 0.0609923005
v 0.0400552005 0.0156353991 0.0533251017
v 0.0412890986 0.0170102995 0.0522102006
v 0.0400105007 0.0168670993 0.053411901
v 0.0415540002 0.0182298999 0.0523003004
v 0.0401600003 0.0180964004 0.0535902008
v 0.0418829992 0.0199330002 0.0529612005
v 0.0433586985 0.0194934998 0.0509326011
v 0.0439617001 0.0203981008 0.0510741994
v 0.0111603998 -0.0224294998 0.063769199
v 0.0117047001 -0.0229775999 0.0681836009
v 0.0119444001 -0.0154076004 0.0564677007
v 0.00896606036 -0.0148566999 0.0565528013
v 0.0102067003 -0.0165164992 0.0568441004
v 0.0078553902 -0.0160022005 0.0567657016
v 0.00885100011 -0.0218228996 0.0628366023
v 0.00978517998 -0.0214552004 0.0613632016
v 0.0123894997 -0.0140944002 0.0563993007
v 0.0118102999 -0.0180743001 0.0572292991
v 0.0100411 -0.0177928004 0.0573793016
v 0.00981159043 -0.0189184994 0.0581142008
v 0.0115087004 -0.0192018002 0.0579566993
v 0.00968995038 -0.0199330002 0.0590447001
v 0.00915637985 -0.0209021997 0.0604518987
v 0.00808729976 -0.0172649994 0.0572071001
v 0.00633500982 -0.0179440994 0.0575351007
v 0.00812726002 -0.0193865001 0.0586070009
v 0.00853191968 -0.0202210005 0.0594744012
v 0.00852659997 -0.0214670002 0.0616386011
v 0.0127520002 -0.0234104004 0.0684901029
v -0.00727511989 -0.0143507002 0.0569061004
v -0.00826204009 -0.0152853997 0.0566283986
v -0.00620455993 -0.0161154997 0.0570348985
v 0.00181540998 -0.0133133996 0.0609168001
v -0.000133295005 -0.0134397997 0.0610275008
v 0.0035389699 -0.0129698003 0.0602905005
v 0.00508859986 -0.0191013999 0.0583578981
v 0.00461929012 -0.0182828009 0.0578524992
v 0.0029273401 -0.0196656995 0.0588898994
v 0.00259280996 -0.0201725997 0.0594536997
v 0.000388882996 -0.0205058008 0.0598994009
v -0.00210691988 -0.0133004999 0.0606351011
v -0.000292501994 -0.0199062992 0.059236601
v -0.00278506009 -0.0197761003 0.059006799
v -0.00258538011 -0.0202638991 0.0595742986
v -0.00501566986 -0.0123931002 0.0605183989
v -0.00440625008 -0.0129634999 0.0595491007
v -0.00570781017 -0.0190996993 0.0583694018
v -0.0051124501 -0.0185953006 0.0579718016
v 0.00610018987 -0.0125062997 0.0586696006
v 0.00584140001 -0.0120361997 0.0601258017
v 0.00389699009 -0.0134477001 0.0591829009
v 0.00143578998 -0.0139231002 0.0597736016
v -0.000747291022 -0.0140233003 0.0598689988
v -0.00409505982 -0.0179303996 0.0577666983
v -0.00673261005 -0.0172722992 0.0572025999
v 0.000505929987 -0.0191092994 0.0586871989
v 0.00609894982 -0.0168750994 0.0571708009
v -0.00715861982 -0.0113548003 0.0596450008
v -0.00333208009 -0.0139157996 0.0589510016
v -0.00743371993 -0.0119337998 0.0582198985
v -0.00627769995 -0.0131376004 0.0578970984
v -0.00051820802 -0.0149889002 0.0589774996
v 0.00211065006 -0.0146917999 0.0587715991
v 0.0044228402 -0.0139135998 0.0583525002
v -0.00326529006 -0.0148767 0.0582339019
v 0.0084667597 -0.0124928998 0.0571628995
v -0.000520902977 -0.0161783993 0.0584136993
v 0.00214156997 -0.0158057008 0.0581897013
v 0.00434520002 -0.0149242003 0.0577788986
v -0.00639523985 -0.0138991997 0.0573899001
v -0.00312780007 -0.0160457995 0.0578531995
v -0.00204403 -0.0172741003 0.0580332018
v 0.000541647023 -0.0174764004 0.0582266003
v 0.00286173006 -0.0168881994 0.0578472987
v 0.00607805001 -0.0148337996 0.0571818985
v 0.00568382023 -0.0158968009 0.0571519993
v 0.00400280999 -0.0174585003 0.0576705001
v 0.00742253987 -0.0152388997 0.0567754991
v 0.00862155017 -0.0137128001 0.0566937998
v -0.00983447023 -0.0162831992 0.0567911007
v -0.0112605998 -0.0224645995 0.0637494996
v -0.0116905998 -0.0229915995 0.0684541985
v -0.0123808002 -0.0141166998 0.056397099
v -0.00941410009 -0.0146826003 0.0565233007
v -0.00887036044 -0.0217943005 0.0627074018
v -0.0092713898 -0.0207729992 0.0602251999
v -0.00934593007 -0.0198909994 0.0590705983
v -0.00872038025 -0.0213780999 0.0614099987
v -0.00852848031 -0.0209075995 0.0605189987
v -0.00983186997 -0.0214555003 0.0613427013
v -0.00950216036 -0.0188950002 0.0581457987
v -0.00998575985 -0.0177437998 0.0573635995
v -0.0127520999 -0.0234104991 0.0684899986
v -0.0138823995 -0.0236775 0.068537198
v -0.00935584027 -0.0128207998 0.0567359999
v -0.0117627 -0.00989827979 0.0574551001
v -0.00881624036 -0.0120420996 0.0572719984
v -0.0108506996 -0.00934290979 0.0582796
v -0.0133726001 -0.00781801995 0.0577826984
v -0.0156433005 -0.00538817979 0.0578088984
v -0.0145204002 -0.00560938986 0.0580508001
v -0.0124369999 -0.00736699998 0.0585361011
v -0.0104187001 -0.00891373027 0.0592280999
v -0.00857129972 -0.0103617003 0.0596432984
v -0.0152669 -0.00330611994 0.0582396016
v -0.0134878997 -0.00528775994 0.0588010997
v -0.0117360996 -0.00709421001 0.0595743991
v -0.0100317001 -0.00884439982 0.0603182986
v -0.0114189005 -0.00692204013 0.0607298985
v -0.0127282003 -0.00509760017 0.0598592013
v -0.0141756004 -0.00310835009 0.0589900017
v -0.0158965997 -0.000774279993 0.0582032017
v -0.0123693999 -0.0050413101 0.0609390996
v -0.0133819999 -0.00299584004 0.0600623004
v -0.0145028001 -0.00078813202 0.0590812005
v -0.0150257004 0.00146513002 0.0586154014
v -0.0161828008 0.00171246997 0.0580931008
v -0.0130396998 -0.00297693 0.0610498004
v -0.0138517004 -0.000232482998 0.0599244013
v -0.0150517998 0.00410973001 0.0581864007
v -0.0143355997 0.00220032991 0.0590337999
v -0.0150356004 0.0066870898 0.0576722994
v -0.0134503003 -3.84626983e-05 0.0608749017
v -0.0135335 0.00211300002 0.0601117983
v -0.0138178002 0.00442691986 0.0589020997
v -0.0142320003 0.00636208011 0.0579516999
v -0.0129757002 0.0089179799 0.0574756004
v -0.0130452001 0.00427144021 0.0599665008
v -0.0132595999 0.00688799983 0.0582102984
v -0.0130230002 0.00313841994 0.061038699
v -0.0121318996 0.00749653019 0.0587096997
v -0.0112199001 0.0104854004 0.0573391989
v -0.00866471045 0.0130930003 0.0566131994
v -0.00941519998 0.0094896201 0.0601898991
v -0.00738096982 0.0111768004 0.0597915016
v -0.00811212044 0.0111977002 0.0584424995
v -0.00985485967 0.00953237992 0.0591042005
v -0.0109177995 0.00771023985 0.0605316013
v -0.0112782 0.00779091008 0.0594566986
v -0.0104489001 0.00990177039 0.0580953993
v -0.00905141979 0.0116397999 0.0573876016
v -0.0120647 0.00591687998 0.0604486018
v 0.00700780982 0.0119740004 0.0581904985
v 0.00663674995 0.0116611002 0.0595100001
v 0.00840601046 0.0104029998 0.059988901
v 0.0152156996 0.00632428983 0.0577128008
v 0.0135859996 0.00800274964 0.0576228984
v 0.0117611 0.0109845996 0.0570232011
v 0.0162812006 0.00321564008 0.0579763018
v 0.0133955004 0.000945220003 0.0608695
v 0.0133109 -0.00123186002 0.0611766018
v 0.0158578996 -0.00151212001 0.0581831001
v 0.0151292002 -0.00651470991 0.0576904006
v 0.0129493 -0.00356788002 0.0607189983
v 0.0121539002 -0.00556696998 0.060834799
v 0.0113755995 -0.0102960998 0.0573825985
v 0.0129931998 -0.0083769802 0.0577031001
v 0.0142505001 -0.00620754017 0.0579898991
v 0.0152091002 -0.00373961008 0.0581909008
v 0.0156484004 0.00125266996 0.0583016984
v 0.0152139999 0.00352576002 0.0582242012
v 0.0144053996 0.00588012999 0.0580244996
v 0.0116969002 0.0100026997 0.0574264005
v 0.00821027998 0.0125906002 0.0569688007
v 0.0109769003 -0.00761085982 0.0605788007
v 0.00985892024 -0.00911752973 0.0597529002
v 0.0114059998 -0.00760823023 0.0594910011
v 0.0125080002 -0.00561355008 0.0597998984
v 0.0136056999 -0.00182299002 0.060142301
v 0.0134683 0.00264064991 0.0600979999
v 0.0129830996 0.0031860501 0.0610619001
v 0.0123097999 0.00518953986 0.0609099008
v 0.0126336999 0.00533326995 0.0598324984
v 0.0112424996 0.00720780995 0.0606641993
v 0.0116092004 0.00729474984 0.059537299
v 0.00992058963 0.00898031984 0.0602745004
v 0.0102730002 0.00908465032 0.0591960996
v 0.00876007043 0.0107306996 0.058516901
v 0.00820484012 -0.0106044998 0.0597463995
v 0.00849146955 -0.0113415997 0.0580055006
v 0.0133119002 -0.00523645012 0.0589984991
v 0.0140533997 0.000386719999 0.0595864989
v 0.0106188999 -0.00969776977 0.0581476986
v 0.0120877996 -0.00789863989 0.0584582984
v 0.0144084003 -0.00188777002 0.0590646006
v 0.0142649002 0.00273878011 0.0590218008
v 0.0133860996 0.00553506985 0.058776401
v 0.0123057999 0.00757245021 0.0585018992
v 0.0108899996 0.00943964999 0.0581814982
v 0.0143413004 -0.00439405022 0.0584778003
v 0.0150357001 0.000396435003 0.0586583018
v 0.00950030982 0.0113792 0.0574093014
v -0.00723678991 0.0147296004 0.0562599003
v -0.00219057011 0.0183521006 0.0567348003
v -0.00591548998 0.0155196004 0.0562874004
v -0.00396803021 0.0169993993 0.0564186983
v 0.00161875004 0.0172635 0.0566013008
v 0.0067441701 0.0153860999 0.0562015995
v 0.00794690009 0.014153 0.0563068986
v 0.0044629802 0.0130420998 0.0584750995
v 0.0039486899 0.0128001999 0.0597537011
v 0.00186212 0.0133165 0.0596029982
v 0.000664404011 0.0133768003 0.0599866994
v -0.00107074995 0.0137604 0.0588234998
v -0.00187526003 0.0132727996 0.0599110983
v -0.00343389995 0.0129608 0.0597280003
v -0.00355806993 0.0132675003 0.0586644001
v -0.00539815985 0.0123017002 0.0591882989
v 0.00194099999 0.0139731998 0.0582089983
v 0.00445315987 0.0138255004 0.0574682988
v -0.00105579 0.0145520996 0.0577544011
v -0.0042909598 0.0137360003 0.0576490983
v 0.00199473999 0.0148964003 0.0572958998
v 0.00434187008 0.0148309004 0.056800399
v -0.00105929002 0.0156529006 0.0570011996
v -0.00369190006 0.0149344001 0.0569057986
v -0.00616378989 0.0136030996 0.0569843017
v 0.00250554993 0.0161322001 0.0566587001
v -0.00179017999 0.0167667996 0.0566076003
v -0.00395352999 0.0160313994 0.0564728007
v -0.00631920015 0.0142989997 0.0565678999
v 0.00145482004 -0.0217905007 0.0628430992
v 0.00145530002 -0.0208973996 0.0605125017
v 0.00145493995 -0.0214354005 0.0616427995
v 0.0450434983 0.0220075008 0.0519711003
v 0.0487015992 0.0238357 0.054632999
v 0.0503299013 0.0223618001 0.0516451001
v 0.0492013991 0.0219401997 0.0507805012
v 0.050813701 0.0205512997 0.049937401
v 0.0492570996 0.0210574009 0.0499220006
v 0.0517152995 0.0183575992 0.0491707996
v 0.0506361984 0.0178389996 0.0485797003
v 0.0429775007 0.0152228 0.0501867011
v 0.0431290008 0.0170220993 0.0501029007
v 0.0434819013 0.0184022002 0.0502166003
v 0.0442312993 0.0160067007 0.0492082015
v 0.0454212017 0.0141206998 0.0486776009
v 0.0456377007 0.0166887995 0.0485571995
v 0.0446145013 0.0174874999 0.0491577983
v 0.0509889983 0.0194502994 0.0492996015
v 0.0445114002 0.0193745997 0.0499273986
v 0.0458752997 0.0204792991 0.0499274991
v 0.0455939993 0.0189365 0.0491463989
v 0.0477597006 0.0200008992 0.0491247997
v 0.0466252007 0.0182502009 0.0485685989
v 0.0498173013 0.0197969005 0.0491594002
v 0.0487137996 0.0188427996 0.0485563986
v 0.0496952012 0.0172064006 0.0482508019
v 0.0472100005 0.0227635 0.0519562997
v 0.0453992002 0.0212999005 0.0508681014
v 0.0473563001 0.0219965 0.0508681983
v 0.0475304984 0.0210638009 0.0499273986
v 0.0473272018 0.0171712004 0.0481638983
v 0.0492063984 0.0229774993 0.0522201993
v 0.0489643998 0.0152070997 0.0479516014
v 0.0477058999 0.0234063007 0.0531872995
v 0.0489161015 0.0234939009 0.0533574
v 0.0568100996 0.0208375007 0.0530062988
v 0.0564011 0.0218102001 0.0536930002
v 0.0571494997 0.0197519008 0.0524667986
v 0.0574106015 0.0185802002 0.0520876013
v 0.0666825995 0.00574772013 0.0359288007
v 0.066719301 0.00497112004 0.0348300003
v 0.0667636022 0.00402146997 0.0338771008
v 0.0668144003 0.00292563997 0.0330969989
v 0.0669293031 0.000422826997 0.0321383998
v 0.0611787997 0.000207150006 0.0321393982
v 0.0611197986 0.00149139005 0.0325182006
v 0.0610641986 0.00269440003 0.0331064984
v 0.0610136017 0.00378240994 0.0338875987
v 0.0609692 0.00472486997 0.0348393992
v 0.0609324984 0.00549534988 0.0359354988
v 0.0609043986 0.0060721999 0.037145
v 0.0608857013 0.00643924996 0.0384338014
v 0.0530824997 0.00226224004 0.0328710005
v 0.0530379005 0.00117587997 0.0324078016
v 0.0577852987 0.00130144996 0.0324741006
v 0.0531946011 0.00346201006 0.0336184986
v 0.0577811003 0.00245649996 0.033011999
v 0.0577667989 0.00624770997 0.0379302986
v 0.0577685013 0.00582539989 0.0367281996
v 0.0538638011 0.00570607977 0.0363048986
v 0.0532633997 0.00510984007 0.0353116989
v 0.0577707998 0.00521760993 0.0356082991
v 0.0535974018 0.00437038019 0.0344337001
v 0.0577737018 0.0044397302 0.0345991999
v 0.0577771999 0.0035115201 0.0337264016
v 0.0577896982 7.56539011e-05 0.0321265012
v 0.0539507009 7.08191001e-05 0.0321136005
v 0.0472641997 0.000668331981 0.0352084003
v 0.0519713014 0.00597075978 0.0371020995
v 0.0506381989 0.00510809012 0.0361492001
v 0.0498945005 0.00576785998 0.0382911004
v 0.0461564995 0.000550177996 0.0367380008
v 0.0519235991 0.00424476992 0.0345529988
v 0.0488398001 0.00511146989 0.0380052999
v 0.0500370003 0.00351284002 0.0346717983
v 0.0486730002 0.00361722009 0.0358073004
v 0.0478948988 0.00437236018 0.0379180983
v 0.0514444001 0.0030219499 0.0336882994
v 0.0470736995 0.00276731001 0.0369081013
v 0.0468600988 0.0034777401 0.0383654013
v 0.0455951989 0.00129604002 0.038627401
v 0.0491172001 0.00158924004 0.033969
v 0.050875701 0.00104620005 0.0328853987
v 0.051089 0.00645523006 0.0392212011
v 0.0461453982 0.00243732007 0.0384652987
v 0.0478006005 0.00220521004 0.0354772992
v 0.0511374995 0.00206805998 0.0332221985
v 0.0530572012 0.00843205024 0.0435719006
v 0.0526314005 0.00734695978 0.0413125008
v 0.0513929985 0.00720713008 0.0412658006
v 0.046286799 0.00409296993 0.0420381986
v 0.0470803007 0.00497324998 0.0417307988
v 0.0456443988 0.00311519997 0.0423969999
v 0.045198001 0.00189333002 0.0422626995
v 0.0501974002 0.00691117998 0.0413348004
v 0.0490630008 0.00644914992 0.0414729007
v 0.0480164997 0.00583301019 0.0416782983
v 0.0448551998 0.00113046996 0.0435069986
v 0.0451276004 0.00259629008 0.0438800007
v 0.0450634994 0.00372523 0.0458291993
v 0.0456016995 0.00472611981 0.0452486016
v 0.0463164002 0.00565243978 0.0447371006
v 0.0471904017 0.00647844002 0.0443043001
v 0.0482022017 0.00718148984 0.0439594984
v 0.0493262 0.00774392998 0.0437128991
v 0.0505338982 0.00814997964 0.0435702018
v 0.0517934002 0.00838814955 0.0435344018
v 0.0531678982 0.00973424967 0.0454034992
v 0.0529137999 0.0112151997 0.0467466004
v 0.0525376014 0.0125748003 0.0475783013
v 0.0468931012 0.0145327002 0.0481340997
v 0.0520197004 0.0141770998 0.0481949002
v 0.0509114005 0.0140688 0.0478857011
v 0.0493667014 0.0134958997 0.0475792997
v 0.0508837998 0.0122733004 0.0471013002
v 0.0472347997 0.0127876997 0.0477957986
v 0.0511863008 0.0109628998 0.0463115014
v 0.0486280993 0.0115887998 0.0470262989
v 0.0440930016 0.0136646004 0.0494784005
v 0.0453018993 0.0119532002 0.0486017019
v 0.0519302003 0.00958169997 0.0451200008
v 0.0488517992 0.0102426 0.0462840013
v 0.0465402007 0.0106501998 0.0475733988
v 0.0507051982 0.00934130047 0.0450338013
v 0.0441101007 0.0112779997 0.0495477989
v 0.0450145006 0.00541106984 0.0471861996
v 0.0456412993 0.00629220996 0.0465491004
v 0.0464257002 0.0071055498 0.0460080989
v 0.0447643995 0.00744677009 0.0483300984
v 0.0473483987 0.00783208013 0.0455761999
v 0.0454716012 0.0081650801 0.0476550013
v 0.0483865999 0.00845578033 0.0452646986
v 0.0447985008 0.00953703001 0.0486910008
v 0.0467443988 0.00915476959 0.0468624011
v 0.0495143011 0.00896309968 0.0450828001
v 0.0639825016 0.0238176007 -0.0351724997
v 0.0643016994 0.0140059004 -0.0289188996
v 0.0642397031 0.0152885001 -0.0287040006
v 0.0641810969 0.0165892001 -0.0287002996
v 0.0641273037 0.0178734008 -0.0289076008
v 0.0640799031 0.0191072002 -0.0293208007
v 0.0640399009 0.0202578995 -0.0299286004
v 0.0640086979 0.0212948993 -0.0307151992
v 0.0639868975 0.0221909005 -0.0316593982
v 0.0639751032 0.0229221992 -0.0327365994
v 0.0639735013 0.0234692004 -0.0339181013
v 0.0538436994 0.0136329997 -0.0290942993
v 0.0537857004 0.0149074001 -0.0288944002
v 0.0537307002 0.0161975008 -0.0289024003
v 0.0536802001 0.0174697004 -0.0291179009
v 0.053635601 0.0186906997 -0.0295355003
v 0.0529703014 0.0198071003 -0.0301606003
v 0.0530132987 0.0208334997 -0.0309420992
v 0.0530764014 0.0217218008 -0.0318779983
v 0.0531593002 0.0224489998 -0.0329441018
v 0.0535333008 0.0230078995 -0.0341075994
v 0.0529787987 0.0233305991 -0.0353619009
v 0.0450385995 0.0167455003 -0.0370141007
v 0.0454014018 0.0173096005 -0.0355964005
v 0.0453562997 0.0180546995 -0.0371252
v 0.0458953008 0.0192807 -0.0370720997
v 0.045756001 0.0163997002 -0.034227401
v 0.0459499992 0.0188744999 -0.0357144997
v 0.046619501 0.0203725006 -0.0369405001
v 0.0464061983 0.0160211008 -0.0329548009
v 0.0460689999 0.0180085003 -0.0343479998
v 0.0467524007 0.0202878006 -0.0359121002
v 0.0475762002 0.0214491002 -0.0374710001
v 0.0465423986 0.0171702001 -0.033041399
v 0.0472673997 0.0156916007 -0.0318294987
v 0.0468165018 0.0182838999 -0.0332180001
v 0.0469802991 0.0200040992 -0.0347260013
v 0.0479165018 0.0214038994 -0.0356414989
v 0.0486604013 0.0222567003 -0.0373641998
v 0.0483315997 0.0154012004 -0.0308152996
v 0.0473504998 0.0168792997 -0.0319155008
v 0.0472221002 0.0193387996 -0.0334817991
v 0.0488808006 0.0220509004 -0.0353995003
v 0.0495950989 0.0226466004 -0.0363331996
v 0.0497446992 0.0229985006 -0.040755
v 0.0483676009 0.0166225992 -0.0308893993
v 0.0475635007 0.0180360004 -0.0321190991
v 0.0477511995 0.0203127004 -0.0338263996
v 0.0512043983 0.0232599005 -0.0364473984
v 0.0495485999 0.0151795996 -0.0300181992
v 0.048519399 0.0178175997 -0.0311085004
v 0.0480880998 0.0196176991 -0.0325926989
v 0.0486528985 0.0211385004 -0.0337719992
v 0.0509489998 0.0150103001 -0.0293777008
v 0.0495474003 0.0164273996 -0.0300744995
v 0.0487838015 0.0189578999 -0.0314672999
v 0.0516247004 0.0220717005 -0.0327477008
v 0.0520060994 0.0230083 -0.0345754996
v 0.0511019006 0.0208982993 -0.0315455012
v 0.0504160002 0.0225213002 -0.0345317982
v 0.0512365997 0.0198452007 -0.0306270998
v 0.0524048992 0.0186864994 -0.0296711009
v 0.0499549992 0.0218353998 -0.033527799
v 0.051067099 0.0187282003 -0.0300453994
v 0.0523797981 0.0174720995 -0.0292543005
v 0.0496218018 0.0209704004 -0.0325682014
v 0.0501031987 0.0199161991 -0.0312302001
v 0.0509606004 0.0175295994 -0.0296372995
v 0.0523902997 0.0162071008 -0.0290341005
v 0.0491535999 0.0200171992 -0.0319582
v 0.0498280004 0.0188250002 -0.0306880008
v 0.0509211011 0.0162797999 -0.0294128004
v 0.052436199 0.0149239004 -0.0290160999
v 0.0496411994 0.0176525004 -0.0302996002
v 0.0510552004 0.0234049 -0.0408077016
v 0.0510221012 0.0235901996 -0.0452273004
v 0.0499292016 0.0233021006 -0.0451167002
v 0.0470781997 0.0215725005 -0.0449308008
v 0.048522599 0.0223740991 -0.0407132991
v 0.0477989987 0.0222788006 -0.0457384996
v 0.0488778017 0.0228629 -0.0451221988
v 0.0463186987 0.0207442008 -0.0448280014
v 0.046484001 0.0205501001 -0.0406673998
v 0.0456723012 0.0198103003 -0.0447742008
v 0.0457274988 0.0194042996 -0.0406644009
v 0.0451721996 0.0188107006 -0.0447315983
v 0.0451777019 0.0181462001 -0.0406750999
v 0.0446312018 0.0166336 -0.0442469008
v 0.0447724015 0.0176893007 -0.0448830985
v 0.0406581983 0.0238138996 -0.0604168996
v 0.0378396995 0.0167178009 -0.0548196994
v 0.0359922014 0.0166193005 -0.0555703007
v 0.0360382013 0.0178782009 -0.0557720996
v 0.0503631011 0.0236783009 -0.0485541001
v 0.0492749996 0.0233707 -0.0482542999
v 0.0492199995 0.0237438008 -0.0515624993
v 0.0482406989 0.0229016002 -0.047973901
v 0.0481734984 0.0234200004 -0.0510797016
v 0.0473084003 0.0222791005 -0.0477139018
v 0.0476273 0.0237907991 -0.0543245003
v 0.0472107008 0.0229260996 -0.0506250001
v 0.0464437008 0.0215197001 -0.0474936999
v 0.0466575995 0.0234532002 -0.0536643006
v 0.0462883003 0.0222753994 -0.0502194017
v 0.0456947982 0.0206386 -0.0473078005
v 0.0456400998 0.0238178 -0.0567380004
v 0.0457752012 0.0229400005 -0.0530366004
v 0.0454658009 0.0214814991 -0.0498569012
v 0.045077499 0.0196548998 -0.0471603982
v 0.0447805002 0.0234693997 -0.0559158996
v 0.0449250005 0.0222642999 -0.0524750017
v 0.0447603986 0.0205626003 -0.0495484993
v 0.0446054004 0.0185889006 -0.0470524989
v 0.0432849005 0.0238258 -0.0588014014
v 0.0439980999 0.0229400005 -0.0551498011
v 0.0441712998 0.0214415994 -0.051975999
v 0.0441876017 0.0195391998 -0.0493013002
v 0.0442873016 0.0174646005 -0.0469916016
v 0.0425669998 0.0234689992 -0.0578357987
v 0.0432457998 0.0222439002 -0.0544489995
v 0.0435299985 0.0204911008 -0.0515533984
v 0.0437589996 0.0184348002 -0.0491238013
v 0.0419262983 0.0229275003 -0.0569321997
v 0.0425833985 0.0213973001 -0.0538281016
v 0.0430151001 0.0194352996 -0.0512189008
v 0.043484401 0.0172738004 -0.0490190983
v 0.0401512012 0.0234517008 -0.0593448989
v 0.0412997007 0.0222153999 -0.0561075993
v 0.0420253016 0.0204208009 -0.0533036999
v 0.0426385999 0.0182984006 -0.0509795994
v 0.0398654006 0.0155835003 -0.0535016991
v 0.0379296988 0.0179664996 -0.0550149009
v 0.0361444987 0.0190884005 -0.0561622009
v 0.0395509005 0.0168306008 -0.0537680015
v 0.0381093994 0.0191657003 -0.0553830005
v 0.0363091007 0.0202191006 -0.0567305014
v 0.0396864004 0.0180652998 -0.0539512001
v 0.0383739993 0.0202856995 -0.0559147
v 0.0365278013 0.0212417003 -0.0574625991
v 0.0410851017 0.0169599 -0.0524328016
v 0.0399365984 0.0192491002 -0.0542866997
v 0.038718801 0.0212977994 -0.0565961003
v 0.0367958993 0.0221301001 -0.0583398007
v 0.0377762988 0.0237824004 -0.061586801
v 0.0396138988 0.0229010992 -0.0583355017
v 0.0407526009 0.0213501006 -0.0553787015
v 0.0415830016 0.0193380993 -0.0528903008
v 0.0424095988 0.0171070993 -0.0508406013
v 0.0374661013 0.0234175995 -0.0604323
v 0.0391337015 0.0221772008 -0.0574108995
v 0.0402945988 0.0203530993 -0.0547665991
v 0.0412672982 0.0181751996 -0.0525973998
v 0.0336920992 0.0237048008 -0.0624172986
v 0.0371089987 0.0228617005 -0.0593390018
v 0.0346204005 0.0233747996 -0.0610783994
v 0.0344742015 0.0228246003 -0.0599374995
v 0.0343459994 0.0220979005 -0.0588955991
v 0.0342401005 0.0212126002 -0.0579799004
v 0.034156099 0.0201910008 -0.0572148003
v 0.0340957008 0.0190593991 -0.0566206016
v 0.0340649001 0.0178465005 -0.0562122017
v 0.0340614989 0.0165833998 -0.0560006015
v 0.0324202999 0.0233167 -0.0611904003
v 0.0324267 0.0227604993 -0.0600337014
v 0.0324378014 0.0220266003 -0.0589809008
v 0.0324533992 0.0211338997 -0.0580588989
v 0.0324730985 0.0201051999 -0.0572917014
v 0.0324964002 0.0189670995 -0.0566986986
v 0.0325227007 0.0177488998 -0.0562955998
v 0.0325512998 0.0164819993 -0.0560922995
v 0.0325814001 0.0151989004 -0.0560945012
v 0.0160843004 0.0149285002 -0.0561657995
v -0.0328736007 0.0236891992 -0.0624197982
v -0.0158038996 0.0233727004 -0.0624694005
v -0.0329234004 0.0233258996 -0.0611882992
v -0.0158047993 0.0230068006 -0.0612460002
v -0.0329304002 0.0227697007 -0.0600314997
v -0.0158082005 0.0224510003 -0.0600962006
v -0.0329261012 0.0220355 -0.0589785986
v -0.0158142 0.0217192993 -0.0590495989
v -0.0329230018 0.0211423002 -0.058056701
v -0.0158225 0.0208304003 -0.0581327006
v -0.0329234004 0.0201131999 -0.0572894998
v -0.0158328991 0.0198069997 -0.0573689006
v -0.0329315998 0.0189747997 -0.0566966012
v -0.0158453006 0.0186751001 -0.0567778014
v -0.0329466984 0.0177561995 -0.0562934987
v -0.0158590991 0.0174634997 -0.0563743003
v -0.0329713002 0.0164890997 -0.0560903996
v -0.0158743002 0.0162032004 -0.0561687015
v -0.0330148004 0.0152062001 -0.0560925007
v -0.0158900991 0.0149263004 -0.0561663993
v 0.000144710997 0.0232707001 -0.0624838993
v 0.000144710997 0.0229042005 -0.0612628981
v 0.000144710997 0.0223482996 -0.0601155981
v 0.000144830003 0.0216173008 -0.0590712987
v 0.000144830003 0.0207297001 -0.0581561998
v 0.000144948994 0.0197080001 -0.0573939011
v 0.000145067999 0.0185781997 -0.0568034016
v 0.000145187005 0.0173688997 -0.0563999005
v 0.000145426005 0.0161109008 -0.0561936982
v 0.000145544996 0.0148360999 -0.0561898015
v 0.0159971993 0.0233750995 -0.0624690987
v 0.0159980003 0.0230093002 -0.061245501
v 0.0160015002 0.0224535 -0.0600957014
v 0.0160074998 0.0217218008 -0.0590490997
v 0.0160160009 0.0208329 -0.0581321009
v 0.0160265006 0.0198094007 -0.0573683009
v 0.0160390008 0.0186774004 -0.0567772016
v 0.0160530005 0.0174658 -0.0563737005
v 0.0160681996 0.0162055008 -0.0561681017
v -0.0443543009 0.0174882002 -0.0467668995
v -0.0446563996 0.0170348007 -0.0445500016
v -0.0450289994 0.0184176005 -0.0445745997
v -0.0434349999 0.0160783008 -0.048844099
v -0.0357628986 0.0237502996 -0.0620849989
v -0.0348004997 0.0152981998 -0.0558734015
v -0.036728099 0.0153957997 -0.055305399
v -0.0417008996 0.0238205995 -0.0598413981
v -0.0387854017 0.0237953998 -0.0612397008
v -0.0346894003 0.0165614001 -0.0558952987
v -0.036636699 0.0166522991 -0.0553485006
v -0.0385110006 0.0167596005 -0.0544513017
v -0.0402362011 0.0168855991 -0.0532247983
v -0.0414136015 0.0169949997 -0.0520723984
v -0.0347083993 0.0178247001 -0.0560986996
v -0.0366973989 0.0179076996 -0.0555486009
v -0.0386188999 0.0180029999 -0.0546420999
v -0.0403916016 0.0181121007 -0.0534010008
v -0.0416071005 0.0182057004 -0.0522319004
v -0.042691201 0.0183049999 -0.0509038009
v -0.0347638987 0.0190392006 -0.0564975999
v -0.0368302017 0.0191147998 -0.0559321009
v -0.0388262011 0.0191968996 -0.054998599
v -0.0406698994 0.0192873999 -0.0537201017
v -0.0419378988 0.0193633996 -0.0525135994
v -0.0430696011 0.0194405001 -0.0511417985
v -0.048566699 0.0237670001 -0.0528209992
v -0.0467047989 0.0238061007 -0.0555378012
v -0.0443402007 0.0238246992 -0.0579596013
v -0.0348556004 0.0201743003 -0.0570818
v -0.0370276012 0.0202421006 -0.0564903989
v -0.0391243994 0.0203106999 -0.0555136986
v -0.0410633013 0.0203827005 -0.0541751012
v -0.0423986018 0.0204403996 -0.0529097989
v -0.0435841009 0.0204946995 -0.0514772013
v -0.0448467992 0.0205700994 -0.0493808985
v -0.0349811986 0.0212009996 -0.0578364991
v -0.0372855999 0.0212616008 -0.0572093986
v -0.0395103991 0.0213178992 -0.0561727993
v -0.0415627994 0.0213712994 -0.0547542982
v -0.0429765992 0.0214108992 -0.0534128994
v -0.0442257002 0.0214437991 -0.0518991016
v -0.0455534011 0.0214857999 -0.0496865995
v -0.0357569009 0.0221040007 -0.0586333983
v -0.038825199 0.0221720003 -0.0575622991
v -0.0405859016 0.0222052 -0.0565771982
v -0.0421553999 0.0222290996 -0.0554446988
v -0.0436590016 0.0222516991 -0.0540098995
v -0.0449776016 0.0222654007 -0.0524002016
v -0.0463761985 0.0222772006 -0.0500468984
v -0.0473878011 0.0222798996 -0.0474586003
v -0.0359750018 0.0228387006 -0.0596619993
v -0.0392656997 0.0228969008 -0.0585074015
v -0.0422273017 0.0229288992 -0.0567376986
v -0.0444305018 0.0229429007 -0.0546856001
v -0.0458195992 0.0229401998 -0.0529723987
v -0.0472937003 0.0229257997 -0.0504603013
v -0.0486127995 0.0229203999 -0.0470352992
v -0.0424599014 0.0171151999 -0.0507663004
v -0.0435594991 0.0172898993 -0.0488650016
v -0.0438384004 0.0184485 -0.0489659011
v -0.0442705005 0.0195499007 -0.0491396002
v -0.0451527014 0.0196688008 -0.0469239987
v -0.0457728989 0.0206480008 -0.0470639989
v -0.0465229005 0.0215245001 -0.0472440012
v -0.0471759997 0.0216488 -0.0447168984
v -0.0478705987 0.0222778004 -0.0453464016
v -0.0362074003 0.0233966 -0.0607943013
v -0.039745301 0.0234479997 -0.0595467985
v -0.0423214994 0.0234679002 -0.0580457002
v -0.0446963012 0.0234696008 -0.0559975989
v -0.0471643992 0.0234456994 -0.0529978015
v -0.0485936999 0.0234062001 -0.0501900017
v -0.0493740998 0.0233635996 -0.0478998981
v -0.0498861 0.0233136993 -0.0455841012
v -0.0509819984 0.0236048996 -0.0457214005
v -0.0504646003 0.0236690994 -0.0481775999
v -0.0446773991 0.0186084993 -0.0468218997
v -0.0455920994 0.0195978004 -0.0444194004
v -0.0462852009 0.0206911992 -0.0446947999
v -0.0484154001 0.0224475004 -0.0429817997
v -0.0496379994 0.0230710004 -0.0430231988
v -0.0509932004 0.0234460998 -0.0421314016
v -0.0527245998 0.0234021004 -0.0380367003
v -0.0633684024 0.0238629002 -0.0378707983
v -0.063361302 0.0235211998 -0.0366324
v -0.0633639991 0.0229858998 -0.0354644991
v -0.0633763969 0.0222708005 -0.0343971997
v -0.0633981004 0.0213942006 -0.0334581994
v -0.0634289011 0.0203789007 -0.0326715
v -0.0635133982 0.0180396009 -0.0316320993
v -0.0634675995 0.0192510001 -0.0320575982
v -0.0635650009 0.0167759005 -0.0314063989
v -0.0636212975 0.0154926004 -0.0313857011
v -0.0636804998 0.0142225996 -0.0315711014
v -0.0537062995 0.0138659002 -0.0317269005
v -0.0536472984 0.0151255997 -0.0315541998
v -0.0535942018 0.0163966995 -0.0315834992
v -0.0535136014 0.0188510008 -0.0322420001
v -0.0535007007 0.0176513996 -0.0318165012
v -0.0534791984 0.0199761 -0.0328589007
v -0.053456299 0.0209771004 -0.0336376987
v -0.0534304008 0.0218480006 -0.0345737003
v -0.0534171984 0.0225588996 -0.0356363989
v -0.052916199 0.0230685994 -0.0368020982
v -0.0465488993 0.0205348991 -0.0395805985
v -0.0457096994 0.0193780009 -0.0403521992
v -0.0456892997 0.0189813003 -0.0388979018
v -0.0517656989 0.0205167998 -0.0335180014
v -0.0513244011 0.0215425007 -0.0346593
v -0.0517035015 0.0223556999 -0.0356884003
v -0.0517278016 0.0193319004 -0.0327188
v -0.0509619005 0.0140941003 -0.0321427993
v -0.0514095984 0.0229975004 -0.0372949988
v -0.0502998009 0.0231366009 -0.0394309983
v -0.050112199 0.0224342998 -0.0369866006
v -0.0491667986 0.0226208996 -0.0390596986
v -0.045372799 0.0156564005 -0.0373244993
v -0.0493668988 0.0216866005 -0.0362388007
v -0.048439201 0.0218787994 -0.0379781015
v -0.0501755998 0.0206001997 -0.0342786014
v -0.0487188995 0.0207803994 -0.0355843008
v -0.0476195998 0.0210628007 -0.0375990011
v -0.0474222004 0.0214654002 -0.0396162011
v -0.0450800993 0.0173892993 -0.0391929001
v -0.045475401 0.0168752 -0.0373602994
v -0.0460919999 0.0164954998 -0.0359953009
v -0.0469608009 0.0161467008 -0.0346986987
v -0.0480720997 0.0158526003 -0.0336047001
v -0.0493962988 0.0156169999 -0.0326686017
v -0.0508790016 0.0154558998 -0.0320261009
v -0.0523733012 0.0153732002 -0.0316413008
v -0.0483121015 0.0221845992 -0.0397663005
v -0.0469204001 0.0201185998 -0.0372769982
v -0.048184 0.0197359007 -0.0350375995
v -0.0498264991 0.0194857009 -0.0336055011
v -0.0461837985 0.0191590004 -0.0375957005
v -0.0464436002 0.0183038991 -0.036194399
v -0.0474070013 0.0186366998 -0.0350903012
v -0.0483810008 0.0184260998 -0.0340287015
v -0.0495756008 0.0182603002 -0.0331043005
v -0.0509417988 0.0181499999 -0.0324546993
v -0.0523557998 0.0181187 -0.032060001
v -0.0457492992 0.0180450995 -0.0374459997
v -0.0471073985 0.0174157005 -0.0348296016
v -0.0481585003 0.0171610005 -0.033734899
v -0.0494315997 0.0169581007 -0.0327885002
v -0.0508721992 0.0168212 -0.0321310982
v -0.052330099 0.0167529006 -0.0317342989
v -0.0448434986 0.0165852997 -0.0401845016
v -0.0451131016 0.0181903001 -0.0420010984
v 0.0455517992 -0.0195672996 -0.0445895009
v 0.0450213999 -0.0184498001 -0.0447303988
v 0.0451777019 -0.0181462001 -0.0406750999
v 0.0451419987 -0.0173824001 -0.0374672003
v 0.0454498008 -0.0183655992 -0.0374542996
v 0.0475120991 -0.0213846993 -0.0369694009
v 0.048672799 -0.0222747009 -0.0375013985
v 0.0483705997 -0.0224785004 -0.0439262986
v 0.0499965996 -0.0229358003 -0.0369363986
v 0.0510552004 -0.0234049 -0.0408077016
v 0.0497446992 -0.0229985006 -0.040755
v 0.0474250019 -0.0215498004 -0.0406837985
v 0.046484001 -0.0205501001 -0.0406673998
v 0.0458814017 -0.0193013009 -0.0374489985
v 0.0464325994 -0.0201005004 -0.0367918015
v 0.0448508002 -0.0168129001 -0.0406991988
v 0.0449599996 -0.0163598005 -0.0375383012
v 0.0509431995 -0.0235555992 -0.0448708013
v 0.0497398004 -0.0232076999 -0.0447758995
v 0.0472312011 -0.0216709003 -0.0445283987
v 0.0463005006 -0.0207010992 -0.0446473993
v 0.0446663015 -0.0170111004 -0.0444620997
v 0.0443543009 -0.0174882002 -0.0467668995
v 0.0434348993 -0.0160783008 -0.048844099
v 0.0330148004 -0.0152062001 -0.0560925007
v 0.0348003991 -0.0152981998 -0.0558734015
v 0.0328739993 -0.0236891992 -0.0624198988
v 0.0357629992 -0.0237502996 -0.0620849989
v 0.0401427001 -0.0238124002 -0.0607777983
v 0.0367277004 -0.0153957997 -0.0553056002
v 0.0443402007 -0.0238246992 -0.0579596013
v 0.0329714008 -0.0164890997 -0.0560903996
v 0.0346894003 -0.0165614001 -0.0558952987
v 0.036636699 -0.0166522991 -0.0553485006
v 0.0385116003 -0.0167596992 -0.0544509999
v 0.0402363017 -0.0168855991 -0.0532246009
v 0.0414136015 -0.0169949997 -0.0520723984
v 0.0329466984 -0.0177563 -0.0562934987
v 0.0347083993 -0.0178247001 -0.0560986996
v 0.0366979018 -0.0179078002 -0.0555485003
v 0.0386188999 -0.0180028994 -0.0546420999
v 0.0403910019 -0.0181120001 -0.0534015
v 0.0416069999 -0.0182057004 -0.052232001
v 0.0329315998 -0.0189746991 -0.0566966012
v 0.0347642004 -0.0190392006 -0.0564975999
v 0.0368302986 -0.0191147998 -0.0559320003
v 0.0388263017 -0.0191968009 -0.0549984984
v 0.0406703986 -0.0192875993 -0.0537198
v 0.0419372991 -0.0193633996 -0.0525142998
v 0.0430695005 -0.0194406006 -0.0511418991
v 0.0329234004 -0.0201131999 -0.0572894998
v 0.0348556004 -0.0201743003 -0.0570818
v 0.0370276012 -0.0202421993 -0.0564903989
v 0.0391250998 -0.0203108005 -0.0555134006
v 0.0410634987 -0.0203827005 -0.0541747995
v 0.0423985012 -0.0204403996 -0.0529097989
v 0.0435842015 -0.0204946995 -0.0514770001
v 0.0329229012 -0.0211423002 -0.058056701
v 0.0349809006 -0.0212009996 -0.0578365996
v 0.0372855999 -0.0212616008 -0.0572093986
v 0.0395104997 -0.0213178992 -0.0561726987
v 0.0415637009 -0.0213714 -0.0547536016
v 0.0429765992 -0.0214108992 -0.0534128994
v 0.0442264006 -0.0214438997 -0.0518982001
v 0.0455535017 -0.0214859005 -0.0496863984
v 0.0329262018 -0.0220355 -0.0589785986
v 0.0357569009 -0.0221040007 -0.0586334988
v 0.0388250016 -0.0221720003 -0.0575622991
v 0.0405859984 -0.0222052 -0.0565771982
v 0.0421555005 -0.0222290996 -0.0554445013
v 0.0436597988 -0.0222516991 -0.0540090986
v 0.0449776016 -0.0222654007 -0.052400101
v 0.0463754982 -0.0222771 -0.0500482991
v 0.0467046984 -0.0238061007 -0.0555378012
v 0.048566699 -0.0237670001 -0.0528209992
v 0.0329305008 -0.0227697007 -0.0600314997
v 0.0359750986 -0.0228387006 -0.0596619993
v 0.0392656997 -0.0228969008 -0.0585074015
v 0.0422268994 -0.0229288992 -0.0567378998
v 0.0444298014 -0.0229429007 -0.0546863005
v 0.0458205007 -0.0229401998 -0.0529712997
v 0.0472937003 -0.0229259003 -0.0504601002
v 0.0486127995 -0.0229203999 -0.0470353998
v 0.0329234004 -0.0233258996 -0.0611882992
v 0.0362074003 -0.0233966 -0.0607943013
v 0.0397450998 -0.0234479997 -0.0595467985
v 0.0423208997 -0.0234679002 -0.0580460988
v 0.0446963012 -0.0234696008 -0.0559975989
v 0.0471646003 -0.0234457999 -0.0529973991
v 0.0485935993 -0.0234062001 -0.0501900017
v 0.0493742004 -0.0233635996 -0.0478998981
v 0.0424599014 -0.0171151999 -0.0507663004
v 0.0435594991 -0.0172898993 -0.0488650016
v 0.0438384004 -0.0184485 -0.0489659011
v 0.0442705005 -0.0195499007 -0.0491396002
v 0.0451532006 -0.0196690001 -0.0469226018
v 0.0457728989 -0.0206480008 -0.0470638014
v 0.0465235002 -0.0215246007 -0.0472424999
v 0.0478705987 -0.0222778004 -0.0453464016
v 0.0504646003 -0.0236690994 -0.0481775999
v 0.0446773991 -0.0186084993 -0.0468216985
v 0.0426905006 -0.0183048006 -0.0509047993
v 0.0448467992 -0.0205700994 -0.0493808985
v 0.0473879017 -0.0222798996 -0.0474583991
v -0.0160843004 -0.0149285002 -0.0561657995
v -0.0159971993 -0.0233750995 -0.0624690987
v 0.0158038996 -0.0233727004 -0.0624694005
v 0.0158047993 -0.0230068006 -0.0612460002
v 0.0158082005 -0.0224510003 -0.0600962006
v 0.0158142 -0.0217192993 -0.0590495989
v 0.0158225 -0.0208304003 -0.0581327006
v 0.0158328991 -0.0198069997 -0.0573689006
v 0.0158453006 -0.0186751001 -0.0567778014
v 0.0158590991 -0.0174634997 -0.0563743003
v 0.0158743002 -0.0162032004 -0.0561687015
v 0.0158900991 -0.0149263004 -0.0561663993
v -0.000144730002 -0.0232707001 -0.0624838993
v -0.000144730002 -0.0229042005 -0.0612628981
v -0.000144730002 -0.0223482996 -0.0601155981
v -0.000144848993 -0.0216173008 -0.0590712987
v -0.000144848993 -0.0207297001 -0.0581561998
v -0.000144967998 -0.0197080001 -0.0573939011
v -0.000145087004 -0.0185781997 -0.0568034016
v -0.000145205995 -0.0173688997 -0.0563999005
v -0.000145326005 -0.0161109008 -0.0561936982
v -0.000145564001 -0.0148360999 -0.0561898015
v -0.0159980003 -0.0230093002 -0.061245501
v -0.0160015002 -0.0224535 -0.0600957014
v -0.0160076004 -0.0217218008 -0.0590490997
v -0.0160159003 -0.0208329 -0.0581321009
v -0.0160265006 -0.0198094007 -0.0573683009
v -0.0160390008 -0.0186774004 -0.0567772016
v -0.0160530005 -0.0174658 -0.0563737005
v -0.0160681996 -0.0162055008 -0.0561681017
v -0.0324188992 -0.0236808006 -0.0624212995
v -0.0325815007 -0.0151989004 -0.0560945012
v -0.0325512998 -0.0164819993 -0.0560922995
v -0.0325227007 -0.0177488998 -0.0562955998
v -0.0324965008 -0.0189670995 -0.0566986986
v -0.0324730985 -0.0201051999 -0.0572917014
v -0.0324533992 -0.0211338997 -0.0580588989
v -0.0324378014 -0.0220266003 -0.0589809008
v -0.0324265994 -0.0227604993 -0.0600337014
v -0.0324202999 -0.0233167 -0.0611904003
v -0.0492199995 -0.0237438008 -0.0515624993
v -0.0503631011 -0.0236783009 -0.0485541001
v -0.0510220006 -0.0235901996 -0.0452273004
v -0.0499292016 -0.0233021006 -0.0451167002
v -0.0492751002 -0.0233707 -0.0482542999
v -0.0487699993 -0.0228744 -0.0458733998
v -0.0482406989 -0.0229016002 -0.047973901
v -0.0480998009 -0.0223655999 -0.0448288992
v -0.0481734984 -0.0234200004 -0.0510797016
v -0.0473080985 -0.0222791992 -0.0477151014
v -0.0471142009 -0.0215968993 -0.0448772013
v -0.0476273 -0.0237907991 -0.0543245003
v -0.0472108014 -0.0229260996 -0.0506248996
v -0.0464436002 -0.0215197001 -0.0474936999
v -0.0462764017 -0.0207179002 -0.0449420996
v -0.0466575995 -0.0234532002 -0.0536643006
v -0.0462887995 -0.0222753007 -0.0502181984
v -0.0456948988 -0.0206387006 -0.0473076999
v -0.045635201 -0.0197784007 -0.0448752008
v -0.0456400998 -0.0238178 -0.0567380004
v -0.0457753018 -0.0229400005 -0.0530363992
v -0.0454663001 -0.0214814004 -0.049855601
v -0.0450777002 -0.0196547993 -0.0471595004
v -0.0451436006 -0.0187791996 -0.0448210984
v -0.0447805002 -0.0234693997 -0.0559158996
v -0.0449252985 -0.0222642999 -0.0524745993
v -0.0447604991 -0.0205626003 -0.0495483018
v -0.0446054004 -0.0185889006 -0.0470524989
v -0.0447334014 -0.0176634993 -0.0450735018
v -0.0432849005 -0.0238258 -0.0588014014
v -0.0439978987 -0.0229400992 -0.0551499985
v -0.044171501 -0.0214415994 -0.0519758016
v -0.0441872999 -0.0195393004 -0.0493020006
v -0.0442873016 -0.0174646005 -0.046991501
v -0.0445698984 -0.0165938996 -0.0449184999
v -0.0425669998 -0.0234689992 -0.0578357987
v -0.0432456993 -0.0222439002 -0.0544492006
v -0.0435299985 -0.0204911008 -0.0515533984
v -0.0437589996 -0.0184346996 -0.0491238013
v -0.0406581983 -0.0238138996 -0.0604168996
v -0.0419256985 -0.0229275003 -0.0569326989
v -0.0425833985 -0.0213973001 -0.0538281016
v -0.0430152006 -0.0194352996 -0.0512189008
v -0.0434845015 -0.0172738004 -0.0490189008
v -0.0401512012 -0.0234517008 -0.0593448989
v -0.0413003005 -0.0222153999 -0.0561071001
v -0.0420253016 -0.0204208009 -0.0533038005
v -0.0426391996 -0.0182983 -0.0509787016
v -0.0377762988 -0.0237824004 -0.061586801
v -0.0396144986 -0.0229010992 -0.0583350994
v -0.0407527015 -0.0213501006 -0.055378601
v -0.0415830985 -0.0193380993 -0.0528902002
v -0.0424101986 -0.0171070006 -0.0508394986
v -0.0374661982 -0.0234175995 -0.0604323
v -0.0391339995 -0.0221772008 -0.057410799
v -0.0402946994 -0.0203531999 -0.0547665991
v -0.0412675999 -0.0181751996 -0.0525971018
v -0.0344735011 -0.0153125003 -0.055945199
v -0.0359916985 -0.0166193005 -0.0555704013
v -0.0340614989 -0.0165833998 -0.0560006015
v -0.0340650007 -0.0178465005 -0.0562122017
v -0.0360376984 -0.0178782009 -0.0557722002
v -0.0340957008 -0.0190593991 -0.0566206016
v -0.0378388986 -0.0167178009 -0.0548201017
v -0.0361443982 -0.0190882999 -0.0561622009
v -0.0341559015 -0.0201910008 -0.0572148003
v -0.0398431011 -0.0156100001 -0.0535200983
v -0.0379294008 -0.0179664008 -0.0550150014
v -0.0363086015 -0.0202191994 -0.0567306988
v -0.0342401005 -0.0212124996 -0.0579797998
v -0.0395507999 -0.0168306008 -0.0537680015
v -0.0381089002 -0.0191658009 -0.0553832017
v -0.0365280993 -0.0212417003 -0.0574624985
v -0.0343457982 -0.0220979005 -0.0588955991
v -0.0396866016 -0.0180652998 -0.0539510995
v -0.0383738987 -0.0202856995 -0.0559148006
v -0.0367958993 -0.0221301001 -0.0583399013
v -0.0344741009 -0.0228246003 -0.0599374995
v -0.0410858989 -0.0169597007 -0.0524319001
v -0.0399371013 -0.0192489997 -0.0542863011
v -0.038718801 -0.0212977994 -0.0565961003
v -0.0371091999 -0.0228615999 -0.0593390018
v -0.0346204005 -0.0233747996 -0.0610783994
v -0.034784399 -0.0237345006 -0.0622861013
v -0.0510373004 -0.0234168004 -0.0411871001
v -0.0497268997 -0.0230106991 -0.0411343984
v -0.0465403982 -0.0205371995 -0.0398366004
v -0.0457887016 -0.0194035992 -0.0398417003
v -0.0451591983 -0.0181588996 -0.0410551988
v -0.0449014008 -0.0167877991 -0.0396822989
v -0.0483933985 -0.0221825 -0.0392859988
v -0.0474391989 -0.0214945003 -0.0397952013
v 0.0456862003 -0.0185738001 -0.0361946002
v 0.0483765006 -0.0216547009 -0.0352242999
v 0.0531943999 -0.0229928996 -0.0341138989
v 0.0518091992 -0.0231603999 -0.0351831988
v 0.0530801006 -0.0224450007 -0.0329445004
v 0.0513769984 -0.0220768992 -0.0328725986
v 0.0499237999 -0.0222242996 -0.0342599005
v 0.0529852994 -0.0217163991 -0.0318777002
v 0.0529130995 -0.0208260994 -0.0309408009
v 0.0508598983 -0.0209049005 -0.0316614993
v 0.0490805991 -0.0210635997 -0.0331551991
v 0.0528638996 -0.0197972003 -0.0301584993
v 0.0505603999 -0.0199228991 -0.0309461001
v 0.0485421009 -0.0201488994 -0.0326055996
v 0.0473610014 -0.0204997994 -0.0347636007
v 0.0528406017 -0.0186563991 -0.0295509007
v 0.0510958992 -0.0181233007 -0.0297689997
v 0.0498410985 -0.0188242998 -0.0306599997
v 0.0485114008 -0.0184093993 -0.0313615017
v 0.0475425012 -0.0186264999 -0.0324267
v 0.0468114018 -0.0188877005 -0.0336764008
v 0.0463343002 -0.0191670991 -0.0349448994
v 0.0452256985 -0.0169808995 -0.0361520015
v 0.0456402004 -0.0170878991 -0.0347057991
v 0.0462381989 -0.0167040993 -0.0333421007
v 0.0470989011 -0.0163464006 -0.0320298001
v 0.0482048988 -0.0160479005 -0.0309263002
v 0.0495636016 -0.0151768001 -0.0299871992
v 0.0510690995 -0.0150039 -0.0293536
v 0.0529224984 -0.0148707004 -0.0289108008
v 0.0538436994 -0.0136329997 -0.0290942993
v 0.0496550016 -0.0176513996 -0.0302700009
v 0.0528423004 -0.0174334999 -0.0291341003
v 0.0495618992 -0.0164254997 -0.0300437007
v 0.0510386005 -0.0162742995 -0.0293875001
v 0.0528700985 -0.0161605999 -0.0289188996
v -0.0535649993 -0.0181044992 -0.0319494009
v -0.0536107011 -0.0167516004 -0.0316266008
v -0.0522641018 -0.0167577993 -0.031758599
v -0.0535240993 -0.0193799995 -0.0325013995
v -0.0522697009 -0.0181025006 -0.0320837982
v -0.0534804016 -0.0199595001 -0.0328841992
v -0.0523158014 -0.0193716995 -0.0326322988
v -0.0534514003 -0.0209614001 -0.0336642005
v -0.053462401 -0.0205400996 -0.0332666002
v -0.0517201014 -0.0205704998 -0.0335654989
v -0.0534304008 -0.0218282994 -0.0345925987
v -0.0534358993 -0.0215514004 -0.0342211016
v -0.0519539006 -0.0215553008 -0.0344755016
v -0.0534182005 -0.0225386992 -0.0356465988
v -0.0534196012 -0.0223824009 -0.0353363007
v -0.0522347018 -0.0223695002 -0.0355351008
v -0.0492467992 -0.0225987993 -0.0388915986
v -0.0522993989 -0.0153778996 -0.0316665992
v -0.0508157015 -0.0154576004 -0.0320315994
v -0.0494204983 -0.0156142004 -0.0326764993
v -0.0482045002 -0.0158206001 -0.0334820002
v -0.0471468009 -0.0160910003 -0.0345047005
v -0.0462910011 -0.0163982008 -0.035639599
v -0.045651 -0.0167506002 -0.0369197018
v -0.0452199988 -0.0171805993 -0.0383501984
v -0.053105101 -0.0233954992 -0.0379142016
v -0.0528725982 -0.0229905993 -0.0365984999
v -0.0513380989 -0.0229956005 -0.0373918004
v -0.0503575988 -0.0230720006 -0.0389136001
v -0.0503663011 -0.0224505998 -0.0367047004
v -0.0502424017 -0.0216051992 -0.0353758
v -0.0488126017 -0.0218014996 -0.037099801
v -0.0497246012 -0.0206518993 -0.0346005
v -0.0482591987 -0.0208644997 -0.0362344012
v -0.0474608988 -0.0211577993 -0.0382095985
v -0.0510329008 -0.0194038004 -0.032993
v -0.0498463996 -0.0194837991 -0.0336107984
v -0.0488413014 -0.0195958 -0.0343643017
v -0.0479956008 -0.0197470002 -0.0352996998
v -0.047342401 -0.0199203994 -0.0363117009
v -0.0468861982 -0.0201203991 -0.0374272987
v -0.0466182008 -0.0203354005 -0.0385808982
v -0.0508848988 -0.0181510001 -0.032460399
v -0.0495975018 -0.0182578005 -0.0331106
v -0.0484993011 -0.0184032992 -0.0339081995
v -0.0475675017 -0.0185965002 -0.0349031985
v -0.046838399 -0.0188167002 -0.0359870009
v -0.0463194996 -0.0190696009 -0.0371879004
v -0.0460028984 -0.0193409994 -0.0384389013
v -0.050810799 -0.0168225002 -0.0321369991
v -0.049454201 -0.0169556998 -0.0327962004
v -0.0482853986 -0.0171332993 -0.0336111002
v -0.0472820997 -0.0173672009 -0.0346359983
v -0.0464849994 -0.0176328998 -0.0357610993
v -0.0459044985 -0.0179375 -0.0370174013
v -0.0455298983 -0.0183108002 -0.0384320989
v -0.0536623001 -0.0153644998 -0.031543199
v -0.0537164994 -0.0139830997 -0.0317015983
v -0.0633729026 -0.0222705994 -0.0343971997
v -0.0636176988 -0.0154924002 -0.0313858017
v -0.0636771023 -0.0142224999 -0.0315711014
v -0.0635616034 -0.0167757999 -0.0314063989
v -0.0635097995 -0.0180395003 -0.0316323005
v -0.0634640977 -0.0192508996 -0.0320575982
v -0.0634253025 -0.0203788001 -0.0326715
v -0.063394703 -0.0213941 -0.0334581994
v -0.0633604974 -0.0229857992 -0.0354644991
v -0.0633649975 -0.0238627009 -0.0378707983
v -0.0633578002 -0.0235210992 -0.0366324
v 0.0639827996 -0.0238176994 -0.0351724997
v 0.0639740005 -0.0234692991 -0.0339181013
v 0.0639754012 -0.0229221992 -0.0327365994
v 0.0639872029 -0.0221909992 -0.0316593982
v 0.0640091002 -0.0212949999 -0.0307151992
v 0.0640403032 -0.0202578995 -0.0299286004
v 0.0640802011 -0.0191072002 -0.0293208007
v 0.0641276985 -0.0178734008 -0.0289076008
v 0.0641814023 -0.0165892001 -0.0287002996
v 0.064240098 -0.0152885998 -0.0287040006
v 0.0643021017 -0.0140059004 -0.0289188996
v 0.0654134974 0.0194313992 0.0447006002
v 0.0656682998 0.0214593001 0.0442591012
v 0.0662546009 0.0231906008 0.0432435982
v 0.0669159964 0.0241962001 0.0420981012
v 0.0675918013 0.0247904994 0.0409277007
v 0.0686317012 0.0250051003 0.0391265005
v 0.0696455985 0.0244954005 0.0373702012
v 0.0705111995 0.0233229008 0.0358709991
v 0.0711240992 0.0216291007 0.0348093994
v 0.0713704973 0.0200418998 0.0343828015
v 0.071415998 0.0189999994 0.0343037993
v 0.0713704973 0.0179581009 0.0343828015
v 0.071163699 0.0165407993 0.0347408988
v 0.0705773979 0.0148093998 0.0357563011
v 0.069730401 0.0135837002 0.0372233018
v 0.0687249973 0.0130112004 0.0389649011
v 0.0678950027 0.0130912 0.0404023007
v 0.0671864003 0.0135046002 0.0416297987
v 0.0664876997 0.0144036999 0.0428401008
v 0.0659772977 0.0154705001 0.0437240005
v 0.0655208007 0.0173517 0.0445147008
v -0.0697999969 3.91221013e-16 -0.00340003008
v 0.0649999976 -5.54113031e-18 0.0260000005
v -0.00935566984 0.00164965994 0.0670000017
v -0.0089271199 0.00324919005 0.0670000017
v -0.00822724029 0.00474999985 0.0670000017
v -0.00727738021 0.00610648002 0.0670000017
v -0.00610650983 0.00727741979 0.0670000017
v -0.00475001987 0.00822724029 0.0670000017
v -0.00324918004 0.00892707985 0.0670000017
v -0.00164963002 0.00935566984 0.0670000017
v -9.53674029e-09 0.00949999969 0.0670000017
v 0.00164961 0.00935566984 0.0670000017
v 0.00324916001 0.00892707985 0.0670000017
v 0.00474999985 0.00822724029 0.0670000017
v 0.0061064898 0.00727741979 0.0670000017
v 0.00727747986 0.00610648002 0.0670000017
v 0.00822721981 0.00474999985 0.0670000017
v 0.00892710034 0.00324919005 0.0670000017
v 0.00935565028 0.00164965994 0.0670000017
v 0.00950002018 1.20035012e-18 0.0670000017
v 0.00935565028 -0.00164965994 0.0670000017
v 0.00892710034 -0.00324919005 0.0670000017
v 0.00822721981 -0.00474999985 0.0670000017
v 0.00727747986 -0.00610648002 0.0670000017
v 0.0061064898 -0.00727741979 0.0670000017
v 0.00474999985 -0.00822724029 0.0670000017
v 0.00324916001 -0.00892707985 0.0670000017
v 0.00164961 -0.00935566984 0.0670000017
v -9.53674029e-09 -0.00949999969 0.0670000017
v -0.00164963002 -0.00935566984 0.0670000017
v -0.00324918004 -0.00892707985 0.0670000017
v -0.00475001987 -0.00822724029 0.0670000017
v -0.00610650983 -0.00727741979 0.0670000017
v -0.00727738021 -0.00610648002 0.0670000017
v -0.00822724029 -0.00474999985 0.0670000017
v -0.0089271199 -0.00324919005 0.0670000017
v -0.00935566984 -0.00164965994 0.0670000017
v -0.00950003974 3.69382996e-20 0.0670000017
v -0.00950003974 0 0.0670000017
v 0.00950002018 1.73472006e-18 0.0670000017

# 0 UV coordinates

# 7525 vertex normals
vn 0 0 1
vn -1.79840993e-06 7.58942008e-07 1
vn -5.12740996e-07 1.91359004e-06 1
vn -8.40132031e-07 1.80171003e-06 1
vn 2.60078991e-06 1.57437e-06 1
vn 0.866008997 1.56467995e-05 0.500029027
vn 0.866008997 1.41287992e-05 0.500028014
vn 0.866033018 -1.51896995e-06 0.499987006
vn 0.866029024 -3.14881981e-06 0.49999401
vn 0.866033018 -7.16742989e-06 0.499985993
vn 0.866042018 -6.60692012e-06 0.499971002
vn 0.866028011 -2.40315003e-05 0.499994993
vn 0.86601001 -2.09617992e-05 0.500025988
vn 0.866032004 -3.39471012e-06 0.49998799
vn 0.866037011 8.86598991e-06 0.499980003
vn 0.866020024 -6.59642978e-07 0.500010014
vn 0.866025984 1.05779e-05 0.499998987
vn 0.866023004 -4.58571003e-06 0.500003994
vn 0.866029024 3.55003999e-06 0.49999401
vn 0.866021991 -2.47470998e-05 0.500006974
vn 0.866020024 5.5125598e-05 0.500009
vn 0.866020977 5.92139986e-05 0.500006974
vn 0.866021991 -6.84171027e-05 0.500006974
vn 0.866024017 -5.88162984e-05 0.50000298
vn 0.866021991 2.51902002e-05 0.500005007
vn 0.866025984 1.27920994e-05 0.499998987
vn 0.866024971 -7.00421015e-06 0.5
vn 0.866025984 -1.03318998e-05 0.499998987
vn 0.866029978 -1.70737003e-05 0.499992013
vn 0.866025984 1.38644e-05 0.499998987
vn 0.866032004 1.50056007e-06 0.499989003
vn 0.866023004 7.49278024e-06 0.500005007
vn 0.86601299 3.38936989e-05 0.500020981
vn 0.866042018 3.26657005e-06 0.499971002
vn 0.866029978 2.61363016e-06 0.499992013
vn 0.866033018 -1.43318994e-06 0.499987006
vn 0.866033018 -1.47284993e-06 0.499985993
vn 0.86601299 -1.71450993e-05 0.500020981
vn 0.866008997 -1.49984999e-05 0.500028014
vn 0.866008997 -1.51654003e-05 0.500028014
vn 0.866028011 1.92668995e-05 0.499994993
vn 0.866024971 1.85779991e-05 0.500001013
vn 0.866015971 7.30593001e-06 0.500016987
vn 0.866016984 1.36121998e-05 0.500014007
vn 0.866020977 1.72230993e-05 0.500007987
vn 0.866019011 1.10203e-05 0.500011981
vn 0.866015971 -2.25496005e-05 0.500015974
vn 0.866015971 -2.20205984e-05 0.500015974
vn 0.866029978 5.7856596e-05 0.499992996
vn 0.866033018 2.26146003e-05 0.499987006
vn 0.866014004 -6.05436981e-05 0.500020027
vn 0.86601299 1.99746992e-05 0.500021994
vn 0.866016984 4.22819994e-06 0.500014007
vn 0.866016984 -1.28570991e-05 0.50001502
vn 0.866017997 -2.10571998e-05 0.500011981
vn 0.866033971 -4.54682013e-05 0.499985993
vn 0.866023004 8.1472599e-06 0.500003994
vn 0.866020977 1.15922994e-05 0.500006974
vn 0.866026998 -1.23771997e-05 0.499998003
vn 0.866008997 1.54852987e-05 0.500028014
vn 0.0249719005 -0.149566993 0.988435984
vn 0.0139426999 -0.168761998 0.985557973
vn 0.0230225008 -0.193430007 0.980844021
vn 0.0109462002 -0.206296995 0.978428006
vn 0.000798437977 -0.201612994 0.979465008
vn 0.00346899009 -0.0312567987 0.999504983
vn 0.00445043016 -0.0266897008 0.999634027
vn -0.0104703 -0.120241001 0.992689013
vn 0.0133641995 -0.0492421985 0.998696983
vn 0.00737974001 -0.0753215998 0.997132003
vn 0.00116359 -0.179193005 0.983812988
vn -0.0084226802 -0.202491999 0.979247987
vn 0.00336469011 -0.120246999 0.992738008
vn 0.00336113991 -0.118836999 0.992908001
vn 0.00408688979 -0.10024 0.994955003
vn 0.00161272998 -0.00522777997 0.99998498
vn 0.000845821982 -0.0311958008 0.99951297
vn -0.000199354996 0.0216534007 0.999765992
vn 0.00273715006 0.0579820983 0.998314023
vn 0.00499043008 0.0491123982 0.998781025
vn -0.00989730004 0.146764994 0.989121974
vn 0.00767400023 0.0692896023 0.997566998
vn 0.000242326001 0.219560996 0.975598991
vn 0.00727930013 0.201617002 0.979436994
vn 0.000533226994 0.206614003 0.978421986
vn 0.00713704014 0.172602996 0.98496598
vn 0.0108503001 0.159154996 0.987194002
vn 0.0153077003 0.144677997 0.989359975
vn -0.0135525996 0.215553001 0.976397991
vn 0.00956397038 0.116112001 0.993189991
vn 0.00229343004 0.146805003 0.989162982
vn 0.00229196995 0.112530001 0.993646026
vn 0.00437247008 0.0875440016 0.99615097
vn 0.0841820985 -0.256033003 0.962996006
vn 0.21356 -0.331360996 0.919017017
vn 0.250090003 -0.339448988 0.906768978
vn 0.409038991 -0.317609996 0.855458975
vn 0.388592988 -0.314227998 0.866173029
vn 0.556264997 -0.291664988 0.778138995
vn 0.52223599 -0.287932992 0.802722991
vn 0.662360013 -0.252577007 0.705326021
vn 0.687842011 -0.253888994 0.680010021
vn 0.770295978 -0.212456003 0.601255
vn 0.799969971 -0.211958006 0.561357975
vn 0.889384985 -0.161835998 0.427554995
vn 0.86786902 -0.163983002 0.46894899
vn 0.953550994 -0.109632999 0.28057301
vn 0.935990989 -0.113229997 0.333317012
vn 0.985783994 -0.0497024991 0.160499007
vn 0.990619004 -0.0506229997 0.126930997
vn 0.992659986 -0.00890440028 0.120610997
vn 0.990616024 -0.00606063986 0.136537001
vn 0.953619003 -0.0201041009 0.300343007
vn 0.96400398 -0.0274036005 0.264470994
vn 0.889473975 -0.0334967002 0.455756009
vn 0.899460018 -0.0421595015 0.434964001
vn 0.799986005 -0.0405128002 0.598649025
vn 0.805016994 -0.0455419011 0.591500998
vn 0.688080013 -0.0597063005 0.723173976
vn 0.657718003 -0.0416160002 0.752113998
vn 0.409198999 -0.0741477981 0.909428
vn 0.38193199 -0.0615929998 0.922136009
vn 0.556532025 -0.0697378963 0.827893972
vn 0.516267002 -0.0487289988 0.855040014
vn 0.250191003 -0.0745569021 0.965321004
vn 0.243224993 -0.0713009015 0.967346013
vn 0.0691753998 -0.0686284006 0.995240986
vn 0.0843285024 -0.346368998 0.934300005
vn 0.0758342966 -0.344107985 0.935863018
vn 0.0840812027 -0.164930999 0.982715011
vn 0.0841355994 -0.164863005 0.982721984
vn 0.0841526985 -0.076956898 0.993476987
vn 0.0840388015 -0.256105989 0.962988973
vn 0.25009799 -0.248846993 0.935696006
vn 0.250144005 -0.248821005 0.935689986
vn 0.409052014 -0.234507993 0.881862998
vn 0.409072012 -0.234494999 0.881856978
vn 0.556339025 -0.213539004 0.803049028
vn 0.55636102 -0.213523 0.803038001
vn 0.687960029 -0.186491996 0.701379001
vn 0.687907994 -0.186536998 0.701417983
vn 0.800050974 -0.154188007 0.579779029
vn 0.800078988 -0.154158995 0.579748988
vn 0.889473975 -0.117435001 0.441639006
vn 0.889463007 -0.117449999 0.441657007
vn 0.953643978 -0.0773404017 0.290829986
vn 0.953643978 -0.0773411989 0.290831
vn 0.990647018 -0.0350672007 0.131864995
vn 0.990647972 -0.0350654982 0.131862998
vn 0.0841822028 -0.164878994 0.982715011
vn 0.250144988 -0.160206005 0.954861999
vn 0.250097007 -0.160231993 0.954869986
vn 0.409072012 -0.151011005 0.899919987
vn 0.409052014 -0.151023 0.89992702
vn 0.556351006 -0.137523994 0.819487989
vn 0.556339025 -0.137532994 0.819495022
vn 0.687931001 -0.120123997 0.715766013
vn 0.687960029 -0.120102003 0.715741992
vn 0.800058007 -0.0992790982 0.591651022
vn 0.800050974 -0.0992854014 0.591659009
vn 0.889468014 -0.0756307021 0.450695992
vn 0.889473975 -0.0756231025 0.450686008
vn 0.953643978 -0.0497996993 0.296788007
vn 0.953643978 -0.0497999005 0.296788007
vn 0.990647972 -0.0225786008 0.134560004
vn 0.990647018 -0.0225828998 0.134567007
vn -0.865104973 -0.130482003 -0.484322011
vn -0.868198991 -0.128423005 -0.479310989
vn -0.869418979 -0.207796007 -0.448253989
vn -0.865190029 -0.211917996 -0.454463989
vn -0.865186989 -0.287613988 -0.410766006
vn -0.865159988 -0.287647992 -0.410800993
vn -0.865159988 -0.354613006 -0.354611009
vn -0.865158975 -0.35461399 -0.354611009
vn -0.865158975 -0.410804003 -0.287645012
vn -0.865155995 -0.41080901 -0.287647992
vn -0.865157008 -0.45451501 -0.211942002
vn -0.865171015 -0.454492003 -0.211935997
vn -0.865167022 -0.484396011 -0.129794002
vn -0.865168989 -0.484391987 -0.129794002
vn -0.865163028 -0.499581993 -0.0437086001
vn -0.865159988 -0.499586999 -0.0437082015
vn -0.865134001 -0.499572992 0.0443850011
vn -0.868157983 -0.494399995 0.0432544015
vn -0.869361997 -0.477407992 0.127641007
vn -0.868167996 -0.479360998 0.128442004
vn -0.869377017 -0.447966993 0.208590999
vn -0.868160009 -0.449784994 0.209740996
vn -0.869377017 -0.405420005 0.282521993
vn -0.865158975 -0.410804003 0.287645012
vn -0.865158975 -0.354613006 0.354611009
vn -0.865159988 -0.354613006 0.354609996
vn -0.865158975 -0.287642002 0.410806
vn -0.865186989 -0.287620991 0.410762012
vn -0.865163982 -0.211322993 0.454789996
vn -0.868194997 -0.209711999 0.449732006
vn -0.869422972 -0.128956005 0.476942003
vn -0.865131021 -0.129802004 0.484456986
vn -0.865130007 -0.0437120982 0.499639004
vn -0.865145028 -0.0437137 0.499614
vn -0.865145028 0.0437099002 0.499614
vn -0.865130007 0.0437158011 0.499637991
vn -0.865131021 0.129818007 0.484454006
vn -0.865193009 0.129775003 0.484355003
vn -0.865190983 0.211916998 0.454461992
vn -0.865190029 0.211917996 0.454463989
vn -0.865186989 0.287613988 0.410766006
vn -0.865159988 0.287647992 0.410800993
vn -0.865159988 0.354613006 0.354611009
vn -0.865158975 0.35461399 0.354611009
vn -0.865132987 0.411228001 0.287115991
vn -0.868161023 0.40653199 0.284653008
vn -0.869388998 0.447360992 0.209833995
vn -0.865171015 0.454492003 0.211935997
vn -0.865140975 0.484614015 0.129152
vn -0.868158996 0.479377002 0.128445998
vn -0.869364023 0.492269009 0.0433401018
vn -0.868158996 0.494397014 0.0432540998
vn -0.869386017 0.492350012 -0.0419611
vn -0.865163028 0.499581993 -0.0437077992
vn -0.865168989 0.484391987 -0.129793003
vn -0.865167022 0.484396011 -0.129795
vn -0.865171015 0.454492986 -0.211932003
vn -0.865157008 0.454513013 -0.211944997
vn -0.865155995 0.410807997 -0.287647992
vn -0.865158975 0.410804003 -0.287645012
vn -0.865132987 0.354167014 -0.355120003
vn -0.868157029 0.350932002 -0.350928992
vn -0.869368017 0.283659011 -0.404642999
vn -0.868192017 0.284626007 -0.406486005
vn -0.869415998 0.209812 -0.447319001
vn -0.865190983 0.211916998 -0.454461992
vn -0.865193009 0.129789993 -0.484349996
vn -0.865131021 0.129802004 -0.484456986
vn -0.865130007 0.0437120982 -0.499639004
vn -0.865145028 0.0437137 -0.499614
vn -0.865145028 -0.0437099002 -0.499614
vn -0.865130007 -0.0437158011 -0.499637991
vn -0.0984489024 0.00280356989 0.99513799
vn 0.780925989 -0.000175031993 0.624623001
vn -0.636452019 -0.0215697996 -0.771014988
vn 0.949118972 -0.000453232991 0.314916015
vn 0.946834028 -0.000121382 0.321722001
vn 0.945360005 -2.60921988e-05 0.326027989
vn 0.958406985 -0.00551453 0.285351992
vn 0.955018997 -0.00276859989 0.296532989
vn 0.951892018 -0.00123069005 0.306430012
vn 0.94443202 4.88337992e-06 0.32870701
vn 0.945360005 2.60921988e-05 0.326027989
vn 0.946897984 0.000125542996 0.321534008
vn 0.949081004 0.000442498014 0.315032989
vn 0.951883972 0.00122821005 0.306457013
vn 0.955022991 0.00277233007 0.296517998
vn 0.983265996 -0.00855820999 0.181976005
vn 0.995115995 0.000137912997 0.0987150967
vn 0.985871971 -0.000606698974 0.167500004
vn 0.988469005 -0.0457335003 0.144354001
vn 0.986343026 -0.0223146006 0.163184002
vn 0.978608012 0 0.205734998
vn 0.960915983 0 0.276841998
vn 0.966417015 -0.0192309003 0.256256014
vn 0.96193099 -0.0100584002 0.273108989
vn 0.99989599 0 -0.0143986
vn 0.999897003 0 0.0143719995
vn 0.997952998 -0.0307966005 0.056051001
vn 0.997741997 -0.0460077003 0.0489347018
vn 0.997161984 -0.0136575 0.0740405992
vn 0.998665988 -0.0234022997 -0.0460214987
vn 0.997748017 -0.0368723013 -0.0560387
vn 0.997161984 -0.0136588002 -0.0740396008
vn 0.979520977 -0.00157100998 -0.201336995
vn 0.983269989 -0.00857727975 -0.181950003
vn 0.986337006 -0.0222851001 -0.163223997
vn 0.988489985 -0.0460009016 -0.144124001
vn 0.985871971 -0.00044341301 -0.167500004
vn 0.995094001 0.000285407004 -0.0989355966
vn 0.949110985 0.000450946012 -0.314940989
vn 0.946869016 0.000123670005 -0.321617991
vn 0.94530803 2.2722299e-05 -0.326180011
vn 0.958428025 0.00553205004 -0.285281003
vn 0.95501101 0.00276269997 -0.296557009
vn 0.951875985 0.00122610002 -0.30647999
vn 0.944598019 -5.18227989e-06 -0.328231007
vn 0.945272982 -2.04907992e-05 -0.326281011
vn 0.94689101 -0.000125068997 -0.321554989
vn 0.949097991 -0.000447372993 -0.31498
vn 0.951894999 -0.00123145001 -0.306421995
vn 0.954999983 -0.00275392993 -0.29659301
vn 0.958428025 -0.00553171989 -0.285281986
vn 0.96193397 -0.0100643998 -0.273097992
vn 0.960884988 -0.00802305993 -0.276832998
vn 0.971418023 0 -0.237377003
vn 0.976162016 0 -0.217042997
vn 0.983267009 0.00856219977 -0.181970999
vn 0.995117009 -0.000138018004 -0.0987052992
vn 0.985871971 0.000606698974 -0.167500004
vn 0.988467991 0.0457018986 -0.144370005
vn 0.98633498 0.0222755 -0.163237005
vn 0.97862798 0 -0.205641001
vn 0.960915983 0 -0.276841998
vn 0.966417015 0.0192309003 -0.256256014
vn 0.961934984 0.0100675002 -0.273092002
vn 0.999897003 0 0.0143817998
vn 0.999897003 0 -0.0143825002
vn 0.997954011 0.0307675004 -0.0560503006
vn 0.997741997 0.0460465997 -0.0489044003
vn 0.997162998 0.0136815999 -0.0740220025
vn 0.998670995 0.0233129002 0.0459562019
vn 0.997747004 0.0368712991 0.056039501
vn 0.997160971 0.0136411004 0.0740533024
vn 0.983267009 0.00856207032 0.181970999
vn 0.979511023 0.00156620995 0.201385006
vn 0.958405018 0.00551284989 0.285358995
vn 0.961934984 0.0100664003 0.273093998
vn 0.960884988 0.00802305993 0.276832998
vn 0.971418023 0 0.237377003
vn 0.976162016 0 0.217042997
vn 0.986341 0.0223053005 0.163195997
vn 0.988492012 0.0460641012 0.144090995
vn 0.985871971 0.000443413999 0.167500004
vn 0.995087981 -0.000284742011 0.0989985019
vn -0.951499999 0.000997658004 0.307646006
vn -0.960153997 0.00688420003 0.279386997
vn -0.956964016 0.0038377801 0.290179998
vn -0.954086006 0.00203762995 0.299526006
vn -0.948957026 0.000348561007 0.315403998
vn -0.946946025 0.000116793002 0.321393996
vn -0.945702016 0 0.325035006
vn -0.947018027 -0.000123587 0.321182013
vn -0.948934972 -0.000344570988 0.315470994
vn -0.951511979 -0.00100225001 0.307610005
vn -0.954077005 -0.00203387998 0.299555004
vn -0.956969976 -0.00384351006 0.29016
vn -0.984035015 0.00981399976 0.177705005
vn -0.98051399 0.00257457001 0.196429998
vn -0.976815999 0 0.214081004
vn -0.960919023 0 0.276829988
vn -0.967109025 0.0196502991 0.253601998
vn -0.963449001 0.0116384998 0.267639995
vn -0.999903023 0 0.0139343999
vn -0.998130977 0.0243602991 0.0560477003
vn -0.998088002 0.0401795991 0.0469679013
vn -0.997322977 0.0129075004 0.0719721019
vn -0.995245993 0 0.0973969996
vn -0.985870004 0 0.167512998
vn -0.988949001 0.0429719016 0.141891003
vn -0.986894011 0.0227109995 0.159762993
vn -0.995356023 0.000567260024 -0.0962615013
vn -0.99732399 0.0129234996 -0.071955502
vn -0.997968972 0.0302999001 -0.0560377985
vn -0.998878002 0.0174279995 -0.044036001
vn -0.999903023 0 -0.0139603
vn -0.980525017 0.00258212001 -0.196377993
vn -0.984040022 0.00983573031 -0.177674994
vn -0.986890018 0.0226895995 -0.159793004
vn -0.985773981 0.0139242001 -0.167496994
vn -0.992440999 -0.000486858014 -0.122717999
vn -0.951516986 -0.00100433 -0.307594001
vn -0.960156024 -0.00688576978 -0.279381007
vn -0.956963003 -0.00383614004 -0.290185988
vn -0.954065025 -0.00202900008 -0.299593002
vn -0.948952973 -0.000347727007 -0.315418988
vn -0.946933985 -0.000115681003 -0.321429014
vn -0.945702016 0 -0.325035006
vn -0.947005987 0.000122533995 -0.321215004
vn -0.948930025 0.000343755994 -0.315486014
vn -0.95152998 0.00100956997 -0.307552993
vn -0.954051018 0.00202352996 -0.299636006
vn -0.956973016 0.00384614011 -0.290151
vn -0.960152984 0.00688354019 -0.279388994
vn -0.963465989 0.0116742002 -0.267576993
vn -0.960900009 0.00637217006 -0.276823997
vn -0.97229898 0 -0.233741
vn -0.976815999 0 -0.214081004
vn -0.984036028 -0.00981996953 -0.177697003
vn -0.980531991 -0.00258709001 -0.196344003
vn -0.960919023 0 -0.276829988
vn -0.967109025 -0.0196502991 -0.253601998
vn -0.963464975 -0.0116729001 -0.267580003
vn -0.999903023 0 -0.0138964998
vn -0.998130977 -0.0243558008 -0.0560468994
vn -0.998088002 -0.0401738994 -0.0469719991
vn -0.99732399 -0.0129153002 -0.0719631016
vn -0.995247006 0 -0.0973846018
vn -0.985870004 0 -0.167512998
vn -0.988946021 -0.0429060012 -0.141929999
vn -0.986890972 -0.0226964001 -0.159783006
vn -0.995353997 -0.000576485996 0.0962835029
vn -0.997322023 -0.0128795998 0.0719975978
vn -0.997968972 -0.0303006992 0.0560385995
vn -0.998879015 -0.0174051002 0.0440145992
vn -0.999903977 0 0.0138943
vn -0.980521023 -0.00257949997 0.196395993
vn -0.96013999 -0.00687080016 0.279433995
vn -0.963460028 -0.0116629004 0.26759699
vn -0.960900009 -0.00637217006 0.276823997
vn -0.97229898 0 0.233741
vn -0.984031975 -0.00980240013 0.177720994
vn -0.986896992 -0.0227256995 0.159741998
vn -0.985774994 -0.0138873998 0.167496994
vn -0.992442012 0.000473885011 0.122717001
vn 0.943215013 0 0.33218199
vn 0.927605987 0.0274598002 0.372548997
vn 0.921709001 0.0205294993 0.387338996
vn 0.923882008 -0.000524969015 0.382676989
vn 0.918316007 0.0338042006 0.394401014
vn 0.924383998 0.0127010001 0.381253004
vn 0.926878989 0.00712891016 0.375292003
vn 0.929602981 0.00224439008 0.368557006
vn 0.924795985 -0.00518692983 0.380427986
vn 0.921558022 -0.00880399998 0.388141006
vn 0.917095006 -0.0149093 0.398391008
vn 0.901763022 0.000358426012 0.432231009
vn 0.905924022 -0.000113962 0.423440993
vn 0.924852014 -0.000846150971 0.38032499
vn 0.928005993 0.0520282015 0.368914992
vn 0.94443202 -4.88337992e-06 0.32870701
vn 0.943937004 0 0.330127001
vn 0.930746019 0.000456731999 0.365664989
vn 0.928390026 -0.00169277005 0.371603996
vn 0.930218995 0.00514259981 0.366968006
vn 0.931690991 0.00350219989 0.36323601
vn 0.930052996 0.00426226016 0.367399991
vn 0.929769993 0.00585212 0.368095011
vn 0.929709971 0.00601956015 0.368241996
vn 0.935395002 0.00125253003 0.353603989
vn 0.936196029 0.000869471987 0.351476997
vn 0.937023997 0.00053247402 0.349263996
vn 0.93877703 -0.000167716003 0.344527006
vn 0.937583983 -0.000773722015 0.347757995
vn 0.935802996 -0.00179345999 0.352517992
vn 0.934026003 -0.00304652005 0.357190996
vn 0.931788027 -0.00508943992 0.362969011
vn 0.928530991 -0.0091406703 0.371143013
vn 0.924853027 -0.0153294997 0.380014986
vn 0.920228004 -0.0254880004 0.390551001
vn 0.923775017 -0.0152551997 0.382633001
vn 0.908879995 -0.00200312003 0.417053998
vn 0.851414025 -0.000466474012 0.524495006
vn 0.886780024 0.0176526997 0.461854994
vn 0.862255991 0.026168 0.505797029
vn 0.871272027 0.0948439986 0.481548995
vn 0.87567699 0.0705782995 0.477712005
vn 0.895968974 0.00156856002 0.444112986
vn 0.833521008 0.00446621981 0.552470028
vn 0.839667022 -0.00509666977 0.543078005
vn 0.82080698 0.00835387036 0.571144998
vn 0.811743975 0.0234504994 0.583543003
vn 0.825091004 -0.0203884002 0.564631999
vn 0.801021993 0.0214536991 0.598249972
vn 0.812879026 -0.0183243994 0.582144022
vn 0.792110026 0.0210417006 0.610015988
vn 0.805597007 -0.0125970999 0.592329025
vn 0.801051021 -0.00613373984 0.598564982
vn 0.797895014 -0.00327781006 0.602787971
vn 0.794638991 0.000724743004 0.607082009
vn 0.792711973 -0.000174964996 0.609596014
vn 0.794583023 -0.00115837005 0.607154012
vn 0.796941996 0.00190914003 0.604052007
vn 0.800049007 0.00385034992 0.599923015
vn 0.803303003 0.00673798984 0.595532
vn 0.80697602 0.0112180999 0.59047699
vn 0.811644971 0.0203906 0.583795011
vn 0.816631019 0.0373575017 0.575949013
vn 0.815228999 0.0288155992 0.57842201
vn 0.839388013 0.00256543001 0.543525994
vn 0.871417999 -0.00172381999 0.490538001
vn 0.863111019 0.00195467006 0.505011022
vn 0.853511989 -0.0067199301 0.521028996
vn 0.852608979 -0.00523312995 0.522523999
vn 0.880587995 -0.000567469979 0.47388199
vn 0.877815008 0.00175709999 0.478996009
vn 0.898418009 -0.00642467989 0.439094007
vn 0.889346004 -0.000435677008 0.457233995
vn 0.888686001 0.0039505302 0.458499014
vn 0.895156026 0.000372195995 0.445753008
vn 0.903104007 -0.000156679002 0.429421008
vn 0.901540995 -0.000536832027 -0.432693988
vn 0.894023001 0.00138153997 -0.448018998
vn 0.87508899 0.0171466004 -0.483657986
vn 0.906535983 -0.00119038997 -0.422127008
vn 0.923830986 -0.0105491998 -0.382656008
vn 0.916176021 -0.0362140015 -0.39913699
vn 0.92157501 -0.0222961009 -0.38756001
vn 0.924912989 -0.0154582001 -0.379864991
vn 0.927534997 -0.0106517002 -0.373584002
vn 0.930540979 -0.00649762992 -0.366131008
vn 0.932480991 -0.00447718985 -0.361191005
vn 0.933802009 -0.00323031005 -0.357775003
vn 0.935775995 -0.00181445002 -0.352591991
vn 0.937415004 -0.000866785995 -0.348212987
vn 0.939934015 0.000426567014 -0.341354996
vn 0.939099014 0 -0.343647003
vn 0.944073021 0 -0.329735994
vn 0.944482982 4.0497298e-06 -0.328559995
vn 0.932784021 -2.21604e-06 -0.360437006
vn 0.928739011 0.000131699999 -0.370734006
vn 0.923078001 -0.00198682002 -0.384609014
vn 0.923174977 -0.00186873996 -0.384373993
vn 0.924670994 -0.000950199028 -0.380766004
vn 0.924719989 0.000919864979 -0.380647004
vn 0.923165977 0.00187469996 -0.384398013
vn 0.923080981 0.00197732006 -0.384600013
vn 0.923479974 0.000871564029 -0.383646011
vn 0.923480988 -0.000868649979 -0.383644015
vn 0.92819798 0 -0.372087002
vn 0.931327999 0 -0.364181012
vn 0.93137002 -1.09256007e-06 -0.364073992
vn 0.932581007 3.72003001e-06 -0.360960007
vn 0.935563982 0.000504870026 -0.353156
vn 0.939036012 -3.14444987e-05 -0.343820006
vn 0.935271978 7.42589009e-06 -0.353929996
vn 0.945321023 -0.00326772011 -0.326124996
vn 0.937575996 0.000777954003 -0.347781003
vn 0.93580699 0.00179051002 -0.352506995
vn 0.934020996 0.00304998993 -0.35720399
vn 0.931792974 0.0050832401 -0.362955004
vn 0.928529024 0.00914255995 -0.371145993
vn 0.924853981 0.0153277004 -0.380012989
vn 0.920228004 0.0254889 -0.390552014
vn 0.923775017 0.0152551997 -0.382633001
vn 0.908881009 0.00200430001 -0.417050987
vn 0.901664972 0.00048652399 -0.432435006
vn 0.815548003 -0.0069670002 -0.578647971
vn 0.867223978 0.00588432001 -0.497884005
vn 0.875203013 0.00588364014 -0.483720988
vn 0.866948009 -0.0235265009 -0.497842997
vn 0.894165993 -0.00125658 -0.447733998
vn 0.745629013 -0.00451382995 -0.666346014
vn 0.811590016 0.00439683022 -0.584210992
vn 0.665835023 -0.000755461981 -0.746098995
vn 0.666343987 -0.00196253997 -0.745642006
vn 0.743143022 0.00188394997 -0.669130027
vn 0.58060801 0.000725288992 -0.814182997
vn 0.578674018 -0.00338920997 -0.815551996
vn 0.488480002 0.00331543991 -0.872569025
vn 0.483711004 -0.00587901985 -0.87520802
vn 0.390527993 0.00572350994 -0.920572996
vn 0.382663995 -0.00823181961 -0.923851013
vn 0.287930012 0.00795193017 -0.957617998
vn 0.276827008 -0.0104210004 -0.960862994
vn 0.181966007 0.0100942999 -0.983253002
vn 0.181917995 0.0100942999 -0.983262002
vn 0.167484999 -0.0124601005 -0.985795975
vn 0.0738288984 0.0120420996 -0.997197986
vn 0.073752597 0.0120420996 -0.997204006
vn 0.0560717992 -0.0143536003 -0.998323977
vn -0.0353417993 0.0138878999 -0.999279022
vn -0.0352755003 0.0138878999 -0.999280989
vn -0.0560703017 -0.0160999 -0.998296976
vn -0.143897995 0.0155544998 -0.989470005
vn -0.167472005 -0.0176631995 -0.985719025
vn -0.250833988 0.0170629006 -0.967880011
vn -0.250820994 0.0170629006 -0.967882991
vn -0.276791006 -0.0190992001 -0.96073997
vn -0.354746997 0.0183905009 -0.934781015
vn -0.382602006 -0.0203888007 -0.923687994
vn -0.454432011 0.0196020007 -0.890565991
vn -0.483601004 -0.0215208996 -0.875024021
vn -0.548716009 0.0206677001 -0.835753024
vn -0.578530014 -0.0225010999 -0.815349996
vn -0.636454999 0.0215687994 -0.771012008
vn -0.666163981 -0.0233376995 -0.745440006
vn -0.716627002 0.0223335009 -0.69709897
vn -0.745422006 -0.0240084995 -0.666161001
vn -0.788278997 0.0229471996 -0.614889979
vn -0.815321982 -0.0245472006 -0.578486979
vn -0.847226977 0.0185214002 -0.530907989
vn -0.896248996 -0.000409547007 -0.443551004
vn -0.889560997 -0.00430259993 -0.45679599
vn -0.88152498 -0.0135575002 -0.471942008
vn -0.874948025 -0.0250684004 -0.483566999
vn -0.87422502 -0.0236239005 -0.484946996
vn -0.923877001 -0.000292806013 -0.382687986
vn -0.91108799 0.0421582013 -0.410048991
vn -0.915072024 0.0310319997 -0.40209499
vn -0.918233991 0.0228700005 -0.395379007
vn -0.92167002 0.0155161005 -0.38766399
vn -0.923744977 0.0118338997 -0.382826
vn -0.925499022 0.00893219002 -0.378645986
vn -0.927331984 0.00636730995 -0.374186009
vn -0.929181993 0.00395275 -0.369601995
vn -0.932510018 6.7944995e-05 -0.36114499
vn -0.936313987 -0.0041145198 -0.351139992
vn -0.932533979 0 -0.361081004
vn -0.924745023 -0.00244427007 -0.380580008
vn -0.909003973 0.00183990004 -0.416783988
vn -0.90911001 0.00172632001 -0.416552991
vn -0.910749018 0.000840442022 -0.412961006
vn -0.914368987 0 -0.404882014
vn -0.910741985 -0.000844113994 -0.412975013
vn -0.909106016 -0.00172824005 -0.416559994
vn -0.909006 -0.00183545996 -0.416779995
vn -0.909438014 -0.000778669026 -0.41584
vn -0.909437001 0.000781500014 -0.415841997
vn -0.918067992 1.34966986e-05 -0.396423012
vn -0.916239977 0 -0.400631011
vn -0.914479017 -2.55374998e-05 -0.404632986
vn -0.918537021 -1.33988999e-06 -0.395336002
vn -0.932092011 1.7287799e-05 -0.362221003
vn -0.942570984 0.0112450998 -0.333817005
vn -0.935200989 0.00288714003 -0.354104996
vn -0.931716979 -0.000965940009 -0.363184005
vn -0.928972006 -0.00423139986 -0.370126009
vn -0.926742017 -0.00712714996 -0.375631005
vn -0.924332023 -0.0107688 -0.381437004
vn -0.921037018 -0.0167245008 -0.389115989
vn -0.917176008 -0.0253860001 -0.397673994
vn -0.91248101 -0.0380167998 -0.40734899
vn -0.923873007 -0.00297093997 -0.382687002
vn -0.90240401 0.000215944994 -0.430891991
vn -0.874952972 0.0248530004 -0.483568996
vn -0.876697004 0.0213568006 -0.480569005
vn -0.885344028 0.00860708021 -0.464857012
vn -0.894638002 0.00102137995 -0.44679001
vn -0.900893986 -0.000293512014 -0.43404001
vn -0.81535399 -0.0229257997 -0.578508973
vn -0.787133992 0.0585079007 -0.614000022
vn -0.847226977 -0.0185214002 -0.530907989
vn -0.666190982 -0.0215534009 -0.745469987
vn -0.635842979 0.0488663018 -0.77026999
vn -0.716642976 -0.0223382004 -0.697081983
vn -0.745450974 -0.0223181006 -0.666186988
vn -0.715772986 0.053601101 -0.696273029
vn -0.788285017 -0.0229495 -0.614881992
vn -0.548295975 0.0442619994 -0.835111976
vn -0.578553975 -0.0206534993 -0.815383017
vn -0.548694015 -0.0206672996 -0.835767984
vn -0.483601004 0.0215201005 -0.875024021
vn -0.454427004 -0.0196049009 -0.890568018
vn -0.382602006 0.0203898009 -0.923687994
vn -0.354743987 -0.0183924008 -0.934782982
vn -0.276791006 0.0190999005 -0.96073997
vn -0.250820011 -0.0170629006 -0.967882991
vn -0.250833988 -0.0170629006 -0.967880011
vn -0.167472005 0.0176631995 -0.985719025
vn -0.143900007 -0.0155528998 -0.989470005
vn -0.0560703017 0.0160987992 -0.998296976
vn -0.0352766998 -0.0138878999 -0.999280989
vn -0.0353417993 -0.0138878999 -0.999279022
vn 0.0560717992 0.0143536003 -0.998323977
vn 0.073752597 -0.0120420996 -0.997204006
vn 0.0738288984 -0.0120420996 -0.997197986
vn 0.167484999 0.0124601005 -0.985795975
vn 0.181917995 -0.0100942999 -0.983262002
vn 0.181966007 -0.0100942999 -0.983253002
vn 0.276827008 0.0104210004 -0.960862994
vn 0.287930012 -0.00795159955 -0.957617998
vn 0.382663995 0.00823222008 -0.923851013
vn 0.390527993 -0.00572357001 -0.920572996
vn 0.483709991 0.00587852998 -0.87520802
vn 0.488480985 -0.00331658009 -0.872568011
vn 0.578674018 0.00338909007 -0.815551996
vn 0.58060801 -0.000724389974 -0.814182997
vn 0.666345 0.000765039993 -0.74564302
vn 0.66583401 0.00198652991 -0.746097982
vn 0.745629013 0.00451386999 -0.666346014
vn 0.743143022 -0.00188368 -0.669130027
vn 0.867178023 -0.00587191014 -0.497963995
vn 0.815548003 0.00696707005 -0.578647971
vn 0.811590016 -0.00439667981 -0.584210992
vn 0.901544988 0.000536182022 0.432686001
vn 0.894020021 -0.00138383999 0.448024988
vn 0.87508899 -0.0171466004 0.483657986
vn 0.706692994 -0.000478637987 0.707521021
vn 0.745631993 0.00363357994 0.666348994
vn 0.729632974 0.0370072983 0.682837009
vn 0.739380002 0.0213325005 0.672950029
vn 0.746676028 0.0128257005 0.665064991
vn 0.752245009 0.00783883967 0.65883702
vn 0.756192029 0.00504645007 0.654331028
vn 0.759261012 0.00322036003 0.650779009
vn 0.759415984 0.00315367989 0.65059799
vn 0.76324898 0.00196856004 0.646102011
vn 0.770597994 0.00056505698 0.637322009
vn 0.694244027 0.00206053001 0.719736993
vn 0.578577995 0.0184448995 0.815418005
vn 0.639909983 -0.0150290001 0.768302977
vn 0.666270018 -0.0150196003 0.745558977
vn 0.639208019 0.0476391986 0.767557025
vn 0.682821989 0.00849911012 0.730534971
vn 0.483657986 0.0159351993 0.875111997
vn 0.558438003 -0.0150575005 0.829410017
vn 0.382645011 0.0130463997 0.923803985
vn 0.466453999 -0.0123615004 0.884459019
vn 0.276829004 0.00975767989 0.960870028
vn 0.369094998 -0.0092697097 0.929346025
vn 0.167508006 0.00607465999 0.985852003
vn 0.267565012 -0.00579879014 0.963522017
vn 0.26750201 -0.00579879014 0.963540018
vn -0.0511715002 -0.00223266007 0.998687029
vn 0.0562589988 0.0023541199 0.998413026
vn 0.0560641997 0.00201020995 0.998425007
vn 0.162823007 -0.00192375004 0.98665297
vn -0.0509382002 -0.00223266007 0.998699009
vn -0.0560632013 0.0063730902 0.998407006
vn -0.157553002 -0.00610624021 0.987492025
vn -0.167502001 0.0100101996 0.985821009
vn -0.262288004 -0.00951983035 0.964942992
vn -0.26236701 -0.00951983966 0.964920998
vn -0.276816994 0.0132847996 0.960830986
vn -0.364142001 -0.012565 0.931258976
vn -0.382631987 0.0161525998 0.923759997
vn -0.46173501 -0.0152305998 0.886887014
vn -0.483630002 0.0186043996 0.875074983
vn -0.553997993 -0.0175295994 0.832333028
vn -0.578553021 0.0206877999 0.815382004
vn -0.639889002 -0.0194023997 0.768222988
vn -0.666179001 0.0223869998 0.74545598
vn -0.718433022 -0.0208982993 0.695281982
vn -0.745428026 0.023666 0.666166008
vn -0.788712025 -0.0220139995 0.614368021
vn -0.815321028 0.0245871004 0.578486979
vn -0.847158015 -0.0186215006 0.531014025
vn -0.896248996 0.000409547007 0.443551004
vn -0.889562011 0.00430200016 0.456793994
vn -0.881524026 0.0135589996 0.471944004
vn -0.874948025 0.0250684004 0.483566999
vn -0.87422502 0.0236239005 0.484946996
vn -0.923877001 0.000292806013 0.382687986
vn -0.911072016 -0.0422062986 0.410079986
vn -0.915084004 -0.0310031995 0.402070999
vn -0.918232977 -0.0228707008 0.395379007
vn -0.921670973 -0.0155145004 0.387661994
vn -0.923714995 -0.0118882004 0.38289699
vn -0.925511003 -0.00891561992 0.378616005
vn -0.927338004 -0.00635985006 0.374172002
vn -0.92918098 -0.00395371998 0.369605005
vn -0.932510018 -6.79444929e-05 0.36114499
vn -0.936313987 0.0041145198 0.351139992
vn -0.932533979 0 0.361081004
vn -0.924745023 0.00244427007 0.380580008
vn -0.908996999 -0.00183782005 0.416797996
vn -0.90910399 -0.00172328996 0.416565001
vn -0.910744011 -0.000836943975 0.41297099
vn -0.914349973 0 0.404924989
vn -0.910736978 0.000840622 0.41298601
vn -0.909101009 0.00172522001 0.416572988
vn -0.908999026 0.00183336996 0.416794002
vn -0.909438014 0.000760786992 0.41584
vn -0.909437001 -0.00076355302 0.415841997
vn -0.91811198 -1.27779995e-05 0.396319985
vn -0.916400015 0 0.400263995
vn -0.914471984 2.82766996e-05 0.404650003
vn -0.918558002 1.31154002e-06 0.395285994
vn -0.932092011 -1.7287799e-05 0.362221003
vn -0.942569017 -0.0112428004 0.333822995
vn -0.935204983 -0.00289162993 0.354093999
vn -0.931711972 0.000970962981 0.363195986
vn -0.928975999 0.00422642985 0.370117009
vn -0.926742017 0.00712634996 0.375629991
vn -0.924265027 0.0108697005 0.381597012
vn -0.920917988 0.0169983003 0.389385015
vn -0.917171001 0.0253982991 0.397682995
vn -0.91248101 0.0380167998 0.40734899
vn -0.923873007 0.00297093997 0.382687002
vn -0.90240401 -0.000215944994 0.430891991
vn -0.874952972 -0.0248540994 0.483568996
vn -0.876689017 -0.0213734005 0.480581999
vn -0.885352015 -0.0086008301 0.464841992
vn -0.894636989 -0.00102284004 0.446794003
vn -0.900898993 0.000293512014 0.434029013
vn -0.844663978 0.0222197007 0.534835994
vn -0.815308988 -0.0252145007 0.578477979
vn -0.781946003 0.0246070996 0.622860014
vn -0.66614598 0.0244624 0.745419979
vn -0.624553978 -0.070163399 0.777822971
vn -0.708276987 0.0245549008 0.705507994
vn -0.745411992 0.0245191008 0.666153014
vn -0.706619978 -0.0725611001 0.703863025
vn -0.483570993 0.0242672004 0.874969006
vn -0.438450992 -0.0653887019 0.896372974
vn -0.535884023 0.0244132001 0.843937993
vn -0.57850498 0.0243809 0.815313995
vn -0.534815013 -0.0677483976 0.842248976
vn -0.625917971 0.0244964007 0.779504001
vn -0.276778996 0.0212322995 0.960699022
vn -0.233376995 -0.0587203018 0.970611989
vn -0.337282985 0.0241363999 0.941093981
vn -0.382571012 0.0241081994 0.923611999
vn -0.336704999 -0.063044697 0.939496994
vn -0.43929401 0.0242980998 0.898015022
vn -0.130882993 -0.00197898992 0.99139601
vn -0.117124997 0.000104494997 0.993116975
vn -0.144522995 -0.0073498399 0.989473999
vn -0.15975 -0.0173872001 0.987003982
vn -0.167458996 -0.0248351991 0.98556602
vn -0.175411001 -0.0181339998 0.984327972
vn -0.233729005 0.0212526005 0.972069025
vn -0.0633694977 -0.000676549971 0.997990012
vn 0.0753569975 0 0.997156978
vn -0.0782276988 -0.00691111013 0.996912003
vn -0.0290837996 -0.123963997 0.991859972
vn -0.0560643002 0 0.998426974
vn 0.0250851996 0 0.999684989
vn 0.0559622012 -0.0603350997 0.996608019
vn 0.0803975984 -0.00167435 0.996761978
vn 0.0753699988 -0.0043876702 0.99714601
vn 0.229739994 0.0185486991 0.973074973
vn 0.167465001 -0.0234319009 0.985599995
vn 0.172132999 -0.0288459007 0.984651029
vn 0.155457005 -0.0141725997 0.987740993
vn 0.112024002 0 0.993705988
vn 0.112154 0.000856360013 0.993690014
vn 0.130882993 -0.0019789401 0.99139601
vn 0.142153993 -0.00641591987 0.989823997
vn 0.276753992 -0.0252247006 0.960609972
vn 0.325796008 0.0209954008 0.945207
vn 0.382604003 0.0195949003 0.923704982
vn 0.420542002 -0.0559476987 0.905547023
vn 0.325803995 0.0209954008 0.94520402
vn 0.578574002 -0.0188961998 0.815410972
vn 0.511977971 0.0168003999 0.858834028
vn 0.483651012 0.0167913996 0.875100017
vn 0.511615992 -0.0419405997 0.85819
vn 0.421110004 0.0196125992 0.906796992
vn 0.676652014 0.00692351023 0.736271024
vn 0.666279972 -0.0139747998 0.745570004
vn 0.597476006 0.0125572998 0.801787972
vn 0.86689198 0.00666858023 0.498452008
vn 0.815541983 -0.00784797035 0.578643978
vn 0.812758982 0.000115294999 0.582601011
vn 0.745637 1.39015992e-05 0.666352987
vn 0.748692989 -0.00832297001 0.662864029
vn -0.00323640998 0.998631001 0.0522073992
vn -0.00496019004 0.99862498 0.0521841012
vn -0.00848895963 0.998618007 0.051872801
vn -3.20707986e-05 0.998661995 0.0517218001
vn -0.00361080002 0.998642981 0.0519509017
vn -0.00312027009 0.998654008 0.0517775007
vn -3.00600004e-05 0.998607993 0.0527434982
vn -0.00311979 0.998602986 0.0527428016
vn 0.00436685979 0.998552978 0.053594701
vn 0.00561622996 0.998643994 0.0517499
vn 0.00870381016 0.998597026 0.0522316992
vn 0.00436602999 0.998633027 0.0520884991
vn 0.0038318499 0.998629987 0.0521782003
vn 0.00400167005 0.998629987 0.0521780998
vn 0.00383771001 0.998625994 0.0522666983
vn 0 1 0
vn 0.0841244012 -0.149938002 -0.985109985
vn 0.0841490999 0.0501780994 -0.995189011
vn 0.213533998 0.329739004 -0.91960597
vn 0.250039011 0.337410003 -0.907543004
vn 0.408933997 0.315766007 -0.856191993
vn 0.388354987 0.31260699 -0.866865993
vn 0.556240022 0.289867014 -0.778828025
vn 0.521907985 0.286531001 -0.803438008
vn 0.661958992 0.251394004 -0.706124008
vn 0.687843025 0.252362996 -0.68057698
vn 0.769909978 0.211618006 -0.602042973
vn 0.799914002 0.21063 -0.561936021
vn 0.889373004 0.160806999 -0.427967995
vn 0.867537975 0.163442001 -0.469749987
vn 0.953538001 0.108854003 -0.280918986
vn 0.935759008 0.113041997 -0.334030986
vn 0.985737026 0.0497327 -0.160777003
vn 0.99061799 0.0501246005 -0.127136007
vn 0.953619003 -0.104383998 -0.282339007
vn 0.959697008 -0.0921899006 -0.265486002
vn 0.889483988 -0.155735999 -0.429609001
vn 0.900898993 -0.138713002 -0.411265999
vn 0.800074995 -0.204386994 -0.564009011
vn 0.687826991 -0.252911001 -0.680388987
vn 0.800590992 -0.204468995 -0.563247025
vn 0.556320012 -0.286767989 -0.779918015
vn 0.665534973 -0.249988005 -0.703256011
vn 0.40912199 -0.305216014 -0.859920025
vn 0.370665014 -0.328458995 -0.868746996
vn 0.540242016 -0.284657001 -0.791902006
vn 0.063420102 -0.351987004 -0.933853984
vn 0.250165999 -0.327223003 -0.911230981
vn 0.223508999 -0.341163009 -0.913044989
vn 0.084193103 0.248318002 -0.965013027
vn 0.0841903016 0.344390988 -0.935043991
vn 0.0751727968 0.34207499 -0.936661005
vn 0.0841834024 0.150001004 -0.985095024
vn 0.0830610022 -0.0496490002 -0.995307028
vn 0.0841151997 -0.248283997 -0.965027988
vn 0.0841932967 -0.248361006 -0.965002
vn 0.0842015967 -0.341827989 -0.935983002
vn 0.0841251984 0.248288006 -0.965026021
vn 0.25008601 0.241254002 -0.937685013
vn 0.250079989 0.241256997 -0.937686026
vn 0.409029007 0.227376997 -0.883738995
vn 0.408946007 0.227426007 -0.883764982
vn 0.556276023 0.207100004 -0.804777026
vn 0.556316018 0.207072005 -0.804756999
vn 0.687860012 0.180875003 -0.702946007
vn 0.687889993 0.180850998 -0.702923
vn 0.800020993 0.149495006 -0.581049025
vn 0.800006986 0.149508998 -0.581064999
vn 0.889441013 0.11389 -0.44263199
vn 0.953621984 0.0750060976 -0.291510999
vn 0.953625023 0.0749998018 -0.291501999
vn 0.990644991 0.0340025015 -0.132157996
vn 0.990643978 0.0340072997 -0.132165
vn 0.0841248035 0.150029004 -0.985095978
vn 0.250063986 0.145778999 -0.957192004
vn 0.25008601 0.145768002 -0.95718801
vn 0.408968002 0.137385994 -0.902148008
vn 0.40902999 0.137352005 -0.902125001
vn 0.556309998 0.125076994 -0.821506977
vn 0.556276977 0.125099003 -0.821527004
vn 0.687870026 0.109266996 -0.71756202
vn 0.687860012 0.109274998 -0.71757102
vn 0.800010979 0.090327099 -0.593147993
vn 0.800020993 0.0903180018 -0.593134999
vn 0.889447987 0.0688007995 -0.451828003
vn 0.889441013 0.0688088015 -0.451840013
vn 0.953622997 0.0453162007 -0.297574013
vn 0.953621984 0.0453169011 -0.297574997
vn 0.990644991 0.0205447003 -0.134907007
vn 0.990644991 0.0205442999 -0.134907007
vn 0.0841945037 0.0501565002 -0.995185971
vn 0.250054002 0.0487361997 -0.967005014
vn 0.250063986 0.0487309992 -0.967001975
vn 0.409007996 0.0459276997 -0.911374986
vn 0.408968002 0.0459481999 -0.91139102
vn 0.556261003 0.0418425016 -0.829954028
vn 0.556309998 0.0418144017 -0.82992202
vn 0.687896013 0.0365225002 -0.724889994
vn 0.687870026 0.0365389995 -0.724914014
vn 0.800020993 0.0302029997 -0.599210978
vn 0.800010979 0.0302111991 -0.599224985
vn 0.889442027 0.0230138991 -0.456468999
vn 0.889447987 0.0230077002 -0.456456989
vn 0.953619003 0.0151533997 -0.300633997
vn 0.953622997 0.0151482997 -0.300623
vn 0.990644991 0.0068675098 -0.136288002
vn 0.990644991 0.00686809001 -0.136289999
vn 0.0841491967 -0.0501567014 -0.995190024
vn 0.250063986 -0.0487360992 -0.967001975
vn 0.250054002 -0.0487310998 -0.967005014
vn 0.408968002 -0.0459286012 -0.911391973
vn 0.409007013 -0.0459472984 -0.911373973
vn 0.556309998 -0.0418407992 -0.829921007
vn 0.556261003 -0.0418159999 -0.829954982
vn 0.687870026 -0.0365238003 -0.724915028
vn 0.687895 -0.0365379006 -0.724889994
vn 0.800010979 -0.0302038006 -0.599224985
vn 0.800020993 -0.0302105006 -0.599210978
vn 0.889447987 -0.0230132993 -0.456456006
vn 0.889442027 -0.0230083 -0.456468999
vn 0.953622997 -0.0151528995 -0.300623
vn 0.953619003 -0.0151487999 -0.300633997
vn 0.990644991 -0.00686758012 -0.136289999
vn 0.990644991 -0.00686802994 -0.136288002
vn 0.0843214989 -0.150027007 -0.985080004
vn 0.25008601 -0.145778 -0.957185984
vn 0.250063986 -0.145769 -0.957193017
vn 0.40902999 -0.137382001 -0.902119994
vn 0.408969015 -0.137355998 -0.902152002
vn 0.556276023 -0.125081003 -0.821529984
vn 0.556309998 -0.125094995 -0.82150501
vn 0.687860012 -0.109269001 -0.717571974
vn 0.687870026 -0.109273002 -0.717561007
vn 0.800020993 -0.0903249979 -0.593133986
vn 0.800010979 -0.0903199986 -0.593149006
vn 0.889441013 -0.0688027963 -0.451840997
vn 0.889447987 -0.0688067973 -0.45182699
vn 0.953621984 -0.0453163981 -0.297574997
vn 0.953622997 -0.0453166999 -0.297574013
vn 0.990644991 -0.0205445997 -0.134907007
vn 0.990644991 -0.0205444004 -0.134907007
vn 0.990643978 -0.0340135992 -0.132163003
vn 0.990640998 -0.0475302003 -0.127948001
vn 0.991209984 -0.0447639003 -0.124494001
vn 0.0841251984 -0.248288006 -0.965026021
vn 0.250079989 -0.241254002 -0.93768698
vn 0.25008601 -0.241255999 -0.937685013
vn 0.408944994 -0.227385998 -0.883776009
vn 0.409027994 -0.227417007 -0.883728981
vn 0.556316018 -0.207093 -0.804750979
vn 0.556276977 -0.207078993 -0.804781973
vn 0.687889993 -0.180868 -0.702917993
vn 0.687861025 -0.180858001 -0.702950001
vn 0.800006986 -0.149499997 -0.581067026
vn 0.800020993 -0.149504006 -0.581046999
vn 0.889441013 -0.11389 -0.44263199
vn 0.953625023 -0.0750036985 -0.291500986
vn 0.953621984 -0.0750022009 -0.291512012
vn 0.990646005 -0.0340019986 -0.132156
vn 0.990644991 -0.0340012014 -0.132157996
vn 0.998645008 -0.0176068991 -0.0489668995
vn 0.998569012 -0.0133304 -0.0517962985
vn 0.998649001 0.0129469996 -0.0503165014
vn 0.998604 0.0159542002 -0.0503506996
vn 0.998604 0.0159181003 -0.0503736995
vn 0.998646021 -0.0153281996 -0.0497155003
vn 0.998651028 -0.0129369004 -0.0502839014
vn 0.998610973 -0.0112466002 -0.0514739007
vn 0.998646975 -0.00782842003 -0.051406201
vn 0.998616993 -0.00676613022 -0.0521437004
vn 0.998638988 -0.00262539997 -0.0520980991
vn 0.998625994 -0.00225373008 -0.0523486994
vn 0.99862498 0.00263802009 -0.0523485988
vn 0.998640001 0.00224276003 -0.0520938002
vn 0.998616993 0.00676613022 -0.0521437004
vn 0.998646975 0.00782842003 -0.051406201
vn 0.99861002 0.0113434996 -0.0514758006
vn 0.0841801018 -0.128229007 -0.988165021
vn 0.210073993 -0.207041994 -0.955511987
vn 0.250299007 -0.194223002 -0.948486984
vn 0.409245998 -0.183286995 -0.893824995
vn 0.339031994 -0.206769004 -0.917770982
vn 0.500642002 -0.186381996 -0.845351994
vn 0.556554019 -0.168911994 -0.813459992
vn 0.688346982 -0.184122995 -0.70162499
vn 0.799866974 -0.118190996 -0.588424981
vn 0.775425971 -0.148957998 -0.613617003
vn 0.874785006 -0.135135993 -0.465285003
vn 0.889612019 -0.104171 -0.444678992
vn 0.953666985 -0.0670465007 -0.29329899
vn 0.926918983 -0.105645001 -0.360083997
vn 0.995613992 -0.0275654998 -0.0894059986
vn 0.984395027 -0.0268428996 -0.173914999
vn 0.990662992 -0.0382567011 -0.130858004
vn 0.962826014 -0.0701652989 -0.260848999
vn 0.990574002 0.0456321016 -0.129152
vn 0.980870008 0.0188561007 -0.193746999
vn 0.994776011 0.0285781007 -0.0979975984
vn 0.953679025 0.0850889012 -0.288540006
vn 0.936842024 0.0579961985 -0.344909996
vn 0.973897994 0.0663063973 -0.217085004
vn 0.889633 0.106160998 -0.444164991
vn 0.889807999 0.106386997 -0.443760008
vn 0.795042992 0.104716003 -0.597446024
vn 0.821286976 0.135277003 -0.554244995
vn 0.289481997 0.197055995 -0.936680019
vn 0.409148991 0.190696999 -0.89231801
vn 0.359127015 0.173602998 -0.916999996
vn 0.44869101 0.187444001 -0.87380898
vn 0.0841695964 0.128229007 -0.988165975
vn 0.0841950998 0.205131993 -0.975106001
vn 0.0418222994 0.185075 -0.981833994
vn 0.126331002 0.202985004 -0.970997989
vn 0.250254989 0.199680001 -0.947364986
vn 0.198075995 0.180837005 -0.963361025
vn 0.0841796026 -0.128229007 -0.988165975
vn 0.582237005 -0.115561001 -0.804764986
vn 0.582964003 -0.173427001 -0.793772995
vn 0.688013017 -0.154899999 -0.708974004
vn 0.688031971 -0.154884994 -0.708958983
vn 0.800117016 -0.128027007 -0.586022019
vn 0.800112009 -0.128031999 -0.58602798
vn 0.889513016 -0.0975229964 -0.446381986
vn 0.889512002 -0.0975238979 -0.446382999
vn 0.953634977 -0.0642386004 -0.294030011
vn 0.953639984 -0.0642267019 -0.294016004
vn 0.990652025 -0.0291124992 -0.133269995
vn 0.0841801018 -0.0428619012 -0.995527983
vn 0.0842218027 -0.0428447984 -0.995525002
vn 0.250131011 -0.0416308008 -0.967315972
vn 0.250147998 -0.0416237004 -0.967312992
vn 0.409092009 -0.0392284989 -0.911648989
vn 0.409058988 -0.0392443016 -0.911664009
vn 0.556421995 -0.0357346013 -0.830130994
vn 0.556424022 -0.0357332006 -0.830129981
vn 0.688024998 -0.0312085003 -0.725015998
vn 0.688018978 -0.0312123001 -0.725021005
vn 0.800127029 -0.0257989001 -0.599274993
vn 0.800122023 -0.0258028004 -0.599281013
vn 0.889512002 -0.0196547005 -0.45649001
vn 0.889514029 -0.0196525007 -0.456485987
vn 0.953634977 -0.0129450997 -0.300687999
vn 0.953634977 -0.0129437 -0.300686002
vn 0.0842218027 0.0428618006 -0.995525002
vn 0.0841801018 0.0428449996 -0.995528996
vn 0.250147998 0.0416305996 -0.967311978
vn 0.250131011 0.0416239016 -0.967316985
vn 0.409058988 0.0392291993 -0.911664009
vn 0.409092009 0.0392437018 -0.911648989
vn 0.556424022 0.0357345007 -0.830129981
vn 0.556421995 0.0357333012 -0.830130994
vn 0.688018978 0.0312088002 -0.725021005
vn 0.688024998 0.0312121008 -0.725015998
vn 0.800122023 0.0257991999 -0.599282026
vn 0.800127029 0.0258025005 -0.599274993
vn 0.889514029 0.0196544994 -0.456485987
vn 0.889512002 0.0196527001 -0.45649001
vn 0.953634977 0.0129450001 -0.300686002
vn 0.953634977 0.0129437996 -0.300687999
vn 0.990649998 -0.0175551996 -0.135290995
vn 0.990649998 -0.0291205999 -0.133281007
vn 0.990652025 0.0175541993 -0.135282993
vn 0.990652025 0.00586761022 -0.136290997
vn 0.990651011 0.00586700998 -0.136291996
vn 0.990651011 -0.00586766982 -0.136291996
vn 0.990652025 -0.00586696016 -0.136290997
vn 0.990652025 -0.0175580997 -0.135281995
vn 0.953634977 -0.0387370996 -0.298464
vn 0.953639984 -0.0387259983 -0.298447013
vn 0.889512002 -0.0587952994 -0.453114003
vn 0.889512002 -0.0587948002 -0.45311299
vn 0.800127029 -0.0771853998 -0.59484297
vn 0.800112009 -0.0771991983 -0.594861984
vn 0.688024998 -0.0933939964 -0.719651997
vn 0.688031971 -0.0933886021 -0.719645977
vn 0.556421995 -0.106930003 -0.823991001
vn 0.556402981 -0.106940001 -0.824002028
vn 0.409092009 -0.11744 -0.904904008
vn 0.409085989 -0.117443003 -0.904905975
vn 0.250131994 -0.124614 -0.960159004
vn 0.25018701 -0.124589004 -0.960147977
vn 0.0841695964 -0.128224999 -0.988166988
vn 0.0842095017 -0.199984998 -0.976173997
vn 0.0963917002 -0.195004001 -0.976054013
vn 0.990649998 0.0175590999 -0.135289997
vn 0.953639984 0.0387348011 -0.298446
vn 0.953634977 0.0387281999 -0.298465014
vn 0.889512002 0.0587951988 -0.45311299
vn 0.889512002 0.0587949008 -0.453114003
vn 0.800112009 0.0771880001 -0.594864011
vn 0.800127029 0.0771965981 -0.594842017
vn 0.688031971 0.0933931023 -0.719645023
vn 0.688024998 0.0933895037 -0.71965301
vn 0.556402981 0.106931001 -0.824002981
vn 0.556420982 0.106939003 -0.823989987
vn 0.409085989 0.11744 -0.904906988
vn 0.409092009 0.117443003 -0.904904008
vn 0.25018701 0.124612004 -0.960144997
vn 0.250131994 0.124591 -0.960161984
vn 0.0841753036 0.128224999 -0.988166988
vn 0.0841801018 0.128229007 -0.988165021
vn 0.526562989 0.179679006 -0.830931008
vn 0.556554973 0.168841004 -0.813474
vn 0.587795973 0.172683001 -0.790364981
vn 0.688031971 0.154896006 -0.708957016
vn 0.688067019 0.154909998 -0.708918989
vn 0.800104976 0.128360003 -0.585964978
vn 0.799605012 0.128176004 -0.586687982
vn 0.889512002 0.0975233018 -0.446382999
vn 0.889513016 0.0975235999 -0.446381003
vn 0.953639984 0.0642350018 -0.294014007
vn 0.953634977 0.0642303973 -0.294032007
vn 0.990649998 0.0291149002 -0.133282006
vn 0.99071902 0.0292512998 -0.132740006
vn 0.000547358999 -0.205869004 -0.978578985
vn -0.0173125993 -0.128665999 -0.991536975
vn -0.000543668983 -0.205862999 -0.978581011
vn 0.0175355002 -0.128665999 -0.991532981
vn -0.000375611999 -0.172525004 -0.985005021
vn -0.000547247997 0.205869004 -0.978579998
vn 0.0173125993 0.128665999 -0.991536975
vn 0.000543668983 0.205862999 -0.978581011
vn -0.0175355002 0.128665999 -0.991532981
vn 0.000375611999 0.172525004 -0.985005021
vn 0.000360122998 -0.172465995 -0.985015988
vn 0 -0.170699 -0.985323012
vn 0 -0.128685996 -0.991684973
vn 0 -0.0430146009 -0.999073982
vn 0 0.0430146009 -0.999073982
vn 0 0.128685996 -0.991684973
vn 0 0.170699 -0.985323012
vn -0.000360122998 0.172465995 -0.985015988
vn -0.990649998 0.0175551996 -0.135290995
vn -0.990667999 -0.0361317992 -0.131420001
vn -0.990996003 -0.0367873982 -0.128738999
vn -0.953679025 -0.0850882009 -0.288540989
vn -0.936855018 -0.0580155998 -0.344871014
vn -0.975784004 -0.0668103993 -0.208285004
vn -0.889633 -0.106161997 -0.444164991
vn -0.889806986 -0.106388003 -0.443762004
vn -0.795054018 -0.104754999 -0.597424984
vn -0.821251988 -0.135280997 -0.55429697
vn -0.282489002 -0.197320998 -0.938757002
vn -0.409148991 -0.190707996 -0.892315984
vn -0.359088987 -0.173596993 -0.917016983
vn -0.448614001 -0.187432006 -0.873849988
vn -0.0841695964 -0.128229007 -0.988165975
vn -0.0841950998 -0.205131993 -0.975106001
vn -0.0449166 -0.186553001 -0.981418014
vn -0.129007995 -0.205188006 -0.970183015
vn -0.250248998 -0.200333998 -0.947229028
vn -0.214163005 -0.184559003 -0.959204018
vn -0.0963838026 0.195006996 -0.976055026
vn -0.210095003 0.207041994 -0.95550698
vn -0.250299007 0.194230005 -0.94848597
vn -0.409245998 0.183286995 -0.893824995
vn -0.339017987 0.206773996 -0.917774975
vn -0.500639975 0.186382994 -0.845353007
vn -0.556554019 0.168911994 -0.813459992
vn -0.688346982 0.184098005 -0.70163101
vn -0.799866974 0.118210003 -0.588419974
vn -0.775427997 0.148978993 -0.613610029
vn -0.874782979 0.135116994 -0.465294003
vn -0.889612019 0.104162998 -0.444680989
vn -0.967365026 0.0718339011 -0.242990002
vn -0.953666985 0.0670505986 -0.293298006
vn -0.926895022 0.105688997 -0.360130996
vn -0.990634978 0.0267245993 -0.133898005
vn -0.994520009 0.0308027007 -0.0999052972
vn -0.990652025 -0.0175541993 -0.135282993
vn -0.990652025 -0.0291124992 -0.133269995
vn -0.953634977 -0.0642303973 -0.294032007
vn -0.953639984 -0.0642350018 -0.294014007
vn -0.889513016 -0.0975235999 -0.446381003
vn -0.889512002 -0.0975233018 -0.446382999
vn -0.799605012 -0.128176004 -0.586687028
vn -0.800104976 -0.128359005 -0.585965991
vn -0.688067973 -0.154909998 -0.708918989
vn -0.688031971 -0.154896006 -0.708957016
vn -0.587743998 -0.172691002 -0.790401995
vn -0.556554973 -0.168853998 -0.813471019
vn -0.527074993 -0.179510996 -0.830642998
vn -0.990649998 0.0291205999 -0.133281007
vn -0.990652025 0.0291124992 -0.133269995
vn -0.953639984 0.0642267019 -0.294016004
vn -0.953634977 0.0642386004 -0.294030011
vn -0.889512002 0.0975238979 -0.446382999
vn -0.889513016 0.0975229964 -0.446381986
vn -0.800112009 0.128031999 -0.58602798
vn -0.800117016 0.128027007 -0.586022019
vn -0.688031971 0.154884994 -0.708958983
vn -0.688013017 0.154899999 -0.708974004
vn -0.582964003 0.173427001 -0.793772995
vn -0.582235992 0.115553997 -0.804765999
vn -0.990652025 0.0175580997 -0.135281995
vn -0.953634977 0.0387370996 -0.298464
vn -0.953639984 0.0387259983 -0.298447013
vn -0.889512002 0.0587952994 -0.453114003
vn -0.889512002 0.0587948002 -0.45311299
vn -0.800127029 0.0771853998 -0.59484297
vn -0.800112009 0.0771991983 -0.594861984
vn -0.688024998 0.0933939964 -0.719651997
vn -0.688031971 0.0933886021 -0.719645977
vn -0.556421995 0.106930003 -0.823991001
vn -0.556402981 0.106940001 -0.824002028
vn -0.409092009 0.11744 -0.904904008
vn -0.409085989 0.117443003 -0.904905975
vn -0.250131994 0.124614 -0.960159004
vn -0.25018701 0.124589004 -0.960147977
vn -0.0841801018 -0.128229007 -0.988165021
vn -0.0841753036 -0.128224999 -0.988166988
vn -0.250131994 -0.124591 -0.960161984
vn -0.25018701 -0.124612004 -0.960144997
vn -0.409092009 -0.117443003 -0.904904008
vn -0.409085989 -0.11744 -0.904906988
vn -0.556420982 -0.106939003 -0.823989987
vn -0.556402981 -0.106931001 -0.824002981
vn -0.688024998 -0.0933895037 -0.71965301
vn -0.688031971 -0.0933931023 -0.719645023
vn -0.800127029 -0.0771965981 -0.594842017
vn -0.800112009 -0.0771880001 -0.594864011
vn -0.889512002 -0.0587949008 -0.453114003
vn -0.889512002 -0.0587951988 -0.45311299
vn -0.953634977 -0.0387281999 -0.298465014
vn -0.953639984 -0.0387348011 -0.298446
vn -0.990649998 -0.0175590999 -0.135289997
vn -0.990649998 -0.0291205999 -0.133281007
vn -0.990652025 -0.00586761022 -0.136290997
vn -0.990651011 -0.00586700998 -0.136291996
vn -0.953634977 -0.0129437996 -0.300687999
vn -0.953634977 -0.0129450001 -0.300686002
vn -0.889512002 -0.0196527001 -0.45649001
vn -0.889514029 -0.0196544994 -0.456485987
vn -0.800127029 -0.0258025005 -0.599274993
vn -0.800122023 -0.0257991999 -0.599282026
vn -0.688024998 -0.0312121008 -0.725015998
vn -0.688018978 -0.0312088002 -0.725021005
vn -0.556421995 -0.0357333012 -0.830130994
vn -0.556424022 -0.0357345007 -0.830129981
vn -0.409092009 -0.0392437018 -0.911648989
vn -0.409058988 -0.0392291993 -0.911664009
vn -0.250131011 -0.0416239016 -0.967316985
vn -0.250147998 -0.0416305996 -0.967311978
vn -0.0841799974 -0.0428449996 -0.995528996
vn -0.0842218027 -0.0428618006 -0.995525002
vn -0.990651011 0.00586766982 -0.136291996
vn -0.990652025 0.00586696016 -0.136290997
vn -0.953634977 0.0129437 -0.300686002
vn -0.953634977 0.0129450997 -0.300687999
vn -0.889514029 0.0196525007 -0.456485987
vn -0.889512002 0.0196547005 -0.45649001
vn -0.800122023 0.0258028004 -0.599281013
vn -0.800127029 0.0257989001 -0.599274993
vn -0.688018978 0.0312123001 -0.725021005
vn -0.688024998 0.0312085003 -0.725015998
vn -0.556424022 0.0357332006 -0.830129981
vn -0.556421995 0.0357346013 -0.830130994
vn -0.409058988 0.0392443016 -0.911664009
vn -0.409092009 0.0392284989 -0.911648989
vn -0.250147998 0.0416237004 -0.967312992
vn -0.250131011 0.0416308008 -0.967315972
vn -0.0842218027 0.0428447984 -0.995525002
vn -0.0841801018 0.0428619012 -0.995527983
vn -0.0842093974 0.199984998 -0.976173997
vn -0.0841695964 0.128224999 -0.988166988
vn -0.0841796026 0.128229007 -0.988165975
vn -0.0841801018 0.128229007 -0.988165021
vn -0.998652995 0.0166053008 -0.0491509996
vn -0.998602986 0.0155678997 -0.0504929014
vn -0.998659015 0.0121798003 -0.0503212996
vn -0.99860698 0.0112618003 -0.0515433997
vn -0.998651028 0.00737298001 -0.0513958
vn -0.99861598 0.0067675598 -0.0521547012
vn -0.998641014 0.00247594994 -0.0520676002
vn -0.998627007 0.00225281995 -0.0523278005
vn -0.998627007 -0.00248831999 -0.0523278005
vn -0.998641014 -0.00224142009 -0.0520627983
vn -0.99861002 -0.00748392008 -0.0521692
vn -0.998658001 -0.00666559022 -0.0513688996
vn -0.99860698 -0.0112618003 -0.0515433997
vn -0.998739004 -0.0136936 -0.0483059995
vn -0.998641014 -0.0157658998 -0.0496817008
vn -0.990647972 -0.0193754006 -0.135061994
vn -0.990647972 0.00648088986 -0.136289001
vn -0.990647972 0.0320984982 -0.132615998
vn -0.984082997 -0.0515999012 -0.170055002
vn -0.953646004 0.0961648002 -0.285154015
vn -0.950883985 0.0956104025 -0.29440999
vn -0.889434993 0.150377005 -0.431616008
vn -0.882664025 0.148910001 -0.445791006
vn -0.806648016 0.187531993 -0.560491979
vn -0.800086021 0.194396004 -0.567515016
vn -0.687958002 0.238206998 -0.685545027
vn -0.668639004 0.235188007 -0.705413997
vn -0.556330979 0.269849002 -0.785924017
vn -0.544879019 0.268132001 -0.794488013
vn -0.409180999 0.288607001 -0.865607977
vn -0.385502994 0.305566996 -0.870640993
vn -0.0841853023 0.234472007 -0.968470991
vn -0.0841932967 0.323089004 -0.942615986
vn -0.0674716011 0.331185013 -0.941151023
vn -0.250191987 0.309697986 -0.917328
vn -0.218877003 0.325268 -0.919942021
vn -0.214236006 -0.310584009 -0.926088989
vn -0.250093013 -0.31823799 -0.914427996
vn -0.409031004 -0.297657013 -0.862609029
vn -0.390071988 -0.294604003 -0.872382998
vn -0.556249976 -0.273339987 -0.784775019
vn -0.523847997 -0.269708991 -0.807985008
vn -0.664794981 -0.236405998 -0.708633006
vn -0.687969029 -0.237783 -0.685680985
vn -0.772396982 -0.198594004 -0.603294015
vn -0.799982011 -0.198624 -0.566195011
vn -0.889411986 -0.151408002 -0.431302011
vn -0.870356977 -0.152775005 -0.468122989
vn -0.953545988 -0.102596998 -0.28323701
vn -0.937470019 -0.105148003 -0.331802994
vn -0.990643978 0.0449528992 -0.128854007
vn -0.991151989 0.0424846001 -0.125753
vn -0.990647972 0.0193753 -0.135061994
vn -0.990647972 -0.00648096995 -0.136289999
vn -0.985616982 -0.0515650995 -0.160934001
vn -0.990647018 0.0320978984 -0.132621005
vn -0.953611016 0.0708156973 -0.292593986
vn -0.95361799 0.0708194003 -0.292569011
vn -0.889461994 0.107519001 -0.444180995
vn -0.889460027 0.107518002 -0.444184989
vn -0.800067008 0.141136006 -0.583072007
vn -0.800053 0.141130999 -0.583092988
vn -0.687968016 0.170727 -0.705374002
vn -0.68799299 0.170736 -0.705347002
vn -0.556339025 0.195494995 -0.807631016
vn -0.556298971 0.195481002 -0.807663023
vn -0.409007013 0.214663997 -0.886923015
vn -0.409029007 0.214672998 -0.886910975
vn -0.25011 0.227774993 -0.941043973
vn -0.250120997 0.227779999 -0.941039979
vn -0.0841893032 0.234421998 -0.968482018
vn -0.0840872973 0.234378994 -0.968501985
vn -0.990647972 0.0193751007 -0.135061994
vn -0.953607023 0.0427496992 -0.298005015
vn -0.953611016 0.0427533984 -0.297989994
vn -0.889468014 0.064901799 -0.452365011
vn -0.889461994 0.0648982003 -0.452376992
vn -0.800059021 0.0851927996 -0.593841016
vn -0.800068021 0.0851972029 -0.593828976
vn -0.687964022 0.103068002 -0.718388975
vn -0.687968016 0.103069998 -0.718384981
vn -0.556365013 0.118009999 -0.822515011
vn -0.556339025 0.117999002 -0.822534025
vn -0.408991992 0.129584 -0.903290987
vn -0.409007013 0.129590005 -0.903283
vn -0.25011301 0.137498006 -0.958404005
vn -0.25011 0.137496993 -0.958405018
vn -0.0843032002 0.141505003 -0.986341
vn -0.0841894969 0.141453996 -0.986357987
vn -0.0841697976 0.0467372984 -0.99535501
vn -0.990647972 0.00648033991 -0.136289999
vn -0.953616023 0.0142970998 -0.300686985
vn -0.953606009 0.0142863998 -0.300716996
vn -0.889468014 0.0216864999 -0.456481993
vn -0.889468014 0.0216866005 -0.456481993
vn -0.800062001 0.0284688007 -0.599241018
vn -0.800059021 0.0284666996 -0.599246025
vn -0.687943995 0.0344378985 -0.724946022
vn -0.687964022 0.0344485007 -0.724927008
vn -0.556369007 0.0394414999 -0.82999903
vn -0.556365013 0.0394394994 -0.830000997
vn -0.408960998 0.0433132015 -0.911523998
vn -0.408991992 0.0433279984 -0.911508977
vn -0.250160009 0.0459710993 -0.967113018
vn -0.25011301 0.0459492989 -0.967126012
vn -0.0829856992 0.0472939983 -0.995428026
vn -0.990647972 -0.00648025982 -0.136289001
vn -0.953607023 -0.0142983999 -0.300716013
vn -0.953616023 -0.014285 -0.300686985
vn -0.889468014 -0.0216864999 -0.456481993
vn -0.889468014 -0.0216866005 -0.456481993
vn -0.800059021 -0.028469 -0.599246025
vn -0.800062001 -0.0284663998 -0.599241018
vn -0.687963009 -0.0344371013 -0.724928021
vn -0.687943995 -0.0344493985 -0.724946022
vn -0.556365013 -0.0394416004 -0.830000997
vn -0.556369007 -0.0394393988 -0.82999903
vn -0.408991992 -0.0433125012 -0.911509991
vn -0.408960015 -0.0433286987 -0.911522985
vn -0.25011301 -0.0459716991 -0.967124999
vn -0.250160009 -0.0459487997 -0.967113972
vn -0.0841296986 -0.0472894982 -0.995332003
vn -0.0841676965 -0.0472716987 -0.995329976
vn -0.990647972 -0.0193751007 -0.135061994
vn -0.953611016 -0.0427477993 -0.297991008
vn -0.953607023 -0.0427553989 -0.298004001
vn -0.889463007 -0.0649034008 -0.452376008
vn -0.889468014 -0.0648965985 -0.452365011
vn -0.800068021 -0.0851911977 -0.593829989
vn -0.800059021 -0.0851989016 -0.593841016
vn -0.687968016 -0.103067003 -0.718384981
vn -0.687964022 -0.103069998 -0.718388975
vn -0.556339979 -0.118012004 -0.822531998
vn -0.556365013 -0.117996 -0.822516978
vn -0.409007013 -0.129583001 -0.903284013
vn -0.408991992 -0.129591003 -0.90328902
vn -0.25011 -0.137498006 -0.958405018
vn -0.25011301 -0.137496993 -0.958404005
vn -0.0841896981 -0.141506001 -0.986351013
vn -0.0841587037 -0.141521007 -0.986351013
vn -0.0841851011 -0.234421 -0.968482971
vn -0.0841858983 -0.32486999 -0.942004025
vn -0.0778001994 -0.323258013 -0.943107009
vn -0.990647972 -0.0320966989 -0.132615998
vn -0.95361799 -0.0708103999 -0.292571992
vn -0.953611016 -0.0708248988 -0.292591989
vn -0.889460027 -0.107519999 -0.444184989
vn -0.889461994 -0.107516997 -0.444180995
vn -0.800053 -0.141140997 -0.583090007
vn -0.800068021 -0.141126007 -0.583073974
vn -0.68799299 -0.170721993 -0.705350995
vn -0.687967002 -0.170742005 -0.705371022
vn -0.556298971 -0.195501998 -0.807657003
vn -0.556339979 -0.195473999 -0.807636023
vn -0.409029007 -0.214662001 -0.886914015
vn -0.409007013 -0.214674994 -0.886920989
vn -0.250120997 -0.227774993 -0.941040993
vn -0.25011 -0.227780998 -0.941043019
vn -0.0841891989 -0.234421998 -0.968482018
vn 0.0808933005 0.995868981 -0.041258201
vn 0.102362998 0.99100399 -0.0862194002
vn 0.0426612012 0.998609006 -0.0309992991
vn 0.0423636995 0.998555005 -0.0330496989
vn 0.0392694995 0.998602986 -0.0353594013
vn 0.0392725989 0.998604 -0.0353147984
vn 0.0424951985 0.99862802 -0.0305898003
vn 0.0400682986 0.998632014 -0.0336069018
vn 0.0352616012 0.998597026 -0.0395113006
vn 0.0352744013 0.998584986 -0.039804101
vn 0.036460299 0.998640001 -0.0372756012
vn 0.0300868992 0.998607993 -0.0433326997
vn 0.0309989005 0.998574018 -0.0434702002
vn 0.0319284014 0.998642981 -0.0411357991
vn 0.0248997994 0.998618007 -0.0462740995
vn 0.0260074995 0.998584986 -0.0463927016
vn 0.0272726007 0.998646021 -0.0442963988
vn 0.0184054002 0.998655021 -0.0484756008
vn 0.0196417999 0.99871999 -0.046616599
vn 0.0184029993 0.99872297 -0.0470434017
vn 0.0152029004 0.998620987 -0.0502415001
vn 0.00952379964 0.998629987 -0.0514619015
vn 0.00633415999 0.998632014 -0.0519030988
vn 0.00923996046 0.998709023 -0.0499417
vn 0.00374830002 0.99871099 -0.050627999
vn 0.00633274019 0.998703003 -0.050521899
vn 0.0038286401 0.998651981 -0.051766701
vn 0.00633458002 0.998642027 -0.0517183989
vn -0.00185957004 0.998615026 -0.0525785014
vn -0.00652702013 0.998592973 -0.0526203997
vn -0.00186498999 0.998700023 -0.0509331003
vn -0.00652584014 0.998700976 -0.0505257994
vn -0.00733534014 0.998681009 -0.050822001
vn -0.00652584992 0.998678029 -0.0509817004
vn -0.0132395001 0.998606026 -0.0510865003
vn -0.0184755009 0.998556018 -0.0504353009
vn -0.0127293998 0.998700976 -0.0493350998
vn -0.0184719991 0.998696983 -0.0475673005
vn -0.0179506 0.99872297 -0.0472191013
vn -0.0291428007 0.998589993 -0.0443668999
vn -0.0281729996 0.998629987 -0.0440973006
vn -0.0237955991 0.99862802 -0.0466401018
vn -0.0252446998 0.998561978 -0.0472926013
vn -0.033884 0.998583972 -0.0410114005
vn -0.0345235988 0.998558998 -0.0410747007
vn -0.0310145002 0.998656988 -0.0415114984
vn -0.0384171009 0.998633981 -0.0354055017
vn -0.0380039997 0.998592973 -0.0369949006
vn -0.0355047993 0.998651981 -0.0378645994
vn -0.041411899 0.998597026 -0.0329905003
vn -0.0414602011 0.998616993 -0.0323407017
vn -0.0474829003 0.997669995 -0.0489926003
vn -0.0426657014 0.998642027 -0.0298823994
vn -0.0434103012 0.998641014 -0.0288367998
vn -0.0451241992 0.998580992 -0.0282767005
vn 0.0444023982 0.998641014 -0.0272755995
vn 0.0460833982 0.998587012 -0.0264570005
vn 0.0460780002 0.998587012 -0.0264602005
vn 0.00139064004 -0.293933988 -0.955824971
vn -0.00204792991 -0.249246001 -0.968438029
vn -0.00204645004 -0.212515995 -0.977155983
vn 0.00142011 -0.372229993 -0.928139985
vn 0.000957362005 -0.370427012 -0.928861022
vn -0.00177127996 -0.343044996 -0.939316988
vn 0.00329383998 -0.249165997 -0.968455017
vn -0.00176979997 -0.150471002 -0.988613009
vn 0.000894594006 -0.127976999 -0.991777003
vn -0.00117330998 -0.0428797007 -0.999080002
vn -1.24445996e-05 -0.0498206988 -0.998758018
vn 1.0668e-05 0.0427083001 -0.999087989
vn -0.00108183001 0.0503568016 -0.998731017
vn 0.000889117015 0.128227994 -0.991743982
vn -0.00175147003 0.150535002 -0.988602996
vn 0.00135865004 0.212513998 -0.977156997
vn -0.0020512701 0.249201998 -0.968448997
vn 0.00137932005 0.293787003 -0.955869973
vn -0.00176845002 0.343044996 -0.939316988
vn 0.000962501974 0.370315999 -0.92890501
vn -0.00137338997 0.27629599 -0.961072028
vn 0.00207733992 0.235306993 -0.971919
vn 0.00207595993 0.199968994 -0.979799986
vn -0.00133670995 0.350318015 -0.936630011
vn -0.000921853993 0.348814011 -0.937192023
vn 0.00175492 0.324239999 -0.945972979
vn -0.00334859011 0.235210001 -0.971939027
vn 0.00179770996 0.141957998 -0.989871025
vn -0.000933437026 0.120402001 -0.992725015
vn 0.00120804005 0.0401162989 -0.999194026
vn -1.35703003e-05 0.0469034016 -0.998898983
vn 1.16439996e-05 -0.0402452983 -0.999189973
vn 0.00110949005 -0.0474399999 -0.998872995
vn -0.000911642972 -0.120079003 -0.992763996
vn 0.00181708997 -0.142023996 -0.989862025
vn -0.00140648999 -0.199338004 -0.979929984
vn -0.00134461001 -0.350407988 -0.936595976
vn 0.00208165008 -0.235255003 -0.971930981
vn -0.00138258003 -0.276405007 -0.96104002
vn 0.00175626995 -0.324239999 -0.945972979
vn -0.000914253003 -0.348841995 -0.937180996
vn 0.0290702991 -0.998637021 -0.0433465987
vn -0.0757725984 -0.996228993 -0.0422734991
vn -0.0380478017 -0.99862802 -0.0359801017
vn -0.0415971018 -0.998611987 -0.0323200002
vn -0.0415766016 -0.998609006 -0.0324315988
vn -0.0406371988 -0.998600006 -0.0338657983
vn -0.0413169004 -0.998625994 -0.0322282016
vn -0.0337153003 -0.998597026 -0.0408435985
vn -0.0339251012 -0.998579025 -0.0410973988
vn -0.0333902016 -0.998589993 -0.0412774011
vn -0.0349197984 -0.998652995 -0.0383865982
vn -0.0379506983 -0.99859798 -0.0369147994
vn -0.0379498005 -0.99859798 -0.0369159989
vn -0.0270159002 -0.998646021 -0.0444565006
vn -0.0292508993 -0.998579025 -0.0445547998
vn -0.0292523 -0.998579025 -0.0445543006
vn -0.0299587008 -0.998651028 -0.0424044989
vn -0.0240479 -0.998600006 -0.0471169017
vn -0.0246351995 -0.998576999 -0.0472933985
vn -0.0179549996 -0.99872297 -0.0472257994
vn -0.0184039995 -0.998700023 -0.0475255996
vn -0.01272 -0.998704016 -0.0492725
vn -0.0184083004 -0.998561025 -0.0503639989
vn -0.0132374996 -0.99860698 -0.0510785989
vn -0.00633481983 -0.998674989 -0.0510630012
vn -0.00734216999 -0.998678982 -0.0508641005
vn -0.00633314997 -0.998704016 -0.0504950993
vn -0.00633266009 -0.998704016 -0.0504951999
vn -0.00192113 -0.998616993 -0.0525441989
vn 0.00652628019 -0.998592973 -0.0526183993
vn -0.00183826999 -0.998646975 -0.0519765988
vn 0.00383613002 -0.998646975 -0.0518680997
vn 0.00652605016 -0.998700976 -0.0505306982
vn 0.0037495601 -0.998709977 -0.0506448001
vn 0.0092430003 -0.998709023 -0.0499580987
vn 0.00652637007 -0.998637021 -0.0517919995
vn 0.00951597001 -0.998632014 -0.0514197014
vn 0.0152109005 -0.998619974 -0.0502756014
vn 0.0184709001 -0.998721004 -0.0470733009
vn 0.0257616993 -0.998610973 -0.0459556989
vn 0.0266708005 -0.998570025 -0.0463362001
vn 0.0196640007 -0.99871701 -0.0466618016
vn 0.0184729006 -0.998655021 -0.0484534018
vn 0.0245866999 -0.998620987 -0.0463810004
vn 0.0321024992 -0.998672009 -0.0403003991
vn 0.0310523007 -0.998569012 -0.0435440987
vn 0.0354860984 -0.998579025 -0.0397634991
vn 0.0392040983 -0.998583019 -0.0359943993
vn 0.0392315984 -0.998606026 -0.0353229009
vn 0.0358863994 -0.998642981 -0.0377505012
vn 0.0426068008 -0.998598993 -0.0313744992
vn 0.0426990017 -0.998615026 -0.0307382997
vn 0.0398183987 -0.998636007 -0.0337745994
vn 0.045566801 -0.998293996 -0.0365120992
vn 0.043735899 -0.998642981 -0.0282895993
vn 0.044401899 -0.998641014 -0.0272761993
vn 0.0460782982 -0.998587012 -0.0264598001
vn -0.0434106998 -0.998641014 -0.0288364999
vn -0.0451250002 -0.998580992 -0.0282771997
vn -0.990652025 -0.0175541993 0.135282993
vn -0.997054994 0.0342183001 0.0686303005
vn -0.99060601 0.0455983989 0.128920004
vn -0.981880009 0.0221219994 0.188208997
vn -0.953679025 0.0850891992 0.288540006
vn -0.936855018 0.0580163002 0.344871014
vn -0.973926008 0.0662985966 0.216964006
vn -0.889633 0.106146999 0.444169015
vn -0.889814973 0.106383003 0.443747014
vn -0.795077026 0.104780003 0.597388983
vn -0.821255028 0.135279 0.554292023
vn -0.282483011 0.197319999 0.938759029
vn -0.409148991 0.190708995 0.892315984
vn -0.35908401 0.173594996 0.91701901
vn -0.448624998 0.187432006 0.873844981
vn -0.0841695964 0.128229007 0.988165975
vn -0.0841950998 0.205131993 0.975106001
vn -0.0449166 0.186553001 0.981418014
vn -0.129007995 0.205188006 0.970183015
vn -0.250248998 0.200333998 0.947229028
vn -0.214163005 0.184559003 0.959204018
vn -0.0964064971 -0.194997996 0.976054013
vn -0.210091993 -0.207041994 0.955507994
vn -0.250299007 -0.194230005 0.94848597
vn -0.409245998 -0.183266997 0.893828988
vn -0.338916987 -0.206764996 0.91781503
vn -0.500607014 -0.186392993 0.845369995
vn -0.556554019 -0.168911994 0.813459992
vn -0.688346982 -0.184165999 0.701613009
vn -0.799889028 -0.118221 0.588388979
vn -0.775440991 -0.149005994 0.613586009
vn -0.874789 -0.135112002 0.46528399
vn -0.889612019 -0.104165003 0.444680989
vn -0.967365026 -0.0718343034 0.242992997
vn -0.953666985 -0.0670489967 0.29329899
vn -0.926904023 -0.105672002 0.360114008
vn -0.990634024 -0.0267281998 0.133904994
vn -0.994520009 -0.0308062993 0.0999064967
vn -0.990652025 0.0175541993 0.135282993
vn -0.990651011 0.0291178003 0.133276999
vn -0.953634977 0.0642385036 0.294030011
vn -0.953634977 0.0642386004 0.294030011
vn -0.889513016 0.0975235999 0.446381003
vn -0.889512002 0.0975233018 0.446382999
vn -0.799625993 0.128169999 0.586660028
vn -0.800105989 0.128345996 0.585968018
vn -0.688067973 0.154892996 0.708922029
vn -0.688031971 0.154879004 0.708959997
vn -0.587674022 0.172682002 0.790455997
vn -0.556554973 0.168853998 0.813471019
vn -0.527074993 0.179510996 0.830642998
vn -0.990652025 -0.0291150007 0.133274004
vn -0.990651011 -0.0291178003 0.133276999
vn -0.953634977 -0.0642385036 0.294030011
vn -0.953634977 -0.0642386004 0.294030011
vn -0.889512002 -0.0975238979 0.446382999
vn -0.889513016 -0.0975229964 0.446381986
vn -0.800112009 -0.128031999 0.58602798
vn -0.800137997 -0.128006995 0.585999012
vn -0.688031971 -0.154866993 0.708962023
vn -0.688012004 -0.154882997 0.708979011
vn -0.582903981 -0.173417002 0.79381901
vn -0.58217603 -0.115587004 0.804804981
vn -0.953634977 -0.0387286991 0.298465014
vn -0.953634977 -0.0387280993 0.298464
vn -0.889512002 -0.0587952994 0.453114003
vn -0.889512002 -0.0587948002 0.45311299
vn -0.800127029 -0.0771853998 0.59484297
vn -0.800112009 -0.0771991983 0.594861984
vn -0.688024998 -0.0933939964 0.719651997
vn -0.688031971 -0.0933886021 0.719645977
vn -0.556421995 -0.106930003 0.823991001
vn -0.556402981 -0.106940001 0.824002028
vn -0.409092009 -0.11744 0.904904008
vn -0.409085989 -0.117443003 0.904905975
vn -0.250131994 -0.124614 0.960159004
vn -0.25018701 -0.124589004 0.960147977
vn -0.0841801018 0.128229007 0.988165021
vn -0.0841753036 0.128224999 0.988166988
vn -0.250131994 0.124591 0.960161984
vn -0.25018701 0.124612004 0.960144997
vn -0.409092009 0.117443003 0.904904008
vn -0.409085989 0.11744 0.904906988
vn -0.556420982 0.106939003 0.823989987
vn -0.556402981 0.106931001 0.824002981
vn -0.688024998 0.0933895037 0.71965301
vn -0.688031971 0.0933931023 0.719645023
vn -0.800127029 0.0771965981 0.594842017
vn -0.800112009 0.0771880001 0.594864011
vn -0.889512002 0.0587949008 0.453114003
vn -0.889512002 0.0587951988 0.45311299
vn -0.953634977 0.0387281999 0.298465014
vn -0.953634977 0.0387285985 0.298464
vn -0.990652025 0.0291150007 0.133274004
vn -0.990652025 0.00586761022 0.136290997
vn -0.990651011 0.00586700998 0.136291996
vn -0.953634977 0.0129437996 0.300687999
vn -0.953634977 0.0129450001 0.300686002
vn -0.889512002 0.0196527001 0.45649001
vn -0.889514029 0.0196544994 0.456485987
vn -0.800127029 0.0258025005 0.599274993
vn -0.800122023 0.0257991999 0.599282026
vn -0.688024998 0.0312121008 0.725015998
vn -0.688018978 0.0312088002 0.725021005
vn -0.556421995 0.0357333012 0.830130994
vn -0.556424022 0.0357345007 0.830129981
vn -0.409092009 0.0392437018 0.911648989
vn -0.409058988 0.0392291993 0.911664009
vn -0.250131011 0.0416239016 0.967316985
vn -0.250203013 0.0416531004 0.967297018
vn -0.0841801018 0.0428688005 0.995527983
vn -0.0841633007 0.0428620018 0.995530009
vn -0.990651011 -0.00586766982 0.136291996
vn -0.990652025 -0.00586696016 0.136290997
vn -0.953634977 -0.0129437 0.300686002
vn -0.953634977 -0.0129450997 0.300687999
vn -0.889514029 -0.0196525007 0.456485987
vn -0.889512002 -0.0196547005 0.45649001
vn -0.800122023 -0.0258028004 0.599281013
vn -0.800127029 -0.0257989001 0.599274993
vn -0.688018978 -0.0312123001 0.725021005
vn -0.688024998 -0.0312085003 0.725015998
vn -0.556424022 -0.0357332006 0.830129981
vn -0.556421995 -0.0357346013 0.830130994
vn -0.409058988 -0.0392443016 0.911664009
vn -0.409092009 -0.0392284989 0.911648989
vn -0.250203013 -0.0416231006 0.967297971
vn -0.250131994 -0.0416539013 0.967315018
vn -0.0841633007 -0.042868901 0.995528996
vn -0.0841801018 -0.0428619012 0.995527983
vn -0.0842093974 -0.199984998 0.976173997
vn -0.0841695964 -0.128224999 0.988166988
vn -0.0841796026 -0.128229007 0.988165975
vn -0.0841801018 -0.128229007 0.988165021
vn -0.998652995 -0.0166053008 0.0491509996
vn -0.998602986 -0.0155691002 0.0504914001
vn -0.998659015 -0.0121795004 0.0503197014
vn -0.99860698 -0.0112602003 0.0515432991
vn -0.998651028 -0.00737449992 0.0513959005
vn -0.99861598 -0.00676778005 0.0521563999
vn -0.998640001 -0.00247451011 0.0520692989
vn -0.998627007 -0.00225281995 0.0523278005
vn -0.998627007 0.00248680008 0.0523278005
vn -0.998641014 0.00224148994 0.0520645007
vn -0.99861002 0.00748571008 0.0521708988
vn -0.998658001 0.00666559022 0.0513688996
vn -0.99860698 0.0112602003 0.0515432991
vn -0.998659015 0.0121795004 0.0503197014
vn -0.998585999 0.0164655 0.0505366996
vn -0.990647972 0.0193792004 0.135061994
vn -0.990647972 -0.00647690985 0.136289001
vn -0.990647972 -0.0320984982 0.132615998
vn -0.983758986 0.0523364991 0.171694994
vn -0.953638971 -0.096174702 0.285172999
vn -0.950882971 -0.0956216976 0.294411004
vn -0.889450014 -0.15038 0.431582987
vn -0.882646978 -0.148906007 0.445825994
vn -0.80667299 -0.187503994 0.560464978
vn -0.800086021 -0.194394007 0.567515016
vn -0.687919021 -0.238222003 0.685579002
vn -0.668640971 -0.235211 0.705404997
vn -0.556382 -0.269858986 0.785884976
vn -0.544871986 -0.268133998 0.79449302
vn -0.409180999 -0.288607001 0.865607977
vn -0.385504991 -0.305566013 0.870640993
vn -0.0841090977 -0.234399006 0.968495011
vn -0.0841192976 -0.323125005 0.942610025
vn -0.0674711987 -0.331185013 0.941151023
vn -0.250191987 -0.309697986 0.917328
vn -0.218875006 -0.325269014 0.919942021
vn -0.219380006 0.311706007 0.924506009
vn -0.250093013 0.31823799 0.914427996
vn -0.409031004 0.297654003 0.862609982
vn -0.390074015 0.294604003 0.872382998
vn -0.556300998 0.273348004 0.784735978
vn -0.523804009 0.269704014 0.808016002
vn -0.66484499 0.236412004 0.708582997
vn -0.687929988 0.237783998 0.685720026
vn -0.772377014 0.198594004 0.603318989
vn -0.799982011 0.198624998 0.566195011
vn -0.88942802 0.151407003 0.431270003
vn -0.87035799 0.152775005 0.468120992
vn -0.953540027 0.102606997 0.283255994
vn -0.937470973 0.105158001 0.331797987
vn -0.990643978 -0.0449528992 0.128854007
vn -0.991150975 -0.0424847007 0.125753
vn -0.990647972 -0.0193792004 0.135060996
vn -0.990647972 0.00647700997 0.136290997
vn -0.998317003 0.0160021 0.0557499006
vn -0.990579009 0.0511508994 0.127029002
vn -0.990647018 0.0320996009 0.132620007
vn -0.990647018 -0.0320978984 0.132621005
vn -0.953611016 -0.0708156973 0.292593986
vn -0.953611016 -0.0708158016 0.292593002
vn -0.889463007 -0.107505001 0.444182992
vn -0.889476001 -0.10751 0.444155008
vn -0.800067008 -0.141136006 0.583072007
vn -0.800053 -0.141130999 0.583092988
vn -0.687968016 -0.170727 0.705374002
vn -0.687951982 -0.170721993 0.705389977
vn -0.556339979 -0.195467994 0.807636976
vn -0.556352019 -0.195472002 0.807627976
vn -0.409007013 -0.214663997 0.886923015
vn -0.409029007 -0.214672998 0.886910975
vn -0.25011 -0.227774993 0.941043973
vn -0.250120997 -0.227779999 0.941039979
vn -0.0841893032 -0.234421998 0.968482018
vn -0.0840872973 -0.234378994 0.968501985
vn -0.990647972 -0.0193792004 0.135061994
vn -0.953613997 -0.0427554995 0.297982007
vn -0.953611016 -0.0427533984 0.297989994
vn -0.889468014 -0.064901799 0.452365011
vn -0.889461994 -0.0648982003 0.452376992
vn -0.800059021 -0.0851927996 0.593841016
vn -0.800068021 -0.0851972029 0.593828976
vn -0.687964022 -0.103068002 0.718388975
vn -0.687968016 -0.103069998 0.718384981
vn -0.556365013 -0.118009999 0.822515011
vn -0.556339025 -0.117999002 0.822534025
vn -0.408991992 -0.129584 0.903290987
vn -0.409007013 -0.129590005 0.903283
vn -0.25011301 -0.137498006 0.958404005
vn -0.25011 -0.137496993 0.958405018
vn -0.0843005031 -0.141505003 0.986342013
vn -0.0841894969 -0.141455993 0.986357987
vn -0.0841695964 -0.0467787012 0.995352983
vn -0.990647972 -0.00647622999 0.136290997
vn -0.953616023 -0.0142879998 0.300686985
vn -0.953613997 -0.0142853996 0.300693989
vn -0.889468014 -0.0216864999 0.456481993
vn -0.889468014 -0.0216866005 0.456481993
vn -0.800033987 -0.0284706 0.599278986
vn -0.800059021 -0.0284867007 0.599243999
vn -0.687985003 -0.0344602987 0.724906027
vn -0.687964022 -0.0344485007 0.724927008
vn -0.556369007 -0.0394414999 0.82999903
vn -0.556365013 -0.0394394994 0.830000997
vn -0.408960998 -0.0433132015 0.911523998
vn -0.408991992 -0.0433279984 0.911508977
vn -0.25008601 -0.0459720008 0.967131972
vn -0.25011301 -0.0459843986 0.967123985
vn -0.0829968005 -0.0473299995 0.995424986
vn -0.990647972 0.00647612987 0.136289001
vn -0.953613997 0.0142882997 0.300693989
vn -0.953616023 0.014285 0.300686985
vn -0.889468014 0.0216864999 0.456481993
vn -0.889468014 0.0216866005 0.456481993
vn -0.800059021 0.028469 0.599246025
vn -0.800032973 0.0284883007 0.599278986
vn -0.687964022 0.0344613008 0.724925995
vn -0.687986016 0.0344474986 0.724906027
vn -0.556365013 0.0394416004 0.830000997
vn -0.556369007 0.0394393988 0.82999903
vn -0.408991992 0.0433125012 0.911509991
vn -0.408960015 0.0433286987 0.911522985
vn -0.25011301 0.0459716991 0.967124999
vn -0.25008601 0.0459847003 0.967131019
vn -0.0841424987 0.0473254994 0.995329022
vn -0.0841675028 0.0473137982 0.995328009
vn -0.990647972 0.0193790998 0.135060996
vn -0.953611016 0.042756699 0.297989994
vn -0.953613997 0.0427521989 0.297982007
vn -0.889463007 0.0649034008 0.452376008
vn -0.889468014 0.0648965985 0.452365011
vn -0.800068021 0.0851911977 0.593829989
vn -0.800059021 0.0851989016 0.593841016
vn -0.687968016 0.103067003 0.718384981
vn -0.687964022 0.103069998 0.718388975
vn -0.556339979 0.118012004 0.822531998
vn -0.556365013 0.117996 0.822516978
vn -0.409007013 0.129583001 0.903284013
vn -0.408991992 0.129591003 0.90328902
vn -0.25011 0.137498006 0.958405018
vn -0.25011301 0.137496993 0.958404005
vn -0.0841896981 0.141506001 0.986351013
vn -0.0841574967 0.141521007 0.986351013
vn -0.0840988979 0.327946007 0.940945983
vn -0.0717988014 0.323437989 0.943521976
vn -0.990647972 0.0320966989 0.132615998
vn -0.953611016 0.0708156005 0.292593002
vn -0.953611016 0.0708158985 0.292593986
vn -0.889476001 0.107499003 0.444157988
vn -0.889461994 0.107516997 0.444180995
vn -0.800053 0.141140997 0.583090007
vn -0.800068021 0.141126007 0.583073974
vn -0.687952995 0.170730993 0.70538801
vn -0.687968016 0.170717999 0.705376029
vn -0.556352019 0.195465997 0.807630002
vn -0.556339979 0.195473999 0.807636023
vn -0.409029007 0.214662001 0.886914015
vn -0.409007013 0.214674994 0.886920989
vn -0.250120997 0.227774993 0.941040993
vn -0.25011 0.227780998 0.941043019
vn -0.084109202 0.234423995 0.968488991
vn -0.0841894001 0.234385997 0.968491018
vn -0.0190335009 -0.159133002 0.987074018
vn -0.000542284979 -0.197476998 0.980306983
vn -0.0146685001 -0.193095997 0.981069982
vn -0.0380712003 -0.193004996 0.980458975
vn -0.00760055007 -0.204031006 0.978935003
vn -0.00634597987 0.205201 0.978699028
vn -0.000901512976 0.219124004 0.975696981
vn -0.00390448002 0.0987790972 0.995101988
vn -0.00281937001 0.123547003 0.992335021
vn -0.00281941006 0.128684998 0.991681993
vn -0.00359917991 0.124058999 0.992268026
vn 0.00669350009 0.205858007 0.978559017
vn -0.0122902002 0.153730005 0.98803699
vn -0.000700908015 0.196542993 0.980494976
vn -0.0213845 0.188510001 0.981837988
vn -0.00227182009 0.0430145003 0.999072015
vn -0.00522489985 0.0315707996 0.999487996
vn 0.00991726015 0.128680006 0.991636992
vn -0.0102840001 0.0598260015 0.998156011
vn -0.0063786502 0.0807098001 0.996716976
vn -0.000661019993 -0.205886006 0.978576005
vn 0.00481315982 -0.194122002 0.980965972
vn -0.00296629989 -0.128684998 0.99168098
vn -0.00257428992 -0.120226003 0.992743015
vn -0.00476938998 -0.0905191004 0.995882988
vn 0.00172437995 -0.128685996 0.99168402
vn -0.000652168994 -0.0630375966 0.998010993
vn -0.00421109004 -0.0367498994 0.999315977
vn -0.00271999999 -0.0430145003 0.999071002
vn 0.000760765979 -0.00258145994 0.999996006
vn 0.990651011 -0.0284157004 0.133430004
vn 0.0841881037 0.146250993 0.985659003
vn 0.0842484981 0.202769995 0.975594997
vn 0.063588798 0.215137005 0.974511981
vn 0.250333011 0.200508997 0.947169006
vn 0.233693004 0.211144 0.949108005
vn 0.409341991 0.190718994 0.892225027
vn 0.390625 0.200112998 0.898536026
vn 0.55665499 0.177412003 0.811578989
vn 0.537172019 0.186002001 0.822709024
vn 0.690128982 0.157525003 0.706333995
vn 0.688244998 0.156935006 0.708301008
vn 0.601988018 0.186102003 0.776515007
vn 0.800366998 0.118933 0.587593973
vn 0.805647016 0.0968000963 0.584433973
vn 0.768676996 0.148578003 0.622142017
vn 0.846354008 0.0427481011 0.530902028
vn 0.889653027 0.0544562005 0.453379005
vn 0.896324992 0.0275864005 0.442537993
vn 0.986167014 -0.0189787 0.164666995
vn 0.984634995 -0.00974891987 0.174351007
vn 0.953639984 0.0167746004 0.300480992
vn 0.990666986 -0.0360395983 0.131452993
vn 0.991006017 -0.0366478004 0.128704995
vn 0.953674972 -0.0845725983 0.288706005
vn 0.936869979 -0.0598936006 0.344509006
vn 0.975364029 -0.066872701 0.210220993
vn 0.88964498 -0.124155998 0.439449996
vn 0.85839498 -0.0769132003 0.507189989
vn 0.901629984 -0.104442 0.419708997
vn 0.800172985 -0.128130004 0.585923016
vn 0.800696015 -0.128775001 0.585066974
vn 0.687232018 -0.127029002 0.715245008
vn 0.712418973 -0.154081002 0.684629977
vn 0.523476005 -0.100803003 0.846055984
vn 0.626600981 -0.156748995 0.763414025
vn 0.289880008 -0.194296002 0.937133014
vn 0.409101009 -0.187662005 0.892983973
vn 0.360255986 -0.172479004 0.916769981
vn 0.44858399 -0.184659004 0.874455988
vn 0.0449936017 -0.184909001 0.981724977
vn 0.120719001 -0.200185999 0.972292006
vn 0.250229001 -0.196533993 0.948029995
vn 0.199320003 -0.179738998 0.963310003
vn 0.0841839015 -0.119820997 0.989220023
vn 0.0841839984 -0.119820997 0.989220023
vn 0.0842045024 -0.201780006 0.975803971
vn 0.0841721967 0.146283999 0.98565501
vn 0.0841993019 0.146270007 0.98565501
vn 0.250131994 0.142124996 0.957723975
vn 0.250151008 0.142116994 0.957719982
vn 0.409061998 0.133940995 0.902622998
vn 0.409063011 0.133939996 0.902622998
vn 0.55637598 0.121965997 0.821931005
vn 0.556385994 0.121959999 0.821924984
vn 0.68800801 0.106516004 0.717844009
vn 0.687977016 0.106537998 0.717869997
vn 0.800089002 0.0880628005 0.593382001
vn 0.800113022 0.0880417973 0.593353987
vn 0.858144999 0.0753543004 0.507847011
vn 0.0841881037 0.0577764995 0.994773984
vn 0.0841649026 0.057785701 0.994774997
vn 0.250151008 0.0561476983 0.966576993
vn 0.250151992 0.0561472997 0.966576993
vn 0.409061998 0.0529172011 0.910970986
vn 0.409065008 0.0529160015 0.910969973
vn 0.556385994 0.0481850989 0.829526007
vn 0.556391001 0.0481826998 0.829523027
vn 0.687977016 0.0420830995 0.724511027
vn 0.687964022 0.0420916006 0.724524021
vn 0.800113022 0.0347900018 0.598839998
vn 0.800107002 0.0347948 0.598847985
vn 0.889494002 0.0265052002 0.456176996
vn 0.889505029 0.0264935996 0.456156999
vn 0.941811025 0.0194904003 0.335577011
vn 0.963021994 -0.0198417008 0.268691987
vn 0.0841640979 -0.0311459992 0.995965004
vn 0.0841642022 -0.119828999 0.989220977
vn 0.250142992 -0.116432004 0.961181998
vn 0.250176013 -0.116443999 0.961172998
vn 0.409083009 -0.109745003 0.905874014
vn 0.409061015 -0.109737001 0.905884981
vn 0.556364 -0.099927403 0.824908018
vn 0.556379974 -0.0999336019 0.824896991
vn 0.688012004 -0.087278001 0.720431983
vn 0.687991977 -0.0872687995 0.720452011
vn 0.800104022 -0.0721341968 0.595507979
vn 0.800098002 -0.0721310973 0.59551698
vn 0.889494002 -0.0549454987 0.453631997
vn 0.889505982 -0.054954201 0.453606993
vn 0.953631997 -0.0361981988 0.298788995
vn 0.953625023 -0.0361901 0.298812985
vn 0.0841650963 -0.0310852006 0.995966971
vn 0.0841844976 -0.0311366003 0.995963991
vn 0.250151992 -0.0302540008 0.967733979
vn 0.250142992 -0.0302505996 0.967736006
vn 0.409065008 -0.0285101999 0.912060022
vn 0.409083009 -0.0285179 0.912051022
vn 0.556391001 -0.0259684008 0.830515027
vn 0.556364 -0.0259559005 0.830533028
vn 0.687964022 -0.0226700008 0.725390971
vn 0.688013017 -0.0226964001 0.725344002
vn 0.800105989 -0.0187606998 0.599565029
vn 0.800104022 -0.0187592991 0.599568009
vn 0.889505029 -0.0142893 0.456703007
vn 0.889494002 -0.0142794997 0.456723988
vn 0.953631997 -0.00940540992 0.300828993
vn 0.953631997 -0.00940637011 0.300826997
vn 0.990648985 -0.0042639398 0.136365995
vn 0.990651011 -0.0164026003 0.135432005
vn 0.990648985 -0.0164090991 0.135442004
vn 0.990649998 -0.0284186006 0.133432999
vn 0.953629017 -0.062697202 0.294380993
vn 0.953625023 -0.0626937971 0.294395
vn 0.889500976 -0.0951735973 0.446911991
vn 0.889505982 -0.0951763019 0.446902007
vn 0.800107002 -0.124949001 0.586699009
vn 0.800099015 -0.124945 0.586712003
vn 0.687994003 -0.151158005 0.709798992
vn 0.687991977 -0.151157007 0.709801972
vn 0.556514978 -0.173051998 0.812615991
vn 0.556380987 -0.173014998 0.812714994
vn 0.999293983 -0.0147872996 0.034534499
vn 0.998609006 -0.00172737997 0.0526903011
vn 0.998647988 -0.00382788992 0.0518488996
vn 0.998607993 -0.00634435983 0.0523670986
vn 0.998649001 -0.00860167015 0.0512555018
vn 0.998607993 -0.0109869996 0.0515910983
vn 0.998647988 -0.0133578004 0.0502316989
vn 0.998601973 -0.0158443991 0.0504208989
vn 0.998604 -0.0159235001 0.0503734984
vn -0.00137948 -0.276295006 0.961072028
vn 0.00207733992 -0.235231996 0.971937001
vn 0.00207595993 -0.199968994 0.979799986
vn -0.00132638996 -0.350281 0.936644018
vn -0.000921853993 -0.348814011 0.937192023
vn 0.00175120996 -0.324274004 0.945962012
vn -0.00334859011 -0.235210001 0.971939027
vn 0.00179764 -0.141959995 0.989871025
vn -0.000933413976 -0.120402001 0.992725015
vn 0.00120786997 -0.0401591994 0.999193013
vn -1.35822993e-05 -0.0469449013 0.998897016
vn 1.16563997e-05 0.0402882993 0.999188006
vn 0.00110938004 0.0474822 0.998871982
vn -0.000911466021 0.120079003 0.992763996
vn 0.00181706005 0.142024994 0.989861012
vn -0.00140648999 0.199338004 0.979929984
vn -0.00133465999 0.350371987 0.936609983
vn 0.00207830011 0.235220999 0.971939981
vn -0.00138867996 0.276403993 0.961040974
vn 0.00175257004 0.324274004 0.945962012
vn -0.000914253003 0.348841995 0.937180996
vn 0.0393452011 0.998605013 0.0351996012
vn 0.0393490009 0.998618007 0.0348441005
vn 0.0425858013 0.998600006 0.0313723981
vn 0.0405936018 0.998632014 0.0329720005
vn 0.0427010991 0.99861902 0.0306075998
vn 0.0456711017 0.998278022 0.0368231013
vn 0.0437228009 0.998642027 0.0283204
vn 0.0444015004 0.998641014 0.0272896998
vn 0.0460789017 0.998585999 0.0264947992
vn 0.0121342996 0.998605013 0.0513954982
vn 0.0153388996 0.998570979 0.051197201
vn 0.0136738 0.998652995 0.0500500984
vn 0.0153372996 0.998652995 0.0495757014
vn 0.0171741992 0.99861002 0.0498262011
vn 0.0211124998 0.998576999 0.0489820987
vn 0.0169562008 0.998645008 0.0491926
vn 0.0211121999 0.998646975 0.0475322008
vn 0.0222012997 0.99861002 0.047805801
vn 0.0222006999 0.99861002 0.0478059985
vn 0.0252160002 0.998637974 0.0456660986
vn 0.0265916996 0.998651028 0.0446069986
vn 0.0280853994 0.998616993 0.0444535017
vn 0.0271751992 0.998591006 0.0455839001
vn 0.0316105001 0.998601019 0.0423996001
vn 0.0311616994 0.998618007 0.0423134007
vn 0.0364507996 0.998633027 0.0374631993
vn 0.0359445997 0.998588026 0.0391247012
vn 0.0334609002 0.998656988 0.0395684987
vn 0 -0.117384002 0.993086994
vn 0.00225395989 -0.107974999 0.994150996
vn 0.0592679009 -0.165158004 0.984484971
vn -0.00066431798 -0.0772308037 0.997012973
vn -0.0104852002 -0.319801003 0.947426975
vn 0.00103365001 -0.379815012 0.925062001
vn 0.00199149991 -0.345171988 0.938537002
vn 0.00138708996 -0.346955001 0.937880993
vn -0.00101123005 -0.255064994 0.966922998
vn -0.000760465977 -0.256862015 0.966448009
vn 0.000522658986 -0.189588994 0.981863022
vn -0.00174591003 -0.165517002 0.986204982
vn -0.00174404006 -0.119647004 0.992815018
vn -0.00946933031 -0.0707727 0.997448027
vn -0.00263516 -0.0581946 0.998301983
vn 0.0340070017 -0.998587012 0.0408353992
vn 0.0340633988 -0.99859798 0.0405168012
vn 0.0309072994 -0.998660028 0.0415186994
vn 0.0340098999 -0.998587012 0.0408335999
vn 0.0287110992 -0.998613 0.0441332012
vn 0.0297912005 -0.998574972 0.0442721993
vn 0.0226876996 -0.998664975 0.0463998988
vn 0.0247415006 -0.998593986 0.0468778014
vn 0.0265285 -0.998637021 0.0449404009
vn 0.0188338999 -0.998695016 0.0474661998
vn 0.0184036009 -0.998713017 0.0472666994
vn 0.0135708004 -0.998714983 0.0488260984
vn 0.0184087008 -0.998571992 0.0501512997
vn 0.0140928999 -0.998611987 0.0507498011
vn 0.00633087009 -0.998652995 0.0515085012
vn 0.00841418002 -0.998660028 0.0510554016
vn 0.00633276021 -0.998712003 0.0503399
vn 0.0028685499 -0.998709023 0.0507098995
vn 0.00633415021 -0.998616993 0.0521940999
vn -0.00268470007 -0.998623013 0.0523957014
vn -0.00652692979 -0.998602986 0.0524296016
vn -0.00262081996 -0.998705983 0.0507883988
vn -0.00652531022 -0.99870801 0.050391499
vn -0.00809715036 -0.998669028 0.050937999
vn -0.00652729021 -0.998663008 0.0512696989
vn -0.0138277998 -0.998609006 0.0508718006
vn -0.0184760001 -0.998564005 0.0502922013
vn -0.0133336997 -0.998709023 0.0490231998
vn -0.0184713993 -0.998705983 0.0473887995
vn -0.0185295008 -0.998703003 0.0474243984
vn -0.0294598006 -0.998585999 0.0442457981
vn -0.0283706002 -0.998628974 0.0440012999
vn -0.0241950992 -0.998627007 0.0464681014
vn -0.0253628008 -0.998573005 0.0469888002
vn -0.0340998992 -0.998580992 0.0409093983
vn -0.0312765017 -0.998668015 0.0410370007
vn -0.0382659994 -0.998633981 0.0355864987
vn -0.0380197018 -0.99859798 0.0368217006
vn -0.0348370001 -0.998664021 0.0381649993
vn -0.0414070003 -0.99859798 0.0329893008
vn -0.0477337986 -0.997614026 0.0498716012
vn -0.0414595008 -0.998618007 0.0322948992
vn -0.0426615998 -0.998642027 0.0298919007
vn -0.043410901 -0.998641014 0.0288401004
vn -0.0451242998 -0.998580992 0.0282847006
vn -0.0338990018 0.998629987 0.0398616008
vn -0.0230870992 0.99861902 0.0471994989
vn -0.0123313004 0.998607993 0.0512853004
vn -0.0153376004 0.998592973 0.0507596992
vn -0.0121363997 0.998651981 0.0504751988
vn -0.0153377997 0.998655021 0.0495348014
vn -0.0178327002 0.998601973 0.0497571006
vn -0.0211139005 0.998573005 0.0490546003
vn -0.0175078996 0.998652995 0.0488516018
vn -0.0211120006 0.998655021 0.0473500006
vn -0.0233158991 0.998591006 0.0476628989
vn -0.0246366002 0.998575985 0.0473131016
vn -0.0451293997 0.998571992 0.0285753999
vn -0.0434125997 0.998637021 0.0289817993
vn -0.0416281 0.998620987 0.0319945998
vn -0.0759972036 0.996102989 0.0447598994
vn -0.0371157005 0.998627007 0.0369706005
vn -0.0366806984 0.998575985 0.0387302004
vn -0.0376308002 0.998588979 0.0374706984
vn -0.0378056988 0.998629987 0.0361698009
vn -0.0410372987 0.998623013 0.0326944999
vn -0.0410321988 0.998583019 0.0338941999
vn -0.0332490988 0.998588979 0.0414076
vn -0.0331883989 0.998585999 0.0415185988
vn -0.0332948007 0.998584986 0.0414655991
vn -0.0270303991 0.998633027 0.0447485
vn -0.0285457 0.998580992 0.0449552983
vn -0.0285458993 0.998580992 0.0449552014
vn -0.0295218006 0.998651028 0.0427258983
vn 0.998627007 0.00138350006 0.052373901
vn 0.998628974 0 0.0523382984
vn 0.966791987 0.244559005 0.0741947964
vn -0.998629987 5.50619961e-06 0.0523309
vn -0.998571992 0.00913309958 0.0526290983
vn -0.0784618035 0.00673676981 0.996894002
vn -0.233438998 0.00485548982 0.972359002
vn -0.127878994 -0.00370430993 0.991783023
vn -0.375261992 0.00381598994 0.926910996
vn -0.382678986 0.00108842005 0.923880994
vn -0.253654003 -0.000881596003 0.967294991
vn -0.490729988 -0.00268299994 0.871307015
vn -0.522490978 0.00612878008 0.852622986
vn -0.598102987 -0.00446189009 0.80140698
vn -0.649434984 0.00696820021 0.760384977
vn -0.695672989 -0.00435446016 0.718346
vn -0.760389984 0.00592418015 0.649439991
vn -0.781827986 -0.00236828998 0.623489976
vn -0.852635026 0.00299711991 0.522498012
vn -0.855139971 0.00149954995 0.518393993
vn -0.92386198 0.00515234983 0.382690012
vn -0.914409995 -0.00129022996 0.404787987
vn -0.972348988 0.00683043012 0.233431995
vn -0.958653986 -0.00390795991 0.284548998
vn -0.996895015 0.00661945995 0.0784633011
vn -0.987173975 -0.00463500014 0.159582004
vn -0.996906996 0.00452616019 -0.0784628019
vn -0.999481022 -0.00348894997 0.0320299007
vn -0.974914014 0.00445100013 -0.222537994
vn -0.972370982 0.000558956992 -0.233441994
vn -0.995378971 -0.000454369001 -0.0960254967
vn -0.938467026 -0.00297782011 -0.345357001
vn -0.923859 0.00631615985 -0.382681012
vn -0.886591017 -0.00454303995 -0.462532014
vn -0.852617979 0.00694422005 -0.522487998
vn -0.820161998 -0.00422996981 -0.572116017
vn -0.760390997 0.00568951014 -0.649441004
vn -0.740278006 -0.00203114003 -0.672297001
vn -0.649448991 0.0025524199 -0.760401011
vn -0.648238003 0.00204502 -0.761434972
vn -0.522493005 0.00543460017 -0.852626026
vn -0.545543015 -0.00167436001 -0.838081002
vn -0.382669985 0.00690001994 -0.923859
vn -0.433887988 -0.00407824013 -0.900956988
vn -0.233437002 0.00648162002 -0.972350001
vn -0.315095007 -0.00459962012 -0.949048996
vn -0.0784628987 0.00418297993 -0.996908009
vn -0.191144004 -0.00324070989 -0.981557012
vn 0.0784628987 0.00418287003 -0.996908009
vn 0.0640640035 0 -0.997946024
vn -0.0640634969 0 -0.997946024
vn 0.233437002 0.00648168009 -0.972350001
vn 0.191143006 -0.00324066007 -0.981557012
vn 0.382669985 0.00690001016 -0.923859
vn 0.315095007 -0.00459966017 -0.949048996
vn 0.522493005 0.00543460995 -0.852626026
vn 0.433887988 -0.00407809997 -0.900958002
vn 0.64823699 0.00260583009 -0.761434019
vn 0.649439991 0.0020908101 -0.760410011
vn 0.545544028 -0.00167448004 -0.838081002
vn 0.740289986 -0.00203154003 -0.672284007
vn 0.760401011 0.00568814995 -0.649429977
vn 0.820161998 -0.00422996003 -0.572116017
vn 0.852617979 0.00694422005 -0.522487998
vn 0.886591017 -0.00454299012 -0.462532014
vn 0.923859 0.00631627999 -0.382681012
vn 0.938458025 -0.00297164009 -0.345382005
vn 0.972364008 0.00380966999 -0.233439997
vn 0.974928021 0.000477416994 -0.222518995
vn 0.996906996 0.00452619977 -0.0784628019
vn 0.995378971 -0.000454429013 -0.0960258022
vn 0.996895015 0.0066200099 0.0784633011
vn 0.999481022 -0.00348924007 0.0320338011
vn 0.972348988 0.00683056004 0.233431995
vn 0.987172008 -0.00463302992 0.159593001
vn 0.92386198 0.00515314983 0.382690012
vn 0.958660007 -0.00390334008 0.284527004
vn 0.855136991 0.00320560997 0.518392026
vn 0.852638006 0.00160384004 0.522499979
vn 0.914409995 -0.00129021006 0.404785991
vn 0.781827986 -0.00236818008 0.623489976
vn 0.760399997 0.00592071982 0.649429023
vn 0.695672989 -0.00435914006 0.718346
vn 0.649425983 0.00696608005 0.760393023
vn 0.598111987 -0.00445987983 0.801400006
vn 0.522490978 0.00612907019 0.852622986
vn 0.490732998 -0.00268325 0.871306002
vn 0.382676989 0.00341052003 0.923875988
vn 0.375272989 0.000975302013 0.926913977
vn 0.233438998 0.00485544978 0.972359002
vn 0.253654003 -0.000881728018 0.967294991
vn -0.032050401 0 0.999486029
vn 0.032050401 0 0.999486029
vn 0.0784618035 0.00673676981 0.996894002
vn 0.127878994 -0.00370432995 0.991783023
vn -0.0176918991 0.961111009 -0.275593996
vn -0.0176925007 0.961111009 -0.275593996
vn -0.0527927987 0.961112022 -0.271066993
vn -0.0527869985 0.961111009 -0.271070004
vn -0.0870219022 0.961111009 -0.262091994
vn -0.0870184004 0.961111009 -0.262093991
vn -0.119824998 0.961111009 -0.248812005
vn -0.119819 0.961111009 -0.248813003
vn -0.150656998 0.961111009 -0.231446996
vn -0.150657997 0.961111009 -0.231445998
vn -0.179020002 0.961111009 -0.210279003
vn -0.179014996 0.961112022 -0.210281
vn -0.204436004 0.961111009 -0.185663998
vn -0.204437003 0.961111009 -0.185662001
vn -0.226499006 0.961112022 -0.157995999
vn -0.226499006 0.961111009 -0.157997996
vn -0.244845003 0.961111009 -0.127735004
vn -0.244844005 0.961111009 -0.127736002
vn -0.259169012 0.961111009 -0.0953747034
vn -0.259169012 0.961111009 -0.0953740031
vn -0.269235998 0.961111009 -0.0614567995
vn -0.269237012 0.961111009 -0.0614541993
vn -0.274884999 0.961111009 -0.0265161004
vn -0.274886012 0.961111009 -0.0265193004
vn -0.276019007 0.961111009 0.00885265041
vn -0.276021004 0.961111009 0.00884690043
vn -0.272621006 0.961112022 0.0440700017
vn -0.272621989 0.961111009 0.0440772995
vn -0.264746994 0.961111009 0.0785818994
vn -0.264746994 0.961112022 0.0785726011
vn -0.252525002 0.961111009 0.111787997
vn -0.252525002 0.961111009 0.111785002
vn -0.236157 0.961111009 0.143161997
vn -0.236157 0.961111009 0.143160999
vn -0.215911999 0.961111009 0.172184005
vn -0.215911001 0.961111009 0.172184005
vn -0.192120999 0.961111009 0.198379993
vn -0.192120001 0.961111009 0.198381007
vn -0.165174007 0.961111009 0.221320003
vn -0.165172994 0.961111009 0.221321002
vn -0.135520995 0.961112022 0.240621001
vn -0.135518 0.961111009 0.240623996
vn -0.103634 0.961111009 0.255979002
vn -0.103634998 0.961111009 0.255977988
vn -0.070049502 0.961111009 0.267129987
vn -0.0700493976 0.961111009 0.267129987
vn -0.0353167988 0.961111009 0.273894012
vn -0.0353154987 0.961111009 0.273894012
vn -0.00883847009 0.96122402 0.275626004
vn -0.00883738976 0.96122402 0.275626004
vn 0.00883848034 0.96122402 0.275626004
vn 0.00883772969 0.96122402 0.275626004
vn 0.0353154987 0.961111009 0.273894012
vn 0.0353173986 0.961111009 0.273894012
vn 0.0700495988 0.961111009 0.267129987
vn 0.0700479969 0.961111009 0.267129987
vn 0.103634998 0.961111009 0.255979002
vn 0.103633001 0.961111009 0.255979002
vn 0.135517001 0.961111009 0.240626007
vn 0.135520995 0.961112022 0.240621001
vn 0.165177003 0.961111009 0.221319005
vn 0.165178001 0.961111009 0.221316993
vn 0.192120001 0.961111009 0.198381007
vn 0.215911001 0.961111009 0.172184005
vn 0.215913996 0.961111009 0.172181994
vn 0.236157998 0.961111009 0.143160999
vn 0.236157 0.961111009 0.143161997
vn 0.252525985 0.961111009 0.111784004
vn 0.252525002 0.961111009 0.111786999
vn 0.264748007 0.961111009 0.0785756037
vn 0.264748991 0.961111009 0.0785735995
vn 0.272621989 0.961111009 0.0440777987
vn 0.272621989 0.961111009 0.0440738983
vn 0.27601999 0.961111009 0.00884724967
vn 0.276019007 0.961111009 0.00884972978
vn 0.274886012 0.961111009 -0.0265193991
vn 0.274884999 0.961111009 -0.0265162997
vn 0.269237012 0.961111009 -0.0614532009
vn 0.269237995 0.961111009 -0.0614519008
vn 0.259169996 0.961111009 -0.095376499
vn 0.259166986 0.961111009 -0.0953802019
vn 0.244845003 0.961111009 -0.127736002
vn 0.244845003 0.961112022 -0.127731994
vn 0.226497993 0.961112022 -0.157996997
vn 0.204438999 0.961111009 -0.185660005
vn 0.204437003 0.961111009 -0.185663998
vn 0.179019004 0.961112022 -0.210277006
vn 0.179015994 0.961111009 -0.210282996
vn 0.150656 0.961111009 -0.231446996
vn 0.150657997 0.961111009 -0.231445998
vn 0.119824 0.961111009 -0.248812005
vn 0.119822003 0.961111009 -0.248813003
vn 0.0870181993 0.961111009 -0.262093991
vn 0.0870200023 0.961111009 -0.262093008
vn 0.0527875982 0.961111009 -0.271070004
vn 0.0527922995 0.961111009 -0.271068007
vn 0.0176925994 0.961111009 -0.275593996
vn 0.0176912993 0.961111009 -0.275593996
vn -0.0640626028 -0.0109575996 0.997886002
vn -0.127880007 0.0109623 0.991729021
vn -0.191152006 -0.0109519996 0.981499016
vn -0.253634989 0.0109571004 0.967238009
vn -0.315088004 -0.0109583996 0.948998988
vn -0.375247985 0.0109580997 0.926859975
vn -0.433853 -0.0109566003 0.900916994
vn -0.490689009 0.0109564997 0.871266007
vn -0.545506001 -0.0109567 0.838034987
vn -0.598069012 0.0109567996 0.801370025
vn -0.648189008 -0.0109588997 0.761400998
vn -0.695639014 0.0109548997 0.718308985
vn -0.740231991 -0.0109585002 0.672263026
vn -0.781787992 0.0109604998 0.623449028
vn -0.820128024 -0.0109550999 0.572075009
vn -0.855087996 0.0109540001 0.518366992
vn -0.886542022 -0.0109593999 0.46251899
vn -0.914358974 0.0109593999 0.404756993
vn -0.938414991 -0.0109593999 0.345337987
vn -0.958612978 0.0109534003 0.284500986
vn -0.974868 -0.0109550003 0.222515002
vn -0.987120986 0.0109585002 0.159600005
vn -0.995319009 -0.0109582003 0.0960170999
vn -0.999426007 0.0109564997 0.0320524015
vn -0.999426007 -0.0109559996 -0.0320469998
vn -0.995320022 0.0109596997 -0.0960125029
vn -0.987120986 -0.0109595004 -0.159597993
vn -0.974868 0.0109548001 -0.222515002
vn -0.958612978 -0.0109540001 -0.284503013
vn -0.938414991 0.0109601002 -0.34533599
vn -0.914357007 -0.0109575 -0.404760003
vn -0.886542022 0.0109607996 -0.462518007
vn -0.855087996 -0.0109545002 -0.518368006
vn -0.820125997 0.0109540997 -0.57207799
vn -0.781789005 -0.0109596001 -0.623447001
vn -0.740231991 0.0109588001 -0.672263026
vn -0.695640028 -0.0109553002 -0.718307018
vn -0.648189008 0.0109585999 -0.761399984
vn -0.598074973 -0.0109532997 -0.801365972
vn -0.545511007 0.0109596997 -0.838032007
vn -0.490687996 -0.0109590003 -0.871266007
vn -0.433851004 0.0109577002 -0.900918007
vn -0.375243992 -0.0109545002 -0.926860988
vn -0.315091997 0.0109588001 -0.948997974
vn -0.253632009 -0.0109580001 -0.967239022
vn -0.191156 0.0109523004 -0.981499016
vn -0.127878994 -0.0109615 -0.991729021
vn -0.0640619993 0.0109577002 -0.997886002
vn 0 -0.0109556997 -0.999939978
vn 0.0640622973 0.0109575996 -0.997886002
vn 0.127878994 -0.0109615 -0.991729021
vn 0.191152006 0.0109510999 -0.981499016
vn 0.253632009 -0.0109588001 -0.967239022
vn 0.315088004 0.0109580997 -0.948998988
vn 0.375243992 -0.0109566003 -0.926860988
vn 0.433856994 0.0109579004 -0.900915027
vn 0.490687996 -0.0109580997 -0.871266007
vn 0.545507014 0.0109575 -0.838034987
vn 0.598074973 -0.0109550003 -0.801365972
vn 0.648182988 0.0109564001 -0.761406004
vn 0.695640028 -0.0109614003 -0.718307018
vn 0.740238011 0.0109551996 -0.67225498
vn 0.781789005 -0.0109593002 -0.623447001
vn 0.820119977 0.0109511996 -0.57208699
vn 0.855087996 -0.0109630004 -0.518368006
vn 0.886550009 0.0109564997 -0.462502986
vn 0.914357007 -0.0109559996 -0.404760003
vn 0.938413978 0.0109604001 -0.345337987
vn 0.958612978 -0.0109542999 -0.284503013
vn 0.974868 0.0109548997 -0.222515002
vn 0.987120986 -0.0109595004 -0.159597993
vn 0.995320022 0.0109595004 -0.0960132033
vn 0.999426007 -0.0109543996 -0.0320469998
vn 0.999426007 0.0109572001 0.0320435017
vn 0.995319009 -0.0109593002 0.0960171968
vn 0.987120986 0.0109585999 0.159600005
vn 0.974868 -0.0109550003 0.222515002
vn 0.958612978 0.0109532997 0.284500986
vn 0.938414991 -0.0109593999 0.345337987
vn 0.914358974 0.0109593999 0.40475601
vn 0.886547983 -0.0109548997 0.46250701
vn 0.855087996 0.0109626995 0.518366992
vn 0.82012099 -0.0109500997 0.572085977
vn 0.781790972 0.0109604998 0.623444974
vn 0.740239024 -0.0109548997 0.672254026
vn 0.695640981 0.0109620998 0.718306005
vn 0.648181021 -0.0109540001 0.761407971
vn 0.598078012 0.0109574003 0.801362991
vn 0.545507014 -0.0109585002 0.838034987
vn 0.490684986 0.0109577999 0.871267974
vn 0.433853 -0.0109567 0.900916994
vn 0.375239998 0.0109579004 0.926863015
vn 0.315091997 -0.0109558003 0.948997974
vn 0.253634006 0.0109596001 0.967238009
vn 0.191149995 -0.0109513998 0.98150003
vn 0.127878994 0.0109615 0.991729021
vn 0.0640626028 -0.0109575 0.997886002
vn 0.032047499 0 0.999486029
vn -0.0320464 0 0.999486029
vn 0 -1 0
vn 0.0640664995 0 0.997946024
vn 0.191161007 0 0.981558979
vn 0.315111011 0 0.949055016
vn 0.433880001 0 0.900970995
vn 0.545539021 0 0.838084996
vn 0.648220003 0 0.761452973
vn 0.740284026 0 0.672294974
vn 0.820169985 0 0.572120011
vn 0.886600971 0 0.462534994
vn 0.938471019 0 0.345358014
vn 0.974925995 0 0.222527996
vn 0.995378971 0 0.0960228965
vn 0.999486029 0 -0.0320488997
vn 0.987181008 0 -0.159606993
vn 0.95867002 0 -0.28452
vn 0.914412022 0 -0.404783994
vn 0.855139017 0 -0.518399
vn 0.781835973 0 -0.623484015
vn 0.695681989 0 -0.718349993
vn 0.59811002 0 -0.801414013
vn 0.490718007 0 -0.871318996
vn 0.375265986 0 -0.926917017
vn 0.253647 0 -0.967297018
vn 0.127886996 0 -0.991788983
vn 0 0 -1
vn -0.127886996 0 -0.991788983
vn -0.253647 0 -0.967297018
vn -0.375265986 0 -0.926917017
vn -0.490718007 0 -0.871318996
vn -0.59811002 0 -0.801414013
vn -0.695681989 0 -0.718349993
vn -0.781835973 0 -0.623484015
vn -0.855139017 0 -0.518399
vn -0.914412022 0 -0.404783994
vn -0.95867002 0 -0.28452
vn -0.987181008 0 -0.159606993
vn -0.999486029 0 -0.0320488997
vn -0.995378971 0 0.0960228965
vn -0.974925995 0 0.222527996
vn -0.938471019 0 0.345358014
vn -0.886595011 0 0.462547004
vn -0.820177019 0 0.572109997
vn -0.740275979 0 0.672303021
vn -0.64822799 0 0.761447012
vn -0.545539021 0 0.838084996
vn -0.433880001 0 0.900970995
vn -0.315106988 0 0.949056029
vn -0.191164002 0 0.981558025
vn -0.0640664995 0 0.997946024
vn -0.0717379004 -0.926916003 0.368348002
vn -0.118251003 -0.92691499 0.356153995
vn -0.0717364997 -0.92691499 0.368349999
vn -0.162821993 -0.92691499 0.338108003
vn -0.118252002 -0.92691499 0.356151998
vn -0.204723999 -0.926916003 0.314507991
vn -0.162826002 -0.926917017 0.338102013
vn -0.243260995 -0.92691499 0.285748988
vn -0.204725996 -0.926917017 0.314505011
vn -0.277801991 -0.926916003 0.252294004
vn -0.243260995 -0.926916003 0.285746992
vn -0.307788014 -0.926916003 0.214696005
vn -0.277801007 -0.92691499 0.252299994
vn -0.332711995 -0.926916003 0.173580006
vn -0.332715005 -0.92691499 0.173577994
vn -0.307788014 -0.92691499 0.214697003
vn -0.352180004 -0.92691499 0.129602998
vn -0.352180004 -0.926916003 0.129602998
vn -0.365859002 -0.926916003 0.0835079029
vn -0.365860999 -0.926916003 0.0835067034
vn -0.37353301 -0.926917017 0.0360343009
vn -0.373533994 -0.926916003 0.0360336006
vn -0.375075012 -0.926917017 -0.0120269004
vn -0.375073999 -0.926917017 -0.0120256003
vn -0.370458007 -0.926916003 -0.0598957017
vn -0.370458007 -0.926916003 -0.0598944016
vn -0.359761 -0.92691499 -0.106771998
vn -0.359761 -0.92691499 -0.106772996
vn -0.320905 -0.926917017 -0.194537997
vn -0.343151003 -0.926916003 -0.151903003
vn -0.34314999 -0.926917017 -0.151899993
vn -0.29339999 -0.92691499 -0.233974993
vn -0.32090801 -0.926916003 -0.194536999
vn -0.261067986 -0.926916003 -0.269575
vn -0.293395013 -0.926916003 -0.233977005
vn -0.224452004 -0.926916003 -0.30074501
vn -0.26106599 -0.926916003 -0.269575
vn -0.184149995 -0.926917017 -0.326976001
vn -0.140825003 -0.926917017 -0.347840995
vn -0.184154004 -0.926916003 -0.326977015
vn -0.0951853022 -0.926917017 -0.362994999
vn -0.140833005 -0.92691499 -0.347842991
vn -0.0479918011 -0.926916003 -0.372186989
vn -0.0951919034 -0.92691499 -0.362998009
vn 0 -0.926916003 -0.375268996
vn 4.12047001e-07 -0.926916003 -0.375268996
vn -0.0479933992 -0.926916003 -0.372188002
vn 0.0479917005 -0.926917017 -0.372186005
vn 0.0951856002 -0.926916003 -0.362996012
vn 0.0951905027 -0.92691499 -0.362998009
vn 0.0479873009 -0.92691499 -0.372191012
vn 0.140825003 -0.926917017 -0.347840995
vn 0.140832007 -0.92691499 -0.347842991
vn 0.184150994 -0.926916003 -0.326979011
vn 0.224452004 -0.926916003 -0.30074501
vn 0.224456996 -0.92691499 -0.30074501
vn 0.261069 -0.926916003 -0.269575
vn 0.26106599 -0.926916003 -0.269576013
vn 0.320906997 -0.926916003 -0.194538996
vn 0.293401003 -0.92691499 -0.233976007
vn 0.293395996 -0.926916003 -0.233977005
vn 0.343151003 -0.926916003 -0.151903003
vn 0.320906997 -0.926917017 -0.194535002
vn 0.359761 -0.92691499 -0.106771998
vn 0.34314999 -0.926917017 -0.151898995
vn 0.370463014 -0.926913977 -0.0598963983
vn 0.359761 -0.92691499 -0.106771
vn 0.375075012 -0.926917017 -0.0120269004
vn 0.37045899 -0.926916003 -0.0598900989
vn 0.373533994 -0.926916003 0.0360343009
vn 0.375079006 -0.92691499 -0.0120323002
vn 0.365859985 -0.926916003 0.0835079998
vn 0.373533994 -0.926916003 0.0360340998
vn 0.352180004 -0.926916003 0.129602998
vn 0.365860999 -0.926916003 0.0835072026
vn 0.332713008 -0.926916003 0.173574001
vn 0.332713008 -0.926916003 0.173576996
vn 0.352178991 -0.926916003 0.129602998
vn 0.307783991 -0.926916003 0.214699
vn 0.277803004 -0.92691803 0.252288997
vn 0.277801991 -0.926916003 0.252297014
vn 0.243257999 -0.92691499 0.285750985
vn 0.243258998 -0.926917017 0.285746008
vn 0.204723999 -0.926916003 0.314507991
vn 0.204725996 -0.926917017 0.314503998
vn 0.162821993 -0.92691499 0.338108003
vn 0.162825003 -0.926917017 0.338102013
vn 0.118252002 -0.926916003 0.356151998
vn -0.0240419004 -0.926916003 0.37449801
vn -0.0240420997 -0.926916003 0.37449801
vn 0.0240423009 -0.926916003 0.37449801
vn 0.0240420997 -0.926916003 0.37449801
vn 0.0717367008 -0.926916003 0.368348002
vn 0.0717360005 -0.926916003 0.368348986
vn 0 -0.130363002 0.991465986
vn 0 -0.300585002 -0.953755021
vn 0.0455100983 -0.258540988 -0.964927971
vn 0 -0.382827997 -0.923819005
vn 0.0369465984 -0.422338009 -0.905685008
vn 0 -0.461897999 -0.886933029
vn 0 -0.537185013 -0.843464017
vn 0.0295794997 -0.573327005 -0.818792999
vn 0 -0.608700991 -0.79339999
vn 0 -0.691290975 -0.722576976
vn 0.0174435992 -0.706996024 -0.707002997
vn 0 -0.751631975 -0.659582973
vn 0 -0.793276012 -0.608862996
vn 0.0203920007 -0.818982005 -0.573457003
vn 0 -0.843318999 -0.537413001
vn 0 -0.887004018 -0.461760998
vn 0.0179728996 -0.906159997 -0.422553003
vn -0.000395312003 -0.924241006 -0.381810993
vn 0.0165218003 -0.965794981 -0.258780986
vn -0.00039267799 -0.953518987 -0.301331013
vn 0.0158545002 -0.996069014 -0.0871457979
vn 0 -0.991446018 -0.130520999
vn 0 -0.976373971 -0.216087997
vn 0.0158555992 -0.996070027 0.0871436
vn 0 -0.999049008 0.0436079986
vn 0 -0.999047995 -0.0436155014
vn 0 -0.953860998 0.300249994
vn 0.0165206008 -0.965794981 0.258780986
vn 0 -0.976397991 0.215979993
vn 0 -0.991446018 0.130517006
vn 0 -0.923820019 0.382827014
vn 0.0179775003 -0.906159997 0.422553003
vn 0 -0.886934996 0.461894006
vn 0 -0.843410015 0.53727001
vn 0.0203872006 -0.818982005 0.573457003
vn -0.0112106996 -0.778514981 0.627524972
vn 0.0174435992 -0.706996024 0.707002997
vn 0 -0.691290975 0.722576976
vn 0 -0.573578 0.819150984
vn 0.0532307997 -0.543596983 0.837656975
vn 0 -0.60887903 0.793263018
vn 0 -0.258809 0.965928018
vn 0.0838233009 -0.221867993 0.971467018
vn 0 -0.300861001 0.953667998
vn 0 -0.422627002 0.906304002
vn 0.0670484006 -0.38925001 0.918689013
vn 0 -0.46163401 0.887071013
vn 0.101865999 -0.0447383001 0.993791997
vn 4.45090032e-16 -0.0871467963 0.996195018
vn -2.21961e-16 0.0434589982 0.999055028
vn 0.0518840998 0.0870293975 0.994853973
vn 0 0.130372003 0.991464972
vn 0 0.216643006 0.976251006
vn 0.0454314984 0.258542001 0.964931011
vn 0 0.300853014 0.953670025
vn 0 0.382582992 0.923920989
vn 0.0369745009 0.422338009 0.905683994
vn 0 0.461667001 0.887053013
vn 0 0.537407994 0.843321979
vn 0.0295332 0.573328018 0.818794012
vn 0 0.608838975 0.793294013
vn 0 0.691290975 0.722576976
vn 0.0174435992 0.706996024 0.707002997
vn 0 0.751631975 0.659582973
vn 0 0.793372989 0.608735979
vn 0.0203811005 0.818982005 0.573457003
vn 0 0.843391001 0.537301004
vn 0 0.886945009 0.461876005
vn 0.0179708991 0.906159997 0.422553003
vn -0.000396201998 0.924181998 0.381951988
vn 0.0165215004 0.965794981 0.258780986
vn -0.00039358699 0.953554988 0.301218987
vn 0.0158555005 0.996070027 0.0871436
vn 0 0.991432011 0.130624995
vn 0 0.976401985 0.215963006
vn 0.0158552993 0.996069014 -0.0871457979
vn 0 0.999046981 -0.0436428003
vn 0 0.999044001 0.0437180996
vn 0 0.953845978 -0.300296009
vn 0.0165203996 0.965794981 -0.258780986
vn 0 0.976386011 -0.216032997
vn 0 0.991441011 -0.130551994
vn 0 0.923878014 -0.382687986
vn 0.0179747995 0.906159997 -0.422553003
vn 0 0.887004018 -0.461760998
vn 0 0.843294978 -0.537450016
vn 0.0203939006 0.818982005 -0.573457003
vn -0.0111557003 0.77838701 -0.627686024
vn 0.0174435992 0.706996024 -0.707002997
vn 0 0.691290975 -0.722576976
vn 0 0.573578 -0.819150984
vn 0.0535897017 0.543386996 -0.837769985
vn 0 0.608654022 -0.793435991
vn 0 0.258809 -0.965928018
vn 0.0845106021 0.221555993 -0.971478999
vn 0 0.300586998 -0.953754008
vn 0 0.422627002 -0.906304002
vn 0.0665507987 0.389506012 -0.918615997
vn 0 0.461899012 -0.886932015
vn 0 -0.216281995 -0.976330996
vn 0 -0.130732 -0.991418004
vn 0.0518771 -0.0870551988 -0.994852006
vn 2.77705999e-16 -0.0438064002 -0.999040008
vn -5.52621977e-16 0.0871725976 -0.996192992
vn 0.101020999 0.0451201014 -0.99386102
vn 0 0.130732998 -0.991418004
vn 0 0.46162501 0.887075007
vn -0.710053027 0.0613749996 -0.701469004
vn 0.396185994 0.137038007 -0.907886028
vn -0.266799986 0.249423996 -0.930916011
vn 0 0.300543994 -0.953768015
vn 0 0.382831007 -0.923817992
vn -0.116247997 0.419750005 -0.900164008
vn 0 0.461872011 -0.886946023
vn 0 0.537234008 -0.843433022
vn -0.0660467967 0.572326005 -0.81736201
vn 0 0.608651996 -0.793437004
vn 0 0.681365013 -0.731944025
vn -0.0416752994 0.706494987 -0.70648998
vn 0 0.742549002 -0.669791996
vn 0 0.793263972 -0.608877003
vn -0.0334973 0.818696022 -0.573249996
vn 0 0.843329012 -0.537397027
vn 0 0.886003971 -0.463678002
vn -0.0276104007 0.905960023 -0.422461003
vn 6.19654998e-07 0.923048019 -0.384683996
vn -0.0243925992 0.965637982 -0.258744001
vn 3.00729994e-06 0.953675985 -0.300835997
vn -0.0229912009 0.995931029 -0.0871326998
vn 0 0.991446972 -0.130511999
vn 0 0.976262987 -0.216587007
vn -0.0229938999 0.995931029 0.0871326998
vn 0 0.999049008 0.0436004996
vn 0 0.999049008 -0.0436127
vn -0.0243973993 0.965640008 0.258738011
vn 0 0.976292014 0.216455996
vn 0 0.991446972 0.130510002
vn -0.00269535999 0.921423018 0.388550997
vn 0.00255977991 0.952320993 0.305088013
vn -0.0534554012 0.887941003 0.456840992
vn 0 0.906306028 0.422621995
vn 0 0.843415976 0.537261009
vn -0.0334748998 0.818696022 0.573249996
vn 0 0.793374002 0.608734012
vn 0 0.742549002 0.669791996
vn -0.0416752994 0.706494987 0.70648998
vn 0 0.681365013 0.731944025
vn 0 0.573579013 0.819150984
vn -0.106748 0.547830999 0.829751015
vn 0 0.608847976 0.793286979
vn -0.175698996 0.395696014 0.901417971
vn 0 0.422616005 0.906309009
vn 0 0.300868005 0.953665972
vn -0.266036004 0.249478996 0.931119978
vn 0.400447994 0.136438996 0.906104982
vn -0.711784005 0.0612225011 0.699725986
vn 0.709515989 -1.89670991e-05 0.704689026
vn -0.711800992 -0.0612208992 0.699707985
vn 0.400352001 -0.136478007 0.906140983
vn -0.266012996 -0.249479994 0.931127012
vn 0 -0.300897002 0.953656971
vn 0 -0.38260299 0.923913002
vn -0.116426997 -0.419741988 0.900144994
vn 0 -0.461616993 0.887079
vn 0 -0.537413001 0.843318999
vn -0.0659916028 -0.572327971 0.817364991
vn 0 -0.608847022 0.793287992
vn 0 -0.681365013 0.731944025
vn -0.0416752994 -0.706494987 0.70648998
vn 0 -0.742549002 0.669791996
vn 0 -0.793370008 0.608739972
vn -0.0334734991 -0.818696022 0.573249996
vn 0 -0.885927022 0.463824987
vn -0.0276027992 -0.905960977 0.422461003
vn 7.66326957e-06 -0.922982991 0.384840995
vn -0.0243945997 -0.965640008 0.258738011
vn -4.00145018e-06 -0.953723013 0.300687999
vn -0.0229941998 -0.995931029 0.0871326998
vn 0 -0.991428971 0.130643994
vn 0 -0.976297975 0.216432005
vn -0.0229931008 -0.995931029 -0.0871326998
vn 0 -0.999046981 -0.0436526015
vn 0 -0.999042988 0.0437380001
vn -0.0243961997 -0.965637982 -0.258744001
vn 0 -0.976284027 -0.216493994
vn 0 -0.991441011 -0.130556002
vn -0.00268608006 -0.921483994 -0.388406008
vn 0.0025577799 -0.952310026 -0.305119991
vn -0.0533039011 -0.887997985 -0.456746995
vn 0 -0.906306028 -0.422621995
vn 0 -0.843306005 -0.537433028
vn -0.033483699 -0.818696022 -0.573249996
vn 0 -0.793262005 -0.608880997
vn 0 -0.742549002 -0.669791996
vn -0.0416752994 -0.706494987 -0.70648998
vn 0 -0.681365013 -0.731944025
vn 0 -0.573579013 -0.819150984
vn -0.107424997 -0.547644973 -0.829786003
vn 0 -0.608623981 -0.793458998
vn -0.266786009 -0.249424994 -0.930920005
vn 0 -0.300549001 -0.953765988
vn 0 -0.422616005 -0.906309009
vn -0.174416006 -0.395942003 -0.901558995
vn 0 -0.461867005 -0.886949003
vn 0 0.043815501 -0.999040008
vn -8.15011036e-15 -0.0437695011 -0.999041975
vn -0.710367024 -0.0613472983 -0.70115298
vn 0.396171987 -0.137063995 -0.907887995
vn 1.05385989e-05 0.488561988 0.87252897
vn 0.00179304997 0.560986996 0.827822983
vn -0.00158139004 0.565144002 0.824990988
vn 0 0.560988009 0.827823997
vn 0 0.488555014 0.872533023
vn -1.56928982e-05 0.488593996 0.872511029
vn 1 2.87362013e-07 5.1320302e-07
vn 1 3.15865009e-07 4.66107991e-07
vn -1 0 0
vn 0.707108974 2.41253983e-05 0.707104981
vn 0.707111001 -1.64043995e-05 0.707102001
vn 0.707107008 0 0.707107008
vn -2.09700019e-07 -1 -1.04221999e-06
vn -0.0682445988 -0.00119933998 0.997668028
vn -0.191159993 0.00111737999 0.981558025
vn -0.203458995 -0.00224160007 0.979080975
vn -0.315109998 0.0020787199 0.949052989
vn -0.334868997 -0.00312539004 0.942259014
vn -0.433890998 0.00288968999 0.900960982
vn -0.460063994 -0.00385246007 0.887878001
vn -0.545544028 0.00354045001 0.838074982
vn -0.576672971 -0.00442453008 0.816963017
vn -0.648223996 0.00403545983 0.761439025
vn -0.682550013 -0.0048440299 0.73082298
vn -0.740260005 0.00437266985 0.672307014
vn -0.775699973 -0.00510744983 0.631080985
vn -0.820167005 0.00455449009 0.572107017
vn -0.854408979 -0.00520989997 0.519575
vn -0.886590004 0.00458037015 0.46253401
vn -0.917196989 -0.00515804999 0.398400009
vn -0.938461006 0.00445128977 0.345358014
vn -0.962903976 -0.00494728005 0.269800007
vn -0.974919021 0.00416753022 0.222519994
vn -0.990674973 -0.00458084978 0.136167005
vn -0.995371997 0.00372632989 0.0960203037
vn -0.999992013 -0.00405767001 0
vn -0.999481976 0.00312670995 -0.0320427008
vn -0.990679979 -0.00338339992 -0.136168003
vn -0.987178028 0.00237171003 -0.159606993
vn -0.96291101 -0.00255101989 -0.269807011
vn -0.914415002 0.000387592008 -0.40477699
vn -0.917210996 -0.00156378001 -0.398398012
vn -0.958669007 0.00145267998 -0.28452
vn -0.855143011 -0.000407991989 -0.51839298
vn -0.854420006 -0.000815272972 -0.519581974
vn -0.781829 0.000761815987 -0.623492002
vn -0.775708973 -0.00191067997 -0.631088018
vn -0.695676029 0.00177541003 -0.718353987
vn -0.68255502 -0.00284618 -0.730827987
vn -0.598107994 0.00263940007 -0.801410973
vn -0.576674998 -0.00362652005 -0.816965997
vn -0.490723997 0.00334395003 -0.871308982
vn -0.46006301 -0.00425114017 -0.887875974
vn -0.375279993 0.00389027991 -0.926903009
vn -0.334867001 -0.00472375005 -0.942254007
vn -0.253659993 0.00427780021 -0.967284024
vn -0.203456998 -0.00503501995 -0.979071021
vn -0.127886996 0.00451338012 -0.991779029
vn -0.0682436973 -0.00519189984 -0.997654974
vn -1.68242002e-06 0.00459023984 -0.999989986
vn 0.0682436973 -0.00519145979 -0.997654974
vn 0.127875 0.00451271981 -0.991779983
vn 0.203456998 -0.00503541995 -0.979071021
vn 0.253654003 0.00427734992 -0.967285991
vn 0.334867001 -0.00472392002 -0.942254007
vn 0.375279993 0.00389045989 -0.926903009
vn 0.460056007 -0.00425026985 -0.887880027
vn 0.490714014 0.00334416004 -0.871315002
vn 0.576682985 -0.00362729002 -0.816959977
vn 0.59811902 0.00263939006 -0.801402986
vn 0.68255502 -0.00284602004 -0.730827987
vn 0.781829 0.000765655015 -0.623493016
vn 0.775699973 -0.00191027997 -0.631098986
vn 0.695676029 0.00177553995 -0.718353987
vn 0.855141997 -0.000828155025 -0.518392026
vn 0.854427993 -0.000416480005 -0.519569993
vn 0.914415002 0.000387511012 -0.40477699
vn 0.917210996 -0.00156378001 -0.398398012
vn 0.95867002 0.00145261001 -0.284518003
vn 0.96291101 -0.0025514001 -0.269807011
vn 0.987181008 0.00236701989 -0.159587994
vn 0.990679979 -0.00338327 -0.136168003
vn 0.999481022 0.00312645989 -0.0320669003
vn 0.999992013 -0.00406230986 0
vn 0.995371997 0.00372530008 0.0960258022
vn 0.990674973 -0.00458075991 0.136167005
vn 0.974919021 0.00416756002 0.222519994
vn 0.962903976 -0.00494724 0.269800007
vn 0.938461006 0.00445134006 0.345358014
vn 0.917196989 -0.00515821017 0.398400009
vn 0.886588991 0.00458029984 0.462536007
vn 0.854416013 -0.00520777004 0.519563019
vn 0.820165992 0.0045586098 0.572107971
vn 0.775691986 -0.00510502001 0.631090999
vn 0.740260005 0.00437272992 0.672306001
vn 0.682550013 -0.00484419987 0.73082298
vn 0.648222983 0.00403528986 0.761439979
vn 0.576681018 -0.00442366023 0.81695801
vn 0.545543015 0.00354338996 0.838074982
vn 0.46005699 -0.00385053991 0.887880981
vn 0.433892012 0.00288959011 0.900960028
vn 0.334868997 -0.00312539004 0.942259014
vn 0.315109998 0.00207881001 0.949052989
vn 0.203458995 -0.00224154 0.979080975
vn 0.191159993 0.00111733004 0.981558025
vn 0.0682445988 -0.00119946001 0.997668028
vn 0.0640653968 0 0.997946024
vn -0.0640657991 0 0.997946024
vn 0 0.0870411023 0.996204972
vn 0 0.258877009 0.965910017
vn 0 0.422740996 0.906251013
vn 0 0.573504984 0.819202006
vn 0 0.707059979 0.707153022
vn 0 0.819158971 0.57356602
vn 0 0.906334996 0.422560006
vn 0 0.965924025 0.258827001
vn 0 0.996195018 0.0871530995
vn 0 0.996192992 -0.0871746987
vn 0 0.965939999 -0.258765012
vn 0 0.906291008 -0.422654986
vn 0 0.819158971 -0.57356602
vn 0 0.707059979 -0.707153976
vn 0 0.573671997 -0.819085002
vn 0 0.422536999 -0.906346023
vn 0 0.258877009 -0.965910017
vn 0 0.0870411023 -0.996204972
vn 0 -0.0870407969 -0.996204972
vn 0 -0.258877993 -0.965910017
vn 4.28847962e-08 -0.258877993 -0.965910017
vn 9.60028999e-08 -0.422535986 -0.906346023
vn 0 -0.422535002 -0.906346977
vn 0 -0.573671997 -0.819085002
vn 0 -0.707062006 -0.707152009
vn 0 -0.819157004 -0.573569
vn 0 -0.906291008 -0.422654986
vn 0 -0.965941012 -0.258760989
vn 0 -0.996192992 -0.0871746987
vn 0 -0.996195018 0.0871530995
vn 0 -0.965924978 0.258823991
vn 0 -0.906334996 0.422560006
vn 0 -0.819157004 0.573569
vn 0 -0.707062006 0.707150996
vn 0 -0.573504984 0.819202006
vn 0 -0.422738999 0.906251013
vn 0 -0.258877993 0.965910017
vn 0 -0.0870407969 0.996204972
vn 0 0.0870407969 0.996204972
vn 0 0.258877993 0.965910017
vn 0 0.422738999 0.906251013
vn 0 0.707062006 0.707150996
vn 0 0.819157004 0.573569
vn 0 0.965924978 0.258823991
vn 0 0.965941012 -0.258760989
vn 0 0.819157004 -0.573569
vn 0 0.707062006 -0.707152009
vn 0 0.422535986 -0.906346023
vn 8.64909993e-08 0.422535002 -0.906346977
vn -2.66783999e-08 0.258879006 -0.965910017
vn 0 0.258877993 -0.965910017
vn 0 0.0870407969 -0.996204972
vn 0 -0.0870411023 -0.996204972
vn 0 -0.258877009 -0.965910017
vn 0 -0.422536999 -0.906346023
vn 0 -0.707059979 -0.707153976
vn 0 -0.819158971 -0.57356602
vn 0 -0.965939999 -0.258765012
vn 0 -0.965924025 0.258827001
vn 0 -0.819158971 0.57356602
vn 0 -0.707059979 0.707153022
vn 0 -0.422740996 0.906251013
vn 0 -0.258877009 0.965910017
vn 0 -0.0870411023 0.996204972
vn 2.58045014e-16 0.0872950032 0.996182978
vn 0 0.0872950032 0.996182978
vn 0 0.258679986 0.965963006
vn 0 0.422605008 0.906314015
vn 0 0.573633015 0.819113016
vn 0 0.819185972 0.573527992
vn 0 0.906315982 0.422601998
vn 0 0.965923011 0.258828014
vn 0 0.996195018 0.08715
vn 0 0.996194005 -0.0871675014
vn 0 0.965923011 -0.258828014
vn 0 0.906315982 -0.422601998
vn 0 0.819185972 -0.573527992
vn 0 0.707062006 -0.707150996
vn 0 0.573633015 -0.819113016
vn 0 0.422605008 -0.906314015
vn 0 0.258868009 -0.965912998
vn 0 0.0870954022 -0.996200025
vn 2.57455003e-16 0.0870954022 -0.996200025
vn -2.57455003e-16 -0.0870954022 -0.996200025
vn 0 -0.0870954022 -0.996200025
vn 0 -0.258868009 -0.965912998
vn 0 -0.422605008 -0.906314015
vn 0 -0.573633015 -0.819113016
vn 0 -0.707062006 -0.707150996
vn 0 -0.819185972 -0.573527992
vn 0 -0.906315982 -0.422601998
vn 0 -0.965923011 -0.258828014
vn 0 -0.996194005 -0.0871675014
vn 0 -0.996195018 0.08715
vn 0 -0.965923011 0.258828014
vn 0 -0.906315982 0.422601998
vn 0 -0.819185972 0.573527992
vn 0 -0.573633015 0.819113016
vn 0 -0.422605008 0.906314015
vn 0 -0.258679986 0.965963006
vn -2.00764987e-08 -0.258679986 0.965963006
vn -6.77508005e-09 -0.0872951001 0.996182978
vn -2.58045014e-16 -0.0872950032 0.996182978
vn -0.865231991 -0.0436967984 0.499462992
vn -0.865231991 -0.129757002 0.484290004
vn -0.86519599 -0.129788995 0.484346002
vn -0.865197003 -0.211915001 0.454452008
vn -0.864313006 -0.212928995 0.455657989
vn -0.864854991 -0.287945986 0.411233008
vn -0.864313006 -0.288704991 0.411841005
vn -0.864865005 -0.354975998 0.354966998
vn -0.86521399 -0.354425013 0.354665995
vn -0.865218997 -0.410715997 0.28759101
vn -0.865207016 -0.410735995 0.287598014
vn -0.865208983 -0.454432994 0.211906001
vn -0.86520499 -0.454439998 0.211907998
vn -0.86520803 -0.484328002 0.129775003
vn -0.865209997 -0.484324992 0.129775003
vn -0.865212023 -0.49949801 0.0437005013
vn -0.86432302 -0.501058996 0.0434232987
vn -0.864866018 -0.50009203 -0.0437512994
vn -0.864315987 -0.501011014 -0.044109799
vn -0.864861012 -0.484907001 -0.129930004
vn -0.86520201 -0.484382987 -0.129611999
vn -0.86520499 -0.454439014 -0.211908996
vn -0.864320993 -0.455644995 -0.212924004
vn -0.864862978 -0.411219001 -0.287943006
vn -0.865212023 -0.410827011 -0.287452996
vn -0.86522001 -0.354535013 -0.354541004
vn -0.865231991 -0.354523987 -0.35452199
vn -0.865235984 -0.287579 -0.410688996
vn -0.865203023 -0.287598997 -0.410744011
vn -0.865200996 -0.211912006 -0.454445004
vn -0.865197003 -0.211913005 -0.454452991
vn -0.865194976 -0.129773006 -0.484351009
vn -0.865230978 -0.129773006 -0.484286994
vn -0.865233004 -0.0437018983 -0.499462992
vn -0.865221024 -0.0436984003 -0.499482006
vn -0.865221024 0.0437036008 -0.499482006
vn -0.865231991 0.0436967984 -0.499462992
vn -0.865231991 0.129757002 -0.484290004
vn -0.864305973 0.130584002 -0.485718012
vn -0.864849985 0.212166995 -0.45499301
vn -0.865194976 0.211759001 -0.454528004
vn -0.86520201 0.287611991 -0.410735995
vn -0.865234971 0.28756699 -0.41069901
vn -0.865233004 0.354519993 -0.354526013
vn -0.86522001 0.354539007 -0.35453701
vn -0.865218997 0.410715997 -0.28759101
vn -0.864319026 0.412225008 -0.288138002
vn -0.864859998 0.454977989 -0.212161005
vn -0.864310026 0.455953002 -0.212310001
vn -0.864861012 0.484905988 -0.129930004
vn -0.864313006 0.485888004 -0.129907995
vn -0.864865005 0.50009501 -0.0437515005
vn -0.865207016 0.499491006 -0.0438720994
vn -0.86521399 0.499495 0.0437003002
vn -0.865212023 0.49949801 0.0437012017
vn -0.865209997 0.484324992 0.129774004
vn -0.86520803 0.484326988 0.129776001
vn -0.86520499 0.454439014 0.211908996
vn -0.865208983 0.454434007 0.211905003
vn -0.865207016 0.410733014 0.287602007
vn -0.865218997 0.410719991 0.287586004
vn -0.86522001 0.354541987 0.354532987
vn -0.86521101 0.354550004 0.354548007
vn -0.86521101 0.287593991 0.410730988
vn -0.865203023 0.287598997 0.410744011
vn -0.865200996 0.211912006 0.454445004
vn -0.864308 0.212185994 0.456014007
vn -0.864848018 0.129927993 0.484928995
vn -0.865225017 0.129943997 0.484252989
vn -0.865233004 0.0437018983 0.499462992
vn -0.865221024 0.0436984003 0.499482006
vn -0.865221024 -0.0437036008 0.499482006
vn 0 -0.0871545002 -0.996195018
vn 0 -0.258836001 -0.965920985
vn 0 -0.422614992 -0.906309009
vn 0 -0.573566973 -0.819158971
vn 0 -0.707108974 -0.707104027
vn 0 -0.809439003 -0.587203979
vn 0 -0.91298902 -0.407983989
vn 0 -0.961458027 -0.274949998
vn 0 -0.994664013 0.10317
vn 0 -0.965925992 0.258819997
vn 0 -0.906309009 0.422616005
vn 0 -0.819154024 0.573572993
vn 0 -0.718846977 0.695168018
vn 0 -0.407981008 0.912990987
vn 0 -0.258836001 0.965920985
vn 0 -0.0871545002 0.996195018
vn 3.9536099e-13 0.0871545002 0.996195018
vn 0 0.0871545002 0.996195018
vn 0 0.242633 0.970117986
vn 0 0.437139988 0.899393976
vn 0 0.573566973 0.819158971
vn 0 0.707108974 0.707104027
vn 0 0.819154024 0.573572993
vn 0 0.906309009 0.422616005
vn 0 0.965925992 0.258819997
vn 0 0.996195018 0.0871573985
vn 0 0.997514009 -0.070467703
vn 0 0.80982101 -0.586677015
vn 0 0.707108974 -0.707104027
vn 0 0.573566973 -0.819158971
vn 0 0.437727004 -0.899107993
vn 0 0.243266001 -0.969959974
vn 0 0.0871545002 -0.996195018
vn 2.75097984e-15 -0.0871545002 -0.996195018
vn 0.172992006 -0.254922003 0.951361001
vn 0.173040003 -0.254904985 0.951357007
vn 0.173038006 -0.41624099 0.892637014
vn 0.173001006 -0.416254997 0.892638028
vn 0.173002005 -0.564924002 0.806802988
vn 0.172982007 -0.564930975 0.806801975
vn 0.172986001 -0.696448982 0.696443975
vn 0.173014 -0.696439981 0.696447015
vn 0.173014 -0.806802988 0.564921021
vn 0.173033997 -0.806796014 0.564924002
vn 0.173029006 -0.892638028 0.416244
vn 0.173040003 -0.892633975 0.416245997
vn 0.173031002 -0.95135498 0.254918993
vn 0.173011005 -0.951359987 0.254913986
vn 0.173013002 -0.981172025 0.0858398005
vn 0.173014 -0.981172025 0.0858402029
vn 0.173014 -0.981171012 -0.0858421028
vn 0.173013002 -0.981172025 -0.0858424008
vn 0.173011005 -0.951358974 -0.254920006
vn 0.173031002 -0.951357007 -0.254913002
vn 0.173040003 -0.892636001 -0.416242987
vn 0.173029006 -0.892636001 -0.41624701
vn 0.173034996 -0.806800008 -0.564918995
vn 0.173014 -0.806798995 -0.564926028
vn 0.173014 -0.696446002 -0.696439981
vn 0.172986001 -0.696443021 -0.696449995
vn 0.172980994 -0.564926028 -0.806806028
vn 0.173002005 -0.564929008 -0.806798995
vn 0.173001006 -0.416244 -0.892642975
vn 0.173038006 -0.416251987 -0.892632008
vn 0.173040003 -0.254920006 -0.951353014
vn 0.172992006 -0.254907012 -0.951364994
vn 0.172990993 -0.0858291984 -0.981176019
vn 0.173081994 -0.0858569965 -0.981158018
vn 0.173083007 0.0858277977 -0.981160998
vn 0.172992006 0.0858583972 -0.981173992
vn 0.172992006 0.254922003 -0.951361001
vn 0.173040003 0.254904985 -0.951357007
vn 0.173038006 0.41624099 -0.892637014
vn 0.173001006 0.416254997 -0.892638028
vn 0.173002005 0.564924002 -0.806802988
vn 0.172982007 0.564930975 -0.806801975
vn 0.172986001 0.696448982 -0.696443975
vn 0.173014 0.696439981 -0.696447015
vn 0.173014 0.806802988 -0.564921021
vn 0.173033997 0.806796014 -0.564924002
vn 0.173029006 0.892638028 -0.416244
vn 0.173040003 0.892633975 -0.416245997
vn 0.173031002 0.95135498 -0.254918993
vn 0.173011005 0.951359987 -0.254913986
vn 0.173013002 0.981172025 -0.0858421028
vn 0.173014 0.981171012 -0.0858424008
vn 0.173014 0.981172025 0.0858398005
vn 0.173013002 0.981172025 0.0858402029
vn 0.173011005 0.951358974 0.254920006
vn 0.173031002 0.951357007 0.254913002
vn 0.173040003 0.892636001 0.416242987
vn 0.173029006 0.892636001 0.41624701
vn 0.173034996 0.806800008 0.564918995
vn 0.173014 0.806798995 0.564926028
vn 0.173014 0.696446002 0.696439981
vn 0.172986001 0.696443021 0.696449995
vn 0.172980994 0.564926028 0.806806028
vn 0.173002005 0.564929008 0.806798995
vn 0.173001006 0.416244 0.892642975
vn 0.173038006 0.416251987 0.892632008
vn 0.173040003 0.254920006 0.951353014
vn 0.172992006 0.254907012 0.951364994
vn 0.172990993 0.0858291984 0.981176019
vn 0.173003003 0.0858327001 0.981173992
vn 0.173003003 -0.0858289972 0.981175005
vn 0.172990993 -0.0858329013 0.981176019
vn 1.18916001e-16 -0.0871429965 -0.996195972
vn 0 -0.0871429965 -0.996195972
vn 0 -0.258823991 -0.965924025
vn 0 -0.57357198 -0.819154978
vn 0 -0.707109988 -0.707104027
vn 0 -0.819155991 -0.573571026
vn 0 -0.906307995 -0.422618002
vn 0 -0.965924978 -0.258823007
vn 0 -0.996195018 -0.0871564001
vn 0 -0.996195018 0.0871540979
vn 0 -0.965924978 0.258823007
vn 0 -0.906307995 0.422618002
vn 0 -0.819155991 0.573571026
vn 0 -0.707109988 0.707104027
vn 0 -0.57357198 0.819154978
vn 0 -0.422616005 0.906309009
vn 0 -0.258823991 0.965924025
vn 0 -0.0871429965 0.996195972
vn -7.92775987e-17 -0.0871429965 0.996195972
vn 7.92775987e-17 0.0871429965 0.996195972
vn 0 0.0871429965 0.996195972
vn 0 0.258823991 0.965924025
vn 0 0.57357198 0.819154978
vn 0 0.707109988 0.707104027
vn 0 0.819155991 0.573571026
vn 0 0.906307995 0.422618002
vn 0 0.965924978 0.258823007
vn 0 0.996195018 0.0871540979
vn 0 0.996195018 -0.0871564001
vn 0 0.965924978 -0.258823007
vn 0 0.906307995 -0.422618002
vn 0 0.819155991 -0.573571026
vn 0 0.707109988 -0.707104027
vn 0 0.57357198 -0.819154978
vn 0 0.422616005 -0.906309009
vn 0 0.258823991 -0.965924025
vn 0 0.0871429965 -0.996195972
vn -1.18916001e-16 0.0871429965 -0.996195972
vn 0.0453245007 -0.998629987 0.0261643007
vn -0.323395997 -0.674575984 0.663598001
vn -0.110799998 -0.949119985 0.294779003
vn 0.0243800003 -0.997756004 0.0623534992
vn 0.00842280965 -0.995163977 0.0978676006
vn -0.0750117004 -0.969707012 0.232466996
vn -0.0756092966 -0.969285011 0.234027997
vn -0.0195125006 -0.990363002 0.137116998
vn -0.0222117007 -0.969447017 0.244292006
vn -0.011713 -0.960723996 0.277258992
vn -0.236854002 -0.808706999 0.538416982
vn -0.222139999 -0.844245017 0.487755001
vn -0.25038299 -0.805570006 0.53699702
vn -0.218342006 -0.844592988 0.488866001
vn -0.189963996 -0.881842017 0.431587011
vn -0.151323006 -0.918889999 0.364336997
vn -0.174078003 -0.885666013 0.430456012
vn -0.147315994 -0.919677973 0.363992989
vn -0.285441011 -0.747704983 0.599551022
vn -0.285465986 -0.747641027 0.599618971
vn -0.293123007 -0.717944026 0.631375015
vn -0.275395989 -0.763480008 0.584169984
vn -0.341547996 -0.618179977 0.707952976
vn -0.339242011 -0.631568015 0.697162986
vn -0.383139998 -0.499235004 0.777154028
vn -0.374406993 -0.545217991 0.750038028
vn -0.41999799 -0.354443997 0.835446
vn -0.398238003 -0.462693006 0.792035997
vn -0.444330007 -0.185387999 0.876471996
vn -0.439516008 -0.200472996 0.875577986
vn -0.416653991 -0.274028987 0.866779983
vn -0.443879992 -0.208085001 0.871590972
vn -0.431477994 -0.301232994 0.850344002
vn -0.411154002 -0.375800014 0.83049798
vn 0.0454442017 0.993201017 0.107176997
vn 0.00706592994 -0.323545992 0.946186006
vn 0.0147152003 -0.165855005 0.986039996
vn 0.00526655978 -0.267280996 0.963603973
vn 0.0212268997 0.0652306005 0.997644007
vn 0.0232200008 -0.0286101997 0.999320984
vn 0.0219343994 -0.00392130995 0.999751985
vn 0.0130262999 -0.121942997 0.992452025
vn 0.0297256 0.158078998 0.986979008
vn 0.0275921002 0.214165002 0.976408005
vn 0.0360217988 0.316103011 0.948041022
vn 0.0337342992 0.359461993 0.932550013
vn 0.0412144996 0.46557501 0.884047985
vn 0.0460639 0.60276401 0.796589017
vn 0.0386605002 0.498930007 0.865778983
vn 0.0491081998 0.723995984 0.688054025
vn 0.0428913012 0.635829985 0.770636976
vn 0.0510017015 0.826009989 0.561344028
vn 0.0459669009 0.748332977 0.661728024
vn 0.0515083 0.906212986 0.419672012
vn 0.0479235016 0.842226982 0.536988974
vn 0.0486850999 0.915560007 0.399224013
vn 0.0508177988 0.966117978 0.253048003
vn 0.0482934006 0.962490976 0.266981989
vn 0.0485416986 0.993061006 0.107115999
vn 0.0471584983 0.993950009 0.0991927013
vn 0.00287484005 -0.323359013 0.946272016
vn 0.00479638018 -0.312207013 0.950002015
vn 0.0106274001 -0.165672004 0.986123979
vn 0.0123071 -0.155508995 0.987757981
vn 0.0180597007 -0.00374681992 0.999830008
vn 0.0195320006 0.00535778003 0.99979502
vn 0.0250182003 0.158290997 0.987075984
vn 0.0262708999 0.166058004 0.985765994
vn 0.0313200988 0.316316009 0.948136985
vn 0.0322985984 0.322275996 0.946093976
vn 0.0367469005 0.465777993 0.884137988
vn 0.0376485996 0.471051991 0.881300986
vn 0.0412483998 0.602984011 0.796687007
vn 0.0418386012 0.606387019 0.794068992
vn 0.0445965007 0.724201024 0.688144982
vn 0.0449576005 0.726067007 0.686151981
vn 0.0467658006 0.826202989 0.56142801
vn 0.0469301008 0.826924026 0.560352027
vn 0.0477073006 0.906386018 0.419746995
vn 0.0477151982 0.906413972 0.419687986
vn 0.0473738015 0.962530971 0.26699999
vn 0.0472044982 0.962127984 0.26847899
vn 0.0458256006 0.99298197 0.109030001
vn 0.0457024015 0.992941022 0.109453999
vn 0.98724401 0.0405399986 0.153965995
vn 0.245269999 0.966992021 0.0690539032
vn 0.972654998 0.104901999 0.207215995
vn 0.95806098 0.246417999 0.146277994
vn 0.909317017 0.11552 0.399747014
vn 0.895807028 0.38747099 0.217705995
vn 0.851604998 0.0474961996 0.522028029
vn 0.964740992 0.0189755 0.262515008
vn 0.931237996 0.336950988 0.138782993
vn 0.828710973 0.526268005 0.190476
vn 0.893208981 -0.0250515006 0.448944002
vn 0.846593022 0.201649994 0.492561996
vn 0.906181991 0.204091996 0.370379001
vn 0.895789027 0.336001992 0.290971994
vn 0.850359023 0.503953993 0.151393995
vn 0.701897979 0.696713984 0.148081005
vn 0.752924025 0.00221638009 0.658102989
vn 0.899562001 0.137900993 0.414454013
vn 0.779609978 0.496055007 0.382281005
vn 0.653768003 -0.0421340987 0.755520999
vn 0.801798999 -0.0682760999 0.593680978
vn 0.766548991 0.138152003 0.627149999
vn 0.830578983 0.280633986 0.481023997
vn 0.794041991 0.441702008 0.417607993
vn 0.855500996 0.441799015 0.270058006
vn 0.702138007 0.696528971 0.147817001
vn 0.600475013 0.788810015 0.131179005
vn 0.701038003 -0.105728999 0.705242991
vn 0.672016978 0.100114003 0.733736992
vn 0.796153009 0.0988996029 0.596958995
vn 0.744418979 0.27936399 0.606462002
vn 0.826708019 0.413338006 0.381715
vn 0.696497023 0.655987978 0.290811986
vn 0.576421022 0.803484976 0.148828998
vn 0.498991996 0.854312003 0.145460993
vn 0.511959016 -0.0769357979 0.855557978
vn 0.700734019 0.0638049021 0.710564017
vn 0.656768024 0.246475995 0.712674975
vn 0.775080025 0.245303005 0.582302988
vn 0.706138015 0.414997011 0.573713005
vn 0.72032702 0.54371202 0.430705011
vn 0.663671017 0.666245997 0.340083003
vn 0.386451989 -0.108694002 0.915883005
vn 0.559957027 -0.134556994 0.817521989
vn 0.538133979 0.0668665022 0.840202987
vn 0.685970008 0.214689001 0.695236027
vn 0.618314028 0.406432003 0.672681987
vn 0.714824975 0.407249987 0.568482995
vn 0.680113018 0.543533027 0.491952986
vn 0.644014001 0.680139005 0.350225002
vn 0.581523001 0.741648018 0.334349006
vn 0.426344007 -0.155631006 0.891071975
vn 0.411493003 0.0407487005 0.910502017
vn 0.563796997 0.0367439985 0.825096011
vn 0.530053973 0.217616007 0.819564998
vn 0.685518026 0.358262002 0.63380897
vn 0.596971989 0.618201017 0.511323988
vn 0.243753999 0.967365026 0.0692047998
vn 0.104826003 0.994394004 0.0138422996
vn 0.160613 0.882866025 0.441305995
vn 0.131913006 0.823634982 0.551564991
vn 0.224912003 0.714231014 0.662788987
vn 0.176851004 0.952152014 0.249257997
vn 0.268274009 0.895247996 0.355751991
vn 0.178894997 0.741809011 0.646309972
vn 0.223186001 0.596430004 0.771012008
vn 0.167313993 0.967666984 0.188750997
vn 0.152627006 0.928873003 0.337489009
vn 0.188446999 0.631715 0.751945972
vn 0.217945993 0.480903 0.849252999
vn 0.320262998 0.844253004 0.429731011
vn 0.367700994 0.740337014 0.562758982
vn 0.223021999 0.476668 0.850323021
vn 0.246071994 0.319240987 0.915169001
vn 0.348740011 0.753125012 0.557837009
vn 0.418330997 0.634254992 0.650169015
vn 0.35018301 0.589829981 0.72764802
vn 0.391131997 0.471098989 0.790620983
vn 0.233259007 0.331907004 0.914017975
vn 0.250863999 0.163964003 0.954034984
vn 0.430896014 0.627013981 0.648985028
vn 0.499772012 0.483168006 0.718872011
vn 0.371971011 0.48653999 0.790516019
vn 0.41503799 0.32604301 0.849376023
vn 0.237244993 0.179039001 0.95480901
vn 0.249384001 0.00466493983 0.968393028
vn 0.450785995 0.819802999 0.35315001
vn 0.491214991 0.787313998 0.37261799
vn 0.481144011 0.727687001 0.488848001
vn 0.564240992 0.623501003 0.541182995
vn 0.475728005 0.501075983 0.722914994
vn 0.533896029 0.341320992 0.773599029
vn 0.395209998 0.344980001 0.851351023
vn 0.428954989 0.172854006 0.886632979
vn 0.235014006 0.0217041001 0.971750021
vn 0.2421 -0.167216003 0.955733001
vn 0.209487006 -0.130533993 0.969060004
vn 0.432604015 0.0154189002 0.901452005
vn 0.408567995 0.195093006 0.891633987
vn 0.555428028 0.191211 0.809283018
vn 0.509101987 0.363494992 0.780183017
vn 0.573747993 0.500670016 0.648184001
vn 0.55836302 0.627851009 0.542248011
vn 0.406989008 0.880600989 0.242696002
vn 0.382290989 0.892643988 0.238832995
vn 0.0480581 -0.313748986 0.948288977
vn 0.0782023966 -0.157975003 0.984341979
vn 0.0906286016 -0.148568004 0.984740973
vn 0.0898011997 0.00234066998 0.995957017
vn 0.0977241993 0.0104646999 0.99515897
vn 0.095351398 0.162685007 0.982060015
vn 0.102383003 0.169742003 0.980156004
vn 0.0981791019 0.318726987 0.94274801
vn 0.104732998 0.324835002 0.939953983
vn 0.0998841003 0.440151006 0.892350972
vn 0.942824006 0.328700989 0.0551183
vn 0.250683993 0.967159986 0.041945301
vn 0.109820999 0.993129015 0.0404355004
vn 0.453177989 0.890106022 0.0483785011
vn 0.507215023 0.858635008 0.0740223005
vn 0.385230988 0.921579003 0.0478533991
vn 0.81921798 0.570421994 0.0591681004
vn 0.832642972 0.549920976 0.0655142963
vn 0.891954005 0.448606998 0.0563011989
vn 0.981630027 0.175209999 0.0755209029
vn 0.996836007 0.0589547008 0.0533180013
vn 0.997569025 0.0408818983 0.0564380996
vn 0.127406001 0.991230011 0.0350872986
vn 0.125329003 0.991436005 0.0367158987
vn 0.295466006 0.954369009 0.0433444008
vn 0.305611998 0.95066601 0.0532462001
vn 0.457773 0.887664974 0.0499478988
vn 0.453193009 0.890114009 0.0480922014
vn 0.599860013 0.798370004 0.0526644997
vn 0.600235999 0.798099995 0.0524778999
vn 0.731482983 0.679311991 0.058879301
vn 0.727406979 0.683507025 0.0607995987
vn 0.835120976 0.547020018 0.0578075014
vn 0.833114028 0.550207973 0.0564975999
vn 0.731590986 0.67918998 0.0589506999
vn 0.91556102 0.398223996 0.0562567003
vn 0.915023029 0.399392009 0.0567432009
vn 0.914494991 0.399076998 0.0666074976
vn 0.968239009 0.243498996 0.0567618012
vn 0.970843971 0.233794004 0.0529324003
vn 0.0380798988 0.988816023 0.144197002
vn 0.378789991 0.160021007 0.911543012
vn 0.644967973 0.760170996 0.0784592032
vn 0.116184004 0.992027998 0.0488121994
vn 0.118239999 0.991741002 0.0496871993
vn 0.247109994 0.966117024 0.0745349005
vn 0.252458006 0.964796007 0.0737152025
vn 0.383969009 0.917903006 0.100111
vn 0.112328999 0.991126001 0.0710731968
vn 0.102470003 0.992891014 0.060563501
vn 0.241439998 0.963845015 0.112735003
vn 0.388558 0.916064978 0.0992308035
vn 0.528298974 0.839138985 0.129408002
vn 0.245919004 0.96271801 0.112682
vn 0.371206999 0.914541006 0.160687998
vn 0.525105 0.840964973 0.130548
vn 0.619615972 0.769647002 0.154008999
vn 0.629586995 0.771586001 0.0909717977
vn 0.740279973 0.663210988 0.110166997
vn 0.0975992009 0.992533982 0.073146902
vn 0.229169995 0.961992025 0.148500994
vn 0.389775008 0.90693599 0.159821004
vn 0.503789008 0.839515984 0.203493997
vn 0.630752981 0.761521995 0.149113998
vn 0.701988995 0.691992998 0.168399006
vn 0.106693998 0.989477992 0.0977210999
vn 0.233054996 0.960974991 0.149039
vn 0.359699994 0.906123996 0.222609997
vn 0.503084004 0.839923024 0.203560993
vn 0.603850007 0.75860697 0.244705006
vn 0.735898018 0.658614993 0.157100007
vn 0.804265022 0.566922009 0.178205997
vn 0.366503 0.903213024 0.223343
vn 0.466872007 0.83791697 0.282712996
vn 0.616172016 0.749248981 0.242813006
vn 0.701632977 0.655350029 0.279693991
vn 0.823092997 0.541908979 0.169861004
vn 0.874963999 0.445755005 0.189052001
vn 0.086548999 0.992293 0.088681303
vn 0.230638996 0.947562993 0.221201003
vn 0.210308 0.960502982 0.182218999
vn 0.326813996 0.902987003 0.278941005
vn 0.475086004 0.833159983 0.283086985
vn 0.57059902 0.746976972 0.341237009
vn 0.715233028 0.641880989 0.276461989
vn 0.784173012 0.538294017 0.308726996
vn 0.892822981 0.413511008 0.178540006
vn 0.931384027 0.305287004 0.198300004
vn 0.333831996 0.899842024 0.280786991
vn 0.424881011 0.831728995 0.357354999
vn 0.580950022 0.739060998 0.341008008
vn 0.661432981 0.639378011 0.392049015
vn 0.798263013 0.520138979 0.30369699
vn 0.849891007 0.409936011 0.331115991
vn 0.942489028 0.27679801 0.187342003
vn 0.962588012 0.180333003 0.202250004
vn 0.990684986 0.075821802 0.113113001
vn 0.0848336965 0.989799023 0.114464998
vn 0.182180002 0.960611999 0.209842995
vn 0.286013007 0.899767995 0.329567999
vn 0.431775987 0.827588975 0.358698994
vn 0.51820302 0.737457991 0.433151007
vn 0.673142016 0.62786603 0.390722007
vn 0.737367988 0.517566025 0.434065014
vn 0.863255978 0.387100995 0.323947996
vn 0.89754498 0.272718012 0.346464992
vn 0.972361982 0.138356 0.188068002
vn 0.972050011 -0.0212361999 0.233813003
vn 0.0738881975 0.991599977 0.106160998
vn 0.173770994 0.951035976 0.255605996
vn 0.290740013 0.897489011 0.331638008
vn 0.369902998 0.826602995 0.424145013
vn 0.526829004 0.730705976 0.434188992
vn 0.599294007 0.626120985 0.49881801
vn 0.749674976 0.502112985 0.431125998
vn 0.796810985 0.384211987 0.466340989
vn 0.909025013 0.245358005 0.336856991
vn 0.927649021 0.109590001 0.357012004
vn 0.160963997 0.955618024 0.246747002
vn 0.237489 0.898200989 0.369910002
vn 0.37510699 0.823297024 0.426001012
vn 0.449669987 0.729708016 0.515094995
vn 0.609309971 0.61620301 0.499033988
vn 0.666477978 0.500173986 0.552841008
vn 0.80865401 0.364991993 0.461367011
vn 0.838347971 0.242330998 0.488312006
vn 0.942369998 0.0629167035 0.328604013
vn 0.384573996 -0.0229906999 0.922807992
vn 0.375701994 -0.0135267004 0.926642001
vn 0.452733994 0.0192814991 0.891436994
vn 0.544749022 -0.0225924999 0.838294983
vn 0.373046994 0.169477999 0.912202001
vn 0.365379006 0.314525992 0.876111984
vn 0.524312973 0.0156672001 0.851381004
vn 0.524188995 0.168231994 0.834819019
vn 0.359872013 0.322611004 0.875451028
vn 0.342716008 0.461219996 0.818427026
vn 0.634522021 0.0283394996 0.772385001
vn 0.516754985 0.180996999 0.836781979
vn 0.503546 0.321588993 0.801886976
vn 0.337760001 0.467653006 0.816834986
vn 0.311493009 0.596328974 0.739840984
vn 0.723194003 0.0599116012 0.688040972
vn 0.656592011 0.00292673009 0.754239976
vn 0.654267013 0.180791005 0.734336019
vn 0.496360004 0.332125992 0.802071989
vn 0.470551014 0.466724008 0.748833001
vn 0.307163 0.601213992 0.737694979
vn 0.272383988 0.716413975 0.642306983
vn 0.0615460016 0.989519 0.130632997
vn 0.0609422997 0.990480006 0.123429999
vn 0.118827 0.956360996 0.266934991
vn 0.233045995 0.900498986 0.367139995
vn 0.301533014 0.822956026 0.481478006
vn 0.456588 0.724066973 0.516965985
vn 0.518723011 0.615224004 0.59365499
vn 0.676925004 0.48724699 0.551690996
vn 0.71795702 0.362794012 0.594069004
vn 0.848913014 0.219354004 0.480863988
vn 0.862066984 0.0616529994 0.503030002
vn 0.900573015 0.104013003 0.422078013
vn 0.121187001 0.95540297 0.26929301
vn 0.173044994 0.900448978 0.399057001
vn 0.305458993 0.820249975 0.483617008
vn 0.365002006 0.723928988 0.585406005
vn 0.526587009 0.607272983 0.594915986
vn 0.575115979 0.486202002 0.657912016
vn 0.728399992 0.346592009 0.591022015
vn 0.752717972 0.217166007 0.621493995
vn 0.868870974 0.0481551997 0.492689997
vn 0.292008013 0.00964147039 0.956367016
vn 0.0433364995 0.991707981 0.120982997
vn 0.0764302015 0.956450999 0.281709999
vn 0.174602002 0.899540007 0.400427997
vn 0.223727003 0.82042098 0.526170015
vn 0.370287001 0.719332993 0.587746978
vn 0.419595003 0.606975973 0.674921989
vn 0.583878994 0.475400001 0.658088028
vn 0.617778003 0.345584989 0.706344008
vn 0.762489974 0.197747007 0.616039991
vn 0.769445002 0.0181597993 0.638454974
vn 0.812955976 0.0768005028 0.577238023
vn 0.111868002 0.892314017 0.437334001
vn 0.137922004 0.819283009 0.556554019
vn 0.136832997 0.820254028 0.555392981
vn 0.163084 0.717673004 0.677015007
vn 0.162026003 0.718797028 0.676075995
vn 0.184018999 0.59790498 0.780157983
vn 0.183186993 0.598912001 0.77958101
vn 0.200268 0.463082999 0.863393009
vn 0.199677005 0.463872999 0.863104999
vn 0.211379007 0.316653013 0.924688995
vn 0.211316004 0.316745013 0.924672008
vn 0.217278004 0.162112996 0.962553978
vn 0.217465997 0.161823004 0.962559998
vn 0.217062995 -0.0193294995 0.975965977
vn 0.223324999 -0.0253813006 0.974412978
vn 0.112296 0.0106036998 0.993618011
vn 0.142541006 -0.179857001 0.973311007
vn 0.0747156963 0.957462013 0.278719991
vn 0.103285998 0.899852991 0.423788995
vn 0.226373002 0.818374991 0.528222024
vn 0.268801004 0.719833016 0.639989018
vn 0.425628006 0.600614011 0.676832974
vn 0.463569999 0.475457013 0.747691989
vn 0.626694024 0.332244992 0.704887986
vn 0.645579994 0.196713999 0.737922013
vn 0.0477501005 0.911408007 0.408724993
vn 0.0525076017 0.818970978 0.571428001
vn 0.0560383014 0.822125018 0.566542029
vn 0.0578531995 0.716648996 0.695029974
vn 0.0623634011 0.721132994 0.689984024
vn 0.0617552996 0.596029997 0.800584018
vn 0.0670394972 0.601601005 0.79597801
vn 0.0639154017 0.460081011 0.88557303
vn 0.0700040013 0.466683 0.881649971
vn 0.0643225983 0.312296003 0.947804987
vn 0.0713180006 0.319934994 0.944751978
vn 0.0632082 0.156691998 0.985623002
vn 0.070808202 0.164958 0.983756006
vn 0.0588496998 -0.0258917008 0.997931004
vn 0.0468785986 -0.143616006 0.988523006
vn 0.0212005991 0.991822004 0.125859007
vn 0.0153847001 0.991555989 0.128764004
vn 0.0153834997 0.991178989 0.131631002
vn 0.0157843009 0.991329014 0.130452007
vn 0.0155804995 0.958330989 0.285236001
vn 0.0152439997 0.900600016 0.434381992
vn 0.0158808995 0.957692981 0.287353992
vn 0.0145146996 0.819796979 0.572470009
vn 0.0155258998 0.899675012 0.436284989
vn 0.0134127 0.718008995 0.695904016
vn 0.0147588998 0.81873101 0.573987007
vn 0.0119831003 0.59790802 0.801474988
vn 0.0135928001 0.717047989 0.69689101
vn 0.0102907997 0.462404013 0.886609972
vn 0.0120238001 0.597658992 0.801660001
vn 0.00820577983 0.315219998 0.948983014
vn 0.0106132003 0.460321993 0.887687981
vn 0.0060959002 0.159768 0.987136006
vn 0.00821875036 0.315118998 0.949016988
vn 0.000870554009 0.000450021995 1
vn 0.00550393993 0.0323264003 0.999462008
vn 0.00567601016 0.162841007 0.986635983
vn 0.00136025005 -0.159062997 0.987267971
vn 0.00173154997 -0.161495 0.986872017
vn 0.00149702001 -0.161777005 0.986826003
vn 0.00193506002 -0.159072995 0.987264991
vn 0.00502202008 -0.00122382003 0.999987006
vn 0.00529045984 0.000369716989 0.999985993
vn 0.00824810006 0.158213004 0.987370014
vn 0.00850514043 0.159724995 0.987124979
vn 0.0113268998 0.313955009 0.949370027
vn 0.0115387002 0.315158993 0.948969007
vn 0.0141444001 0.461784005 0.886879981
vn 0.0142467003 0.46233201 0.886592984
vn 0.0165685005 0.597643971 0.801590025
vn 0.0166052002 0.597824991 0.801455021
vn 0.0185755007 0.71806097 0.695731997
vn 0.0185420997 0.717917025 0.695882022
vn 0.0201107003 0.820097029 0.571871996
vn 0.0200002007 0.819697976 0.572445989
vn 0.0211213995 0.900682986 0.433963001
vn 0.0210624002 0.900494993 0.434356004
vn 0.0218110997 0.959002972 0.282555997
vn 0.0214499999 0.958225012 0.285210013
vn 0.0215737 0.991515994 0.128185004
vn 0.0211955998 0.991451979 0.128738001
vn 0.156588003 0.231029004 0.960263014
vn 0.0549621992 0.480244994 0.875410974
vn 0.115947999 0.563857019 0.817692995
vn 0.0824728981 0.992021024 0.0953511968
vn 0.222510993 0.963652015 0.147863999
vn 0.372115999 0.808652997 0.455642998
vn 0.335862011 0.735135019 0.588873982
vn 0.347155005 0.708325028 0.614620984
vn 0.306109011 0.624845982 0.718237996
vn 0.222139001 0.334870994 0.915705025
vn 0.143180996 0.232290998 0.962050021
vn 0.240060002 0.955143988 0.173412994
vn 0.224730998 0.93256402 0.282525986
vn 0.235990003 0.923116982 0.303584993
vn 0.208725005 0.876057982 0.434691012
vn 0.213191003 0.871068001 0.442481995
vn 0.180111006 0.799306989 0.573297024
vn 0.200011998 0.774986982 0.599492013
vn 0.156540006 0.697799027 0.69897902
vn 0.182392001 0.654887021 0.733386993
vn 0.119549997 0.564754009 0.81655401
vn -0.0153818 0.991339982 0.130419999
vn -0.00156109 -0.159066007 0.987267017
vn -0.0082891304 0.159728006 0.987125993
vn -0.0141650001 0.462332994 0.886592984
vn -0.0185819995 0.717916012 0.695882022
vn -0.0216553994 0.991831005 0.125707
vn -0.0212021004 0.991454005 0.128726006
vn -0.0215460006 0.958378017 0.284687996
vn -0.0216170996 0.958221972 0.285209
vn -0.0210740007 0.900758028 0.433809996
vn -0.0211516004 0.900493979 0.434354007
vn -0.0201450996 0.819693029 0.572449028
vn -0.0166218001 0.597570002 0.801644981
vn -0.0115326997 0.313852996 0.949401975
vn -0.00526296999 -0.00189455994 0.999984026
vn -0.0153860999 0.991340995 0.130408004
vn -0.0211971998 0.991451979 0.128738001
vn -0.0156334005 0.991551995 0.128763005
vn -0.0154819004 0.958332002 0.285236001
vn -0.0155638997 0.899465024 0.43671599
vn -0.0152193997 0.900601029 0.434381008
vn -0.0159248002 0.957463026 0.288116992
vn -0.0144982999 0.819796979 0.572471023
vn -0.0201446004 0.819694996 0.572445989
vn -0.0186844002 0.717366993 0.696444988
vn -0.0134728998 0.717837989 0.696080029
vn -0.0134383999 0.718008995 0.695904016
vn -0.0145861004 0.819411993 0.573019981
vn -0.0120238001 0.59790802 0.801474988
vn -0.0165810995 0.597824991 0.801455021
vn -0.0142548997 0.461701006 0.886920989
vn -0.0105822999 0.460577011 0.88755703
vn -0.0102998 0.462404013 0.886609972
vn -0.0120214997 0.597921014 0.801464975
vn -0.00821327046 0.315219998 0.948983014
vn -0.0113607999 0.315162987 0.94897002
vn -0.00849192031 0.158105999 0.987385988
vn -0.00831457041 0.314433008 0.949243009
vn -0.00606501009 0.159768 0.987136006
vn -0.00609464012 0.159539998 0.987173021
vn -0.00120919 0.00044398199 0.999998987
vn -0.00498493994 0.000375731994 0.999988019
vn -0.0018811 -0.161650002 0.98684603
vn -0.00296342 -0.0138937002 0.99989903
vn -0.00107712997 -0.159058005 0.987268984
vn -0.00148214004 -0.156599998 0.987661004
vn -0.948575974 0.258863986 0.182188004
vn -0.867040992 -0.0463900007 0.496071994
vn -0.0311977994 0.989944994 0.137969002
vn -0.0984798968 -0.162949994 0.981706977
vn -0.110973999 -0.175597996 0.978187025
vn -0.216992006 -0.129708007 0.967517018
vn -0.27038601 -0.172365993 0.94719702
vn -0.415517986 -0.0502039008 0.908199012
vn -0.0493778996 0.991518021 0.120223999
vn -0.0497108996 0.990751982 0.126252994
vn -0.0795278028 0.988385022 0.129497007
vn -0.488568991 -0.160302997 0.857672989
vn -0.656786025 -0.106583998 0.746506989
vn -0.112740003 -0.00528548006 0.993610978
vn -0.122009002 0.00631310977 0.992509007
vn -0.270031005 -0.00707472023 0.962826014
vn -0.283216 0.0123130996 0.958976984
vn -0.431769997 -0.000440194999 0.901983976
vn -0.41209501 -0.0315551013 0.910593987
vn -0.534357011 0.0373202004 0.844434977
vn -0.578716993 -0.0135856997 0.815415025
vn -0.662488997 0.0691087991 0.745877028
vn -0.700291991 0.0203603003 0.713566005
vn -0.114776 0.155265003 0.981182992
vn -0.118084997 0.159549996 0.980102003
vn -0.269315988 0.157032996 0.950163007
vn -0.273761004 0.164309993 0.947659016
vn -0.427682996 0.162554994 0.889191985
vn -0.433311999 0.173311993 0.884423018
vn -0.572044015 0.172821 0.801809013
vn -0.57821703 0.187417001 0.794066012
vn -0.688372016 0.187959 0.700582981
vn -0.694576025 0.202000007 0.690478027
vn -0.113701001 0.310945988 0.943602026
vn -0.116572 0.314738989 0.941992998
vn -0.261400014 0.311969012 0.913425028
vn -0.265004009 0.318311989 0.910192013
vn -0.412418008 0.316563994 0.854224026
vn -0.416648 0.325928003 0.848631978
vn -0.549598992 0.325109005 0.769575
vn -0.55371201 0.33772099 0.761148989
vn -0.659259975 0.338358015 0.67148298
vn -0.663181007 0.350358009 0.661392987
vn -0.731812 0.351152986 0.58407402
vn -0.0712862983 0.992238998 0.101887003
vn -0.0908396021 0.990876019 0.0995635986
vn -0.0860956013 0.992518008 0.0865819976
vn -0.109599002 0.458683014 0.881815016
vn -0.112006001 0.461885989 0.879839003
vn -0.246704996 0.45917201 0.853403986
vn -0.249531001 0.464511991 0.849684
vn -0.386689991 0.462792009 0.79768002
vn -0.389564008 0.470346987 0.791841984
vn -0.513360977 0.469586015 0.718295991
vn -0.515700996 0.479979008 0.709698975
vn -0.614040971 0.480659008 0.626035988
vn -0.616033971 0.490359008 0.616482019
vn -0.680133998 0.491192013 0.544194996
vn -0.680774987 0.501923978 0.533496022
vn -0.102600999 0.594694972 0.79737699
vn -0.104576997 0.597296 0.795174003
vn -0.225606993 0.594758987 0.771597981
vn -0.227726996 0.599034011 0.767657995
vn -0.351016998 0.597357988 0.721076012
vn -0.352856994 0.603344977 0.715169013
vn -0.464269012 0.602652013 0.649048984
vn -0.465187013 0.610576987 0.64093399
vn -0.553740978 0.611093998 0.565627992
vn -0.554296017 0.618734002 0.556707978
vn -0.612114012 0.619404972 0.491582006
vn -0.611347973 0.627563 0.482098013
vn -0.672206998 0.628408015 0.391460001
vn -0.0931129009 0.733895004 0.672851026
vn -0.140545994 0.69294101 0.707162976
vn -0.195671007 0.736114979 0.647957027
vn -0.259395987 0.697552025 0.667932987
vn -0.299382001 0.739835024 0.602505982
vn -0.354864001 0.708184004 0.610365987
vn -0.403223991 0.73634702 0.54332602
vn -0.403405994 0.726481974 0.556316018
vn -0.479781002 0.726975977 0.491239011
vn -0.47933501 0.732357025 0.483622998
vn -0.529286981 0.732991993 0.427291006
vn -0.527700007 0.738712013 0.419328988
vn -0.58040601 0.739356995 0.341289997
vn -0.57485199 0.748427987 0.330758005
vn -0.116883002 0.816202998 0.565819025
vn -0.118501998 0.819459021 0.560754001
vn -0.210831001 0.817855 0.535408974
vn -0.211660996 0.820674002 0.53074801
vn -0.300623 0.819301009 0.488231987
vn -0.303198993 0.801863015 0.514864981
vn -0.327118993 0.838549972 0.435690999
vn -0.396297008 0.816452026 0.419946015
vn -0.393029004 0.828571022 0.398743987
vn -0.433683991 0.829070985 0.352930009
vn -0.431805015 0.832717001 0.346594006
vn -0.474985003 0.833086014 0.283475012
vn -0.469480008 0.839069009 0.274866015
vn -0.505680025 0.840143025 0.196081996
vn -0.0930918008 0.898046017 0.429937989
vn -0.0943638012 0.900367975 0.424775004
vn -0.162781 0.899073005 0.406410992
vn -0.163210005 0.900825024 0.402339011
vn -0.224621996 0.899994016 0.373573005
vn -0.223464996 0.906773984 0.357526988
vn -0.298323005 0.889868021 0.345164001
vn -0.290131003 0.906965971 0.305346012
vn -0.342992991 0.89367801 0.289299995
vn -0.334089011 0.902352989 0.272293001
vn -0.340999991 0.917364001 0.205331996
vn -0.376388997 0.903649986 0.204324007
vn -0.369044989 0.918365002 0.142868996
vn -0.370413005 0.917620003 0.144107997
vn -0.0961057991 0.99138099 0.0890306011
vn -0.100110002 0.992304981 0.0728610009
vn -0.101613 0.992024004 0.0745911971
vn -0.107771002 0.992300987 0.0610303991
vn -0.124573998 0.990319014 0.061232999
vn -0.985541999 0.0782189965 0.150295004
vn -0.962714016 0.143753007 0.229166001
vn -0.866508007 0.0601507016 0.495525002
vn -0.848846972 0.245251 0.468306988
vn -0.862753987 0.389310986 0.322634012
vn -0.790575027 0.541621983 0.285721004
vn -0.734125018 0.660558999 0.157232001
vn -0.605747998 0.78688103 0.117844
vn -0.0658487007 0.961974978 0.265080005
vn -0.0999460965 0.943814993 0.314996988
vn -0.106013998 0.962252975 0.250660986
vn -0.145651996 0.960471988 0.237232998
vn -0.178801998 0.948330998 0.262102991
vn -0.178838998 0.961950004 0.206563994
vn -0.228036001 0.949994981 0.213330001
vn -0.209160998 0.961223006 0.179727003
vn -0.251435995 0.954775989 0.158690006
vn -0.232166007 0.963711977 0.131753996
vn -0.258056015 0.959308028 0.114611998
vn -0.244386002 0.964377999 0.101241
vn -0.250474989 0.964977026 0.0779843032
vn -0.986455977 0.0938965976 0.134489998
vn -0.942111015 -0.0529484004 0.331093013
vn -0.933292985 0.100781001 0.344684005
vn -0.944316983 0.280745 0.171601996
vn -0.897382021 0.405144989 0.174824998
vn -0.933422983 0.101846002 0.344018996
vn -0.906911016 0.277049005 0.317422003
vn -0.89328903 0.416700006 0.168509007
vn -0.815304995 0.556828976 0.158805996
vn -0.877906024 0.0982711986 0.46864
vn -0.908282995 0.248025998 0.336905003
vn -0.85780102 0.413872987 0.30477199
vn -0.821830988 0.544462025 0.167794004
vn -0.722868025 0.675814986 0.143998995
vn -0.623665988 0.776730001 0.0879305005
vn -0.782952011 0.0621110983 0.618973017
vn -0.846388996 0.220459998 0.484793007
vn -0.805803001 0.386741012 0.448455989
vn -0.797891974 0.52205801 0.301369011
vn -0.706542015 0.658068001 0.260280013
vn -0.630273998 0.762741983 0.144843996
vn -0.490812987 0.863897026 0.113064997
vn -0.558290005 0.826748013 0.0692790002
vn -0.781732976 0.0589887984 0.620817006
vn -0.771246016 0.218997002 0.597679019
vn -0.806731999 0.366043001 0.463892996
vn -0.744849026 0.51977998 0.418363988
vn -0.715153992 0.643151999 0.273696005
vn -0.607482016 0.760577977 0.229099005
vn -0.384609997 0.918829024 0.0884763002
vn -0.452836007 0.890672028 0.0405478999
vn -0.765968025 0.202818006 0.610047996
vn -0.734493017 0.364760011 0.572250009
vn -0.748275995 0.502879977 0.432660997
vn -0.667244017 0.641278028 0.378879011
vn -0.616244018 0.750078022 0.240055993
vn -0.506938994 0.839112997 0.197237998
vn -0.404648006 0.907952011 0.109007001
vn -0.247191995 0.966024995 0.0754453987
vn -0.248264998 0.966334999 0.0675356016
vn -0.292782992 0.95520401 0.0431579985
vn -0.108779997 0.992864013 0.048863899
vn -0.110485002 0.992892027 0.0442558005
vn -0.126080006 0.991214991 0.0399467014
vn -0.0460761003 0.993727982 0.101888999
vn -0.0471818 0.993070006 0.107638001
vn -0.0491807982 0.962894022 0.265363008
vn -0.0471392982 0.965846002 0.254795015
vn -0.049403701 0.829465985 0.556367993
vn -0.0460354984 0.815625012 0.576745987
vn -0.0460305996 0.81558001 0.576811016
vn -0.0377229005 0.542943001 0.838922024
vn -0.0448569991 0.611005008 0.790355027
vn -0.0412590988 0.660456002 0.749729991
vn -0.0323554017 0.358229995 0.933072984
vn -0.0149237001 -0.0812494978 0.996581972
vn -0.0133443996 -0.145034999 0.989337027
vn -0.0100317998 -0.165809005 0.986106992
vn -0.00508593023 -0.301292002 0.953517973
vn -0.00285235001 -0.313764006 0.949496984
vn -0.0460513011 0.962559998 0.267129987
vn -0.0458314009 0.963042021 0.265423
vn -0.0446763001 0.99318099 0.107683003
vn -0.0443429016 0.992862999 0.110711001
vn -0.0461140014 0.908048987 0.416316986
vn -0.0512428991 0.907818019 0.41622299
vn -0.0464323983 0.89515698 0.44332701
vn -0.0451526009 0.83002001 0.555903018
vn -0.045230601 0.829653025 0.556443989
vn -0.0461729988 0.907841027 0.416765004
vn -0.0431304015 0.729830027 0.682265997
vn -0.0467276014 0.729671001 0.682200015
vn -0.0492343009 0.741271019 0.66939801
vn -0.0396809988 0.613017023 0.78907299
vn -0.0399216004 0.611226976 0.79044801
vn -0.0429676995 0.730821013 0.681214988
vn -0.0359294005 0.479557008 0.876775026
vn -0.0354444012 0.476832986 0.878278971
vn -0.0404448994 0.476610005 0.878184021
vn -0.0376324989 0.452143997 0.891151011
vn -0.0308900997 0.334372997 0.941935003
vn -0.0301696006 0.33011499 0.943458021
vn -0.0342967995 0.329932004 0.943381011
vn -0.0287868008 0.25336501 0.966942012
vn -0.0250956006 0.180720001 0.983214021
vn -0.0241377 0.174968004 0.984278023
vn -0.0280613992 0.174794003 0.984205008
vn -0.0237860009 0.145124003 0.989127994
vn -0.0186033007 0.0222479999 0.999579012
vn -0.0174495 0.0153003 0.999731004
vn -0.0205495004 0.0151634999 0.999674022
vn -0.0183176994 0.00102616998 0.999831975
vn -0.00319581991 -0.291395009 0.956597984
vn -0.00411767978 -0.301250011 0.953535974
vn -0.0102688 -0.144898996 0.989392996
vn -0.0117169004 -0.136324003 0.990594983
vn -0.841955006 0.523409009 0.130976006
vn -0.110123001 0.60876298 0.785672009
vn -0.132497996 0.723820984 0.677146018
vn -0.114661999 0.824975014 0.553416014
vn -0.158942997 0.331557989 0.929949999
vn -0.0332174003 -0.29272601 0.955618978
vn -0.256864011 -0.265129 0.929369986
vn -0.356213003 -0.263025999 0.896620989
vn -0.89963001 -0.0690350011 0.431162
vn -0.949132025 -0.083945401 0.303481996
vn -0.960510015 0.132893994 0.244455993
vn -0.953043997 0.0887252986 0.28954199
vn -0.898322999 0.0882640034 0.43037799
vn -0.882816017 0.0129364002 0.46954
vn -0.827741981 0.0223979 0.560661018
vn -0.797637999 -0.0318486989 0.602294981
vn -0.703981996 -0.0190325007 0.70996201
vn -0.664861977 -0.0694011971 0.743735015
vn -0.582943976 -0.0558377989 0.810591996
vn -0.542464972 -0.0998644978 0.834122002
vn -0.403820992 -0.0833325014 0.911035001
vn -0.384640008 -0.102018997 0.917411983
vn -0.253268003 -0.0978851989 0.962431014
vn -0.225780994 -0.129435003 0.965541005
vn -0.090737097 -0.119019002 0.988736987
vn -0.064695701 -0.138485 0.988249004
vn -0.0800575018 0.992676973 0.0904641971
vn -0.231068999 0.955713987 0.182260007
vn -0.191889003 0.963742018 0.185420007
vn -0.135774001 0.950960994 0.277918011
vn -0.338203013 0.911252975 0.235026002
vn -0.339116007 0.910574973 0.236331999
vn -0.283277988 0.871596992 0.400090992
vn -0.170989007 0.903765023 0.392392009
vn -0.118941002 0.889972985 0.440227985
vn -0.559871972 0.808893979 0.179538995
vn -0.448233008 0.848664999 0.280811995
vn -0.472306013 0.812507987 0.341697991
vn -0.343528003 0.812851012 0.470384002
vn -0.345194995 0.794084013 0.500271022
vn -0.139837995 0.801330984 0.581646979
vn -0.602006018 0.778445005 0.177798003
vn -0.639115989 0.739726007 0.210561007
vn -0.558730006 0.737429023 0.379498005
vn -0.573616982 0.707862973 0.41218099
vn -0.410928011 0.708347023 0.573917985
vn -0.409047008 0.723402023 0.556210995
vn -0.30042401 0.648728013 0.699212015
vn -0.143729001 0.707750976 0.691686988
vn -0.710128009 0.673811972 0.204194993
vn -0.741703987 0.628872991 0.233226001
vn -0.643846989 0.626613021 0.439110011
vn -0.659550011 0.584914982 0.472090006
vn -0.498102009 0.588383019 0.636946023
vn -0.495747 0.557503998 0.665901005
vn -0.332830012 0.561735988 0.757413983
vn -0.320564985 0.536705971 0.780502975
vn -0.139292002 0.556804001 0.818881989
vn -0.105040997 0.475553006 0.873392999
vn -0.805765986 0.546319008 0.228643
vn -0.807274997 0.542446971 0.232506007
vn -0.780815005 0.458400995 0.424495012
vn -0.724433005 0.483482987 0.491367012
vn -0.724886 0.489057988 0.485141993
vn -0.628831983 0.412952989 0.658818007
vn -0.542819977 0.459798992 0.702802002
vn -0.521039009 0.412294 0.747349977
vn -0.356676012 0.415264994 0.836861014
vn -0.36045 0.425238013 0.83020997
vn -0.243110999 0.362711012 0.899631977
vn 0.00999910012 0.481076986 0.876621008
vn -0.880328 0.381264001 0.282243013
vn -0.840053022 0.379716009 0.387461007
vn -0.760818005 0.308595985 0.570897996
vn -0.669637978 0.308566988 0.675552011
vn -0.659713984 0.278149009 0.698148012
vn -0.562969029 0.279624999 0.777737975
vn -0.550678015 0.253758997 0.795211017
vn -0.397915006 0.257555008 0.880527973
vn -0.384526998 0.237354994 0.892077029
vn -0.255962014 0.241332993 0.936078012
vn -0.245651007 0.229232997 0.941864014
vn -0.110645004 0.232584998 0.966261983
vn -0.0671762004 0.177322 0.981858015
vn -0.935811996 0.343185008 0.0805013031
vn -0.921184003 0.308575988 0.237067997
vn -0.933450997 0.238232002 0.268169999
vn -0.869728982 0.235395998 0.433773994
vn -0.865254998 0.217895001 0.451503009
vn -0.814547002 0.217533007 0.53776598
vn -0.801645994 0.152208 0.578097999
vn -0.694872022 0.152737007 0.702726007
vn -0.68086201 0.116907999 0.723020971
vn -0.580139995 0.118496001 0.805850983
vn -0.564471006 0.0882506967 0.820721984
vn -0.40614 0.0919943005 0.909169018
vn -0.390367001 0.0686798021 0.918093979
vn -0.258796006 0.0728031024 0.963183999
vn -0.245989993 0.0574887991 0.967566013
vn -0.100465 0.0637587011 0.99289602
vn -0.0642722994 0.0203086007 0.997726023
vn -0.991584003 0.0519110002 0.118606001
vn -0.983138978 0.103083 0.151038006
vn -0.397769004 0.915741026 0.0565591007
vn -0.239317998 0.969668984 0.0496874005
vn -0.482950002 0.874659002 0.0415988006
vn -0.624908984 0.779515982 0.0429439992
vn -0.973564029 0.222414002 0.0520058982
vn -0.997359991 0.0513164997 0.0513712987
vn -0.126647994 0.991539001 0.0284720995
vn -0.288300008 0.95687598 0.035642501
vn -0.451945007 0.890121996 0.0585519001
vn -0.596412003 0.800619006 0.0574673004
vn -0.730163991 0.680657029 0.0597175993
vn -0.726800025 0.684361994 0.0583974011
vn -0.836215019 0.545132995 0.0597839989
vn -0.825118005 0.562349975 0.0542549007
vn -0.903909028 0.422468007 0.0668580011
vn -0.917648017 0.394501001 0.0478588007
vn -0.933767974 0.346897006 0.0879789963
vn -0.973742008 0.221772999 0.0514132008
vn -0.996989012 0.0601520017 0.0489283018
vn -0.963007987 0.260720998 0.068122603
vn -0.214217007 0.331696004 0.918743014
vn -0.268106014 0.470149994 0.840879023
vn -0.261281997 0.509917021 0.819582999
vn -0.29795 0.631431997 0.715905011
vn -0.304509997 0.60273701 0.737550974
vn -0.333685011 0.712453008 0.617304981
vn -0.352800995 0.813445985 0.462426007
vn -0.363664001 0.816579998 0.448269993
vn -0.385174006 0.864178002 0.323785007
vn -0.350383013 0.897728026 0.267051011
vn -0.191995993 0.972226024 0.133846
vn -0.0860392973 0.987071991 0.135227993
vn -0.0804224014 0.988256991 0.129923999
vn -0.0831822008 0.963859022 0.253093988
vn -0.115027003 0.78332299 0.610879004
vn -0.112264998 0.679140985 0.725372016
vn -0.0868455023 0.714852989 0.693861008
vn -0.105426997 0.544139028 0.832345009
vn -0.0719029009 0.596023977 0.79974103
vn -0.0707546994 0.486355007 0.870891988
vn -0.105429001 0.116002999 0.987637997
vn -0.0888276026 0.00694620004 0.996022999
vn -0.152695999 0.179395005 0.971854985
vn -0.167405993 0.266490996 0.949187994
vn -0.219505996 0.372092009 0.901866972
vn -0.328411013 0.728290021 0.601447999
vn -0.250216991 0.928526998 0.274278998
vn -0.222547993 0.928161979 0.298307002
vn -0.201193005 0.871097028 0.448009014
vn -0.218440995 0.874981999 0.432076991
vn -0.182389006 0.798120022 0.574230015
vn -0.0443143994 -0.993196011 0.107694
vn -0.0153756002 0.0656734034 0.997722983
vn -0.00280171004 0.301275998 0.953532994
vn -0.00451886002 0.301351994 0.953501999
vn -0.0127830999 0.160526007 0.986949027
vn -0.0113263 0.144856006 0.989387989
vn -0.00460865023 0.30250299 0.953136981
vn -0.0195598006 -0.0293073002 0.999378979
vn -0.0257626995 -0.158252001 0.987062991
vn -0.0281185992 -0.174789995 0.984203994
vn -0.0289185997 -0.285977006 0.957799971
vn -0.034743499 -0.329995006 0.943342984
vn -0.0385689996 -0.569486976 0.82109499
vn -0.0404174998 -0.476612985 0.878184021
vn -0.0337321982 -0.427736014 0.903274
vn -0.0419895016 -0.689750016 0.722828984
vn -0.0481669009 -0.729646027 0.682126999
vn -0.0441989005 -0.792973995 0.607649982
vn -0.0441976003 -0.792904019 0.607742012
vn -0.0453712009 -0.87657702 0.47911799
vn -0.0515621006 -0.962782025 0.265316993
vn -0.0432865992 -0.982397974 0.181714997
vn -0.0503153987 -0.992922008 0.107585996
vn -0.0456112996 -0.99694401 0.0634291992
vn -0.0455609001 -0.993207991 0.107060999
vn -0.0447085984 -0.992963016 0.109664001
vn -0.045829501 -0.963042974 0.265421987
vn -0.0460290015 -0.96260798 0.266959995
vn -0.0461755991 -0.907857001 0.416729003
vn -0.0461178012 -0.908051014 0.416312993
vn -0.0516549014 -0.907800019 0.416209996
vn -0.0450773016 -0.940032005 0.338093013
vn -0.0505053997 -0.829387009 0.556388021
vn -0.0452334993 -0.82962501 0.556486011
vn -0.042971801 -0.730831027 0.681204021
vn -0.0431292988 -0.729871988 0.682222009
vn -0.0451493002 -0.830021024 0.555902004
vn -0.0396764018 -0.613004029 0.789083004
vn -0.0399226993 -0.61117202 0.790489972
vn -0.0446345992 -0.61096102 0.790400982
vn -0.0359249003 -0.479561001 0.876773
vn -0.0354395993 -0.476835012 0.878278017
vn -0.0308800004 -0.334197015 0.941996992
vn -0.0301987994 -0.330197006 0.943428993
vn -0.0250617005 -0.180476993 0.983259976
vn -0.0241433997 -0.174965993 0.984278977
vn -0.0205274001 -0.0150736002 0.999675989
vn -0.0174410008 -0.0152094997 0.999732018
vn -0.0186096001 -0.0222411007 0.999579012
vn -0.00452145981 0.291453987 0.956574023
vn -0.0102765998 0.144810006 0.98940599
vn -0.0117114997 0.136317998 0.990595996
vn -0.0807605013 -0.177814007 0.980745018
vn -0.0803342015 -0.331689 0.939962029
vn -0.0777916983 -0.477642 0.87510401
vn -0.997687995 -0.0306334998 0.0606584996
vn -0.987186015 -0.0329626016 0.156129003
vn -0.243189007 0.114091001 0.963245988
vn -0.225932002 0.0946182981 0.96953702
vn -0.427460015 0.116511002 0.896494985
vn -0.386189014 0.0721206963 0.919596016
vn -0.561066985 0.0968926027 0.822080016
vn -0.511736989 0.0424191989 0.858093977
vn -0.702535987 0.0695168003 0.708244979
vn -0.653981984 0.00984758046 0.756446004
vn -0.80242002 0.0344865993 0.595762014
vn -0.752505004 -0.0314977989 0.65783298
vn -0.893714011 -0.00629888987 0.448592991
vn -0.851420999 -0.0735832974 0.51929599
vn -0.94866699 -0.0523665994 0.311913013
vn -0.911445975 -0.122580998 0.392733991
vn -0.984691024 -0.102856003 0.140727997
vn -0.957445979 -0.176121995 0.228642002
vn -0.0948728994 -0.952691972 0.288749993
vn -0.175392002 -0.961475015 0.211669996
vn -0.222151995 -0.952880025 0.206563994
vn -0.247548997 -0.967863023 0.0442758985
vn -0.352402002 -0.933462977 0.0667740032
vn -0.110687003 -0.90317601 0.414754003
vn -0.112705998 -0.902015984 0.416729987
vn -0.264355987 -0.872042 0.41189599
vn -0.30825299 -0.911580026 0.272031993
vn -0.324286014 -0.906494975 0.270379007
vn -0.404073 -0.906005025 0.126016006
vn -0.106089003 -0.825773001 0.553936005
vn -0.126341 -0.808646023 0.57457
vn -0.273030996 -0.783483028 0.558219016
vn -0.308227986 -0.825873971 0.472153008
vn -0.413459003 -0.794184983 0.445333004
vn -0.432392001 -0.839765012 0.328377008
vn -0.502885997 -0.812255979 0.295542985
vn -0.504794002 -0.852869987 0.133401006
vn -0.495647013 -0.857077003 0.140547007
vn -0.105195999 -0.726602972 0.678955972
vn -0.136449993 -0.689410985 0.711403012
vn -0.327960998 -0.681432009 0.654287994
vn -0.309904009 -0.695520997 0.648235977
vn -0.503920972 -0.693045974 0.515510023
vn -0.47133401 -0.715421021 0.515769005
vn -0.614597976 -0.717104971 0.328676999
vn -0.574096024 -0.743722975 0.342474997
vn -0.646902978 -0.750214994 0.136727005
vn -0.613183022 -0.77263701 0.164434001
vn -0.115647003 -0.608357012 0.785193026
vn -0.138142005 -0.569509983 0.810293019
vn -0.216628 -0.532432973 0.818283021
vn -0.36265099 -0.569724023 0.737495005
vn -0.342810005 -0.586154997 0.734100997
vn -0.463524014 -0.54411 0.699349999
vn -0.557844996 -0.595790982 0.577790022
vn -0.534371972 -0.612886012 0.582080007
vn -0.637468994 -0.577210009 0.510354996
vn -0.681650996 -0.631645024 0.369293004
vn -0.653721988 -0.651916981 0.384254992
vn -0.730832994 -0.620046973 0.285349995
vn -0.724227011 -0.671730995 0.155794993
vn -0.719905019 -0.675098002 0.161182001
vn -0.124070004 -0.397500008 0.909175992
vn -0.239720002 -0.392529011 0.887950003
vn -0.226853997 -0.403636992 0.886349022
vn -0.402484 -0.39804101 0.824360013
vn -0.38260299 -0.414640009 0.825644016
vn -0.516864002 -0.411341012 0.750765979
vn -0.492368996 -0.430518001 0.756456971
vn -0.634947002 -0.428056002 0.643124998
vn -0.605975986 -0.451294988 0.655076981
vn -0.712935984 -0.450513989 0.537364006
vn -0.682354987 -0.475098014 0.555584013
vn -0.780957997 -0.475737989 0.404695988
vn -0.750128984 -0.50247103 0.429917991
vn -0.815589011 -0.504420996 0.283502996
vn -0.786561012 -0.531513989 0.314348012
vn -0.833387971 -0.535281003 0.137621
vn -0.817614973 -0.55309999 0.159958005
vn -0.120247997 -0.233760998 0.964829981
vn -0.247958004 -0.228630006 0.941406012
vn -0.234259993 -0.242243007 0.941510022
vn -0.422343999 -0.236456007 0.875051022
vn -0.401921988 -0.256431997 0.879034996
vn -0.546392024 -0.252873987 0.798442006
vn -0.520991027 -0.276591003 0.807506025
vn -0.674903989 -0.273918986 0.685181022
vn -0.645726979 -0.302343011 0.701160014
vn -0.761600971 -0.30151701 0.573629975
vn -0.730926991 -0.331997007 0.596257985
vn -0.838159025 -0.332693994 0.432209015
vn -0.807959974 -0.365745991 0.461984992
vn -0.879356027 -0.36787501 0.302325994
vn -0.85116303 -0.40179199 0.337763995
vn -0.90132302 -0.405945987 0.151078001
vn -0.900128007 -0.407900006 0.152926996
vn -0.113124996 -0.0633236021 0.991560996
vn -0.249034002 -0.0581910014 0.966745019
vn -0.234595001 -0.0738890991 0.969281018
vn -0.430574 -0.0680181012 0.899989009
vn -0.409346998 -0.091287002 0.907800019
vn -0.560759008 -0.0875589997 0.823336005
vn -0.534927011 -0.115267999 0.836998999
vn -0.697067022 -0.112579003 0.708113015
vn -0.668129981 -0.145870999 0.729605019
vn -0.790871978 -0.144996002 0.594558001
vn -0.761102974 -0.180867001 0.622902989
vn -0.875182986 -0.181627005 0.448404998
vn -0.84670198 -0.220742002 0.484117001
vn -0.923022985 -0.222996995 0.313529015
vn -0.897046983 -0.263561994 0.354741007
vn -0.949217975 -0.26809001 0.164658993
vn -0.92642498 -0.320057988 0.198239997
vn -0.0791577026 -0.0195914004 0.996670008
vn -0.102462001 0.109066002 0.988740027
vn -0.0760765001 0.138834998 0.987389028
vn -0.195380002 0.282169014 0.939258993
vn -0.0884955972 0.277969986 0.956505001
vn -0.0718609989 0.29380399 0.953161001
vn -0.281774014 -0.957930028 0.0545288995
vn -0.461962014 -0.885549009 0.0489347987
vn -0.823791981 -0.563835025 0.0587956011
vn -0.726893008 -0.684383988 0.0569773018
vn -0.909061015 -0.412277997 0.0602864996
vn -0.905610979 -0.420170009 0.0576688983
vn -0.123305999 -0.991689026 0.0367171988
vn -0.102952003 -0.994333029 0.0265177991
vn -0.273506999 -0.959671974 0.0649887994
vn -0.509100974 -0.858977973 0.0545261987
vn -0.448657006 -0.892944992 0.0368372984
vn -0.610154986 -0.790625989 0.0512013994
vn -0.729184985 -0.682017028 0.0560647994
vn -0.626492023 -0.777351975 0.0568452999
vn -0.825580001 -0.561119974 0.0596756004
vn -0.960698009 -0.274989992 0.0379507989
vn -0.972352028 -0.226607993 0.0563969985
vn -0.997322023 -0.0562065989 0.0467851013
vn -0.982017994 -0.180145994 0.0564680994
vn -0.993991017 -0.0885004029 0.0644142032
vn -0.290170014 -0.955026984 0.0610370003
vn -0.112051003 -0.992595971 0.0468773991
vn -0.127526999 -0.990265012 0.0557889007
vn -0.248138994 -0.965460002 0.0794659033
vn -0.431977987 -0.896287978 0.100311004
vn -0.435649991 -0.894232988 0.102743998
vn -0.104071997 -0.99288398 0.0578757003
vn -0.267758995 -0.956907988 0.112389997
vn -0.51127398 -0.854893029 0.0880782977
vn -0.605741978 -0.787738025 0.112007998
vn -0.245919004 -0.96271801 0.112682
vn -0.360778004 -0.91939199 0.156707004
vn -0.674827993 -0.732182026 0.0922842994
vn -0.721171975 -0.680796027 0.128169
vn -0.126653999 -0.987796009 0.0906504989
vn -0.123643003 -0.988408983 0.0880957991
vn -0.229169995 -0.961992025 0.148500994
vn -0.390834987 -0.906880975 0.157526001
vn -0.501468003 -0.842414021 0.197151005
vn -0.610917985 -0.774012029 0.166385993
vn -0.827980995 -0.555518985 0.0764657035
vn -0.233054996 -0.960974991 0.149039
vn -0.359699011 -0.906125009 0.222608998
vn -0.505883992 -0.839792013 0.197055995
vn -0.621061027 -0.745455027 0.242032006
vn -0.737268984 -0.658493996 0.151063994
vn -0.782402992 -0.591902018 0.193643004
vn -0.0921386033 -0.991940975 0.086969398
vn -0.209562004 -0.960461974 0.183293998
vn -0.366510987 -0.903209984 0.223343
vn -0.466823995 -0.837953985 0.282680988
vn -0.616178989 -0.749244988 0.242806002
vn -0.701629996 -0.65535599 0.279686004
vn -0.822529972 -0.541934013 0.172489002
vn -0.886406004 -0.424205005 0.185296997
vn -0.212742999 -0.959581017 0.184242994
vn -0.326811999 -0.902988017 0.278939009
vn -0.475116998 -0.833151996 0.283059001
vn -0.570622027 -0.746981978 0.341188014
vn -0.715219975 -0.641897976 0.276454002
vn -0.784132004 -0.53836602 0.308706999
vn -0.892552018 -0.413538009 0.179828003
vn -0.956929028 -0.233622 0.172355995
vn -0.957507014 -0.250054002 0.143711999
vn -0.0939057991 -0.988951981 0.114699997
vn -0.333826005 -0.899845004 0.280784011
vn -0.424876988 -0.831731975 0.357353002
vn -0.580973029 -0.739064991 0.340959013
vn -0.661521018 -0.639302015 0.392024994
vn -0.798214018 -0.520222008 0.303681999
vn -0.849932015 -0.409846991 0.331120998
vn -0.937982023 -0.276690006 0.208884001
vn -0.993160009 -0.0504112989 0.105320998
vn -0.0863964036 -0.990306973 0.108759001
vn -0.194698006 -0.950263977 0.243088007
vn -0.185026005 -0.959344983 0.213124007
vn -0.286018997 -0.899762988 0.329575002
vn -0.43178001 -0.827587008 0.358698994
vn -0.518209994 -0.737453997 0.433151007
vn -0.673138022 -0.627879024 0.390707999
vn -0.737384021 -0.517545998 0.434064001
vn -0.863290012 -0.387015998 0.323958009
vn -0.89754498 -0.272720009 0.346462995
vn -0.973173976 -0.139121994 0.183244005
vn -0.964205027 0.0122975996 0.264872015
vn -0.982797027 -0.0420212001 0.179846004
vn -0.290697008 -0.897508979 0.331622988
vn -0.369879991 -0.826606989 0.424158007
vn -0.526831985 -0.730702996 0.434188992
vn -0.599300981 -0.626114011 0.49881801
vn -0.749674976 -0.502111971 0.431127012
vn -0.796801984 -0.384222001 0.466347009
vn -0.909033 -0.245337993 0.336849988
vn -0.927603006 -0.110261999 0.356925011
vn -0.0653714985 -0.991361976 0.113700002
vn -0.144435003 -0.951871991 0.270330995
vn -0.152145997 -0.960605025 0.232573003
vn -0.237490997 -0.898199975 0.369910985
vn -0.375142992 -0.823261976 0.426036
vn -0.449667007 -0.729713023 0.515091002
vn -0.609309971 -0.61620301 0.499035001
vn -0.666477025 -0.500177979 0.552838027
vn -0.808667004 -0.364968002 0.461362988
vn -0.838348985 -0.242344007 0.488303006
vn -0.942053974 -0.0641105026 0.329277992
vn -0.0663122982 -0.988897026 0.132988006
vn -0.233052999 -0.900494993 0.367145002
vn -0.301506013 -0.82298702 0.481442004
vn -0.456584007 -0.724072993 0.516961992
vn -0.518724024 -0.615224004 0.593653977
vn -0.676935017 -0.487237006 0.551687002
vn -0.717934012 -0.362892002 0.594036996
vn -0.848927021 -0.219344005 0.480843991
vn -0.862172008 -0.0422475003 0.504850984
vn -0.898128986 -0.106105998 0.426739007
vn -0.0493492 -0.991966009 0.11648
vn -0.101979002 -0.951457977 0.290394992
vn -0.116076 -0.959537983 0.256541997
vn -0.173036993 -0.900461018 0.39903301
vn -0.30547899 -0.820249021 0.483606011
vn -0.365047008 -0.723897994 0.585416019
vn -0.526588023 -0.607273996 0.594914973
vn -0.575116992 -0.486207008 0.657908022
vn -0.728455007 -0.346565992 0.590969026
vn -0.752775013 -0.217176005 0.621421993
vn -0.217436001 0.145327002 0.965195
vn -0.277770996 0.201609999 0.939252973
vn -0.256105989 -0.0204690006 0.966431975
vn -0.216857001 0.0277705994 0.975808024
vn -0.217455 -0.161825001 0.962562025
vn -0.383904994 0.0228975005 0.923089027
vn -0.217267007 -0.162117004 0.962556005
vn -0.211308002 -0.316745013 0.924673975
vn -0.45449701 -0.0194844007 0.890534997
vn -0.375613004 0.0141716003 0.926667988
vn -0.378740013 -0.160026997 0.911562979
vn -0.211373001 -0.316650003 0.924691021
vn -0.199672997 -0.463851988 0.86311698
vn -0.516502023 0.164812997 0.84027499
vn -0.553569019 0.0246047005 0.832440019
vn -0.373008996 -0.169462994 0.912221014
vn -0.365330011 -0.31457001 0.876115978
vn -0.200241998 -0.463090003 0.863394976
vn -0.183171004 -0.598928988 0.77957201
vn -0.585395992 0.114116997 0.802676022
vn -0.525242984 -0.0468714014 0.849659979
vn -0.524131 -0.168302 0.834842026
vn -0.359856009 -0.322607011 0.875459015
vn -0.342712998 -0.461187005 0.818445981
vn -0.184040993 -0.597876012 0.780174971
vn -0.162038997 -0.718784988 0.676084995
vn -0.691487014 0.132245004 0.710180998
vn -0.516749978 -0.180975005 0.836790025
vn -0.50355202 -0.321550012 0.801899016
vn -0.337731004 -0.46765399 0.816846013
vn -0.311450988 -0.596365988 0.739827991
vn -0.163069993 -0.717691004 0.676999986
vn -0.136822 -0.820261002 0.555384994
vn -0.694779992 0.141965002 0.705072999
vn -0.710389018 -0.0913930982 0.697849989
vn -0.656316996 0.00398909021 0.754474998
vn -0.654309988 -0.180800006 0.734296024
vn -0.496376008 -0.332073987 0.802083015
vn -0.47053799 -0.466764987 0.748815
vn -0.307161003 -0.601206005 0.737702012
vn -0.272385001 -0.716412008 0.64230901
vn -0.137924001 -0.819279015 0.55655998
vn -0.108176999 -0.900794983 0.420554996
vn -0.0373737998 -0.989449978 0.139970005
vn -0.174617007 -0.899537981 0.400424987
vn -0.223756999 -0.820403993 0.526184976
vn -0.370287001 -0.719343007 0.587736011
vn -0.419600993 -0.606971025 0.674923003
vn -0.583889008 -0.475392997 0.658083975
vn -0.61778003 -0.345596999 0.706336021
vn -0.762556016 -0.197733 0.615962982
vn -0.769629002 -0.0221618991 0.638107002
vn -0.816609979 -0.0910023972 0.569971025
vn -0.133472994 0.137398005 0.981482029
vn -0.0738542974 -0.962343991 0.261608005
vn -0.109292001 -0.900020003 0.421923995
vn -0.226374 -0.818378985 0.528213978
vn -0.268808991 -0.719825029 0.639994979
vn -0.425621003 -0.600621998 0.676829994
vn -0.463551998 -0.475504011 0.747672975
vn -0.626706004 -0.332244009 0.704878986
vn -0.645586014 -0.196793005 0.737896979
vn -0.0308698993 -0.991474986 0.126583993
vn -0.0413189009 -0.958095014 0.283455014
vn -0.0398906991 -0.95698601 0.287378013
vn -0.0457958989 -0.900192976 0.433075994
vn -0.0483954996 -0.902122974 0.428757012
vn -0.0525012985 -0.818967998 0.571431994
vn -0.0560371988 -0.822126985 0.56653899
vn -0.0578505993 -0.716650009 0.695029974
vn -0.0623641014 -0.721135974 0.689980984
vn -0.0617552996 -0.596029997 0.800584018
vn -0.0670358986 -0.601598024 0.79598099
vn -0.0639119968 -0.460081011 0.885573983
vn -0.0700014979 -0.466683 0.881649971
vn -0.0643218011 -0.312296003 0.947804987
vn -0.0713198036 -0.319938004 0.944750011
vn -0.0632086024 -0.156691998 0.985623002
vn -0.0708080009 -0.164957002 0.983756006
vn -0.0603959002 0.00308889011 0.998170018
vn -0.0796886012 -0.0176324993 0.996663988
vn -0.0678810999 0.162722006 0.984333992
vn -0.0446118005 0.19303 0.980177999
vn -0.00654355995 -0.991448998 0.130327001
vn -0.00506111979 -0.360141993 0.932883978
vn 0.000804236974 0.157314003 0.987547994
vn 0.00139435998 0.154422 0.988004029
vn 0.00178616995 -0.00184491999 0.99999702
vn 0.0024254499 -0.00553299999 0.999981999
vn 0.00328753004 -0.128411993 0.991715014
vn 0.00110373995 -0.161021993 0.98694998
vn 0.00577710988 -0.241109997 0.970480978
vn 0.00218071998 -0.315892994 0.948791981
vn 0.0047580502 -0.351536989 0.936161995
vn 0.0455976985 -0.401107013 0.914894998
vn 0.00449796021 -0.462889999 0.886403978
vn -0.0170584004 -0.458290011 0.888638973
vn -0.00572407013 -0.462859988 0.886412978
vn 0.000226044998 -0.413206011 0.910637975
vn -0.00561290001 -0.160869002 0.986959994
vn 0.00370376999 -0.0977343991 0.995205998
vn -0.00487110997 -0.214414999 0.976729989
vn -0.00590219023 -0.315919995 0.948767006
vn 0.0032482699 -0.244498998 0.96964401
vn -0.000498500012 0.157305002 0.98755002
vn 0.00283927005 0.176874995 0.984229028
vn -0.00548654003 -0.00179786002 0.999983013
vn 0.00293110008 0.0385744013 0.999251008
vn -0.00470182998 -0.0851830021 0.996353984
vn 0.00135795004 0.157321006 0.98754698
vn 0.00161268003 0.161514997 0.986868978
vn 0.00433829008 -0.00181321998 0.999988973
vn 0.00455160998 0.00180691003 0.999988019
vn 0.00721380999 -0.160945997 0.986936986
vn 0.00737860007 -0.158216 0.987376988
vn 0.00989606045 -0.315798998 0.948774993
vn 0.0100130001 -0.313968003 0.949380994
vn 0.0123247001 -0.462792009 0.88638097
vn 0.0123928003 -0.46181801 0.886888027
vn 0.0144354003 -0.597935021 0.801415026
vn 0.0144552002 -0.597687006 0.801599026
vn 0.0161786992 -0.717799008 0.696062028
vn 0.0161488 -0.718114972 0.695737004
vn 0.0175135005 -0.819418013 0.572928011
vn 0.0174254999 -0.820158005 0.571871996
vn 0.0184001997 -0.900141001 0.435211003
vn 0.0182514004 -0.901057005 0.433317989
vn 0.0188189 -0.957912982 0.286442012
vn 0.0186007991 -0.958764017 0.283592999
vn 0.0187592003 -0.991461992 0.129040003
vn 0.0184742007 -0.991774023 0.126657993
vn 0.0184752997 -0.991299987 0.130317003
vn 0.00634075003 -0.991446972 0.130354002
vn 0.00634677988 -0.991446018 0.130362004
vn 0.00645773998 -0.991346002 0.131112993
vn 0.00638438016 -0.957753003 0.287521988
vn 0.00647246977 -0.958064973 0.286478996
vn 0.00625684997 -0.899927974 0.435992986
vn 0.00632468984 -0.900288999 0.435245991
vn 0.00597136002 -0.819244981 0.573413014
vn 0.00601676991 -0.819559991 0.572961986
vn 0.00553363981 -0.717728972 0.696300983
vn 0.00555778993 -0.717930019 0.696093023
vn 0.00495745987 -0.598080993 0.801419973
vn 0.00495435996 -0.598051012 0.801442027
vn 0.00437931996 -0.487127006 0.873319983
vn 0.00104149 -0.431546003 0.902090013
vn 0.0063481098 -0.991264999 0.131729007
vn -0.00654088985 -0.991263986 0.131729007
vn -0.00448876014 -0.482861996 0.875684977
vn -0.00510491012 -0.598079979 0.801419973
vn -0.00510921003 -0.598034024 0.801454008
vn -0.00572687015 -0.717728019 0.69630003
vn -0.00570103992 -0.717962027 0.696058989
vn -0.00619659014 -0.819243014 0.573413014
vn -0.00615468994 -0.819552004 0.572970986
vn -0.00651575997 -0.89992702 0.435992986
vn -0.00645066006 -0.900287986 0.435247004
vn -0.00666970015 -0.957750976 0.287521988
vn -0.00657994999 -0.958074987 0.286440998
vn -0.00665433984 -0.991340995 0.131146997
vn -0.00653926004 -0.991450012 0.130319998
vn -0.0185419992 -0.991773009 0.126655996
vn -0.00128878001 0.161506996 0.986871004
vn -0.00168901996 0.157319993 0.987546027
vn -0.00429208018 0.00177318999 0.999988973
vn -0.00462997984 -0.00180865999 0.999988019
vn -0.00719593 -0.158237994 0.987375021
vn -0.00744378008 -0.160844997 0.986952007
vn -0.0098979203 -0.313986987 0.949375987
vn -0.0100817997 -0.315865993 0.948750019
vn -0.0123560997 -0.461822987 0.886886001
vn -0.0124541996 -0.462772995 0.886389017
vn -0.0144854998 -0.597688973 0.801596999
vn -0.0145108998 -0.59791702 0.801427007
vn -0.0162419006 -0.718110025 0.695739985
vn -0.0162067004 -0.717832029 0.696027994
vn -0.0175898001 -0.820146978 0.57188201
vn -0.0174799003 -0.819411993 0.572938979
vn -0.0184790008 -0.901042998 0.43333599
vn -0.0183064993 -0.900142014 0.435211986
vn -0.0188950002 -0.95875001 0.283621997
vn -0.0186621007 -0.957926989 0.286404997
vn -0.0188280996 -0.991447985 0.129133999
vn -0.0185423009 -0.991302013 0.130291
vn 0.0957363993 -0.991119981 0.0922799036
vn 0.0640553012 0.150174007 0.986581981
vn 0.0874191001 0.177476004 0.980234981
vn 0.0276974998 -0.990915 0.131604001
vn 0.237647995 0.158319995 0.958361983
vn 0.245603994 0.170727 0.954217017
vn 0.419155002 0.153478995 0.894847989
vn 0.0893303975 0.00414519012 0.995993018
vn 0.0976720974 -0.0055364701 0.995203018
vn 0.258560985 0.00851972029 0.965956986
vn 0.256653994 0.0119562 0.966428995
vn 0.40239501 -0.0365591012 0.914735973
vn 0.456806004 0.0221954007 0.889289021
vn 0.105618998 -0.155306995 0.98220402
vn 0.0940736979 -0.137199998 0.986065984
vn 0.262104988 -0.200563997 0.943967998
vn 0.311699003 -0.1184 0.942775011
vn 0.464760989 -0.185808003 0.865720987
vn 0.45927301 -0.174772993 0.870931983
vn 0.104970999 -0.310894012 0.944630027
vn 0.107173003 -0.314438999 0.943208992
vn 0.301901013 -0.310799986 0.901253998
vn 0.305868 -0.320234001 0.896601975
vn 0.448446989 -0.319669008 0.834689975
vn 0.453070015 -0.32743901 0.829163015
vn 0.543766022 -0.327140003 0.77285099
vn 0.0466942005 -0.991079986 0.124821
vn 0.0469871983 -0.991428018 0.121913999
vn 0.0590729006 -0.991293013 0.117682002
vn 0.0634597018 -0.990580976 0.121334001
vn 0.0726339966 -0.991953015 0.103698
vn 0.0879814997 -0.989453018 0.115073003
vn 0.101439998 -0.458534002 0.882867992
vn 0.103238001 -0.461463004 0.881132007
vn 0.284319997 -0.45758 0.842486024
vn 0.287400007 -0.465887994 0.836869001
vn 0.419930011 -0.465369999 0.779160023
vn 0.423292011 -0.471825004 0.773437023
vn 0.507821023 -0.471520007 0.720963001
vn 0.510719001 -0.478915989 0.71400702
vn 0.0841280967 -0.595198989 0.799161971
vn 0.0960125998 -0.609154999 0.787217975
vn 0.198971003 -0.571696997 0.795973003
vn 0.272118002 -0.63300401 0.724747002
vn 0.261575997 -0.599924982 0.756087005
vn 0.380686015 -0.599470019 0.704069018
vn 0.382990003 -0.604632974 0.69838202
vn 0.459093004 -0.60434401 0.651153982
vn 0.460729986 -0.609943986 0.644744992
vn 0.544745028 -0.609771013 0.575700998
vn 0.0769992024 -0.715987027 0.693854988
vn 0.0784944966 -0.717666984 0.691947997
vn 0.181744993 -0.715161979 0.674916029
vn 0.177229002 -0.70618403 0.685487986
vn 0.243779004 -0.730554998 0.63785702
vn 0.297722995 -0.697923005 0.651355982
vn 0.327284008 -0.734920979 0.593949974
vn 0.396842986 -0.711401999 0.58002001
vn 0.399594009 -0.726038992 0.559635997
vn 0.478531986 -0.725543022 0.49456501
vn 0.479173005 -0.722055972 0.499027997
vn 0.300356001 -0.91543901 0.267875999
vn 0.311527997 -0.904383004 0.291619986
vn 0.291368008 -0.888404012 0.354743987
vn 0.238021001 -0.912149012 0.33366099
vn 0.220182002 -0.888143003 0.403389007
vn 0.178590998 -0.909146011 0.376244009
vn 0.123701997 -0.893642008 0.431394994
vn 0.125205994 -0.898693025 0.420325994
vn 0.0579425991 -0.900628984 0.430709004
vn 0.0567757003 -0.899641991 0.432922006
vn 0.703198016 0.138396993 0.697394013
vn 0.69394201 -0.0397498012 0.718932986
vn 0.615083992 0.0969780982 0.782474995
vn 0.686190009 -0.0262937006 0.72694701
vn 0.682816029 -0.200189993 0.702628016
vn 0.532029986 0.176165 0.828197002
vn 0.57772398 -0.0364740007 0.815416992
vn 0.676899016 -0.185607001 0.712291002
vn 0.647298992 -0.381220996 0.660057008
vn 0.711567998 -0.369421005 0.597661018
vn 0.636632979 -0.514380991 0.574552
vn 0.574630022 -0.0314069986 0.817811012
vn 0.572350979 -0.185431004 0.798766971
vn 0.618326008 -0.336923003 0.71003902
vn 0.605768025 -0.603398025 0.518608987
vn 0.566003978 -0.174532995 0.805715978
vn 0.54816401 -0.336174011 0.765834987
vn 0.622789979 -0.477762014 0.619578004
vn 0.543563008 -0.591975987 0.595066011
vn 0.411231011 -0.824229002 0.389275998
vn 0.379173011 -0.841931999 0.383899003
vn 0.331528991 -0.812759995 0.479072005
vn 0.329512 -0.820231974 0.467590988
vn 0.241524994 -0.821386993 0.516709983
vn 0.240980998 -0.818286002 0.521857977
vn 0.153833002 -0.819730997 0.551702976
vn 0.152747005 -0.817583025 0.555181026
vn 0.0690793023 -0.819637001 0.568702996
vn 0.067807503 -0.81834501 0.570712984
vn 0.202075005 -0.960529983 0.191176996
vn 0.214543 -0.952700019 0.215255007
vn 0.177714005 -0.96023798 0.215316996
vn 0.183256 -0.945859015 0.267895997
vn 0.134752005 -0.961564004 0.239243999
vn 0.124449998 -0.952588975 0.277644008
vn 0.0874126032 -0.958146989 0.272603989
vn 0.0864889026 -0.956542015 0.278474003
vn 0.0451770015 -0.959271014 0.278849989
vn 0.0404284 -0.956669986 0.288354993
vn 0.0309862997 -0.989556015 0.140777007
vn 0.0826437026 -0.992660999 0.0882816017
vn 0.372860998 0.92532599 0.0689017028
vn 0.308066994 0.948019981 0.0797083974
vn 0.351253986 0.93384397 0.0675041005
vn 0.351312995 0.933903992 0.0663456991
vn 0.349712998 0.934493005 0.0665073991
vn 0.0688908026 0.222177997 0.972568989
vn 0.00596024981 0.177172005 0.984161973
vn 0.395985007 0.898100972 0.191339001
vn 0.113875002 0.980961978 0.157308996
vn 0.324434996 0.929767013 0.173998997
vn 0.360707015 0.880026996 0.308939993
vn 0.374621987 0.917026997 0.136818007
vn 0.303914011 0.951354027 0.0506088994
vn 0.0268335007 -0.124172002 0.991898
vn 0.0358981006 0.0397806987 0.998562992
vn 0.312274992 0.791441977 0.525456011
vn 0.0954819992 -0.00776943984 0.995401025
vn 0.154691994 0.189101994 0.969695985
vn 0.134893 0.35492301 0.925113022
vn 0.153742 0.517992973 0.841454983
vn 0.206867993 0.323801994 0.923232019
vn 0.267847002 0.470714986 0.840646029
vn 0.194593996 0.632044971 0.750101984
vn 0.198826 0.770274997 0.60592401
vn 0.216229007 0.906268001 0.363211989
vn 0.0524411015 0.380396008 0.923336029
vn 0.00622627977 0.330940992 0.943630993
vn 0.0331084989 -0.158334002 0.986829996
vn 0.0926480964 0.0203872994 0.995490015
vn 0.0994803011 0.176514 0.979258001
vn 0.127608001 0.369430989 0.920454979
vn 0.0703897998 0.535202026 0.841786027
vn -0.0159983002 0.468035012 0.883565009
vn 0.0493585989 0.634516001 0.771332979
vn 0.0287998002 0.673784971 0.738366008
vn 0.0677850023 0.734601021 0.675104976
vn 0.00654244004 0.822378993 0.568903029
vn 0.177358001 0.653593004 0.735772014
vn 0.162793994 0.503786981 0.848349988
vn 0.094273597 0.878611028 0.468140006
vn 0.265731007 0.481462985 0.835213006
vn 0.31448099 0.602383971 0.733645022
vn 0.216882005 0.751749992 0.622763991
vn 0.173840001 0.890504003 0.420455009
vn 0.0505370013 0.96101898 0.271822989
vn 0.377685994 0.923493028 0.0671887025
vn 0.364003003 0.928910017 0.0680238008
vn 0.364464998 0.928849995 0.0663584992
vn 0.242478997 0.968240023 0.0609592982
vn 0.0865959972 0.994719982 0.0550771989
vn 0.0837398022 0.994991004 0.0545867011
vn 0.0847358033 0.994899988 0.0547174998
vn 0.229577005 0.971323013 0.0618600994
vn 0.228052005 0.971710026 0.0614195988
vn -0.216877997 -0.0604672991 0.974323988
vn 0.0733522028 -0.982809007 0.169430003
vn 0.0454158001 0.337009996 0.940405011
vn 0.241138995 -0.960861981 0.136368006
vn 0.0474797003 0.544321001 0.837531984
vn 0.0615812987 0.549673021 0.833106995
vn 0.0256495997 0.735737026 0.676782012
vn -0.107213996 -0.975322008 0.193009004
vn 0.0152628003 0.749352992 0.661994994
vn -0.0250688996 0.728496015 0.684590995
vn -0.00995638035 0.756587029 0.653816998
vn -0.299335003 -0.952603996 0.0542574003
vn -0.292329013 -0.893136978 0.341832995
vn -0.0216710009 0.634473979 0.772641003
vn 0.435676992 -0.831073999 0.345690995
vn 0.360958993 -0.808134019 0.465431988
vn 0.308090001 -0.878139973 0.36599201
vn 0.0606423989 -0.888970017 0.453933001
vn 0.0822715983 -0.906919003 0.413194001
vn -0.161148995 -0.844484985 0.510760009
vn -0.0896229967 0.416321993 0.904788971
vn -0.0408755988 0.611799002 0.789956987
vn 0.0513142012 0.531392992 0.845570028
vn 0.0575214997 0.553137004 0.831102014
vn 0.105362996 0.341518015 0.93395102
vn 0.0519957989 0.332376987 0.941712022
vn -0.490224987 -0.850161016 0.192108005
vn -0.367130995 -0.755225003 0.543000996
vn -0.199750006 -0.864534974 0.461172014
vn 0.272803009 -0.848110974 0.454187989
vn -0.449741989 -0.793838978 0.409330994
vn -0.481988996 -0.626936972 0.612075984
vn -0.386976004 -0.762355983 0.518712997
vn -0.268388987 -0.687054992 0.675220013
vn 0.0630730987 -0.668871999 0.740697026
vn 0.135260999 -0.740049005 0.658810019
vn 0.293668985 -0.652638018 0.698442996
vn 0.349186987 -0.705380023 0.616852999
vn 0.424304008 -0.648176014 0.632324994
vn -0.406210005 -0.564463973 0.718591988
vn -0.233024999 -0.591948986 0.771553993
vn 0.415078998 -0.640326977 0.646290004
vn -0.253565997 -0.413823009 0.874330997
vn 0.118375003 -0.425496995 0.897184014
vn 0.137784004 -0.455587 0.879463971
vn 0.300271988 -0.435081989 0.848846018
vn 0.343479007 -0.483420998 0.805186987
vn 0.397904009 -0.475802988 0.784399986
vn -0.364553988 -0.476541996 0.800005019
vn -0.339924991 -0.327100992 0.881734014
vn -0.214560002 -0.325145006 0.921001971
vn -0.330529988 -0.310764998 0.891165018
vn -0.212137997 -0.0441179983 0.976243019
vn -0.0894564018 -0.213482007 0.972842991
vn 0.0929780006 -0.0670982003 0.993404984
vn 0.201076001 -0.171253994 0.964489996
vn 0.237378001 -0.145814002 0.960411012
vn 0.328101993 -0.215762004 0.919672012
vn 0.323309004 -0.322706997 0.889567971
vn -0.253926992 -0.0828320011 0.963670015
vn 0.280196011 -0.130606994 0.951016009
vn -0.254599988 -0.084149003 0.963378012
vn -0.182542995 0.177722007 0.967001975
vn -0.165355995 0.11913 0.979013026
vn -0.0505702011 0.272174001 0.960918009
vn 0.151605994 0.265285999 0.952175975
vn 0.158557996 0.0111602005 0.987286985
vn 0.203124002 0.104585998 0.973550975
vn 0.253607005 -0.120990001 0.959711015
vn 0.246754006 -0.142559007 0.958535016
vn 0.130044997 0.30547899 0.943277001
vn 0.202932999 0.104799002 0.973568976
vn 0.176688999 0.0937819034 0.979789019
vn -0.114435002 0.193498999 0.974403977
vn -0.154005006 0.210261002 0.965439022
vn -0.111943997 0.445390999 0.888310015
vn -0.0152479 0.57774502 0.816075027
vn 0.137759 0.310633987 0.940494001
vn 0.181071997 0.0901257023 0.97933197
vn -0.0520585999 0.240055993 0.96936202
vn -0.376850009 0.923699021 0.0690181032
vn -0.349667996 0.934525013 0.0662934035
vn -0.351056993 0.933987975 0.0665289015
vn -0.310768992 0.94730401 0.0777015984
vn -0.319460005 0.936444998 0.144966006
vn -0.412943989 0.890404999 0.191457003
vn -0.0567830987 -0.0757134035 0.995512009
vn -0.125411004 0.977921009 0.167157993
vn -0.00139724999 0.79460001 0.607132018
vn -0.0226182006 0.886057973 0.463023007
vn -0.0899605975 0.869406998 0.485837996
vn -0.218513995 0.899904013 0.377391994
vn -0.0841744989 0.951602995 0.295578986
vn -0.00651733018 0.679868996 0.733304977
vn -0.0778307989 0.184336007 0.979776978
vn -0.119462997 0.355643004 0.926954985
vn -0.158979997 0.508347988 0.846350014
vn -0.171419993 0.644721985 0.744948983
vn -0.26039201 0.913905978 0.31140399
vn -0.275528997 0.826650023 0.490646005
vn -0.198700994 0.877588987 0.436298013
vn -0.203068003 0.771718979 0.602671981
vn -0.0385305993 0.550512016 0.833938003
vn -0.02936 -0.157368004 0.987103999
vn -0.0344417989 -0.153556004 0.987540007
vn -0.085057199 0.0243497994 0.996078014
vn -0.0167756006 -0.127919003 0.991643012
vn -0.0884331018 0.197357997 0.976334989
vn -0.0386377014 0.0202047005 0.999049008
vn -0.155533999 0.505535007 0.848671973
vn -0.137226999 0.373750001 0.91732198
vn -0.00692901993 0.365527004 0.930774987
vn -0.181953996 0.653594017 0.734647989
vn -0.188754007 0.763104022 0.618098021
vn -0.305997014 0.889033973 0.340566009
vn -0.404395998 0.902194977 0.150027007
vn -0.364367008 0.928915977 0.0659686998
vn -0.355785996 0.932199001 0.0664936006
vn -0.364383996 0.928932011 0.0656488985
vn -0.227009997 0.971890986 0.0624082014
vn -0.084705703 0.994894028 0.0548703
vn -0.0580486991 0.996701002 0.0567207001
vn -0.203702003 0.977250993 0.0590409003
vn -0.0847178996 0.994893014 0.0548738018
vn -0.227078006 0.971956015 0.0611409992
vn -0.233250007 0.970378995 0.0629232004
vn -0.140911996 -0.32712099 0.934417009
vn -0.171083003 -0.365965009 0.914767981
vn -0.253690988 -0.42296201 0.869910002
vn -0.191209003 -0.319213986 0.928192019
vn -0.351877987 -0.548400998 0.758575976
vn -0.180158004 -0.287557006 0.940666974
vn -0.428653002 -0.58128202 0.691640973
vn -0.0679401979 -0.151969999 0.986047029
vn 0.00369158993 -0.136996999 0.990565002
vn -0.257755011 -0.250928998 0.933058023
vn -0.428797007 -0.454771012 0.780587018
vn -0.249908 -0.243640006 0.937115014
vn -0.423319995 -0.442451 0.790593028
vn -0.590968013 -0.599070013 0.54025197
vn -0.100087002 -0.123552002 0.987277985
vn -0.480717003 -0.347548008 0.805060029
vn -0.620757997 -0.568426013 0.53995502
vn -0.0393812992 -0.0631193966 0.99722898
vn -0.26761499 -0.148583993 0.952000976
vn -0.237246007 -0.155506998 0.958922029
vn -0.479052991 -0.344999999 0.807145
vn -0.616061985 -0.552834988 0.561107993
vn -0.630816996 -0.727357984 0.270220995
vn -0.521935999 -0.236355007 0.819585025
vn -0.694534004 -0.425018996 0.58050102
vn -0.743933976 -0.596100986 0.302035987
vn -0.744210005 -0.599941015 0.293635994
vn -0.695935011 -0.428054988 0.576578975
vn -0.521263003 -0.235565007 0.820240021
vn -0.235237002 -0.0445530005 0.970915973
vn -0.128695995 -0.0847185031 0.988058984
vn -0.162287995 -0.00416115997 0.986734986
vn -0.83693397 -0.456510991 0.301892996
vn -0.754041016 -0.291422993 0.588639021
vn -0.530632973 -0.107901998 0.840705991
vn -0.897432983 -0.309527993 0.314334005
vn -0.789636016 -0.134908006 0.598560989
vn -0.531910002 0.0512926988 0.845246017
vn -0.412674993 -0.00715195015 0.910849988
vn -0.897013009 -0.308286011 0.316745013
vn -0.756128013 -0.0962326005 0.647310019
vn -0.381309003 0.144345 0.913109004
vn -0.247860998 0.0793470964 0.965541005
vn -0.934381008 -0.142536998 0.326519996
vn -0.774511993 -0.0493740998 0.630629003
vn -0.627413988 0.154572994 0.763189971
vn -0.606077015 0.121523 0.786068022
vn -0.246957004 0.191073 0.950002015
vn -0.837199986 -0.458519995 0.298085004
vn -0.752390027 -0.288720995 0.59207201
vn -0.546805024 -0.124104999 0.828010976
vn -0.116585001 0.0305432007 0.992711008
vn -0.126295999 0.0455957018 0.990944028
vn -0.0799911991 0.0927304029 0.992473006
vn -0.0153023005 0.0793259963 0.996730983
vn -0.0879895985 0.166185006 0.982160985
vn -0.0880708992 0.166093007 0.982168972
vn -0.073516503 0.125559002 0.989359021
vn -0.923838019 0.0956956968 0.370627999
vn -0.798470974 0.0604408011 0.598990977
vn -0.775017977 0.215403005 0.594094992
vn -0.534340024 0.277693003 0.798353016
vn -0.212761998 0.279022008 0.936417997
vn -0.775083005 0.215359002 0.594025016
vn -0.405786008 0.331436008 0.851755977
vn -0.41683501 0.360347986 0.834504008
vn -0.984977007 0.126393005 0.117664002
vn -0.915010989 0.102935001 0.390076011
vn -0.937303007 0.229706004 0.262104988
vn -0.703248978 0.42208901 0.572085023
vn -0.52770102 0.338638991 0.779008985
vn -0.531480014 0.353037 0.769995987
vn -0.183184996 0.286992013 0.940254986
vn -0.364398003 0.477723002 0.799372017
vn -0.16065 0.407703012 0.898872018
vn -0.567183971 0.759221971 0.319193006
vn -0.607473016 0.745095015 0.275337011
vn -0.696999013 0.647674024 0.307752013
vn -0.712451994 0.640376985 0.286931008
vn -0.46934399 0.703288019 0.533949971
vn -0.439830989 0.618734002 0.650934994
vn -0.841960013 0.535335004 0.0672324002
vn -0.807775021 0.502305984 0.308528006
vn -0.582866013 0.589576006 0.559166014
vn -0.641198993 0.577656984 0.50515002
vn -0.318098992 0.565612972 0.760851026
vn -0.289086998 0.509024024 0.810755014
vn -0.830603004 0.37410599 0.41248399
vn -0.838301003 0.387039989 0.383994997
vn -0.649188995 0.550347984 0.525043011
vn -0.401508003 0.48012501 0.779917002
vn -0.988433003 -0.133840993 0.0713286027
vn -0.90863198 -0.102845997 0.404734999
vn -0.526866972 0.171799004 0.832404017
vn -0.252651989 0.190819994 0.948553979
vn -0.0864019021 0.166383997 0.982267976
vn -0.111723997 0.215452999 0.970102012
vn -0.0998051018 0.272987992 0.956825972
vn -0.0400852002 0.227218002 0.973019004
vn -0.0897734016 0.358989 0.929014027
vn -0.424064994 -0.591157019 0.686078012
vn -0.0032043301 0.165803999 0.986153007
vn -0.309053987 -0.346670002 0.885609984
vn -0.338081986 -0.363283992 0.868173003
vn -0.526066005 -0.747653008 0.405301005
vn -0.555918992 -0.741832972 0.375016987
vn -0.395929009 -0.465907991 0.791308999
vn -0.165497005 -0.116207004 0.979340017
vn -0.146105006 -0.107776999 0.983380973
vn -0.119632997 -0.108998001 0.986817002
vn 0.486552 0.809415996 0.328806013
vn 0.135701999 0.183907002 0.973531008
vn 0.112613 0.225723997 0.967661023
vn 0.0946085975 0.238443002 0.966536999
vn 0.0673910975 0.236196995 0.969366014
vn 0.0842555016 0.276367992 0.957351983
vn 0.0359045006 0.269463986 0.962341011
vn 0.0357046984 0.0157826003 0.999238014
vn 0.108370997 0.0679071993 0.991788983
vn 0.0939844996 0.0914864019 0.991361022
vn 0.0577357002 0.105517998 0.992739975
vn 0.0630922019 0.105747998 0.992389023
vn 0.0921043009 0.152772993 0.983959973
vn 0.0917256027 0.152928993 0.983971
vn 0.0520976 0.165685996 0.984802008
vn 0.994897008 -0.0248642992 0.0977836028
vn 0.132571995 0.0241663996 0.990878999
vn 0.151877999 -0.0410442986 0.98754698
vn 0.132348001 -0.0989610031 0.986250997
vn 0.0161355007 -0.0757545009 0.996995986
vn 0.0802099034 -0.129941002 0.988272011
vn 0.927830994 -0.364654005 0.0784702003
vn 0.200679004 -0.323549986 0.924685001
vn 0.204373002 -0.32436201 0.923591018
vn 0.209951997 -0.246775001 0.946056008
vn 0.235340998 -0.244192004 0.940735996
vn 0.260978013 -0.178601995 0.94867897
vn 0.252460986 -0.178765997 0.950950027
vn 0.229209006 -0.0633869022 0.971310973
vn 0.224410996 -0.0247901008 0.974179029
vn 0.280043006 0.0684959963 0.957540989
vn 0.247644007 0.0802624971 0.965520978
vn 0.270354986 0.17317 0.947058976
vn 0.269789994 0.172767997 0.947292984
vn 0.218059003 0.262080014 0.94008702
vn 0.276861012 0.349456996 0.895112991
vn 0.153284997 0.369942009 0.916321993
vn 0.695097029 -0.665224016 0.272610009
vn 0.804482996 -0.502843976 0.316157013
vn 0.814234018 -0.496423006 0.300976992
vn 0.886928022 -0.334477991 0.318563014
vn 0.90053302 -0.213556007 0.378726006
vn 0.961878002 0.00119827001 0.273474991
vn 0.913636029 0.135204002 0.38339299
vn 0.905737996 0.32505399 0.271991014
vn 0.898545027 0.309215009 0.311455011
vn 0.824015975 0.473596007 0.310972989
vn 0.824505985 0.476592988 0.305038989
vn 0.736615002 0.612433016 0.286922008
vn 0.736370981 0.606778026 0.299295992
vn 0.629877985 0.725987971 0.276033014
vn 0.632749021 0.709518015 0.310180992
vn 0.513486028 0.803076029 0.302325994
vn 0.614391983 -0.685154021 0.391261995
vn 0.733902991 -0.403760999 0.546226025
vn 0.89664799 -0.208109006 0.390785009
vn 0.877797008 -0.0582573004 0.475477993
vn 0.904599011 0.143739998 0.40129599
vn 0.510061979 -0.702993989 0.495617002
vn 0.643086016 -0.570599973 0.510740995
vn 0.594383001 -0.581212997 0.555787027
vn 0.674915016 -0.461944014 0.575410008
vn 0.728836 -0.44135499 0.523452997
vn 0.76622802 -0.262472987 0.58651799
vn 0.801564991 -0.0120468 0.597787023
vn 0.798574984 0.071663402 0.59761399
vn 0.755809009 0.292048007 0.586054981
vn 0.752919018 0.288533002 0.591491997
vn 0.686888993 0.445250005 0.574401021
vn 0.685200989 0.441397011 0.579369009
vn 0.60898602 0.561438978 0.560288012
vn 0.607945025 0.557914019 0.564920008
vn 0.496883988 0.679425001 0.539896011
vn 0.568624973 -0.201937005 0.797424972
vn 0.685894012 -0.059351299 0.72527802
vn 0.681869984 0.112216003 0.722814977
vn 0.463580012 0.593919992 0.657535017
vn 0.362239003 0.678351998 0.63923502
vn 0.364903003 0.63588202 0.680073023
vn 0.377032995 -0.552267015 0.743537009
vn 0.349056989 -0.538874984 0.766664028
vn 0.413709998 -0.472133011 0.778418005
vn 0.404368013 -0.471675992 0.783586025
vn 0.467521995 -0.377205014 0.79946202
vn 0.468376011 -0.377104998 0.799009025
vn 0.586263001 -0.237678006 0.774470985
vn 0.448942006 -0.215088993 0.867287993
vn 0.54233402 -0.155094996 0.825724006
vn 0.517666996 0.0100146001 0.855524004
vn 0.479898006 0.0218205992 0.877053022
vn 0.568642974 0.136342004 0.811205983
vn 0.505904019 0.231898993 0.830833972
vn 0.519387007 0.247736007 0.817840993
vn 0.472308993 0.358929992 0.805042982
vn 0.455476999 0.332143992 0.825966001
vn 0.401859999 0.442295998 0.801800013
vn 0.410210997 0.464578003 0.784789026
vn 0.336447001 0.546398997 0.766975999
vn 0.252878994 -0.421925008 0.870649993
vn 0.469321996 -0.251213014 0.846539021
vn 0.501995027 0.000935398974 0.864870012
vn 0.217630997 0.358539999 0.907791972
vn 0.232495993 0.541404009 0.807977974
vn 0.155368 -0.378538013 0.912452996
vn 0.0820975974 -0.156249002 0.984300017
vn 0.0521255992 -0.174392998 0.983295977
vn 0.00169952004 -0.163934007 0.986469984
vn 0.488846004 -0.771524012 0.407162011
vn 0.0604138002 -0.0709023029 0.99565202
vn 0.526256025 -0.777427971 0.344471008
vn 0.456984013 -0.531687021 0.713074028
vn 0.308133006 -0.307132989 0.900402009
vn 0.274334013 -0.314617008 0.908712029
vn 0.0489877015 0.0149715003 0.998687029
vn 0.236116007 -0.0485389009 0.970511973
vn 0.10328 -0.0910068005 0.990480006
vn -0.0619523004 0.0729362965 0.995410979
vn 0.000320722 0.100368001 0.994949996
vn -0.562605977 0.236840993 -0.792074025
vn -0.0492919981 -0.0884305015 0.99486202
vn 0.000505251985 -0.377644986 0.925949991
vn -0.0131687 -0.371969998 0.928151011
vn -0.00106971001 -0.309996009 0.950737
vn -0.0443770997 -0.269524992 0.961969972
vn -0.0653387979 0.0746212006 0.995069027
vn -0.120070003 0.0124570997 0.992686987
vn -0.0367918015 -0.0401773006 0.99851501
vn -0.0756988972 -0.131513998 0.98842001
vn -0.00496836007 -0.221359 0.97517997
vn 0.0127720004 -0.392926991 0.919480979
vn 0.0663760975 -0.124917001 0.989944994
vn 0.000353403011 -0.293105006 0.956080019
vn 0.100364998 -0.170045003 0.98031199
vn 0.0542749986 -0.0152778002 0.998408973
vn -0.0445089005 0.0417736992 0.998134971
vn 0.108893998 0.100409001 0.988969028
vn 0.394033998 0.861063004 0.321415007
vn 0.213676006 0.940581024 0.263911992
vn 0.103464998 0.980175018 0.168974996
vn -0.0490828007 0.924440026 0.378154993
vn -0.218821004 0.940540016 0.259811014
vn -0.203856006 0.934068978 0.293186992
vn -0.376123011 0.877668977 0.297031999
vn -0.421943009 0.873659015 0.242247999
vn 0.397002995 0.861694992 0.316022992
vn 0.274352014 0.863843024 0.422500014
vn 0.0232982002 0.903877974 0.427154988
vn 0.221484005 0.77066201 0.597514987
vn 0.0646514967 0.801558971 0.594410002
vn -0.193737999 0.78974098 0.582044005
vn -0.222784996 0.814009011 0.536430001
vn -0.258677989 0.792437017 0.552385986
vn -0.438740999 0.792748988 0.423150003
vn 0.371746004 0.734412014 0.567842007
vn 0.244994 0.674521983 0.696417987
vn 0.0276723001 0.702116013 0.711525023
vn 0.313098013 0.687551975 0.655165017
vn 0.186315998 0.557898998 0.808724999
vn 0.060150601 0.563776016 0.823734999
vn -0.166831002 0.556392014 0.81400001
vn -0.187987 0.583872974 0.789780974
vn -0.303719997 0.607236981 0.734178007
vn -0.292975992 0.657907009 0.693774998
vn -0.37815401 0.684292972 0.623492002
vn 0.285607994 0.552047014 0.783371985
vn 0.201096997 0.382041007 0.90200001
vn 0.0252925009 0.449921995 0.89270997
vn 0.0799864009 0.112882003 0.990383983
vn -0.0430592 0.307594001 0.950542986
vn -0.107745998 0.26760301 0.957485974
vn -0.169031993 0.326716006 0.929884017
vn -0.149229005 0.332033008 0.931388974
vn -0.290136009 0.442799985 0.848380029
vn -0.221869007 0.463667989 0.85777998
vn -0.226528004 0.504364014 0.833248019
vn 0.199019998 0.410531998 0.889862001
vn 0.178029999 0.254765987 0.950473011
vn 0.157618001 0.324041992 0.932820022
vn -0.160384998 0.271144003 0.949082017
vn -0.185862005 0.278039008 0.942417026
vn -0.154540002 0.335411012 0.929310024
vn 0.112829998 0.0326543003 0.993077993
vn 0.0904861987 0.121018 0.988518
vn 0.0220066998 -0.138506994 0.990117013
vn -0.0813558996 0.0467859991 0.995585978
vn -0.0805194005 0.0543636009 0.995269001
vn -0.107817002 0.0538120009 0.992712975
vn -0.165804997 0.344128996 0.924166977
vn 0.0101007996 0.160024002 0.987061024
vn 0.115543 0.403919011 0.907468975
vn 0.00435910001 0.99148798 0.130125999
vn -0.00311660999 0.991424978 0.130639002
vn -4.71506974e-05 0.502604008 0.864516973
vn -0.0119949002 0.627615988 0.778430998
vn -0.00464056991 0.675125003 0.737689018
vn -0.00689748023 0.757139981 0.653216004
vn 0.00330431992 0.816621006 0.577165008
vn -0.0224392992 0.886251986 0.462660015
vn 0.00499854004 0.821924984 0.569572985
vn -0.0135299005 0.831821978 0.554876983
vn 0.00473118993 0.822795987 0.568318009
vn 0.00372251007 0.74249202 0.669844985
vn -0.000933632022 0.720429003 0.693527997
vn 0.00351223 0.678875029 0.734245002
vn -0.0112175997 0.587404013 0.809216022
vn -0.00311651989 0.991424978 0.130639002
vn -0.00108932005 0.958908975 0.283712
vn -0.00217883009 0.990424991 0.138037995
vn -0.00435983995 0.952329993 0.305038005
vn -0.00051009102 0.842338979 0.538946986
vn -0.000643921026 0.902926981 0.429794014
vn -0.00567846 0.884770989 0.465992004
vn 0.00436120993 0.991487026 0.130131006
vn 0.00444780989 0.991419971 0.130638003
vn 0.00444062008 0.958899975 0.283710003
vn 0.00444639986 0.958909988 0.283677012
vn 0.00428301003 0.902917981 0.429791003
vn 0.00396235986 0.902145982 0.431414008
vn 0.515416026 -0.735912025 0.43906799
vn 0.0285861995 -0.991837025 0.124268003
vn -0.251870006 -0.698809028 0.669498026
vn -0.229792997 -0.68590498 0.690456986
vn -0.387055993 -0.216279998 0.896332026
vn 0.750778019 -0.0324798003 0.659754992
vn 0.72261101 -0.238223001 0.648908973
vn 0.73743403 -0.207625002 0.642714977
vn 0.752826989 -0.0382886007 0.657104015
vn 0.706116021 -0.33098501 0.625979006
vn 0.417102009 0.00743674999 0.908828974
vn 0.452933013 -0.0870037004 0.887288988
vn -0.330062985 -0.323850006 0.886667013
vn 0.621306002 -0.0158198997 0.783407986
vn 0.558897972 -0.116680004 0.820986986
vn 0.570948005 -0.211336002 0.79332
vn 0.510334015 -0.300707996 0.805688977
vn 0.240922004 -0.47300899 0.847477973
vn 0.214955002 -0.419479012 0.881947994
vn -0.192941993 -0.569256008 0.799199998
vn -0.250335008 -0.514827013 0.819930017
vn -0.209616005 -0.337610006 0.917649984
vn -0.200446993 -0.362700999 0.910093009
vn -0.151871994 -0.268720001 0.951170027
vn 0.578258991 -0.400905013 0.710556984
vn 0.550247014 -0.474420995 0.687134027
vn 0.273521006 -0.76849699 0.578445017
vn 0.238086998 -0.668959975 0.704136014
vn 0.235890999 -0.667897999 0.705881
vn 0.198822007 -0.562933028 0.802232027
vn 0.108792998 -0.36433199 0.924893022
vn 0.0900811031 -0.297850013 0.950353026
vn 0.549658 -0.656994998 0.515977979
vn 0.352171004 -0.230910003 0.907003999
vn 0.469989002 -0.311194003 0.825995982
vn 0.446527004 -0.550535023 0.705353975
vn 0.491831005 -0.652101994 0.576945007
vn -0.143611997 -0.802698016 0.578836977
vn -0.0675164983 -0.538250983 0.840076029
vn -0.0623916984 -0.48070699 0.874659002
vn -0.0328854993 -0.202507004 0.978727996
vn -0.0343006998 -0.135620996 0.990167022
vn 0.410593987 -0.827215016 0.383572012
vn 0.271115988 -0.178403005 0.945869029
vn 0.354223013 -0.230675995 0.906264007
vn 0.382203996 -0.471935987 0.794479012
vn 0.445802003 -0.550454974 0.705874979
vn 0.271874994 -0.767762005 0.58019501
vn 0.292237014 -0.828116 0.478354007
vn 0.183383003 -0.899757981 0.395987004
vn 0.188403994 -0.937904 0.291272014
vn 0.182216004 -0.941558003 0.283311993
vn 0.0184045993 -0.961827993 0.273034006
vn 0.0326544009 -0.964006007 0.263866007
vn -0.000979908044 -0.88625598 0.463196009
vn 0.0413388014 -0.905736029 0.421820998
vn 0.0112512 -0.816600978 0.577094018
vn 0.00301341992 -0.811348021 0.58455497
vn 0.0118616 -0.708976984 0.705132008
vn -0.000359958998 -0.697152972 0.716922998
vn 0.000247632008 -0.602591991 0.798048973
vn -0.317407012 -0.632341981 0.70668
vn -0.300345987 -0.727083027 0.617367029
vn -0.406087995 -0.432633013 0.804934978
vn -0.364185989 -0.503296018 0.783621013
vn -0.360736996 -0.580873013 0.729695976
vn -0.435021013 -0.211641997 0.875194013
vn -0.440129012 -0.276320994 0.854360998
vn -0.441087008 -0.211980999 0.872070014
vn -0.437308013 -0.223931 0.870985985
vn -0.402693003 -0.361829013 0.840784013
vn -0.412059993 -0.362367988 0.836000025
vn -0.411635995 -0.37163499 0.832131982
vn -0.374348015 -0.503893971 0.778430998
vn -0.373800009 -0.508764029 0.77552098
vn -0.328543991 -0.632999003 0.700977981
vn -0.273050994 -0.744768023 0.608904004
vn -0.285263002 -0.69689101 0.658002973
vn -0.144541994 -0.91486299 0.377005011
vn -0.144941002 -0.914323986 0.378158987
vn -0.211327001 -0.840623021 0.498692006
vn -0.209656 -0.843864977 0.493900001
vn -0.0736662969 -0.96666503 0.245220006
vn -0.0740931034 -0.966297984 0.246531993
vn -0.00134174002 -0.994135022 0.108135
vn -0.00153030001 -0.994069993 0.108733997
vn -0.411549985 -0.573570013 0.708269
vn -0.402289003 -0.553120971 0.729534984
vn -0.485024989 -0.258771002 0.835336983
vn -0.472005993 -0.236393005 0.849310994
vn -0.455184996 -0.422645986 0.783694983
vn -0.444362015 -0.401591003 0.800791979
vn -0.484831989 -0.0639910996 0.872263014
vn -0.498115003 -0.0871824026 0.862716973
vn -0.499172002 0.058166001 0.864548028
vn -0.484854013 0.0871730968 0.870239973
vn -0.494704992 0.216437995 0.841678023
vn -0.469978005 0.258742005 0.843903005
vn -0.468015999 0.387596011 0.794185996
vn -0.440948009 0.422605008 0.791814983
vn -0.410371989 0.573571026 0.708950996
vn -0.409927011 0.572570026 0.710017025
vn -0.353560001 0.707093 0.612384975
vn -0.353531003 0.707114995 0.612375021
vn -0.28678 0.819154978 0.496731997
vn -0.28678 0.819153011 0.49673599
vn -0.219665006 0.898320019 0.380484998
vn -0.201906994 0.90625602 0.371394992
vn -0.119933002 0.965862989 0.229617998
vn -0.120872997 0.977463007 0.173075005
vn -0.0284841992 0.99604398 0.0841751993
vn 0.000901275023 0.999432981 -0.0336531997
vn 0.0541462004 0.996120989 -0.0693674982
vn 0.123719998 0.968116999 -0.217813
vn 0.132082 0.965919018 -0.222608998
vn 0.200821996 0.915757 -0.347936988
vn 0.221701995 0.90624398 -0.359959006
vn 0.286516994 0.819154978 -0.496883988
vn 0.286594003 0.819415987 -0.496407986
vn 0.353543013 0.707114995 -0.612369001
vn 0.35354501 0.707122982 -0.612358987
vn 0.409577012 0.573571026 -0.709410012
vn 0.408865988 0.571395993 -0.711573005
vn 0.480946004 0.258771002 -0.837692022
vn 0.49939099 0.236590996 -0.833446026
vn 0.451108009 0.422646999 -0.786047995
vn 0.471307993 0.40159899 -0.785230994
vn 0.511233985 -0.0871713012 -0.855009019
vn 0.49950099 -0.0436633006 -0.865212023
vn 0.498073995 0.0871824026 -0.86273998
vn 0.513001025 0.0639617965 -0.856001973
vn 0.496028006 -0.258742005 -0.828859985
vn 0.490312994 -0.144924998 -0.859412014
vn 0.286781013 -0.819154978 -0.496731997
vn 0.35353899 -0.707122982 -0.612362981
vn 0.35354799 -0.707114995 -0.612366021
vn 0.409581006 -0.573558986 -0.709417999
vn 0.409568012 -0.573571026 -0.709415019
vn 0.446785003 -0.448881 -0.773878992
vn 0.465900004 -0.422601014 -0.777396023
vn 0.470292002 -0.300705999 -0.829699993
vn 0.221748993 -0.906243026 -0.359932005
vn 0.221609995 -0.896422029 -0.383819014
vn 0.286810994 -0.819136977 -0.496744007
vn 0.131313995 -0.965920985 -0.223052993
vn 0.0541374013 -0.996120989 -0.0693733022
vn 0.124687001 -0.967553973 -0.219757006
vn -0.0328023992 -0.996118009 0.0816902965
vn 0.0181184001 -0.998813987 -0.0451998003
vn -0.118542001 -0.965844989 0.230415002
vn -0.0707063004 -0.991419971 0.10994
vn -0.29074499 -0.819145977 0.494435996
vn -0.192318007 -0.906091988 0.376843989
vn -0.184689 -0.942701995 0.277855992
vn -0.35671401 -0.702858984 0.615423024
vn -0.351574987 -0.707113028 0.613502979
vn -0.290064007 -0.819518983 0.494219005
vn 0.0449584015 -0.993083 0.108461998
vn 0.0444286019 -0.90466702 0.423797011
vn 0.0337852985 -0.831364989 0.554699004
vn 0.0397798009 -0.815339983 0.577614009
vn 0.0300296005 -0.707314014 0.706260979
vn 0.0381596982 -0.724117994 0.688619018
vn 0.0305902008 -0.578731 0.814944983
vn 0.0238010008 -0.621007025 0.783443987
vn 0.0239950996 -0.625876009 0.779552996
vn 0.0180872008 -0.484255999 0.874738991
vn 0.0183138009 -0.484854996 0.874403
vn 0.0416998006 -0.393454999 0.918397009
vn -0.0216554999 -0.218278006 0.975646019
vn 0.00805392954 -0.112222999 0.993650019
vn 0.00265331008 -0.121206999 0.992623985
vn 0.00438005989 -0.112391002 0.993654013
vn 0.0107533 -0.282471001 0.959215999
vn 0.0124439001 -0.274131 0.961611986
vn 0.0183738992 -0.438547999 0.898519993
vn 0.0189647004 -0.434455991 0.900493979
vn 0.0247616991 -0.582230985 0.812646985
vn 0.0255574994 -0.578967988 0.814949989
vn 0.0307844002 -0.709559977 0.703971982
vn 0.0314452983 -0.707251012 0.706263006
vn 0.0359308012 -0.816990018 0.575532019
vn 0.0364639014 -0.815496027 0.577612996
vn 0.0400688984 -0.901511014 0.430896997
vn 0.0406263992 -0.900363028 0.433239996
vn 0.0433853008 -0.960690022 0.274212003
vn 0.0432022996 -0.961095989 0.272814006
vn 0.0451503992 -0.992926002 0.109816
vn -0.00247324002 -0.392084002 0.919925988
vn -0.00362260989 -0.528577983 0.848877013
vn 0.0153794996 -0.993843973 0.109719999
vn 0.0317680016 -0.983627021 0.177395001
vn 0.0148093002 -0.961600006 0.274055988
vn 0.0301840007 -0.943032026 0.331331015
vn 0.0137790004 -0.902387977 0.430703998
vn -0.00709996 -0.943454027 0.331427991
vn -0.0380508006 -0.917051971 0.396948993
vn -0.00190507004 -0.984125972 0.177459002
vn -0.0420469008 -0.964744985 0.259804994
vn -0.0313468985 -0.848478019 0.528302014
vn -0.0103823999 -0.878856003 0.47697401
vn 0.0278367009 -0.878529012 0.476877987
vn 0.0123183997 -0.817828 0.575330019
vn -0.0236547999 -0.769065022 0.638733029
vn -0.0110475002 -0.791969001 0.610460997
vn 0.0247644 -0.791725993 0.610373974
vn 0.0104794996 -0.710331023 0.703790009
vn -0.0186467003 -0.66319102 0.748218
vn -0.00974864978 -0.68503201 0.72844702
vn 0.0210499 -0.684852004 0.728377998
vn 0.00832645968 -0.582894981 0.812505007
vn -0.0134337004 -0.560688019 0.827917993
vn 0.0167814996 -0.560581982 0.82792902
vn 0.00594716985 -0.439078003 0.898428977
vn -0.00975127984 -0.422150999 0.906472981
vn 0.0120524997 -0.422075987 0.906480014
vn 0.00342157995 -0.282795995 0.959173977
vn -0.00621506991 -0.272841007 0.962038994
vn 0.00692966022 -0.272796005 0.962046981
vn 0.000753762026 -0.116668001 0.993170977
vn -0.00120645994 -0.110754997 0.993847013
vn -0.00317415991 -0.116681002 0.993164003
vn -0.00290262001 -0.259481996 0.965744019
vn 0.0426711999 -0.112368003 0.992749989
vn 0.698974013 -0.112102002 0.706305981
vn 0.0430665985 -0.913129985 0.405387998
vn 0.0594112016 -0.953880012 0.294250011
vn 0.0788315013 -0.875016987 0.477631003
vn 0.167319998 -0.835937023 0.522697985
vn 0.300085008 -0.877350986 0.374439001
vn 0.791025996 -0.0973960012 0.603980005
vn 0.808247983 -0.123233996 0.575802028
vn 0.889138997 -0.0817930028 0.450268
vn 0.102909997 -0.741168022 0.663384974
vn 0.185151994 -0.794261992 0.578675985
vn 0.40594399 -0.824211001 0.394823998
vn 0.102848999 -0.689235985 0.717199981
vn 0.313928992 -0.706116021 0.634703994
vn 0.427359998 -0.695730984 0.577340007
vn 0.489547998 -0.748049021 0.448069006
vn 0.507405996 -0.706803977 0.492917001
vn 0.185148001 -0.614713013 0.76671201
vn 0.288367003 -0.625593007 0.724897981
vn 0.641797006 -0.615893006 0.456916988
vn 0.692499995 -0.603263974 0.395621985
vn 0.948794007 -0.188232005 0.253688991
vn 0.904415011 -0.229894996 0.359418988
vn 0.623130977 -0.262046009 0.736912012
vn 0.459639013 -0.225499004 0.859000981
vn 0.493441999 -0.318040013 0.809545994
vn 0.375721008 -0.209135994 0.902827024
vn 0.223119006 -0.243809998 0.943808973
vn 0.227823004 -0.250555992 0.940913022
vn 0.0675406009 -0.204181001 0.976599991
vn 0.147229999 -0.949144006 0.278295994
vn 0.272269994 -0.907181978 0.320764005
vn 0.784536004 -0.504270017 0.360852003
vn 0.653559029 -0.530088007 0.540247977
vn 0.534793019 -0.491140008 0.68758899
vn 0.538048029 -0.504122019 0.675548971
vn 0.387230992 -0.474094003 0.79075098
vn 0.402006 -0.503134012 0.765015006
vn 0.153600007 -0.473257005 0.867429972
vn 0.201655999 -0.531467021 0.822726011
vn 0.837035 -0.342934996 0.42634201
vn 0.836826026 -0.376679987 0.397284001
vn 0.767904997 -0.358422995 0.530900002
vn 0.768423021 -0.360675007 0.528620005
vn 0.633993983 -0.34256801 0.693324983
vn 0.398436993 -0.37755999 0.835880995
vn 0.200298995 -0.352584004 0.914092004
vn 0.220863998 -0.390143991 0.893872023
vn -0.145405993 -0.891858995 0.428303003
vn 0.0954992995 -0.94759202 0.304876
vn 0.761541009 -0.609304011 0.220916003
vn 0.693054974 -0.674513996 0.254375011
vn 0.851028979 -0.488498002 0.192664996
vn 0.81418401 -0.538425982 0.217259005
vn 0.921581984 -0.354171991 0.158896998
vn 0.895385981 -0.405494004 0.184006006
vn 0.958187997 -0.246554002 0.145215005
vn 0.138338 -0.93600899 0.323650986
vn 0.245444 -0.92109102 0.302240014
vn 0.278472006 -0.907898009 0.313327998
vn 0.391079992 -0.873712003 0.289281011
vn 0.445152014 -0.844696999 0.297199011
vn 0.52730602 -0.803582013 0.276050001
vn 0.575331986 -0.768526971 0.279927999
vn 0.662106991 -0.705536008 0.252651989
vn 0.965855002 -0.225272998 0.127967
vn 0.99475199 -0.0709237978 0.0737499967
vn -0.0450419001 -0.944760025 0.324654013
vn -0.0806500018 -0.953381002 0.290791005
vn -0.0517951995 -0.934297979 0.352710009
vn 0.914310992 -0.355399013 0.194235995
vn 0.967390001 -0.214205995 0.135175005
vn 0.994376004 -0.0738214999 0.0759344026
vn 0.993709981 -0.0687713027 0.088383697
vn 0.96063298 -0.224099994 0.164203003
vn 0.962668002 -0.219306007 0.158664003
vn 0.906431973 -0.351871997 0.233594999
vn 0.919919014 -0.335346997 0.203205004
vn 0.828584015 -0.482060999 0.284720004
vn 0.848168015 -0.462633997 0.258031994
vn 0.729471982 -0.595678985 0.336208999
vn 0.757918 -0.576710999 0.304899991
vn 0.611670971 -0.694006026 0.379756004
vn 0.644273996 -0.680186987 0.349653006
vn 0.478201985 -0.772530973 0.417753994
vn 0.523589015 -0.762821019 0.379417986
vn 0.332329988 -0.832952023 0.442433
vn 0.38696301 -0.829990029 0.401715994
vn 0.177825004 -0.871832013 0.456384003
vn 0.241152003 -0.877605021 0.414312005
vn 0.0172189008 -0.888113976 0.459300011
vn 0.0863434002 -0.904322028 0.418026
vn -0.124047004 -0.885146976 0.448471993
vn -0.0972096995 -0.900560021 0.423725009
vn -0.228144005 -0.810630023 0.539286017
vn -0.270862997 -0.679652989 0.681693017
vn -0.296272993 -0.541137993 0.787014008
vn 0.75365901 0.120935999 0.646044016
vn 0.342586994 0.0151497005 0.939364016
vn -0.380548 -0.199607998 0.902962029
vn -0.25575 -0.118496999 0.959452987
vn -0.391458988 -0.290356994 0.873184979
vn -0.417297989 -0.275628 0.865962982
vn -0.233237997 -0.275687009 0.932521999
vn -0.314895004 -0.229227006 0.921029985
vn -0.0437580012 -0.132177994 0.990260005
vn -0.341457009 -0.360565007 0.867986023
vn -0.322757006 -0.452318996 0.831405997
vn -0.35402599 -0.433396012 0.828754008
vn -0.207914993 -0.409144998 0.888466001
vn -0.104583003 -0.234842002 0.966391027
vn 0.0964936018 -0.0271109007 0.994964004
vn -0.188607007 -0.390706003 0.900986016
vn -0.0334585011 -0.399675995 0.916046023
vn 0.143731996 -0.178008005 0.973474979
vn 0.240068004 -0.0504442006 0.96944499
vn -0.308524996 -0.556990981 0.771085978
vn -0.139280006 -0.544449985 0.827148974
vn 0.151991993 -0.159356996 0.975449979
vn -0.261954993 -0.61986202 0.739696026
vn -0.132370993 -0.533873022 0.835138977
vn 0.0590813011 -0.299061 0.952403009
vn 0.207792997 -0.345807999 0.915008008
vn 0.37045601 -0.106352001 0.922740996
vn 0.497247994 0.070402503 0.864746988
vn -0.262737006 -0.672563016 0.691829979
vn -0.0851145014 -0.677354991 0.73071599
vn 0.120581001 -0.491834015 0.862299025
vn 0.404112995 -0.0541834012 0.913102984
vn 0.530197978 -0.0587646998 0.84583497
vn 0.591494977 0.0578525998 0.804230988
vn -0.205163002 -0.728219986 0.653914988
vn -0.0841810033 -0.676509023 0.73160702
vn 0.132102996 -0.461694002 0.877147973
vn 0.332938999 -0.203977004 0.920621991
vn 0.459627002 -0.238374993 0.85552299
vn 0.658978999 0.135416999 0.739871025
vn -0.191686004 -0.777459979 0.599008977
vn 0.0692572966 -0.630010009 0.773491979
vn 0.189227998 -0.641743004 0.743209004
vn 0.394241005 -0.392643988 0.830905974
vn 0.611931026 0.0273516998 0.790437996
vn 0.695167005 0.0258547999 0.718383014
vn 0.984574974 -0.0115499003 0.174583003
vn 0.907535017 -0.180775002 0.379079014
vn 0.958543003 -0.161217004 0.234956995
vn 0.89170301 -0.267767996 0.364919007
vn 0.861057997 -0.337561995 0.380304009
vn 0.812304974 -0.384611011 0.438445002
vn 0.938920021 -0.0271662008 0.343062013
vn 0.899801016 -0.0721535981 0.43029201
vn 0.773754001 -0.449048996 0.446833014
vn 0.712511003 -0.491558999 0.500697017
vn 0.863722026 -0.162040994 0.477207005
vn 0.821981013 -0.198890999 0.533657014
vn 0.667764008 -0.549634993 0.501989007
vn 0.59482199 -0.58623898 0.550009012
vn 0.838075995 -0.0322709009 0.544597983
vn 0.790867984 -0.256460011 0.555657983
vn 0.731167018 -0.296541005 0.614376009
vn 0.545928001 -0.636758029 0.544519007
vn 0.461856991 -0.666393995 0.585327029
vn 0.803888977 -0.113903999 0.583772004
vn 0.748416007 -0.124673001 0.65140599
vn 0.681007981 -0.369468004 0.632236004
vn 0.621078014 -0.381897002 0.684409976
vn 0.411183 -0.70825702 0.573846996
vn 0.316924006 -0.729707003 0.605876982
vn 0.773449004 0.0218419991 0.633481979
vn 0.639937997 -0.237777993 0.73071301
vn 0.501910985 -0.474177986 0.723353028
vn 0.26640901 -0.762574971 0.589496017
vn 0.163794994 -0.774394989 0.611132979
vn 0.750431001 -0.0282476991 0.660345018
vn 0.633651972 -0.259909004 0.728650987
vn 0.466865003 -0.526750028 0.710331976
vn 0.362497002 -0.531207025 0.765778005
vn 0.115126997 -0.798371971 0.591055989
vn 0.00993623026 -0.799310029 0.600836992
vn -0.157657996 -0.823747993 0.54459399
vn -0.196917996 -0.793385983 0.575987995
vn -0.032664001 -0.813633978 0.580458999
vn 0.223075002 -0.603304982 0.765676975
vn 0.409972996 -0.345387012 0.844174027
vn 0.578158975 -0.0905139968 0.810887992
vn 0.655131996 -0.108889997 0.74762702
vn 0.737150013 0.0771069974 0.671315014
vn -0.125469998 -0.864244998 0.487172991
vn -0.329380989 0.943020999 0.0471126996
vn -0.16832 -0.943184018 0.286482006
vn -0.453148991 -0.889796972 0.0540184006
vn -0.425260991 -0.900341988 0.0923933983
vn -0.573140979 -0.815144002 0.083960399
vn -0.576180995 -0.81328398 0.0811472982
vn -0.708307028 -0.701031029 0.0828075036
vn -0.702346981 -0.70815599 0.0722808018
vn -0.818437994 -0.567304015 0.0912462026
vn -0.804929972 -0.591350973 0.0489078015
vn -0.901215017 -0.415425003 0.123423003
vn -0.888628006 -0.455247015 0.0555947982
vn -0.954174995 -0.25157699 0.162049994
vn -0.948161006 -0.311325997 0.0637651011
vn -0.960611999 -0.0246824995 0.276795
vn -0.942983985 0.197685003 0.267773002
vn -0.896009028 0.420475006 0.142719999
vn -0.939764977 0.336685002 0.0590311997
vn -0.76047802 0.648523986 0.0330131017
vn -0.813503027 0.572125018 0.104332998
vn -0.703312993 0.705673993 0.0858810991
vn -0.570686996 0.81724 0.0802164972
vn -0.635056973 0.772001982 0.0267335009
vn -0.420549989 0.903941989 0.0776290968
vn -0.483336985 0.874432027 0.0418844
vn -0.0421232991 0.998188019 0.0429591015
vn -0.086738199 0.992771029 0.0829629004
vn -0.258058012 0.965061009 0.0454160012
vn -0.207705006 0.971765995 0.111934997
vn 0.0791741982 0.99268198 0.0911836028
vn 0.0865710974 0.992597997 0.085172601
vn 0.257416993 0.963213027 0.0771804005
vn 0.235643998 0.969962001 0.060385
vn 0.42079699 0.90487498 0.0642720014
vn 0.392686993 0.918972015 0.0358772986
vn 0.571206987 0.818268001 0.0644925013
vn 0.567659974 0.821088016 0.0598082989
vn 0.703119993 0.705639005 0.0877271965
vn 0.678867996 0.73260802 0.049232699
vn 0.813989997 0.57268399 0.0972295031
vn 0.795274973 0.604157984 0.0503010005
vn 0.898208022 0.421640009 0.124261998
vn 0.88091898 0.471206009 0.0441366993
vn 0.981379986 0.173500001 0.0824052989
vn 0.952610016 0.258314997 0.160648003
vn 0.944652021 0.322192997 0.0618440993
vn 0.978475988 0.0889116973 0.186223999
vn 0.979209006 -0.0819654986 0.185556993
vn 0.953136981 -0.251139998 0.168696001
vn 0.982549012 -0.167790994 0.0802692994
vn 0.863950014 -0.502183974 0.0374400988
vn 0.900144994 -0.414799988 0.132964998
vn 0.817691982 -0.566572011 0.101857997
vn 0.667553008 -0.742815971 0.0509693995
vn 0.707794011 -0.700312972 0.0926795974
vn 0.78687799 -0.614566028 0.0559698008
vn 0.521426976 -0.852765977 0.0300798994
vn 0.576292992 -0.813165009 0.0815436989
vn 0.378416002 -0.924198985 0.0515501983
vn 0.423516005 -0.901390016 0.0901682004
vn 0.160905004 -0.935736001 0.313858986
vn 0.0454456992 -0.993201017 -0.107176997
vn 0.00153175998 0.372523993 -0.928021014
vn 0.00695264991 0.323540986 -0.946188986
vn 0.0147072002 0.165943995 -0.986025989
vn 0.00533484016 0.266555011 -0.96380502
vn 0.0212268997 -0.0652303994 -0.997644007
vn 0.0232203007 0.0286247004 -0.999320984
vn 0.0219294 0.00382945989 -0.999751985
vn 0.0130142001 0.121919997 -0.992455006
vn 0.0297256 -0.158078998 -0.986979008
vn 0.0275921002 -0.214166 -0.976406991
vn 0.0360216983 -0.316103011 -0.948041022
vn 0.0337389 -0.359373003 -0.932583988
vn 0.0412161015 -0.46557501 -0.884047985
vn 0.0460639 -0.60276401 -0.796589017
vn 0.0386596993 -0.49892199 -0.865783989
vn 0.0491049998 -0.723951995 -0.68809998
vn 0.0428913012 -0.635829985 -0.770636976
vn 0.0509962998 -0.826039016 -0.561300993
vn 0.0459582992 -0.748335004 -0.661727011
vn 0.0515083 -0.906212986 -0.419672012
vn 0.0479235016 -0.842226982 -0.536988974
vn 0.0486852005 -0.915558994 -0.399224997
vn 0.0508176982 -0.966117978 -0.253048986
vn 0.0482935011 -0.962490976 -0.266981989
vn 0.0485417992 -0.993061006 -0.107115999
vn 0.0471584983 -0.993950009 -0.0991920978
vn 0.00287484005 0.323359013 -0.946272016
vn 0.00479638018 0.312207013 -0.950002015
vn 0.0106239002 0.165760994 -0.986109018
vn 0.0123183001 0.155509993 -0.987757981
vn 0.0180744994 0.00365584996 -0.999830008
vn 0.0195320006 -0.00535778003 -0.99979502
vn 0.0250182003 -0.158290997 -0.987075984
vn 0.0262564998 -0.165968999 -0.985781014
vn 0.0313092992 -0.316316009 -0.948136985
vn 0.0323012993 -0.322358996 -0.946066022
vn 0.0367469005 -0.465777993 -0.884137988
vn 0.037648499 -0.471051991 -0.881301999
vn 0.0412483998 -0.602984011 -0.796687007
vn 0.0418386012 -0.606386006 -0.794068992
vn 0.0445956998 -0.724157989 -0.688190997
vn 0.0449654013 -0.726068974 -0.686151028
vn 0.0467723012 -0.826231003 -0.561385989
vn 0.046923399 -0.826894999 -0.560395002
vn 0.0477026999 -0.906386971 -0.419746995
vn 0.0476734005 -0.906286001 -0.419968009
vn 0.0473816991 -0.962530971 -0.26699999
vn 0.0472043008 -0.96213901 -0.268442005
vn 0.0458247997 -0.992986977 -0.108980998
vn 0.0456760004 -0.992936015 -0.109509997
vn 0.987201989 -0.0407988988 -0.154166996
vn 0.972669005 -0.104887001 -0.207156003
vn 0.958189011 -0.245089993 -0.147661999
vn 0.909006 -0.11609 -0.400290012
vn 0.897587001 -0.385295004 -0.214209005
vn 0.851293027 -0.0482652001 -0.522466004
vn 0.964851022 -0.0183981005 -0.262151986
vn 0.931308985 -0.336939991 -0.138331994
vn 0.828469992 -0.526492 -0.190901995
vn 0.893256009 0.0253509004 -0.448832005
vn 0.84661299 -0.201647997 -0.492527992
vn 0.906184971 -0.204086006 -0.370375007
vn 0.895789981 -0.336001992 -0.290971011
vn 0.850355983 -0.503953993 -0.151410997
vn 0.701888025 -0.696722984 -0.148092002
vn 0.75247103 -0.00323182996 -0.658617973
vn 0.899577022 -0.137906 -0.414418995
vn 0.779601991 -0.496057987 -0.382292002
vn 0.653476 0.0412385017 -0.755823016
vn 0.801810026 0.0684418008 -0.59364599
vn 0.766544998 -0.138160005 -0.627152979
vn 0.830570996 -0.280676007 -0.481013
vn 0.794044971 -0.441700011 -0.417605013
vn 0.855489016 -0.441810012 -0.270078987
vn 0.702136993 -0.696529984 -0.147817001
vn 0.600475013 -0.788810015 -0.131181002
vn 0.701040983 0.105797 -0.705228984
vn 0.672016025 -0.100114003 -0.733738005
vn 0.796150029 -0.0988996029 -0.596961975
vn 0.744417012 -0.279368013 -0.606463015
vn 0.826714993 -0.413336009 -0.381702006
vn 0.696501017 -0.656000018 -0.290775001
vn 0.57643503 -0.803476989 -0.148820996
vn 0.513917029 -0.845291972 -0.146188006
vn 0.437013 -0.897669017 -0.0566523001
vn 0.511590004 0.0758764967 -0.855872989
vn 0.700733006 -0.0638042018 -0.710564971
vn 0.656789005 -0.246408001 -0.712679029
vn 0.775132 -0.245244995 -0.582258999
vn 0.706171989 -0.414995998 -0.573671997
vn 0.720313013 -0.54371202 -0.430727988
vn 0.663631022 -0.666275978 -0.340104014
vn 0.351509005 -0.934099972 -0.0624449998
vn 0.386207998 0.107789002 -0.916091979
vn 0.559948981 0.134452 -0.817544997
vn 0.538130999 -0.0668710023 -0.840204
vn 0.685988009 -0.214622006 -0.695239007
vn 0.618286014 -0.406486988 -0.672675014
vn 0.714809 -0.407292992 -0.568471014
vn 0.680112004 -0.543533027 -0.491955012
vn 0.644023001 -0.680132985 -0.350221008
vn 0.581520021 -0.741656005 -0.334336013
vn 0.42633599 0.155423999 -0.89111203
vn 0.411491007 -0.0407487005 -0.910502017
vn 0.56379801 -0.0367439985 -0.825094998
vn 0.53005302 -0.217618003 -0.819563985
vn 0.685479999 -0.358339012 -0.633807003
vn 0.597001016 -0.618176997 -0.511318028
vn 0.177561998 -0.983991981 0.0152399996
vn 0.165106997 -0.89131099 -0.422261
vn 0.131916001 -0.823634982 -0.551564991
vn 0.224915996 -0.714228988 -0.66279
vn 0.178894997 -0.741809011 -0.646309972
vn 0.223187998 -0.596427977 -0.771012008
vn 0.167862996 -0.967537999 -0.188922003
vn 0.258745998 -0.880506992 -0.397188008
vn 0.188446 -0.631716013 -0.751945972
vn 0.217947006 -0.480904013 -0.849252999
vn 0.320270985 -0.84424901 -0.429733008
vn 0.367713988 -0.740336001 -0.562750995
vn 0.223022997 -0.476668 -0.850322008
vn 0.246070996 -0.319240987 -0.915169001
vn 0.142481998 -0.971090019 -0.191529006
vn 0.277864009 -0.929148972 -0.243872002
vn 0.348726988 -0.753144026 -0.557820022
vn 0.418330014 -0.634254992 -0.650169015
vn 0.350181013 -0.589830995 -0.727648973
vn 0.391128987 -0.471101999 -0.790620983
vn 0.233259007 -0.331907004 -0.914017975
vn 0.250865012 -0.163964003 -0.954034984
vn 0.430898011 -0.627013028 -0.648985028
vn 0.499772996 -0.483168006 -0.718870997
vn 0.371971011 -0.486541003 -0.790516019
vn 0.415039986 -0.32604 -0.849376023
vn 0.237243995 -0.179041997 -0.95480901
vn 0.249383003 -0.00466499012 -0.968393981
vn 0.450789988 -0.819821 -0.353103012
vn 0.491239995 -0.787319005 -0.372575015
vn 0.481126994 -0.727670014 -0.488889992
vn 0.564207017 -0.623507023 -0.541211009
vn 0.475728005 -0.501076996 -0.72291398
vn 0.533894002 -0.341320992 -0.773599982
vn 0.395209014 -0.344980001 -0.851351023
vn 0.428954005 -0.172852993 -0.886633992
vn 0.235012993 -0.0217035003 -0.971750021
vn 0.242093995 0.166889995 -0.95579201
vn 0.209262997 0.129714996 -0.969218016
vn 0.432603002 -0.0154189002 -0.901453018
vn 0.408565998 -0.195093006 -0.891635001
vn 0.555423021 -0.191211 -0.809285998
vn 0.509097993 -0.363498002 -0.780184984
vn 0.573758006 -0.500671029 -0.648173988
vn 0.558367014 -0.627829015 -0.542271018
vn 0.409025997 -0.878316998 -0.247501001
vn 0.334230989 -0.917375028 -0.216133997
vn 0.0490459986 0.313777 -0.948229015
vn 0.0777631998 0.157960996 -0.984378994
vn 0.0906291977 0.148147002 -0.984803975
vn 0.0898011997 -0.00234066998 -0.995957017
vn 0.0977241993 -0.0104646999 -0.99515897
vn 0.0953534991 -0.162596002 -0.982074022
vn 0.102472 -0.169740006 -0.980147004
vn 0.0982616991 -0.318803996 -0.942713022
vn 0.104732998 -0.324835002 -0.939953983
vn 0.0998841003 -0.440151006 -0.892350972
vn 0.121590003 -0.909419 -0.397709996
vn 0.0867552981 -0.954874992 -0.284056991
vn 0.126444995 -0.991062999 -0.0425064005
vn 0.250631988 -0.967151999 -0.0424341001
vn 0.293742001 -0.954357982 -0.0540038012
vn 0.598797977 -0.799130976 -0.0531936996
vn 0.453179002 -0.890106022 -0.0483773984
vn 0.507215023 -0.858635008 -0.0740201026
vn 0.385230988 -0.921579003 -0.0478520989
vn 0.731975019 -0.678677022 -0.0600913987
vn 0.734275997 -0.676129997 -0.0607287996
vn 0.819221973 -0.570415974 -0.0591696985
vn 0.832642972 -0.549920976 -0.0655139014
vn 0.891952991 -0.448610008 -0.0563006997
vn 0.914494991 -0.399076998 -0.0666072965
vn 0.996836007 -0.0589554012 -0.0533180982
vn 0.997368991 -0.0466830991 -0.0554530993
vn 0.971786022 -0.230244994 -0.0511723012
vn 0.981387973 -0.176641002 -0.0753417015
vn 0.942824006 -0.328702003 -0.0551179014
vn 0.126816005 -0.991306007 -0.0350635014
vn 0.131755993 -0.990575016 -0.0374489017
vn 0.294362009 -0.954778016 -0.0418246984
vn 0.453105986 -0.890061975 -0.0498416983
vn 0.599860013 -0.798370004 -0.052666299
vn 0.731592 -0.67918998 -0.058950901
vn 0.833114028 -0.550207973 -0.0564973988
vn 0.835150003 -0.546975017 -0.0578256994
vn 0.915035009 -0.399399996 -0.0564832985
vn 0.914897025 -0.399735987 -0.0563498996
vn 0.969238997 -0.239904001 -0.0549646989
vn 0.0704599023 -0.989713013 -0.124517001
vn 0.378829986 -0.159970999 -0.911535978
vn 0.650856972 -0.75503701 -0.0794024989
vn 0.120220996 -0.991919994 -0.0405181982
vn 0.104901001 -0.993367016 -0.0470881015
vn 0.247109994 -0.966117024 -0.0745349005
vn 0.110578999 -0.992420018 -0.0536205992
vn 0.252458006 -0.964796007 -0.0737152025
vn 0.383969009 -0.917903006 -0.100111
vn 0.102470003 -0.992891014 -0.060563501
vn 0.241439998 -0.963845015 -0.112735003
vn 0.388558 -0.916064978 -0.0992308035
vn 0.528298974 -0.839138985 -0.129408002
vn 0.119319998 -0.989745021 -0.0785323977
vn 0.245919004 -0.96271801 -0.112682
vn 0.371206999 -0.914541006 -0.160687998
vn 0.525106013 -0.840964019 -0.130547002
vn 0.60145998 -0.784789979 -0.149500996
vn 0.102004997 -0.99190098 -0.0756769031
vn 0.229169995 -0.961992025 -0.148500994
vn 0.389773011 -0.906937003 -0.159821004
vn 0.503790021 -0.839514971 -0.203494996
vn 0.632736027 -0.761425972 -0.140982002
vn 0.716911018 -0.677709997 -0.163546994
vn 0.233039007 -0.960978985 -0.149037004
vn 0.359697998 -0.906122029 -0.222618997
vn 0.503084004 -0.839922011 -0.203562006
vn 0.60384798 -0.758607984 -0.244706005
vn 0.735899985 -0.658613026 -0.157101005
vn 0.804265976 -0.566919982 -0.178205997
vn 0.0934934989 -0.991716027 -0.0880846009
vn 0.209546 -0.960466981 -0.183285996
vn 0.366519988 -0.903203011 -0.223353997
vn 0.466868013 -0.837918997 -0.282710999
vn 0.616171002 -0.749248981 -0.242814004
vn 0.701632023 -0.655350029 -0.279695004
vn 0.823092997 -0.541908979 -0.169862002
vn 0.874961972 -0.445757985 -0.189052999
vn 0.110870004 -0.98675102 -0.118446
vn 0.212753996 -0.959577978 -0.184242994
vn 0.326837003 -0.90297699 -0.278944999
vn 0.47508499 -0.833160996 -0.283084989
vn 0.57059902 -0.746976972 -0.341235995
vn 0.715233028 -0.641880989 -0.276463002
vn 0.784173012 -0.538293004 -0.308728009
vn 0.892822027 -0.413511992 -0.178540006
vn 0.931383014 -0.305290014 -0.198301002
vn 0.0877842978 -0.990692973 -0.104022004
vn 0.184217006 -0.959312022 -0.213972002
vn 0.333831996 -0.899842024 -0.280784994
vn 0.424885005 -0.831727028 -0.357356012
vn 0.580950022 -0.739060998 -0.341006994
vn 0.661433995 -0.639376998 -0.392048001
vn 0.798260987 -0.520141006 -0.303698987
vn 0.849889994 -0.409938008 -0.331117004
vn 0.942487001 -0.276802003 -0.187344998
vn 0.968492985 -0.136526003 -0.208281994
vn 0.978793025 -0.184515998 -0.0889865011
vn 0.988785028 -0.0560208 -0.138439998
vn 0.186866 -0.958514988 -0.215246007
vn 0.286013007 -0.899766982 -0.329567999
vn 0.431777 -0.827588975 -0.358698994
vn 0.51820302 -0.737459004 -0.433151007
vn 0.673137009 -0.62787199 -0.390722007
vn 0.737372994 -0.517552018 -0.434074014
vn 0.863250971 -0.387109011 -0.323951989
vn 0.897544026 -0.272709996 -0.346473008
vn 0.968843997 -0.135406002 -0.207378
vn 0.971988976 0.0530510992 -0.228961006
vn 0.0695182979 -0.991958976 -0.105754003
vn 0.152447999 -0.958518028 -0.240835994
vn 0.290755987 -0.897481024 -0.331645012
vn 0.369906008 -0.826602995 -0.424142003
vn 0.526820004 -0.73071301 -0.434186995
vn 0.599294007 -0.626115978 -0.498824
vn 0.749625027 -0.502168 -0.431149006
vn 0.79678899 -0.384211987 -0.466378987
vn 0.909003973 -0.245398998 -0.336883992
vn 0.927598 -0.110152997 -0.356972009
vn 0.160969004 -0.955617011 -0.246749997
vn 0.237470001 -0.898222029 -0.369872987
vn 0.375092 -0.823309004 -0.425990999
vn 0.449672997 -0.729698002 -0.515106976
vn 0.609308004 -0.616200984 -0.499040008
vn 0.666477025 -0.500169992 -0.552846014
vn 0.808670998 -0.36492601 -0.461389005
vn 0.838346004 -0.242336005 -0.488312989
vn 0.942034006 -0.0640617013 -0.329344988
vn 0.38409701 0.0229333993 -0.923008025
vn 0.375687987 0.0140920002 -0.92663902
vn 0.454820007 -0.0197551008 -0.890363991
vn 0.518868029 0.168920994 -0.837998986
vn 0.554735005 0.0243028998 -0.831672013
vn 0.373062998 -0.169467002 -0.912198007
vn 0.365386993 -0.314523011 -0.876109004
vn 0.585699022 0.117337003 -0.801990986
vn 0.525353014 -0.0488657989 -0.849479973
vn 0.524203002 -0.168256998 -0.834806025
vn 0.35987699 -0.322613001 -0.875447989
vn 0.342720985 -0.461219996 -0.818423986
vn 0.691376984 0.133010998 -0.710144997
vn 0.516837001 -0.180904999 -0.836750984
vn 0.503614008 -0.321570009 -0.801850975
vn 0.337767988 -0.467649996 -0.816833019
vn 0.311497986 -0.596324027 -0.739841998
vn 0.694402993 0.142029002 -0.705430984
vn 0.711861014 -0.0898931026 -0.696543992
vn 0.65625 0.00442476012 -0.754530013
vn 0.654278994 -0.180795997 -0.734323978
vn 0.496360004 -0.332208991 -0.802038014
vn 0.470564991 -0.466733009 -0.74881798
vn 0.307161987 -0.601216018 -0.737691998
vn 0.272386014 -0.716409981 -0.642310023
vn 0.0569809005 -0.991886973 -0.113633998
vn 0.118826002 -0.956362009 -0.266932994
vn 0.233071998 -0.900496006 -0.367130995
vn 0.301595986 -0.822919011 -0.48150301
vn 0.456515998 -0.724119008 -0.516957998
vn 0.518683016 -0.615230978 -0.593681991
vn 0.676926017 -0.487242013 -0.551694989
vn 0.717945993 -0.362810999 -0.594072998
vn 0.848926008 -0.219329 -0.480852991
vn 0.862161994 -0.0422582999 -0.504867017
vn 0.898123026 -0.106081001 -0.426757008
vn 0.121197999 -0.955398977 -0.269302994
vn 0.173050001 -0.900449991 -0.399053991
vn 0.305456012 -0.820258021 -0.483604997
vn 0.36500901 -0.723921001 -0.585412025
vn 0.526638985 -0.607186019 -0.594959021
vn 0.575115979 -0.486207992 -0.657908022
vn 0.728403986 -0.346585006 -0.591021001
vn 0.752708972 -0.217244998 -0.621477008
vn 0.291274995 -0.00869327039 -0.95660001
vn 0.0449216999 -0.991337001 -0.123420998
vn 0.0447824001 -0.990813017 -0.127612993
vn 0.0755060017 -0.956462979 -0.281919003
vn 0.174601004 -0.899544001 -0.400418997
vn 0.223735005 -0.820418 -0.526172996
vn 0.370294988 -0.719325006 -0.587752998
vn 0.419555992 -0.607061028 -0.674870014
vn 0.583877027 -0.475410014 -0.658083022
vn 0.617781997 -0.345593989 -0.706336021
vn 0.762528002 -0.197731003 -0.61599803
vn 0.769613028 -0.0221884996 -0.638125002
vn 0.816609025 -0.0910150036 -0.569971025
vn 0.108167998 -0.90080899 -0.420527011
vn 0.137922004 -0.819271028 -0.556572974
vn 0.136768997 -0.820297003 -0.555343986
vn 0.163022995 -0.717679977 -0.67702198
vn 0.162029997 -0.718735993 -0.67614001
vn 0.184007004 -0.597909987 -0.78015703
vn 0.183189005 -0.598900974 -0.779588997
vn 0.200266004 -0.463084996 -0.863391995
vn 0.199678004 -0.463871986 -0.863104999
vn 0.211379007 -0.31665501 -0.924687982
vn 0.211326003 -0.316731989 -0.924673975
vn 0.217283994 -0.162247002 -0.962530017
vn 0.217564002 -0.161810994 -0.962539971
vn 0.217162997 0.0200769007 -0.975929022
vn 0.222648993 0.0253088009 -0.974569976
vn 0.129298002 -0.0040876898 -0.991596997
vn 0.0803384036 -0.953445017 -0.290670007
vn 0.109338999 -0.899995983 -0.421961993
vn 0.226364002 -0.818383992 -0.528210998
vn 0.26879701 -0.719834983 -0.639988005
vn 0.425680995 -0.600602984 -0.676810026
vn 0.463651001 -0.475382 -0.747689009
vn 0.626716971 -0.332228005 -0.704876006
vn 0.645588994 -0.196721002 -0.737913013
vn 0.0313864984 -0.989839971 -0.138677001
vn 0.0389181003 -0.96361202 -0.264459014
vn 0.045832701 -0.900189996 -0.433079004
vn 0.0484024994 -0.902099013 -0.428806007
vn 0.052506201 -0.818970978 -0.571428001
vn 0.0560330003 -0.822121024 -0.56654799
vn 0.0578352995 -0.716695011 -0.694984019
vn 0.0623003989 -0.721130013 -0.689993024
vn 0.0616833009 -0.595974028 -0.800630987
vn 0.0670382977 -0.601619005 -0.795965016
vn 0.0639142022 -0.460081011 -0.885573983
vn 0.0700021982 -0.466681987 -0.881649971
vn 0.0643213019 -0.312296003 -0.947804987
vn 0.0713265017 -0.319945991 -0.944746971
vn 0.063211903 -0.156691998 -0.985623002
vn 0.0708153024 -0.164961994 -0.983753979
vn 0.0604075007 0.00308915996 -0.998169005
vn 0.0325529017 0.0329174995 -0.99892801
vn 0.0698331967 0.162746996 -0.984193981
vn 0.00046544199 0.157304004 -0.98755002
vn -0.0184735991 -0.99178803 -0.126552999
vn -0.0187596995 -0.991428018 -0.129304007
vn -0.0186023004 -0.958766997 -0.283582002
vn -0.0188186001 -0.957912982 -0.286442012
vn -0.0182540007 -0.901054025 -0.433322012
vn -0.0184006002 -0.900141001 -0.435211003
vn -0.0174285006 -0.820147991 -0.571886003
vn -0.0175142996 -0.819418013 -0.572928011
vn -0.0161524992 -0.718145013 -0.69570601
vn -0.0161847994 -0.717799008 -0.696062028
vn -0.0144624999 -0.597609997 -0.801657021
vn -0.0144368997 -0.597935021 -0.801415026
vn -0.0123953996 -0.461789012 -0.886902988
vn -0.0123260003 -0.462792009 -0.88638097
vn -0.0100148004 -0.313944012 -0.949388981
vn -0.00989240035 -0.315883011 -0.948746979
vn -0.0073735998 -0.158180997 -0.987383008
vn -0.00721418997 -0.160854995 -0.986952007
vn -0.00455342 0.00183870003 -0.999988019
vn -0.00434100023 -0.00181319006 -0.999988973
vn -0.00161348004 0.161594003 -0.986855984
vn -0.0184738003 -0.991298974 -0.130328998
vn -0.0063513401 -0.991446018 -0.130365998
vn -0.00634751003 -0.991446972 -0.130356997
vn -0.00645775022 -0.991333008 -0.131215006
vn -0.00638438016 -0.957753003 -0.287521988
vn -0.00647246977 -0.958064973 -0.286478996
vn -0.00625684997 -0.899927974 -0.435992986
vn -0.00632468984 -0.900288999 -0.435245991
vn -0.00597136002 -0.819244981 -0.573413014
vn -0.00601676991 -0.819559991 -0.572961986
vn -0.00553386984 -0.717773974 -0.696254015
vn -0.00555258989 -0.717930019 -0.696093023
vn -0.00495117018 -0.598020971 -0.801464975
vn -0.00495435996 -0.598051012 -0.801442027
vn -0.00425104005 -0.463160008 -0.88626498
vn -0.0042255302 -0.462893009 -0.886403978
vn -0.00343836006 -0.316532999 -0.94857502
vn -0.00338734989 -0.315964013 -0.94876498
vn -0.00253675994 -0.161776006 -0.986823976
vn -0.00246234005 -0.160915002 -0.986965001
vn -0.00157248997 -0.00299252989 -0.99999398
vn -0.00147489004 -0.00184878998 -0.99999702
vn -0.000561613007 0.157311007 -0.987549007
vn -0.00136260001 0.157321006 -0.98754698
vn 0.00654042978 -0.991448998 -0.130327001
vn -0.00634618988 -0.991264999 -0.131729007
vn 0.00653947983 -0.991263986 -0.131729007
vn 0.00654079998 -0.991263986 -0.131727993
vn 0.00665433006 -0.991358995 -0.131008998
vn 0.00657994999 -0.958074987 -0.286440998
vn 0.00666970015 -0.957750976 -0.287521988
vn 0.00645064982 -0.900287986 -0.435247004
vn 0.00651575997 -0.89992702 -0.435992986
vn 0.00615468994 -0.819552004 -0.572970986
vn 0.00619659014 -0.819243014 -0.573413014
vn 0.00570103992 -0.717962027 -0.696058989
vn 0.00572182005 -0.71777302 -0.696253002
vn 0.00510314992 -0.598034978 -0.801454008
vn 0.00510459021 -0.598020017 -0.801464975
vn 0.00437841006 -0.462875009 -0.886412978
vn 0.00435419986 -0.463158995 -0.886264026
vn 0.00353819993 -0.315948009 -0.948769987
vn 0.00349207991 -0.316531986 -0.94857502
vn 0.00260733999 -0.160906002 -0.986966014
vn 0.00254176999 -0.161774993 -0.986823976
vn 0.00161311997 -0.00184669998 -0.99999702
vn 0.00152813003 -0.00299224001 -0.99999398
vn 0.000589001982 0.155883998 -0.987775028
vn -0.000455058995 0.155883998 -0.987775028
vn 0.0185415 -0.991841018 -0.126123995
vn 0.00128879002 0.161506996 -0.986871004
vn 0.00168901996 0.157319993 -0.987546027
vn 0.00429208018 0.00177318999 -0.999988973
vn 0.00462997984 -0.00180865999 -0.999988019
vn 0.00719593 -0.158237994 -0.987375021
vn 0.00744378008 -0.160844997 -0.986952007
vn 0.0098979203 -0.313986987 -0.949375987
vn 0.0100817997 -0.315865993 -0.948750019
vn 0.0123560997 -0.461822987 -0.886886001
vn 0.0124541996 -0.462772995 -0.886389017
vn 0.0144846002 -0.597630024 -0.801640987
vn 0.0145169003 -0.597917974 -0.801425993
vn 0.0162477009 -0.718155026 -0.695693016
vn 0.0162067004 -0.717831016 -0.696029007
vn 0.0175898001 -0.820147991 -0.571880996
vn 0.0174797997 -0.819411993 -0.572938979
vn 0.0184789002 -0.901041985 -0.433337003
vn 0.0183064993 -0.900142014 -0.435211986
vn 0.0188948996 -0.958734989 -0.283672005
vn 0.0186820999 -0.957925975 -0.286404997
vn 0.0188462008 -0.991518974 -0.128591001
vn 0.0185426008 -0.991302013 -0.130291
vn -0.948576987 -0.258864999 -0.182181999
vn -0.867035985 0.0464177988 -0.496078998
vn -0.0306834001 -0.990938008 -0.130771995
vn -0.0350656994 -0.991959989 -0.121596999
vn -0.0984544009 0.163032994 -0.98169601
vn -0.110959999 0.175739005 -0.978163004
vn -0.216999993 0.129730999 -0.967513025
vn -0.270408988 0.172343001 -0.94719398
vn -0.415592998 0.0501504987 -0.908167005
vn -0.0626041964 -0.991662979 -0.112631001
vn -0.0538222007 -0.989624977 -0.133210003
vn -0.0505899005 -0.990477026 -0.128049999
vn -0.488584995 0.160293996 -0.857666016
vn -0.656787992 0.106527999 -0.746513009
vn -0.112584002 0.00549475988 -0.993627012
vn -0.122106001 -0.00643484015 -0.992496014
vn -0.270027012 0.00709393993 -0.962827027
vn -0.283232003 -0.0123070003 -0.958972991
vn -0.431760013 0.000446891005 -0.901988029
vn -0.412164986 0.0314371996 -0.910566986
vn -0.534398019 -0.0372755006 -0.844411016
vn -0.578713 0.0135818999 -0.815418005
vn -0.662479997 -0.0690966994 -0.745886028
vn -0.700287998 -0.0203515999 -0.713571012
vn -0.114565 -0.155112997 -0.981230974
vn -0.117991999 -0.159564003 -0.980111003
vn -0.269308001 -0.157023996 -0.950167
vn -0.273768008 -0.164322004 -0.947655022
vn -0.427596003 -0.162448004 -0.889253974
vn -0.433301985 -0.173350006 -0.884419978
vn -0.572023988 -0.172713995 -0.801846981
vn -0.57821399 -0.187349007 -0.794084013
vn -0.688331008 -0.187882006 -0.700643003
vn -0.694570005 -0.202001005 -0.690483987
vn -0.765967011 -0.202814996 -0.610049009
vn -0.113450997 -0.310781986 -0.943686008
vn -0.116430998 -0.314736992 -0.942010999
vn -0.261404991 -0.311969012 -0.913424015
vn -0.264984995 -0.318271011 -0.910212994
vn -0.412469 -0.316688001 -0.854152977
vn -0.416574001 -0.325782001 -0.848722994
vn -0.549597025 -0.325228006 -0.769526005
vn -0.55368799 -0.337781012 -0.761139989
vn -0.659238994 -0.338427007 -0.671468973
vn -0.663134992 -0.350353986 -0.661440015
vn -0.731844008 -0.351154 -0.584034026
vn -0.734510005 -0.364703 -0.572265029
vn -0.0986464992 -0.991746008 -0.0819099024
vn -0.0884903967 -0.99158901 -0.0944484994
vn -0.0893587992 -0.991473019 -0.0948444977
vn -0.0768442005 -0.991432011 -0.105630003
vn -0.0819495022 -0.988799989 -0.124732003
vn -0.109306999 -0.458505005 -0.881944001
vn -0.111832 -0.461885989 -0.879860997
vn -0.246708006 -0.45917201 -0.853402972
vn -0.249539003 -0.464522004 -0.849676013
vn -0.386707991 -0.462783009 -0.79767698
vn -0.389616996 -0.470429987 -0.791765988
vn -0.513356984 -0.469583988 -0.718300998
vn -0.515703976 -0.479993999 -0.709686995
vn -0.614018023 -0.480587006 -0.626112998
vn -0.616024971 -0.490359008 -0.616490006
vn -0.680139005 -0.491189003 -0.544191003
vn -0.680782974 -0.501985013 -0.533429027
vn -0.748283029 -0.502867997 -0.43266201
vn -0.102280997 -0.594512999 -0.797554016
vn -0.104373999 -0.597290993 -0.795203984
vn -0.225613996 -0.594757974 -0.771597028
vn -0.227731004 -0.599027991 -0.767661989
vn -0.351072013 -0.597365975 -0.721041977
vn -0.352887988 -0.603278995 -0.715210021
vn -0.464271992 -0.602669001 -0.649030983
vn -0.465187013 -0.610557973 -0.640951991
vn -0.55371201 -0.611144006 -0.565600991
vn -0.554261982 -0.618731022 -0.556746006
vn -0.612115979 -0.619404018 -0.491582006
vn -0.611348987 -0.62756598 -0.482091993
vn -0.672206998 -0.628409982 -0.391456991
vn -0.667243004 -0.641282022 -0.378872007
vn -0.101685002 -0.714658976 -0.692043006
vn -0.0954136029 -0.703504026 -0.704258025
vn -0.195213005 -0.737890005 -0.646072984
vn -0.252247006 -0.689668 -0.678771019
vn -0.299423993 -0.739863992 -0.602451026
vn -0.354847014 -0.708221972 -0.610332012
vn -0.403228998 -0.736331999 -0.543341994
vn -0.403407007 -0.726490021 -0.556304991
vn -0.479775012 -0.726933002 -0.491308004
vn -0.47932601 -0.732361972 -0.483624011
vn -0.529294014 -0.732958972 -0.427340001
vn -0.527697027 -0.738716006 -0.419326991
vn -0.580419004 -0.739356995 -0.341271013
vn -0.574881971 -0.748398006 -0.330774009
vn -0.616236985 -0.75008601 -0.240044996
vn -0.0876301974 -0.817254007 -0.569576025
vn -0.0888985991 -0.819342017 -0.566371024
vn -0.203911006 -0.816582978 -0.540012002
vn -0.204563007 -0.820442021 -0.533881009
vn -0.300621003 -0.819302976 -0.488231003
vn -0.303196996 -0.801865995 -0.514862001
vn -0.327113003 -0.838546991 -0.435701996
vn -0.396272987 -0.816479981 -0.419914007
vn -0.393011004 -0.828563988 -0.398777008
vn -0.433656991 -0.829092979 -0.352912992
vn -0.431787997 -0.832717001 -0.346614987
vn -0.474988997 -0.833082974 -0.283473998
vn -0.469462991 -0.83908999 -0.27483201
vn -0.505684018 -0.840139985 -0.196081996
vn -0.506937981 -0.83911401 -0.197233006
vn -0.985543013 -0.0782347992 -0.150278002
vn -0.962719023 -0.143742993 -0.229153007
vn -0.866482019 -0.0600879006 -0.495579004
vn -0.848836005 -0.245185003 -0.46836099
vn -0.862756014 -0.389304996 -0.322636008
vn -0.790597022 -0.541584015 -0.285733014
vn -0.734129012 -0.660553992 -0.157233
vn -0.605747998 -0.786881983 -0.117842004
vn -0.0712400004 -0.898788989 -0.43255499
vn -0.0724333972 -0.900481999 -0.428820014
vn -0.157700002 -0.898248017 -0.410219997
vn -0.157928005 -0.900703013 -0.404713988
vn -0.224621996 -0.899995029 -0.373569995
vn -0.223464996 -0.906772971 -0.357526988
vn -0.298325002 -0.889865994 -0.345167011
vn -0.290131986 -0.906966984 -0.305343986
vn -0.342992008 -0.893679023 -0.289299995
vn -0.334091991 -0.902350008 -0.272298992
vn -0.340999991 -0.917365015 -0.205329999
vn -0.376387 -0.903650999 -0.204322994
vn -0.369049013 -0.918363988 -0.142866999
vn -0.370420992 -0.917617023 -0.144108996
vn -0.404651999 -0.907949984 -0.109011002
vn -0.112389997 -0.992425025 -0.049612999
vn -0.129549995 -0.989739001 -0.0602719001
vn -0.0986974016 -0.993228972 -0.0612809993
vn -0.116293997 -0.989449024 -0.0864069015
vn -0.98645699 -0.0938967988 -0.134488001
vn -0.942116022 0.0529008992 -0.331088006
vn -0.933299005 -0.100749001 -0.344678998
vn -0.94432199 -0.280728996 -0.171601996
vn -0.897378981 -0.40515101 -0.174826995
vn -0.933431983 -0.101845004 -0.343993992
vn -0.906908989 -0.27709499 -0.317387015
vn -0.893299997 -0.416667998 -0.168531001
vn -0.815303028 -0.556828022 -0.158821002
vn -0.877901971 -0.0982820988 -0.46864599
vn -0.908285022 -0.248042002 -0.336888999
vn -0.857801974 -0.413877994 -0.304762989
vn -0.821810007 -0.544497013 -0.167783007
vn -0.722871006 -0.675812006 -0.143996999
vn -0.623664975 -0.776731014 -0.0879302025
vn -0.78293997 -0.0620976016 -0.618990004
vn -0.846396029 -0.220547006 -0.484739989
vn -0.805809021 -0.386790991 -0.448403001
vn -0.797896981 -0.522063971 -0.301344991
vn -0.706528008 -0.658095002 -0.260248005
vn -0.630275011 -0.762741029 -0.144844994
vn -0.490812987 -0.863897979 -0.113066003
vn -0.558290005 -0.826748013 -0.0692790002
vn -0.781732023 -0.0590051003 -0.620815992
vn -0.771242023 -0.218986005 -0.597688019
vn -0.806739986 -0.366055995 -0.463867992
vn -0.744854987 -0.519783974 -0.418350011
vn -0.715160012 -0.643145978 -0.273696005
vn -0.607481003 -0.76057899 -0.229096994
vn -0.384609997 -0.918829024 -0.0884763002
vn -0.45283699 -0.890671015 -0.0405467004
vn -0.248264998 -0.966334999 -0.0675340965
vn -0.247191995 -0.966024995 -0.0754472017
vn -0.250470996 -0.96497798 -0.0779834986
vn -0.244381994 -0.964380026 -0.101236999
vn -0.277078986 -0.951554 -0.133311003
vn -0.237308994 -0.962099016 -0.134349003
vn -0.241044998 -0.953872025 -0.178957999
vn -0.201202005 -0.964115977 -0.173200995
vn -0.208269 -0.955114007 -0.210668996
vn -0.178840995 -0.961950004 -0.206563994
vn -0.178865999 -0.951894999 -0.248805001
vn -0.146843001 -0.959780991 -0.239286005
vn -0.139919996 -0.951336026 -0.274558008
vn -0.104353003 -0.960931003 -0.256361991
vn -0.0963523984 -0.951003015 -0.293783993
vn -0.0543689989 -0.958087981 -0.281268001
vn -0.0532094017 -0.957193017 -0.284516007
vn -0.124309003 -0.991451979 -0.0396260992
vn -0.111230999 -0.992808998 -0.0442543998
vn -0.292782009 -0.955205023 -0.0431580991
vn -0.0443429984 -0.992861986 -0.110721998
vn -0.0460810997 -0.993726015 -0.101907
vn -0.0471832007 -0.993070006 -0.107638001
vn -0.0491807982 -0.962894022 -0.265363008
vn -0.0471398011 -0.965844989 -0.254797012
vn -0.0512428991 -0.907818019 -0.41622299
vn -0.0460327007 -0.815599024 -0.576783001
vn -0.0460353009 -0.815623999 -0.576748013
vn -0.0494038984 -0.829465985 -0.556367993
vn -0.0464325994 -0.89515698 -0.443325013
vn -0.0467367992 -0.729669988 -0.682200015
vn -0.049227301 -0.74119997 -0.669476986
vn -0.0377230011 -0.542941988 -0.838922977
vn -0.0448569991 -0.611005008 -0.790355027
vn -0.0412589982 -0.660456002 -0.749729991
vn -0.0287752002 -0.25336799 -0.966942012
vn -0.0342913009 -0.330015004 -0.943352997
vn -0.0323625989 -0.358128011 -0.933111012
vn -0.0237857997 -0.145124003 -0.989127994
vn -0.0149237001 0.0812494978 -0.996581972
vn -0.0133443996 0.145034999 -0.989337027
vn -0.0100317998 0.165809005 -0.986106992
vn -0.00508593023 0.301292002 -0.953517973
vn -0.00286802999 0.313676 -0.949526012
vn -0.00319579011 0.291395009 -0.956596971
vn -0.00411758013 0.301250011 -0.953535974
vn -0.0102687003 0.144898996 -0.989392996
vn -0.0117169004 0.136324003 -0.990594983
vn -0.0186035 -0.0222493 -0.999579012
vn -0.0174495 -0.0153003 -0.999731004
vn -0.0205495004 -0.0151634999 -0.999674022
vn -0.0183176994 -0.00102616998 -0.999831975
vn -0.0280485004 -0.174704999 -0.984220982
vn -0.0241365992 -0.174878001 -0.984293997
vn -0.0308931004 -0.334470004 -0.941900015
vn -0.0301703997 -0.33019799 -0.943430007
vn -0.0251064003 -0.180701002 -0.983218014
vn -0.035931401 -0.479624003 -0.876738012
vn -0.0354348011 -0.476833999 -0.878278971
vn -0.0404448994 -0.476610005 -0.878184021
vn -0.0376325995 -0.45214501 -0.891149998
vn -0.0396809988 -0.613017023 -0.789071977
vn -0.0399216004 -0.611226976 -0.79044801
vn -0.0429676995 -0.730813026 -0.681223989
vn -0.0431290008 -0.729830027 -0.682265997
vn -0.0451461002 -0.830051005 -0.555857003
vn -0.045230601 -0.829653025 -0.556443989
vn -0.0461729988 -0.907841027 -0.416765004
vn -0.0461140014 -0.908048987 -0.416316986
vn -0.0460513011 -0.962559998 -0.267129987
vn -0.0458313003 -0.963042021 -0.265423
vn -0.0446777008 -0.99318099 -0.107683003
vn -0.841961026 -0.523400009 -0.130974993
vn -0.110123999 -0.60876298 -0.785672009
vn -0.132523999 -0.723792017 -0.677173018
vn -0.114678003 -0.825015008 -0.553351998
vn -0.158984005 -0.331597 -0.929929018
vn -0.0332196988 0.292728007 -0.955618978
vn -0.256866008 0.265132993 -0.929368019
vn -0.356209993 0.263029009 -0.896622002
vn -0.0800611973 -0.99267602 -0.0904728025
vn -0.135773003 -0.95095998 -0.277922004
vn -0.191889003 -0.963742971 -0.185412005
vn -0.231059998 -0.955717027 -0.182253003
vn -0.118946001 -0.889971972 -0.440228999
vn -0.170990005 -0.903765976 -0.392390013
vn -0.283279985 -0.871599019 -0.400083005
vn -0.339049995 -0.910540998 -0.236560002
vn -0.337857008 -0.911424994 -0.234854996
vn -0.899636984 0.0690350011 -0.431147993
vn -0.139890999 -0.80133599 -0.581628025
vn -0.345198989 -0.794079006 -0.500276029
vn -0.343533009 -0.812852025 -0.470380008
vn -0.47231099 -0.81250602 -0.341695994
vn -0.448220015 -0.848683 -0.280777991
vn -0.949135005 0.0839466006 -0.303472012
vn -0.14373 -0.707755029 -0.691681981
vn -0.30042401 -0.64872402 -0.699216008
vn -0.409047991 -0.723398983 -0.556213021
vn -0.410930991 -0.708348989 -0.573913991
vn -0.573614001 -0.707867026 -0.412180007
vn -0.558722973 -0.737438977 -0.379489005
vn -0.639261007 -0.739691019 -0.210244998
vn -0.960510015 -0.132894993 -0.244459003
vn -0.953045011 -0.088727802 -0.289537996
vn -0.898322999 -0.0882622004 -0.430379003
vn -0.882815003 -0.0129265999 -0.469543993
vn -0.827744007 -0.0223824997 -0.560658991
vn -0.797639012 0.0318474993 -0.602293015
vn -0.703983009 0.0190389995 -0.709960997
vn -0.664870977 0.0694003999 -0.743727028
vn -0.582944989 0.0558293015 -0.810590982
vn -0.542459011 0.0998646989 -0.834124982
vn -0.403818011 0.0833322033 -0.911036015
vn -0.384638011 0.102018997 -0.917412996
vn -0.253268987 0.0978853032 -0.962431014
vn -0.225780994 0.129435003 -0.965541005
vn -0.0907365978 0.119018003 -0.988736987
vn -0.0646988973 0.138483003 -0.988249004
vn -0.56021601 -0.808956981 -0.178173006
vn -0.600588024 -0.779929996 -0.176079005
vn -0.709951997 -0.674037993 -0.204060003
vn -0.741701007 -0.628868997 -0.233247995
vn -0.643845975 -0.626610994 -0.439114004
vn -0.659555972 -0.584886014 -0.472117007
vn -0.498075008 -0.588438988 -0.636915982
vn -0.495707005 -0.557500005 -0.665934026
vn -0.332830012 -0.561735988 -0.757414997
vn -0.320565999 -0.536711991 -0.780498981
vn -0.139294997 -0.556800008 -0.818884015
vn -0.105088003 -0.475645006 -0.873336971
vn -0.805772007 -0.546301007 -0.228661999
vn -0.807271004 -0.542456985 -0.232498005
vn -0.780818999 -0.458398014 -0.424492002
vn -0.724418998 -0.483485013 -0.491385996
vn -0.724873006 -0.489093989 -0.485125005
vn -0.62885797 -0.412894994 -0.65882802
vn -0.542791009 -0.459753007 -0.702856004
vn -0.521035016 -0.412299007 -0.747349977
vn -0.356676012 -0.415261 -0.836863995
vn -0.360451013 -0.425235003 -0.830210984
vn -0.243100002 -0.362711996 -0.899635017
vn 0.00995627046 -0.481175989 -0.876567006
vn -0.880320013 -0.381289989 -0.282231003
vn -0.840049028 -0.379723996 -0.387463987
vn -0.760818005 -0.308595985 -0.570896983
vn -0.669637978 -0.308566988 -0.675553024
vn -0.659713984 -0.278149009 -0.698148012
vn -0.562968016 -0.279624999 -0.777737975
vn -0.550678015 -0.253758997 -0.795211017
vn -0.397913992 -0.257555008 -0.880527973
vn -0.384525001 -0.237354994 -0.892077982
vn -0.255959988 -0.241332993 -0.936079025
vn -0.245655 -0.229232997 -0.941863
vn -0.110619999 -0.232515007 -0.966280997
vn -0.0671591982 -0.177315995 -0.981859982
vn -0.93581301 -0.343183011 -0.0804988965
vn -0.921187997 -0.308582991 -0.237040997
vn -0.933459997 -0.238203004 -0.268164992
vn -0.869729996 -0.235400006 -0.433770001
vn -0.865254998 -0.217894003 -0.451503992
vn -0.814547002 -0.217533007 -0.53776598
vn -0.801645994 -0.152206004 -0.578097999
vn -0.694872022 -0.152734995 -0.70272702
vn -0.68086201 -0.116907999 -0.723020971
vn -0.580139995 -0.118496001 -0.805850983
vn -0.564472973 -0.0882520974 -0.820720971
vn -0.406138003 -0.091993697 -0.909169018
vn -0.390365005 -0.068679899 -0.918094993
vn -0.258796006 -0.0728031024 -0.963185012
vn -0.245992005 -0.0574913993 -0.967565
vn -0.100470997 -0.0637537986 -0.992895007
vn -0.0642729029 -0.0203000009 -0.997726023
vn -0.991584003 -0.0519111007 -0.118601002
vn -0.983138978 -0.103083 -0.151032999
vn -0.398160011 -0.915566027 -0.0566358007
vn -0.239322007 -0.969667971 -0.0496863015
vn -0.481649995 -0.875349998 -0.0421425998
vn -0.623463988 -0.780624986 -0.0437851995
vn -0.973564982 -0.222411007 -0.0520034991
vn -0.997359991 -0.0513181984 -0.0513713993
vn -0.131974995 -0.990814984 -0.0294755995
vn -0.288298994 -0.956876993 -0.0356431007
vn -0.451963007 -0.890133023 -0.0582520999
vn -0.596494973 -0.800549984 -0.0575587004
vn -0.730166972 -0.680656016 -0.0596993007
vn -0.726845026 -0.684314013 -0.0583979003
vn -0.836212993 -0.545135975 -0.0597840995
vn -0.825118005 -0.562349975 -0.0542567
vn -0.903910995 -0.422463 -0.0668573007
vn -0.917649984 -0.394497991 -0.0478602983
vn -0.933767974 -0.346895993 -0.0879788026
vn -0.973742008 -0.221772 -0.0514131002
vn -0.996989012 -0.060153801 -0.0489283018
vn -0.963007987 -0.260722011 -0.0681227967
vn 0.904618979 0.421018988 -0.0663961023
vn 0.952821016 0.297495008 -0.0602434985
vn 0.592122972 0.804078996 -0.0533558987
vn 0.253980994 0.966036022 -0.0476175994
vn 0.451379001 0.890959024 -0.0494918004
vn 0.461573988 0.885959029 -0.0450206995
vn 0.726951003 0.685046017 -0.0474845991
vn 0.841319978 0.538101017 -0.0512639992
vn 0.759419024 0.647345006 -0.0650202036
vn 0.99635601 0.0678467005 -0.0516824983
vn 0.998183012 0.0443076007 -0.0408269987
vn 0.121950001 0.991746008 -0.0395879
vn 0.123067997 0.991584003 -0.0401864015
vn 0.126732007 0.991254985 -0.0367708988
vn 0.127133995 0.991473973 -0.0285752006
vn 0.274358004 0.960657001 -0.0432066992
vn 0.293949991 0.954512 -0.0500066988
vn 0.294683009 0.954948008 -0.0351443999
vn 0.446630001 0.893482029 -0.0470203012
vn 0.608386993 0.792097986 -0.0494650006
vn 0.596705973 0.800553024 -0.0552931018
vn 0.72645098 0.684750974 -0.0581858009
vn 0.723859012 0.687381983 -0.0594509989
vn 0.831601024 0.552200019 -0.0592883006
vn 0.831086993 0.553007007 -0.0589638986
vn 0.915491998 0.398263991 -0.0570957996
vn 0.907118976 0.418109 -0.0481638983
vn 0.969991982 0.236806005 -0.0551232994
vn 0.970416009 0.237081006 -0.0456641018
vn 0.983528018 0.171033993 -0.058484301
vn 0.996437013 0.0661209971 -0.052356299
vn 0.96639502 0.249825001 -0.0605617985
vn 0.945886016 0.267675996 -0.183438003
vn 0.867044985 -0.0463505983 -0.496069014
vn 0.0984632 -0.163038 -0.981693983
vn 0.110963002 -0.175738007 -0.978163004
vn 0.0334235989 0.990724027 -0.131716996
vn 0.0354483016 0.991527021 -0.124968
vn 0.0504818 0.991236985 -0.122065999
vn 0.216977999 -0.129746005 -0.967516005
vn 0.270375013 -0.172350004 -0.947202981
vn 0.415600002 -0.0501668006 -0.908163011
vn 0.488584012 -0.160290003 -0.857667029
vn 0.656785011 -0.106537998 -0.746514022
vn 0.0553376004 0.989982009 -0.129895002
vn 0.0742779002 0.990275979 -0.117629997
vn 0.0705702975 0.992403984 -0.100763999
vn 0.112598002 -0.00548154023 -0.993625998
vn 0.122105002 0.0064313598 -0.992496014
vn 0.270025998 -0.00708330981 -0.962827027
vn 0.283192992 0.0122629004 -0.958984017
vn 0.431771994 -0.000434488 -0.901983023
vn 0.412173003 -0.0314438008 -0.910562992
vn 0.534398973 0.0373216011 -0.844407976
vn 0.578764021 -0.0135484999 -0.815382004
vn 0.662469029 0.0691012964 -0.745895028
vn 0.700294971 0.0203368999 -0.713563979
vn 0.114568003 0.155101001 -0.981233001
vn 0.118005 0.159565002 -0.980108976
vn 0.269317001 0.157024994 -0.95016402
vn 0.273766011 0.164306998 -0.947658002
vn 0.427632987 0.162499994 -0.889226973
vn 0.433319002 0.173363999 -0.88440901
vn 0.57198602 0.172640994 -0.801889002
vn 0.578252017 0.187447995 -0.794032991
vn 0.688323021 0.187861994 -0.70065701
vn 0.694573998 0.202005997 -0.690478981
vn 0.113450997 0.310779005 -0.943687022
vn 0.116432004 0.314734012 -0.942012012
vn 0.261429995 0.311996013 -0.913407028
vn 0.264999986 0.318280011 -0.910205007
vn 0.41248399 0.316646993 -0.854161024
vn 0.416604996 0.325776994 -0.848711014
vn 0.549597979 0.32524699 -0.769517004
vn 0.553655028 0.337698013 -0.761201024
vn 0.659224987 0.338490009 -0.671450973
vn 0.663121998 0.350416005 -0.661422014
vn 0.731832981 0.351150006 -0.584048986
vn 0.109307997 0.458508998 -0.881941974
vn 0.111836001 0.461892992 -0.87985599
vn 0.246712998 0.459149003 -0.853413999
vn 0.249559999 0.464527994 -0.849667013
vn 0.386718005 0.462781012 -0.797672987
vn 0.389625013 0.470425993 -0.791764975
vn 0.513388991 0.469637007 -0.718243003
vn 0.51572001 0.479981005 -0.709683001
vn 0.614036024 0.480556011 -0.626119971
vn 0.616039991 0.490305007 -0.616518974
vn 0.680139005 0.491192997 -0.544188023
vn 0.680778027 0.50197202 -0.533447027
vn 0.102268003 0.594511986 -0.797556996
vn 0.104373999 0.597307026 -0.795192003
vn 0.225612998 0.594754994 -0.771598995
vn 0.227733001 0.599030972 -0.767659009
vn 0.35107699 0.597364008 -0.721041977
vn 0.352896988 0.603291988 -0.715193987
vn 0.464302987 0.602625012 -0.649049997
vn 0.465223014 0.61056 -0.64092499
vn 0.553723991 0.611195028 -0.565535009
vn 0.554270029 0.618727982 -0.556740999
vn 0.612119019 0.619406998 -0.491573989
vn 0.611351013 0.627561986 -0.482095003
vn 0.672191024 0.628473997 -0.391382009
vn 0.101689003 0.714666009 -0.692035019
vn 0.0954027995 0.703485012 -0.704276979
vn 0.195214003 0.737891018 -0.64607197
vn 0.252245009 0.689671993 -0.678767979
vn 0.299425006 0.739862978 -0.60245198
vn 0.354817986 0.708234012 -0.610334992
vn 0.403237998 0.73636198 -0.543295979
vn 0.403416008 0.726503015 -0.556280971
vn 0.479808003 0.726894021 -0.491333991
vn 0.479355991 0.732358992 -0.483599007
vn 0.529290974 0.732998013 -0.427276999
vn 0.527702987 0.73872 -0.419310987
vn 0.580443025 0.739309013 -0.341333002
vn 0.574836016 0.748468995 -0.33069399
vn 0.0904940963 0.990262985 -0.105783001
vn 0.0850495994 0.992245018 -0.0906431004
vn 0.102776997 0.991088986 -0.0847313032
vn 0.0971343964 0.991819024 -0.0828310028
vn 0.106013998 0.992107987 -0.0669533014
vn 0.087637499 0.817252994 -0.569576025
vn 0.0889037997 0.819338024 -0.566375971
vn 0.203911006 0.816583991 -0.540009975
vn 0.204561993 0.820438981 -0.533885002
vn 0.300612986 0.819306016 -0.488231003
vn 0.303189993 0.801846027 -0.514896989
vn 0.327136993 0.838545024 -0.435687989
vn 0.396247 0.816483021 -0.419932991
vn 0.392984003 0.828594983 -0.39874199
vn 0.433694988 0.829062998 -0.352934986
vn 0.431811005 0.832714975 -0.346590996
vn 0.474952996 0.833124995 -0.283412993
vn 0.469509989 0.839040995 -0.274901003
vn 0.50565201 0.840160012 -0.196079999
vn 0.0712426007 0.898786008 -0.432559997
vn 0.0724387988 0.900483012 -0.428815991
vn 0.157699004 0.898248017 -0.410221994
vn 0.157928005 0.900704026 -0.404711008
vn 0.224609002 0.899994016 -0.373580992
vn 0.223452002 0.906781971 -0.357513994
vn 0.298317999 0.889867008 -0.345171005
vn 0.290127009 0.906957984 -0.305373996
vn 0.342997998 0.893679023 -0.289292991
vn 0.334091008 0.902354002 -0.272287011
vn 0.341033012 0.917353988 -0.205323994
vn 0.37638399 0.903653979 -0.204316005
vn 0.369053006 0.918361008 -0.142876998
vn 0.370424002 0.917613983 -0.144118994
vn 0.982508004 0.103946999 -0.154507995
vn 0.960689008 0.139967993 -0.239761993
vn 0.866483986 0.0600695014 -0.495577991
vn 0.848833978 0.245186001 -0.468362987
vn 0.862761021 0.389306009 -0.322620004
vn 0.790585995 0.541616023 -0.285703003
vn 0.734355986 0.660625994 -0.155870005
vn 0.602823973 0.789597988 -0.114621997
vn 0.0532125011 0.957195997 -0.28450501
vn 0.054370001 0.958088994 -0.281262994
vn 0.101607002 0.949984014 -0.295307994
vn 0.102729 0.962337017 -0.251702011
vn 0.145664006 0.960458994 -0.237276003
vn 0.178812996 0.948309004 -0.262176991
vn 0.178838998 0.961948991 -0.206567004
vn 0.208272994 0.95511198 -0.210672006
vn 0.201203004 0.964116991 -0.173195004
vn 0.241038993 0.953873992 -0.178953007
vn 0.237313002 0.962098002 -0.134349003
vn 0.277078986 0.951554 -0.133311003
vn 0.244391993 0.964375973 -0.101246998
vn 0.252624005 0.965053022 -0.0696668029
vn 0.979025006 0.0219845008 -0.202552006
vn 0.994449973 0.0738361999 -0.0749543011
vn 0.942107975 -0.0530123003 -0.331090987
vn 0.933296978 0.100739002 -0.344686002
vn 0.943425 0.280725986 -0.176468998
vn 0.89744997 0.403510988 -0.178220004
vn 0.933431983 0.101847 -0.343993992
vn 0.906910002 0.27709201 -0.317387015
vn 0.892820001 0.416817009 -0.170690998
vn 0.819302976 0.549431026 -0.163914993
vn 0.877909005 0.0982829034 -0.468632996
vn 0.908285975 0.248043001 -0.336885005
vn 0.857809007 0.413861006 -0.304767013
vn 0.821924984 0.544405997 -0.167515993
vn 0.72279799 0.676106989 -0.142976001
vn 0.611244977 0.784539998 -0.104287997
vn 0.782931983 0.0620265007 -0.619008005
vn 0.846391022 0.220508993 -0.484766006
vn 0.805801988 0.386792988 -0.448413014
vn 0.797900021 0.522062004 -0.301340997
vn 0.706538975 0.658080995 -0.260253012
vn 0.630288005 0.762737989 -0.144804001
vn 0.490830004 0.863892019 -0.113031
vn 0.548891008 0.832472026 -0.0755605027
vn 0.421133995 0.901968002 -0.0953914002
vn 0.781728983 0.0589486994 -0.620826006
vn 0.771229982 0.219079003 -0.597669005
vn 0.806735992 0.366068989 -0.463865995
vn 0.74485302 0.519780993 -0.418354988
vn 0.715161979 0.643150985 -0.273678005
vn 0.60741502 0.760645986 -0.229052007
vn 0.765919983 0.202812999 -0.610109985
vn 0.734483004 0.364605993 -0.572360992
vn 0.748278975 0.502883017 -0.432651013
vn 0.667254984 0.641269982 -0.378870994
vn 0.616250992 0.750057995 -0.240099996
vn 0.506958008 0.839092016 -0.197277993
vn 0.418832004 0.90317601 -0.0940897018
vn 0.271084011 0.959258974 -0.0795968994
vn 0.0991927013 0.993166983 -0.0614821017
vn 0.114292003 0.992214978 -0.0494615994
vn 0.116719 0.991859019 -0.0509129018
vn -0.00046544199 -0.157304004 -0.98755002
vn -0.00654025003 0.991448998 -0.130327001
vn 0.0186021999 0.95876801 -0.283580989
vn 0.0188186001 0.957912982 -0.286442012
vn 0.0182540007 0.901054025 -0.433324009
vn 0.0184004996 0.900141001 -0.435211003
vn 0.0174282994 0.820149004 -0.571883976
vn 0.0175142996 0.819418013 -0.572928011
vn 0.0161524992 0.718145013 -0.69570601
vn 0.0161847994 0.717799008 -0.696062028
vn 0.0144627998 0.597607017 -0.801658988
vn 0.0144370003 0.597935021 -0.801415026
vn 0.0123953 0.461793005 -0.886901021
vn 0.0123261996 0.462792009 -0.88638097
vn 0.0100151002 0.313941985 -0.949389994
vn 0.00989252981 0.315883011 -0.948746979
vn 0.00737369014 0.158182994 -0.987381995
vn 0.00721437996 0.160854995 -0.986952007
vn 0.00455354992 -0.00184098003 -0.999988019
vn 0.00434100023 0.00181319006 -0.999988973
vn 0.00161322998 -0.161589995 -0.986856997
vn 0.00634862017 0.991446018 -0.130365998
vn 0.0184735991 0.99178803 -0.126550004
vn 0.0187595002 0.991508007 -0.128683999
vn 0.0184735991 0.991298974 -0.130328998
vn 0.0064577302 0.991361022 -0.131001994
vn 0.00638438016 0.957753003 -0.287521988
vn 0.00647246977 0.958064973 -0.286478996
vn 0.00625684997 0.899927974 -0.435992986
vn 0.00632468984 0.900288999 -0.435245991
vn 0.00597136002 0.819244981 -0.573413014
vn 0.00601676991 0.819559991 -0.572961986
vn 0.00553386984 0.717773974 -0.696254015
vn 0.00555258989 0.717930019 -0.696093023
vn 0.00495117018 0.598020971 -0.801464975
vn 0.00495435996 0.598051012 -0.801442027
vn 0.00425104005 0.463160008 -0.88626498
vn 0.0042255302 0.462893009 -0.886403978
vn 0.00343836006 0.316532999 -0.94857502
vn 0.00338734989 0.315964013 -0.94876498
vn 0.00253674993 0.161776006 -0.986823976
vn 0.00246236008 0.160915002 -0.986965001
vn 0.00157250999 0.00299267005 -0.99999398
vn 0.00147489004 0.00184878998 -0.99999702
vn 0.000561613007 -0.157311007 -0.987549007
vn 0.00136257999 -0.157321006 -0.98754698
vn 0.00634616986 0.991264999 -0.131733999
vn 0.0063504898 0.991264999 -0.131729007
vn -0.00654128985 0.991263986 -0.131729007
vn -0.00654010009 0.991448998 -0.130327001
vn -0.00665433984 0.991329014 -0.131233007
vn -0.00657994999 0.958074987 -0.286440998
vn -0.00666970015 0.957750976 -0.287521988
vn -0.00645064982 0.900287986 -0.435247004
vn -0.00651575997 0.89992702 -0.435992986
vn -0.00615468994 0.819552004 -0.572970986
vn -0.00619659014 0.819243014 -0.573413014
vn -0.00570103992 0.717962027 -0.696058989
vn -0.0057218601 0.71777302 -0.696253002
vn -0.00510318996 0.598034024 -0.801454008
vn -0.00510459021 0.598020017 -0.801464975
vn -0.00437841006 0.462875009 -0.886412978
vn -0.00435419986 0.463158995 -0.886264026
vn -0.00353819993 0.315948009 -0.948769987
vn -0.00349207991 0.316531986 -0.94857502
vn -0.00260733999 0.160906002 -0.986966014
vn -0.00254174997 0.161776006 -0.986823976
vn -0.00161310995 0.00184669998 -0.99999702
vn -0.00152813003 0.00299210008 -0.99999398
vn -0.000589001982 -0.155883998 -0.987775028
vn 0.000455058995 -0.155883998 -0.987775028
vn -0.0185425002 0.991773009 -0.126655996
vn -0.00128878001 -0.161506996 -0.986871004
vn -0.00168901996 -0.157319993 -0.987546027
vn -0.00429208018 -0.00177318999 -0.999988973
vn -0.00462997984 0.00180865999 -0.999988019
vn -0.00719593 0.158237994 -0.987375021
vn -0.00744378008 0.160844997 -0.986952007
vn -0.0098979203 0.313986987 -0.949375987
vn -0.0100817997 0.315865993 -0.948750019
vn -0.0123560997 0.461822987 -0.886886001
vn -0.0124541996 0.462772995 -0.886389017
vn -0.0144846002 0.597630024 -0.801640987
vn -0.0145167001 0.59791702 -0.801427007
vn -0.0162474997 0.718155026 -0.695693016
vn -0.0162067004 0.717832029 -0.696027994
vn -0.0175898001 0.820146978 -0.57188201
vn -0.0174799003 0.819411993 -0.572938979
vn -0.0184790008 0.901042998 -0.43333599
vn -0.0183064993 0.900142014 -0.435211986
vn -0.0188950002 0.95875001 -0.283621997
vn -0.0186621007 0.957926989 -0.286404997
vn -0.0188282002 0.991425991 -0.129304007
vn -0.0185407009 0.991302013 -0.130291
vn -0.120693997 0.989322007 -0.0816984028
vn -0.121999003 0.991119981 -0.0529006012
vn -0.113044001 0.99239701 -0.0486732982
vn -0.247115999 0.966114998 -0.0745316967
vn -0.25245899 0.964796007 -0.0737129003
vn -0.403295994 0.909147024 -0.103945002
vn -0.104443997 0.992639005 -0.0613080002
vn -0.241439998 0.963845015 -0.112735003
vn -0.38589099 0.916073024 -0.109081
vn -0.464888006 0.875999987 -0.128464997
vn -0.245919004 0.96271801 -0.112682
vn -0.371206999 0.914541006 -0.160687998
vn -0.527934015 0.840816021 -0.119643003
vn -0.612928987 0.776742995 -0.144875005
vn -0.106426001 0.991240025 -0.0782148018
vn -0.229169995 0.961992025 -0.148500994
vn -0.389777988 0.906934977 -0.159821004
vn -0.503794014 0.839513004 -0.203492999
vn -0.63309598 0.761345983 -0.139796004
vn -0.719989002 0.674174011 -0.164638996
vn -0.233039007 0.960978985 -0.149037004
vn -0.359697998 0.906122983 -0.222618997
vn -0.503102005 0.839911997 -0.203558996
vn -0.603832006 0.758620977 -0.244703993
vn -0.735530019 0.658632994 -0.158737004
vn -0.806600988 0.563211977 -0.179404005
vn -0.0923623964 0.99160701 -0.0904643983
vn -0.0902090967 0.992255986 -0.0853864998
vn -0.209546 0.960466981 -0.183285996
vn -0.366526991 0.903199971 -0.223354995
vn -0.466820002 0.837957025 -0.282680005
vn -0.616181016 0.749243975 -0.242805004
vn -0.701632023 0.655354023 -0.279686004
vn -0.822749972 0.541920006 -0.171478003
vn -0.87679702 0.441691011 -0.190097004
vn -0.212753996 0.959577978 -0.184242994
vn -0.326835006 0.902978003 -0.278943002
vn -0.475115001 0.833153009 -0.283057988
vn -0.570622027 0.746981025 -0.341188997
vn -0.715219975 0.641897976 -0.276454002
vn -0.784132004 0.538365006 -0.308706999
vn -0.892516971 0.413538009 -0.179998994
vn -0.93344897 0.29796499 -0.199726
vn -0.0900577977 0.989090025 -0.116576999
vn -0.0837552994 0.991514027 -0.0994262025
vn -0.184217006 0.959312022 -0.213972002
vn -0.333826005 0.899845004 -0.280782014
vn -0.424879014 0.831731021 -0.357353002
vn -0.580973983 0.739063978 -0.340959996
vn -0.661521018 0.639301002 -0.392024994
vn -0.798210025 0.520228028 -0.303683013
vn -0.849929988 0.409846991 -0.331124991
vn -0.941882014 0.276796997 -0.190372005
vn -0.962517023 0.176985994 -0.205518007
vn -0.991015017 0.0699966997 -0.113977
vn -0.186866 0.958514988 -0.215246007
vn -0.286018997 0.899762988 -0.329573989
vn -0.431782007 0.827587008 -0.358698994
vn -0.518211007 0.737452984 -0.433151007
vn -0.673132002 0.627885997 -0.390709013
vn -0.737384021 0.517536998 -0.434073001
vn -0.863285005 0.387021989 -0.323964
vn -0.897544026 0.272711992 -0.346473008
vn -0.971946001 0.138029993 -0.190440997
vn -0.972302973 -0.0205124002 -0.232822999
vn -0.0708552971 0.991630018 -0.107929997
vn -0.152447999 0.958518028 -0.240835994
vn -0.290715992 0.897499025 -0.331631005
vn -0.369884998 0.826605976 -0.424154997
vn -0.526823997 0.73071003 -0.434188008
vn -0.599303007 0.626107991 -0.498824
vn -0.749629021 0.502162993 -0.431147993
vn -0.79678297 0.384218991 -0.46638301
vn -0.90901202 0.245379001 -0.336878002
vn -0.92759198 0.110260002 -0.356954008
vn -0.160969004 0.955617011 -0.246749997
vn -0.237472996 0.898220003 -0.369875014
vn -0.375128001 0.82327503 -0.426025003
vn -0.449669987 0.729703009 -0.515102029
vn -0.609308004 0.61619997 -0.499040991
vn -0.666476011 0.500172973 -0.552843988
vn -0.808685005 0.36490199 -0.461383998
vn -0.838346004 0.242351994 -0.488305002
vn -0.942057014 0.0640565977 -0.329279989
vn -0.0642575994 0.989049971 -0.132855996
vn -0.063979499 0.98932302 -0.130945995
vn -0.118823998 0.956362009 -0.266932994
vn -0.23308 0.900490999 -0.367137015
vn -0.301568002 0.822950006 -0.481465995
vn -0.456512988 0.724124014 -0.516952991
vn -0.518684983 0.615230024 -0.593680978
vn -0.676935017 0.487232 -0.551693022
vn -0.717921972 0.362910002 -0.59404099
vn -0.848939002 0.219319999 -0.480832994
vn -0.862168014 0.0422517993 -0.504858017
vn -0.89812398 0.106090002 -0.426753014
vn -0.121201999 0.95539701 -0.269309014
vn -0.173042998 0.900461018 -0.399031013
vn -0.305476993 0.820255995 -0.483595014
vn -0.365056992 0.72388798 -0.585422993
vn -0.526637971 0.607187986 -0.594958007
vn -0.575114012 0.486216992 -0.657903016
vn -0.728462994 0.346554011 -0.590967
vn -0.75276798 0.217255995 -0.621402979
vn -0.217436001 -0.145321995 -0.965196013
vn -0.277776986 -0.201609999 -0.939251006
vn -0.256127 0.0203796998 -0.966427982
vn -0.216975003 -0.0277874004 -0.975781977
vn -0.217556998 0.161809996 -0.962541997
vn -0.384039998 -0.0229154993 -0.923031986
vn -0.217274994 0.162247002 -0.962531984
vn -0.211320996 0.316729993 -0.924676001
vn -0.454373002 0.0195501 -0.890596986
vn -0.375633001 -0.0140730003 -0.926662028
vn -0.378778994 0.159976006 -0.911556005
vn -0.211375996 0.316650003 -0.924691021
vn -0.199676007 0.463849992 -0.863117993
vn -0.516483009 -0.164787993 -0.840291977
vn -0.553553998 -0.0245776009 -0.832449973
vn -0.373025 0.169449002 -0.912217021
vn -0.365339994 0.314565986 -0.876114011
vn -0.200242996 0.463090986 -0.863394022
vn -0.183170006 0.598918974 -0.779579997
vn -0.585465014 -0.114064001 -0.802632987
vn -0.525258005 0.0468005985 -0.849654973
vn -0.52414602 0.168320999 -0.834828973
vn -0.35985899 0.322614014 -0.875455022
vn -0.342716992 0.461187989 -0.818444014
vn -0.184026003 0.597882986 -0.780173004
vn -0.162043005 0.718724012 -0.676149011
vn -0.691483021 -0.132256001 -0.710183024
vn -0.516830981 0.180883005 -0.836759984
vn -0.503616989 0.321534991 -0.801863015
vn -0.337742001 0.467646986 -0.816846013
vn -0.311459005 0.596359015 -0.739830971
vn -0.163011 0.717696011 -0.677007973
vn -0.136758998 0.820303023 -0.555337012
vn -0.694751978 -0.141905993 -0.70511198
vn -0.710349023 0.0914189965 -0.697887003
vn -0.656333983 -0.00392246014 -0.75446099
vn -0.654320002 0.180809006 -0.734284997
vn -0.496376008 0.332156986 -0.802048981
vn -0.470551997 0.466773987 -0.748800993
vn -0.307161003 0.601207018 -0.737699986
vn -0.272388995 0.716407001 -0.642313004
vn -0.137924001 0.819266021 -0.556578994
vn -0.108167998 0.900810003 -0.420524001
vn -0.0357338004 0.989998996 -0.136476994
vn -0.0437947996 0.991868019 -0.119494997
vn -0.0808565989 0.956448972 -0.280478001
vn -0.174613997 0.899542987 -0.400415003
vn -0.223765001 0.820398986 -0.526189029
vn -0.370292008 0.719336987 -0.587740004
vn -0.419560999 0.607056975 -0.674871027
vn -0.583889008 0.475401998 -0.658078015
vn -0.617784977 0.345602989 -0.706328988
vn -0.762592971 0.197724 -0.615920007
vn -0.76967603 0.0221187994 -0.638051987
vn -0.816604018 0.0909518972 -0.569986999
vn -0.133472994 -0.137395993 -0.981482029
vn -0.0768627003 0.958359003 -0.275025994
vn -0.109339997 0.899995983 -0.42196101
vn -0.226364002 0.818388999 -0.528204024
vn -0.268801987 0.719829977 -0.639991999
vn -0.425675005 0.600609004 -0.676808
vn -0.463634998 0.475427985 -0.747669995
vn -0.626727998 0.332224011 -0.704868019
vn -0.645596027 0.196798995 -0.737886012
vn -0.0297701992 0.991508007 -0.126590997
vn -0.0379767008 0.958222985 -0.283488989
vn -0.0396054015 0.959092975 -0.280306011
vn -0.0458315015 0.900192022 -0.433075994
vn -0.0483982004 0.902099013 -0.42880699
vn -0.0525016002 0.818967998 -0.571431994
vn -0.0560328998 0.822122991 -0.566546023
vn -0.0578331016 0.716695011 -0.694984019
vn -0.0623002984 0.721131027 -0.689992011
vn -0.0616854988 0.595974028 -0.800630987
vn -0.0670377985 0.601616025 -0.795966983
vn -0.0639114976 0.460081011 -0.885573983
vn -0.0699995011 0.466681987 -0.881650984
vn -0.0643213019 0.312296003 -0.947804987
vn -0.0713248029 0.319943994 -0.944747984
vn -0.0632110015 0.156691998 -0.985623002
vn -0.0708132982 0.164960995 -0.983754992
vn -0.0604045987 -0.00308909989 -0.998169005
vn -0.0796853974 0.0176244006 -0.996663988
vn -0.0678825006 -0.162722006 -0.984333992
vn -0.0446116999 -0.193033993 -0.980176985
vn -0.250636011 0.967149973 -0.0424520001
vn -0.293572992 0.954357028 -0.0549330004
vn -0.520052016 0.850327015 -0.0805594996
vn -0.373634994 0.926290989 -0.0488104001
vn -0.724716008 0.686272979 -0.0617697984
vn -0.822301984 0.565603971 -0.0625438988
vn -0.894345999 0.443295985 -0.0602804013
vn -0.915702999 0.395889997 -0.0689916015
vn -0.983110011 0.162539005 -0.0841175988
vn -0.941197991 0.332718998 -0.0586925
vn -0.996428013 0.0667259023 -0.0517549999
vn -0.997597992 0.0308286007 -0.0620230995
vn -0.127081007 0.99120599 -0.0368850008
vn -0.110094003 0.992989004 -0.0430289991
vn -0.471691996 0.880105019 -0.0540618002
vn -0.615740001 0.785768986 -0.0585765988
vn -0.729005992 0.681842029 -0.0603497997
vn -0.602952003 0.795907974 -0.054588899
vn -0.831727982 0.551198006 -0.066406399
vn -0.970502019 0.235255003 -0.052736301
vn 0.903665006 0.416213989 -0.100776002
vn 0.557483971 0.81655699 -0.149818003
vn 0.0955393016 0.95707798 -0.273629993
vn 0.177040994 0.897763014 -0.403333992
vn 0.190060005 0.902082026 -0.387459993
vn 0.261931002 0.89169699 -0.369147003
vn 0.154608995 0.822212994 -0.54777801
vn 0.206146002 0.717197001 -0.665682018
vn 0.221116006 0.746312022 -0.627794981
vn 0.393339008 0.738900006 -0.547093987
vn 0.400243998 0.767454982 -0.500818014
vn 0.523635983 0.755383015 -0.393956989
vn 0.230489001 0.595907986 -0.769264996
vn 0.239062995 0.618363976 -0.748649001
vn 0.461367011 0.61006099 -0.644178987
vn 0.459547013 0.640304983 -0.615489006
vn 0.627227008 0.637782991 -0.447010994
vn 0.602141976 0.689828992 -0.401946992
vn 0.49664101 0.851679981 -0.167299002
vn 0.246977001 0.459407985 -0.853197992
vn 0.261931986 0.472485006 -0.841516018
vn 0.342992991 0.440573007 -0.829608977
vn 0.520009995 0.517417014 -0.679609001
vn 0.513714015 0.505069017 -0.693543971
vn 0.60245502 0.471305013 -0.644142985
vn 0.689864993 0.513031006 -0.510770023
vn 0.691000998 0.551060021 -0.467815012
vn 0.751977026 0.525098979 -0.398497999
vn 0.783667982 0.570195019 -0.246456996
vn 0.958063006 0.104456 -0.266840994
vn 0.953059018 0.0835400969 -0.291033
vn 0.905095994 0.0761289969 -0.418336987
vn 0.87964201 0.00696665002 -0.475585014
vn 0.834798992 0.0106982999 -0.550451994
vn 0.798214018 -0.0386727005 -0.601131976
vn 0.709896982 -0.0287129991 -0.703719974
vn 0.660908997 -0.076849401 -0.746520996
vn 0.596549988 -0.0683396012 -0.799660981
vn 0.538689017 -0.138797 -0.830992997
vn 0.396795005 -0.120364003 -0.909981012
vn 0.364944011 -0.154002994 -0.91820401
vn 0.239784002 -0.146458 -0.959716022
vn 0.222185999 -0.167669997 -0.960479021
vn 0.0638874993 -0.192692995 -0.979176998
vn 0.0292738006 -0.313151002 -0.949252009
vn 0.226916 0.967611015 -0.110624999
vn 0.338456005 0.911652029 -0.233106002
vn 0.453667015 0.864253998 -0.217372
vn 0.124977 0.986997008 -0.101081997
vn 0.683044016 0.692834973 -0.231150001
vn 0.73417598 0.646032989 -0.208874002
vn 0.845530987 0.493294001 -0.204299003
vn 0.51978898 0.342694998 -0.782546997
vn 0.407184005 0.34572199 -0.845386028
vn 0.211857006 0.315035999 -0.925131977
vn 0.865845978 0.479357004 -0.143278003
vn 0.892356992 0.332940012 -0.304713011
vn 0.85669899 0.331445009 -0.395233989
vn 0.843526006 0.290583014 -0.451692998
vn 0.798300982 0.290336996 -0.527656019
vn 0.776417017 0.251603007 -0.577817023
vn 0.689625025 0.252294004 -0.678795993
vn 0.659151018 0.218189001 -0.719662011
vn 0.593438029 0.219727993 -0.774307013
vn 0.571946025 0.190666005 -0.797824025
vn 0.378639996 0.195705995 -0.904615998
vn 0.381020993 0.198102996 -0.903093994
vn 0.262820989 0.202733994 -0.943305016
vn 0.235631004 0.156979993 -0.959079981
vn 0.951246977 0.278539985 -0.132453993
vn 0.929368019 0.275251001 -0.245989993
vn 0.552053988 0.0369921997 -0.83298701
vn 0.402242005 0.0408844985 -0.914619982
vn 0.386355996 0.0153818 -0.922221005
vn 0.246647999 0.0199861005 -0.968899012
vn 0.232572004 -0.00331111997 -0.972573996
vn 0.991994023 0.0458590984 -0.117661998
vn 0.984682024 0.0951355994 -0.146120995
vn 0.97952503 0.166517004 -0.113153003
vn 0.944133997 0.293603987 -0.149694994
vn -0.0939892977 0.228079006 -0.969094992
vn -0.0955431983 0.392744005 -0.914672017
vn -0.0941494033 0.543851972 -0.833882987
vn -0.112355001 0.680424988 -0.724153996
vn -0.100160003 0.79706198 -0.595534027
vn -0.084956497 0.889788985 -0.448395014
vn -0.461221993 0.88498801 -0.0638019964
vn -0.985554993 0.0562326983 -0.159748003
vn -0.243402004 -0.127330005 -0.961530983
vn -0.210342005 -0.0928775966 -0.973205984
vn -0.427457005 -0.116509996 -0.896495998
vn -0.386242002 -0.0721782967 -0.919569016
vn -0.561007023 -0.0968623981 -0.822125018
vn -0.511731029 -0.0424796008 -0.85809499
vn -0.702585995 -0.0696007982 -0.708186984
vn -0.65398097 -0.00985762011 -0.756447017
vn -0.802420974 -0.0345017016 -0.595759988
vn -0.752484024 0.0315008014 -0.657855988
vn -0.893714011 0.00629787007 -0.448592991
vn -0.851411998 0.0735960007 -0.519308984
vn -0.951856971 0.0513462014 -0.302213013
vn -0.908876002 0.133478999 -0.395130008
vn -0.97349602 0.110532999 -0.200222
vn -0.118923001 0.992621005 -0.0236632992
vn -0.183560997 0.948179007 -0.259348989
vn -0.120628998 0.963410974 -0.239348993
vn -0.226751998 0.954433978 -0.194010004
vn -0.237187997 0.968487024 -0.0759939998
vn -0.293462008 0.954268992 -0.0570132993
vn -0.0821266994 0.881246984 -0.465467006
vn -0.203773007 0.89368403 -0.399756998
vn -0.213788003 0.889757991 -0.403268993
vn -0.328036994 0.909039021 -0.256983012
vn -0.374963999 0.892023027 -0.25238201
vn -0.389041007 0.917273998 -0.0851816013
vn -0.108525999 0.79638797 -0.594968975
vn -0.101519004 0.801654994 -0.589103997
vn -0.297794998 0.793462992 -0.530788004
vn -0.241353005 0.828814983 -0.504791021
vn -0.439319998 0.775933027 -0.452688009
vn -0.429675013 0.859072983 -0.278158993
vn -0.513463974 0.823298991 -0.241935998
vn -0.122405 0.679535985 -0.723358989
vn -0.114703 0.688739002 -0.715879023
vn -0.324640989 0.682332993 -0.655004025
vn -0.308288008 0.695406973 -0.64912802
vn -0.515329003 0.691573977 -0.50612402
vn -0.455226004 0.734152019 -0.503776014
vn -0.623425007 0.696442008 -0.355401009
vn -0.573989987 0.780984998 -0.246166006
vn -0.634131014 0.75455302 -0.168901995
vn -0.132856995 0.542326987 -0.829596996
vn -0.114478 0.574184 -0.810683012
vn -0.217146993 0.530131996 -0.819638014
vn -0.358797997 0.572947979 -0.736881018
vn -0.342723995 0.586211026 -0.734095991
vn -0.463575006 0.544126987 -0.699302971
vn -0.557833016 0.595791996 -0.577800989
vn -0.534301996 0.61292702 -0.582102001
vn -0.637489974 0.577225983 -0.510309994
vn -0.681636989 0.631653011 -0.369305015
vn -0.653726995 0.65191102 -0.384256005
vn -0.730839014 0.620038986 -0.285351008
vn -0.723904014 0.672773004 -0.152768999
vn -0.723746002 0.672894001 -0.152990997
vn -0.101584002 0.397753 -0.911850989
vn -0.239811003 0.392453015 -0.887959003
vn -0.226857007 0.403638005 -0.886348009
vn -0.402411997 0.398048013 -0.824392021
vn -0.382618994 0.414573014 -0.825670004
vn -0.516948998 0.411276013 -0.750743985
vn -0.492365986 0.430523008 -0.756456017
vn -0.634899974 0.428061008 -0.643168986
vn -0.606001019 0.451240987 -0.655090988
vn -0.712993026 0.45046699 -0.537328005
vn -0.682352006 0.475100994 -0.55558598
vn -0.78095597 0.475739986 -0.404695988
vn -0.750129998 0.50247103 -0.429915994
vn -0.815589011 0.504420996 -0.283502996
vn -0.786558986 0.531517029 -0.314348012
vn -0.833386004 0.535272002 -0.137665004
vn -0.82427901 0.545884013 -0.150249004
vn -0.100720003 0.234274998 -0.966938972
vn -0.247954994 0.228708997 -0.941386998
vn -0.234339997 0.242239997 -0.941491008
vn -0.422324002 0.236545995 -0.875036001
vn -0.401984006 0.256431997 -0.879006028
vn -0.546389997 0.252873987 -0.798443973
vn -0.520907998 0.276665002 -0.807533979
vn -0.674884021 0.273983002 -0.685175002
vn -0.645772994 0.302343994 -0.701116979
vn -0.761600971 0.30151701 -0.573629975
vn -0.730925024 0.331999004 -0.596260011
vn -0.838158011 0.332695991 -0.432209015
vn -0.807962 0.365745991 -0.461982995
vn -0.879356027 0.36787501 -0.302327007
vn -0.856662989 0.395523012 -0.331194997
vn -0.89734602 0.413033992 -0.155478001
vn -0.926003993 0.361137003 -0.109981
vn -0.0971127972 0.0637587011 -0.993228972
vn -0.249110997 0.0581045002 -0.966729999
vn -0.234505996 0.0739895031 -0.969295025
vn -0.430660993 0.0679252967 -0.899954021
vn -0.409359008 0.0912868008 -0.907795012
vn -0.560696006 0.0875611976 -0.82337898
vn -0.534865975 0.115263999 -0.837037981
vn -0.697112024 0.112577997 -0.708069026
vn -0.668178022 0.145871997 -0.729561985
vn -0.790871978 0.144995004 -0.594558001
vn -0.761103988 0.180867001 -0.622902989
vn -0.875182986 0.181626007 -0.448404998
vn -0.84670198 0.220742002 -0.484117001
vn -0.926208019 0.222898006 -0.304064989
vn -0.89605099 0.271203995 -0.351484001
vn -0.955259025 0.270617992 -0.119355999
vn -0.941123009 0.310591012 -0.133497
vn -0.0894474983 0.0564075001 -0.994392991
vn -0.090675503 -0.108608998 -0.989939988
vn -0.0792635977 -0.116596997 -0.990010977
vn -0.0417159982 -0.285746992 -0.957396984
vn -0.0441904999 0.792976022 -0.607648015
vn -0.0153751001 -0.0656808019 -0.99772203
vn -0.00280171004 -0.301275998 -0.953532994
vn -0.0045192102 -0.301351994 -0.953501999
vn -0.0127830002 -0.160524994 -0.986949027
vn -0.0113263 -0.144856006 -0.989387989
vn -0.0046088798 -0.302498013 -0.953139007
vn -0.0195598993 0.0293061994 -0.999378979
vn -0.0257626008 0.158250004 -0.987062991
vn -0.0281186998 0.174789995 -0.984203994
vn -0.0289188009 0.285977006 -0.957799971
vn -0.0347328 0.32991299 -0.943372011
vn -0.0402224995 0.476621985 -0.878188014
vn -0.0337471999 0.425657004 -0.904254973
vn -0.0419893004 0.689747989 -0.722831011
vn -0.0446333997 0.611019015 -0.79035598
vn -0.0376709998 0.563345015 -0.82536298
vn -0.0505025014 0.829415977 -0.556344986
vn -0.0432865992 0.982397974 -0.181714997
vn -0.0515622012 0.962782025 -0.265316993
vn -0.0450773016 0.940033019 -0.338093013
vn -0.0456112996 0.99694401 -0.0634291992
vn -0.0503153987 0.992922008 -0.107585996
vn -0.044313699 0.993196011 -0.107694
vn -0.0456796996 0.99237299 -0.114491999
vn -0.0435694009 0.991825998 -0.119925998
vn -0.0484555997 0.907948017 -0.416271001
vn -0.0516549014 0.907800019 -0.416209996
vn -0.0453712009 0.87657702 -0.47911799
vn -0.043706499 0.892553985 -0.448817015
vn -0.0478601009 0.962953985 -0.265385002
vn -0.0447959006 0.957009017 -0.286579996
vn -0.044876501 0.685009003 -0.727150977
vn -0.0458909012 0.729707003 -0.682218015
vn -0.0481601991 0.729602993 -0.682173014
vn -0.0441893004 0.792905986 -0.607739985
vn -0.0367228985 0.685425997 -0.727214992
vn -0.0473572016 0.800567985 -0.597368002
vn -0.0478410013 0.829539001 -0.556396008
vn -0.0409087017 0.80092603 -0.597364008
vn -0.0483465008 0.892041981 -0.449360013
vn -0.0311105009 0.549139977 -0.835151017
vn -0.0426687002 0.611109018 -0.790395975
vn -0.0409896001 0.548633993 -0.83505702
vn -0.0330144018 0.476938993 -0.878315985
vn -0.0358203016 0.395922989 -0.917585015
vn -0.0279274993 0.33021301 -0.943493009
vn -0.0295006 0.231066003 -0.972491026
vn -0.0222063996 0.175050005 -0.984309018
vn -0.0205274001 0.0150736002 -0.999675989
vn -0.0160006993 0.0152729005 -0.999755025
vn -0.0222282 0.0591240004 -0.998003006
vn -0.00571691012 -0.284604996 -0.958627999
vn -0.00948132016 -0.144775003 -0.989418983
vn -0.0142323002 -0.114427 -0.993330002
vn 0.0471782014 0.993795991 -0.100713998
vn 0.0490518995 0.962454975 -0.266970992
vn 0.0507727005 0.965043008 -0.257126004
vn 0.0518075004 0.906201005 -0.419663012
vn 0.0495596007 0.935663998 -0.349393994
vn 0.0503888018 0.826066971 -0.561313987
vn 0.0487716012 0.896111012 -0.441143006
vn 0.0499013998 0.723914981 -0.68808198
vn 0.0479836985 0.749189973 -0.660615027
vn 0.0485311002 0.818533003 -0.572405994
vn 0.0464210995 0.602747023 -0.79658097
vn 0.0434717983 0.672039986 -0.739238024
vn 0.0417498015 0.466711015 -0.883423984
vn 0.0415934995 0.465557009 -0.884039998
vn 0.0403025001 0.554624021 -0.831124008
vn 0.0339034982 0.373997986 -0.926810026
vn 0.0364482999 0.316083014 -0.948031008
vn 0.0216400009 0.0745159015 -0.996985018
vn 0.0298343003 0.158074006 -0.986976981
vn 0.0278111994 0.222091004 -0.974628985
vn 0.0227639005 -0.00840014033 -0.99970597
vn 0.0226322003 -0.00386110996 -0.999736011
vn 0.0137609001 -0.0938538015 -0.995491028
vn 0.0150247999 -0.165958002 -0.986018002
vn 0.00575882988 -0.247149006 -0.968959987
vn 0.00703688012 -0.323545009 -0.946187019
vn 0.00160457997 -0.367953002 -0.929843009
vn 0.0471936986 0.962538004 -0.267008007
vn 0.0473908 0.962100983 -0.268543005
vn 0.0476750992 0.906388998 -0.419744998
vn 0.0477036014 0.906287014 -0.419963002
vn 0.0468963012 0.826225996 -0.561383009
vn 0.0467794985 0.826825023 -0.56050998
vn 0.0448835008 0.724144995 -0.688184977
vn 0.0446267016 0.72587502 -0.686378002
vn 0.0416763984 0.602964997 -0.79667902
vn 0.0413158983 0.605979025 -0.79440701
vn 0.0373801999 0.465748996 -0.884127021
vn 0.0369197987 0.470317006 -0.881725013
vn 0.032101199 0.316280991 -0.948122025
vn 0.0315581001 0.322423011 -0.946069002
vn 0.0259815007 0.158248007 -0.987057984
vn 0.0253491998 0.166087002 -0.985785007
vn 0.0191861 -0.00370591995 -0.999809027
vn 0.0184764992 0.00554809021 -0.999813974
vn 0.0118987001 -0.165818006 -0.986084998
vn 0.0110494001 -0.154659003 -0.987905979
vn 0.00433273008 -0.323424995 -0.946244001
vn 0.00332508003 -0.312144011 -0.950029016
vn 0.0483317003 0.99307102 -0.10712
vn 0.0457990989 0.993184984 -0.107170001
vn 0.0454795994 0.992872 -0.110165
vn -0.472032994 0.243765995 0.847208977
vn -0.49365899 0.273782998 0.825434983
vn -0.401068002 0.560710013 0.724394977
vn -0.417836994 0.586211026 0.694095016
vn -0.291628003 0.796019971 0.530381978
vn -0.304284006 0.827669978 0.471565008
vn -0.176862001 0.915031016 0.362542987
vn -0.160065994 0.968886971 0.188776001
vn -0.0129645001 0.993745029 0.110916004
vn 0.0129637998 0.993745983 -0.110910997
vn 0.160070002 0.968886971 -0.188775003
vn 0.179798007 0.898747027 -0.399908006
vn 0.318415999 0.827158988 -0.463055015
vn 0.320349008 0.695367992 -0.64330399
vn 0.443001002 0.585675001 -0.678775012
vn 0.417661011 0.408091009 -0.811801016
vn 0.503041029 0.296355993 -0.811864018
vn 0.483911008 0.0871058032 -0.870772004
vn 0.497018993 0.109107003 -0.860853016
vn 0.498102993 -0.0871170983 -0.862730026
vn 0.478147 -0.126100004 -0.869180024
vn 0.504135013 -0.279971987 -0.816983998
vn 0.411096007 -0.436241001 -0.800433993
vn 0.451914012 -0.560214996 -0.694213986
vn 0.309356004 -0.717332006 -0.624285996
vn 0.331133991 -0.809342027 -0.485092998
vn 0.165717006 -0.911879003 -0.375517994
vn 0.175069004 -0.960847974 -0.214760005
vn -0.00251334999 -0.996452987 -0.0841113031
vn 0.00168772996 -0.998400986 0.0565032996
vn -0.158163995 -0.959780991 0.231959999
vn -0.149708003 -0.961683989 0.229678005
vn -0.259597987 -0.840898991 0.474866986
vn -0.277693987 -0.83159399 0.480975002
vn -0.361268014 -0.691340029 0.625726998
vn -0.378024995 -0.678831995 0.629510999
vn -0.436894 -0.43660301 0.786449015
vn -0.469170988 -0.408385992 0.783007026
vn -0.484470993 -0.102623001 0.868767023
vn -0.511529982 -0.0716018975 0.856276989
vn 0.865891993 4.38039024e-05 0.500231981
vn 0.866024017 -1.07326996e-05 0.500002027
vn 0.866047978 -3.75458003e-05 0.499960005
vn 0.866030991 -1.59174997e-05 0.499989986
vn 0.866024017 3.90828973e-06 0.500002027
vn 0.866021991 1.06994994e-05 0.500006974
vn 0.866019011 3.27458984e-05 0.500010014
vn 0.866030991 -1.54699992e-05 0.499991
vn 0.866026998 -1.64350986e-05 0.49999699
vn 0.866025984 8.60828004e-06 0.5
vn 0.866025984 9.35993921e-06 0.5
vn 0.866023004 -1.32514997e-05 0.500003994
vn 0.866016984 -2.7787999e-05 0.50001502
vn 0.866029024 1.3708499e-05 0.49999401
vn 0.866046011 3.46425986e-05 0.499963999
vn 0.866025984 -2.79132996e-06 0.499998987
vn 0.866034985 1.95066987e-05 0.499983996
vn 0.865904987 -4.13931994e-05 0.50020802
vn 0.866025984 1.21008998e-05 0.499998987
vn 1 0 0
vn -0.996192992 0.0871774033 0
vn -0.965930998 0.258798987 0
vn -0.906298995 0.422637999 0
vn -0.819140971 0.57359302 0
vn -0.707126975 0.70708698 0
vn -0.573575974 0.819151998 0
vn -0.422610015 0.906311989 0
vn -0.258816987 0.965927005 0
vn -0.0871576965 0.996195018 0
vn 0.0871576965 0.996195018 0
vn 0.258816987 0.965927005 0
vn 0.422610015 0.906311989 0
vn 0.573575974 0.819151998 0
vn 0.707090974 0.707122982 0
vn 0.819173992 0.573544979 0
vn 0.906298995 0.422637999 0
vn 0.965930998 0.258798987 0
vn 0.996192992 0.0871774033 0
vn 0.996192992 -0.0871774033 0
vn 0.965930998 -0.258798987 0
vn 0.906298995 -0.422637999 0
vn 0.819173992 -0.573544979 0
vn 0.707090974 -0.707122982 0
vn 0.573575974 -0.819151998 0
vn 0.422610015 -0.906311989 0
vn 0.258816987 -0.965927005 0
vn 0.0871576965 -0.996195018 0
vn -0.0871576965 -0.996195018 0
vn -0.258816987 -0.965927005 0
vn -0.422610015 -0.906311989 0
vn -0.573575974 -0.819151998 0
vn -0.707126975 -0.70708698 0
vn -0.819140971 -0.57359302 0
vn -0.906298995 -0.422637999 0
vn -0.965930998 -0.258798987 0
vn -0.996192992 -0.0871774033 0

# Mesh 'shape0-lib' with 8467 faces
g shape0-lib
usemtl DefaultMaterial
f  1//1 2//1 3//1
f  3//1 2//1 4//1
f  4//2 2//2 5//2
f  4//3 5//3 6//3
f  6//4 5//4 7//4
f  7//5 5//5 8//5
f  7//1 8//1 9//1
f  9//1 8//1 10//1
f  9//1 10//1 11//1
f  11//1 10//1 12//1
f  11//1 12//1 13//1
f  13//1 12//1 14//1
f  13//1 14//1 15//1
f  15//1 14//1 16//1
f  15//1 16//1 17//1
f  17//1 16//1 18//1
f  17//1 18//1 19//1
f  19//1 18//1 20//1
f  19//1 20//1 21//1
f  21//1 20//1 22//1
f  21//1 22//1 23//1
f  23//1 22//1 24//1
f  23//1 24//1 25//1
f  25//1 24//1 26//1
f  25//1 26//1 27//1
f  27//1 26//1 28//1
f  27//1 28//1 29//1
f  29//1 28//1 30//1
f  29//1 30//1 31//1
f  31//1 30//1 32//1
f  31//1 32//1 33//1
f  33//1 32//1 34//1
f  33//1 34//1 35//1
f  35//1 34//1 36//1
f  35//1 36//1 37//1
f  37//1 36//1 38//1
f  37//1 38//1 39//1
f  39//1 38//1 40//1
f  39//1 40//1 41//1
f  41//1 40//1 42//1
f  41//1 42//1 43//1
f  43//1 42//1 44//1
f  43//1 44//1 45//1
f  45//1 44//1 46//1
f  45//1 46//1 47//1
f  47//1 46//1 48//1
f  47//1 48//1 49//1
f  49//1 48//1 50//1
f  49//1 50//1 51//1
f  51//1 50//1 52//1
f  51//1 52//1 53//1
f  53//1 52//1 54//1
f  53//1 54//1 55//1
f  55//1 54//1 56//1
f  56//1 54//1 57//1
f  56//1 57//1 58//1
f  58//1 57//1 59//1
f  58//1 59//1 60//1
f  60//1 59//1 61//1
f  60//1 61//1 62//1
f  62//1 61//1 63//1
f  62//1 63//1 64//1
f  64//1 63//1 65//1
f  64//1 65//1 66//1
f  66//1 65//1 67//1
f  66//1 67//1 68//1
f  68//1 67//1 69//1
f  68//1 69//1 1//1
f  1//1 69//1 2//1
f  70//6 71//6 72//6
f  72//7 71//7 73//7
f  72//8 73//8 74//8
f  72//9 74//9 75//9
f  75//10 74//10 76//10
f  75//11 76//11 77//11
f  75//12 77//12 78//12
f  78//13 77//13 79//13
f  78//14 79//14 80//14
f  78//15 80//15 81//15
f  81//16 80//16 82//16
f  81//17 82//17 83//17
f  81//18 83//18 84//18
f  84//19 83//19 85//19
f  84//20 85//20 86//20
f  84//21 86//21 87//21
f  87//22 86//22 88//22
f  87//23 88//23 89//23
f  89//24 88//24 90//24
f  89//25 90//25 91//25
f  89//26 91//26 92//26
f  92//27 91//27 93//27
f  92//28 93//28 94//28
f  92//29 94//29 95//29
f  95//30 94//30 96//30
f  95//31 96//31 97//31
f  95//32 97//32 98//32
f  98//33 97//33 99//33
f  98//34 99//34 100//34
f  98//35 100//35 101//35
f  101//36 100//36 102//36
f  101//37 102//37 103//37
f  101//38 103//38 104//38
f  104//39 103//39 105//39
f  104//40 105//40 106//40
f  104//41 106//41 107//41
f  107//42 106//42 108//42
f  107//43 108//43 109//43
f  107//44 109//44 110//44
f  110//45 109//45 111//45
f  110//46 111//46 112//46
f  110//47 112//47 113//47
f  113//48 112//48 114//48
f  113//49 114//49 115//49
f  113//50 115//50 116//50
f  116//51 115//51 117//51
f  116//52 117//52 118//52
f  116//53 118//53 119//53
f  119//54 118//54 120//54
f  119//55 120//55 121//55
f  119//56 121//56 122//56
f  122//57 121//57 123//57
f  122//58 123//58 70//58
f  70//59 123//59 124//59
f  70//60 124//60 71//60
f  125//61 126//61 127//61
f  127//62 126//62 128//62
f  128//63 129//63 130//63
f  130//64 129//64 131//64
f  130//65 127//65 128//65
f  132//66 133//66 134//66
f  134//67 133//67 135//67
f  134//68 135//68 136//68
f  136//69 135//69 137//69
f  136//70 137//70 138//70
f  127//71 139//71 125//71
f  125//72 139//72 140//72
f  125//73 140//73 136//73
f  125//74 136//74 141//74
f  141//75 136//75 138//75
f  133//76 132//76 142//76
f  142//77 132//77 143//77
f  142//78 143//78 144//78
f  144//79 143//79 145//79
f  144//80 145//80 146//80
f  146//81 145//81 147//81
f  146//82 147//82 148//82
f  149//83 150//83 151//83
f  150//84 149//84 152//84
f  150//85 152//85 153//85
f  153//86 152//86 154//86
f  154//87 155//87 153//87
f  153//88 155//88 156//88
f  153//89 156//89 157//89
f  157//90 156//90 158//90
f  157//91 158//91 147//91
f  147//92 158//92 159//92
f  147//93 159//93 148//93
f  160//94 161//94 162//94
f  163//95 164//95 165//95
f  165//96 164//96 166//96
f  167//97 168//97 166//97
f  166//98 168//98 165//98
f  169//99 170//99 167//99
f  167//100 170//100 168//100
f  170//101 169//101 171//101
f  171//102 169//102 172//102
f  171//103 172//103 173//103
f  173//104 172//104 174//104
f  175//105 176//105 174//105
f  174//106 176//106 173//106
f  177//107 178//107 175//107
f  175//108 178//108 176//108
f  178//109 177//109 179//109
f  179//110 177//110 180//110
f  181//111 182//111 183//111
f  183//112 182//112 184//112
f  185//113 186//113 184//113
f  184//114 186//114 183//114
f  187//115 188//115 185//115
f  185//116 188//116 186//116
f  189//117 190//117 187//117
f  187//118 190//118 188//118
f  191//119 192//119 189//119
f  189//120 192//120 190//120
f  193//121 194//121 195//121
f  195//122 196//122 193//122
f  193//123 196//123 191//123
f  191//124 196//124 192//124
f  197//125 198//125 194//125
f  194//126 198//126 195//126
f  199//127 198//127 197//127
f  160//128 164//128 163//128
f  160//129 163//129 200//129
f  161//130 201//130 197//130
f  197//131 201//131 202//131
f  197//132 202//132 199//132
f  160//133 162//133 164//133
f  164//134 162//134 203//134
f  164//135 203//135 166//135
f  166//136 203//136 204//136
f  166//137 204//137 167//137
f  167//138 204//138 205//138
f  167//139 205//139 169//139
f  169//140 205//140 206//140
f  169//141 206//141 172//141
f  172//142 206//142 207//142
f  172//143 207//143 174//143
f  174//144 207//144 208//144
f  174//145 208//145 175//145
f  175//146 208//146 209//146
f  175//147 209//147 177//147
f  177//148 209//148 210//148
f  177//149 210//149 180//149
f  161//150 197//150 162//150
f  162//151 197//151 194//151
f  162//152 194//152 203//152
f  203//153 194//153 193//153
f  203//154 193//154 204//154
f  204//155 193//155 191//155
f  204//156 191//156 205//156
f  205//157 191//157 189//157
f  205//158 189//158 206//158
f  206//159 189//159 187//159
f  206//160 187//160 207//160
f  207//161 187//161 185//161
f  207//162 185//162 208//162
f  208//163 185//163 184//163
f  208//164 184//164 209//164
f  209//165 184//165 182//165
f  209//166 182//166 210//166
f  211//167 212//167 213//167
f  213//168 212//168 214//168
f  213//169 214//169 215//169
f  215//170 214//170 216//170
f  215//171 216//171 217//171
f  217//172 216//172 218//172
f  217//173 218//173 219//173
f  219//174 218//174 220//174
f  219//175 220//175 221//175
f  221//176 220//176 222//176
f  221//177 222//177 223//177
f  223//178 222//178 224//178
f  223//179 224//179 225//179
f  225//180 224//180 226//180
f  225//181 226//181 227//181
f  227//182 226//182 228//182
f  227//183 228//183 229//183
f  229//184 228//184 230//184
f  229//185 230//185 231//185
f  231//186 230//186 232//186
f  231//187 232//187 233//187
f  233//188 232//188 234//188
f  233//189 234//189 235//189
f  235//190 234//190 236//190
f  235//191 236//191 237//191
f  237//192 236//192 238//192
f  237//193 238//193 239//193
f  239//194 238//194 240//194
f  239//195 240//195 241//195
f  241//196 240//196 242//196
f  241//197 242//197 243//197
f  243//198 242//198 244//198
f  243//199 244//199 245//199
f  245//200 244//200 246//200
f  245//201 246//201 247//201
f  247//202 246//202 248//202
f  247//203 248//203 249//203
f  249//204 248//204 250//204
f  249//205 250//205 251//205
f  251//206 250//206 252//206
f  251//207 252//207 253//207
f  253//208 252//208 254//208
f  253//209 254//209 255//209
f  255//210 254//210 256//210
f  255//211 256//211 257//211
f  257//212 256//212 258//212
f  257//213 258//213 259//213
f  259//214 258//214 260//214
f  259//215 260//215 261//215
f  261//216 260//216 262//216
f  261//217 262//217 263//217
f  263//218 262//218 264//218
f  263//219 264//219 265//219
f  265//220 264//220 266//220
f  265//221 266//221 267//221
f  267//222 266//222 268//222
f  267//223 268//223 269//223
f  269//224 268//224 270//224
f  269//225 270//225 271//225
f  271//226 270//226 272//226
f  271//227 272//227 273//227
f  273//228 272//228 274//228
f  273//229 274//229 275//229
f  275//230 274//230 276//230
f  275//231 276//231 277//231
f  277//232 276//232 278//232
f  277//233 278//233 279//233
f  279//234 278//234 280//234
f  279//235 280//235 281//235
f  281//236 280//236 282//236
f  281//237 282//237 211//237
f  211//238 282//238 212//238
f  283//239 284//239 285//239
f  286//240 287//240 288//240
f  289//241 290//241 291//241
f  292//242 293//242 294//242
f  294//243 293//243 295//243
f  294//244 295//244 296//244
f  297//245 298//245 294//245
f  294//246 298//246 299//246
f  294//247 299//247 292//247
f  300//248 301//248 302//248
f  302//249 301//249 303//249
f  302//250 303//250 304//250
f  304//251 305//251 302//251
f  302//252 305//252 306//252
f  302//253 306//253 307//253
f  308//254 309//254 310//254
f  311//255 312//255 313//255
f  311//256 313//256 310//256
f  310//257 313//257 314//257
f  310//258 314//258 308//258
f  310//259 309//259 315//259
f  310//260 315//260 294//260
f  294//261 315//261 316//261
f  294//262 316//262 297//262
f  317//263 318//263 319//263
f  319//264 318//264 320//264
f  319//265 320//265 311//265
f  311//266 320//266 321//266
f  311//267 321//267 312//267
f  317//268 319//268 322//268
f  322//269 319//269 323//269
f  322//270 323//270 324//270
f  325//271 326//271 327//271
f  327//272 326//272 328//272
f  328//273 329//273 327//273
f  327//274 329//274 330//274
f  327//275 330//275 323//275
f  323//276 330//276 324//276
f  331//277 332//277 333//277
f  333//278 332//278 334//278
f  333//279 334//279 335//279
f  336//280 337//280 333//280
f  333//281 337//281 338//281
f  333//282 338//282 331//282
f  339//283 340//283 341//283
f  341//284 340//284 342//284
f  341//285 342//285 343//285
f  343//286 344//286 341//286
f  341//287 344//287 345//287
f  341//288 345//288 346//288
f  346//289 347//289 341//289
f  341//290 347//290 348//290
f  341//291 348//291 327//291
f  327//292 348//292 349//292
f  327//293 349//293 325//293
f  350//294 351//294 352//294
f  353//295 354//295 355//295
f  353//296 355//296 352//296
f  352//297 355//297 356//297
f  352//298 356//298 350//298
f  352//299 351//299 357//299
f  352//300 357//300 333//300
f  333//301 357//301 358//301
f  333//302 358//302 336//302
f  359//303 360//303 361//303
f  361//304 360//304 362//304
f  361//305 362//305 353//305
f  353//306 362//306 363//306
f  353//307 363//307 354//307
f  359//308 361//308 364//308
f  364//309 361//309 365//309
f  364//310 365//310 366//310
f  367//311 368//311 369//311
f  367//312 369//312 370//312
f  307//313 371//313 302//313
f  302//314 371//314 372//314
f  302//315 372//315 369//315
f  369//316 372//316 373//316
f  369//317 373//317 370//317
f  368//318 374//318 369//318
f  369//319 374//319 375//319
f  369//320 375//320 365//320
f  365//321 375//321 366//321
f  376//322 377//322 378//322
f  379//323 380//323 377//323
f  377//324 380//324 381//324
f  377//325 381//325 378//325
f  376//326 382//326 377//326
f  377//327 382//327 383//327
f  377//328 383//328 384//328
f  383//329 385//329 384//329
f  384//330 385//330 386//330
f  386//331 387//331 384//331
f  384//332 387//332 388//332
f  384//333 388//333 389//333
f  390//334 391//334 392//334
f  391//335 393//335 392//335
f  392//336 393//336 394//336
f  392//337 394//337 377//337
f  377//338 394//338 395//338
f  377//339 395//339 379//339
f  396//340 397//340 398//340
f  396//341 398//341 399//341
f  399//342 398//342 400//342
f  399//343 400//343 401//343
f  399//344 401//344 402//344
f  399//345 402//345 392//345
f  392//346 402//346 403//346
f  392//347 403//347 390//347
f  404//348 405//348 406//348
f  406//349 405//349 407//349
f  406//350 407//350 396//350
f  396//351 407//351 408//351
f  396//352 408//352 397//352
f  409//353 410//353 411//353
f  410//354 412//354 411//354
f  411//355 412//355 413//355
f  411//356 413//356 406//356
f  406//357 413//357 404//357
f  414//358 415//358 416//358
f  417//359 418//359 415//359
f  415//360 418//360 419//360
f  415//361 419//361 416//361
f  414//362 420//362 415//362
f  415//363 420//363 421//363
f  415//364 421//364 422//364
f  421//365 423//365 422//365
f  422//366 423//366 424//366
f  424//367 425//367 422//367
f  422//368 425//368 426//368
f  422//369 426//369 427//369
f  427//370 428//370 422//370
f  422//371 428//371 429//371
f  422//372 429//372 411//372
f  411//373 429//373 430//373
f  411//374 430//374 409//374
f  431//375 432//375 433//375
f  432//376 434//376 433//376
f  433//374 434//374 435//374
f  433//377 435//377 415//377
f  415//378 435//378 436//378
f  415//379 436//379 417//379
f  437//380 438//380 439//380
f  437//381 439//381 440//381
f  440//382 439//382 441//382
f  440//383 441//383 442//383
f  440//384 442//384 443//384
f  440//385 443//385 433//385
f  433//386 443//386 444//386
f  433//387 444//387 431//387
f  445//388 446//388 447//388
f  447//389 446//389 448//389
f  447//390 448//390 437//390
f  437//391 448//391 449//391
f  437//392 449//392 438//392
f  450//393 451//393 452//393
f  389//394 453//394 384//394
f  384//395 453//395 454//395
f  384//396 454//396 452//396
f  452//397 454//397 455//397
f  452//336 455//336 450//336
f  451//398 456//398 452//398
f  452//399 456//399 457//399
f  452//400 457//400 447//400
f  447//401 457//401 445//401
f  458//402 459//402 294//402
f  460//403 461//403 458//403
f  462//404 463//404 302//404
f  464//405 465//405 302//405
f  302//406 465//406 462//406
f  302//407 463//407 466//407
f  466//408 467//408 302//408
f  302//409 467//409 468//409
f  458//410 469//410 470//410
f  470//411 471//411 458//411
f  458//412 471//412 472//412
f  473//413 474//413 472//413
f  472//414 474//414 475//414
f  472//415 475//415 458//415
f  458//416 475//416 460//416
f  296//417 300//417 294//417
f  294//418 300//418 302//418
f  294//402 302//402 458//402
f  458//419 302//419 468//419
f  458//420 468//420 469//420
f  476//421 477//421 459//421
f  459//422 477//422 478//422
f  479//423 480//423 459//423
f  459//424 480//424 481//424
f  459//425 481//425 476//425
f  459//426 478//426 482//426
f  482//427 483//427 459//427
f  459//428 483//428 484//428
f  459//429 484//429 294//429
f  294//430 484//430 485//430
f  294//431 485//431 486//431
f  486//432 487//432 294//432
f  487//433 488//433 294//433
f  294//434 488//434 489//434
f  294//435 489//435 490//435
f  490//436 491//436 294//436
f  294//437 491//437 492//437
f  492//438 491//438 493//438
f  494//439 495//439 496//439
f  497//440 498//440 464//440
f  496//441 499//441 494//441
f  494//442 499//442 464//442
f  464//443 499//443 497//443
f  464//444 498//444 465//444
f  500//445 501//445 502//445
f  502//446 501//446 503//446
f  502//447 503//447 504//447
f  504//448 503//448 505//448
f  505//449 503//449 506//449
f  505//450 506//450 507//450
f  507//451 506//451 508//451
f  507//452 508//452 287//452
f  287//453 508//453 509//453
f  509//454 510//454 287//454
f  287//455 510//455 511//455
f  512//456 288//456 513//456
f  513//457 288//457 287//457
f  513//458 287//458 511//458
f  512//459 514//459 288//459
f  288//460 514//460 515//460
f  288//461 515//461 516//461
f  288//462 516//462 517//462
f  517//463 518//463 288//463
f  288//464 518//464 519//464
f  288//465 519//465 494//465
f  494//466 519//466 495//466
f  520//467 521//467 522//467
f  520//468 522//468 523//468
f  520//469 523//469 500//469
f  500//470 523//470 501//470
f  524//471 525//471 521//471
f  521//472 525//472 522//472
f  524//473 526//473 527//473
f  524//474 527//474 525//474
f  524//475 528//475 526//475
f  526//476 528//476 473//476
f  472//477 526//477 473//477
f  529//478 530//478 531//478
f  529//479 531//479 532//479
f  529//480 532//480 533//480
f  534//481 535//481 536//481
f  534//482 536//482 341//482
f  341//483 536//483 537//483
f  341//484 537//484 538//484
f  341//485 538//485 539//485
f  539//486 540//486 341//486
f  341//487 540//487 541//487
f  341//488 541//488 542//488
f  542//489 543//489 341//489
f  341//490 543//490 544//490
f  341//491 544//491 545//491
f  545//492 546//492 341//492
f  341//493 546//493 333//493
f  341//494 333//494 339//494
f  339//495 333//495 335//495
f  547//496 548//496 549//496
f  550//497 551//497 552//497
f  553//498 554//498 550//498
f  550//499 554//499 555//499
f  550//500 555//500 551//500
f  556//501 557//501 550//501
f  550//502 557//502 558//502
f  558//503 559//503 550//503
f  550//504 559//504 560//504
f  550//505 560//505 553//505
f  556//506 550//506 561//506
f  561//507 550//507 552//507
f  561//508 552//508 547//508
f  547//509 552//509 548//509
f  546//510 549//510 333//510
f  333//511 549//511 562//511
f  562//512 549//512 548//512
f  333//513 562//513 563//513
f  333//514 563//514 564//514
f  333//515 564//515 565//515
f  565//516 566//516 333//516
f  566//517 567//517 333//517
f  333//518 567//518 568//518
f  333//519 568//519 569//519
f  569//520 570//520 333//520
f  333//521 570//521 529//521
f  529//522 570//522 530//522
f  534//523 571//523 535//523
f  572//524 573//524 574//524
f  574//525 573//525 575//525
f  574//526 575//526 534//526
f  534//527 575//527 576//527
f  534//528 576//528 571//528
f  577//529 578//529 572//529
f  572//530 578//530 573//530
f  579//531 580//531 581//531
f  579//532 581//532 577//532
f  577//533 581//533 578//533
f  580//534 579//534 582//534
f  582//535 579//535 583//535
f  582//536 583//536 584//536
f  584//537 583//537 585//537
f  584//538 585//538 586//538
f  586//539 585//539 587//539
f  586//540 587//540 588//540
f  588//541 587//541 589//541
f  588//542 589//542 590//542
f  590//543 589//543 591//543
f  591//544 589//544 592//544
f  591//545 592//545 593//545
f  593//546 592//546 594//546
f  594//547 592//547 595//547
f  594//548 595//548 596//548
f  596//549 595//549 597//549
f  597//550 595//550 598//550
f  597//551 598//551 599//551
f  599//552 598//552 600//552
f  599//553 600//553 601//553
f  601//554 600//554 602//554
f  602//555 600//555 603//555
f  602//556 603//556 604//556
f  604//557 603//557 605//557
f  604//558 605//558 606//558
f  606//559 605//559 607//559
f  606//560 607//560 608//560
f  608//561 607//561 609//561
f  608//562 609//562 610//562
f  610//563 609//563 611//563
f  610//564 611//564 612//564
f  612//565 611//565 613//565
f  612//566 613//566 614//566
f  614//567 613//567 615//567
f  614//568 615//568 616//568
f  617//569 618//569 619//569
f  619//570 618//570 620//570
f  619//571 620//571 621//571
f  619//572 621//572 615//572
f  615//573 621//573 616//573
f  622//574 623//574 422//574
f  422//575 623//575 624//575
f  624//576 625//576 422//576
f  422//577 625//577 626//577
f  422//578 626//578 627//578
f  422//579 627//579 628//579
f  422//580 628//580 629//580
f  629//581 630//581 422//581
f  422//582 630//582 631//582
f  631//583 632//583 422//583
f  422//584 632//584 633//584
f  422//585 633//585 415//585
f  415//586 633//586 634//586
f  635//587 636//587 637//587
f  637//588 636//588 638//588
f  637//589 638//589 639//589
f  640//590 641//590 637//590
f  637//591 641//591 642//591
f  637//592 642//592 643//592
f  643//593 644//593 637//593
f  637//594 644//594 645//594
f  637//595 645//595 635//595
f  634//596 640//596 646//596
f  646//597 640//597 637//597
f  646//598 637//598 639//598
f  646//599 647//599 634//599
f  634//600 647//600 415//600
f  415//601 647//601 648//601
f  648//602 649//602 415//602
f  415//603 649//603 650//603
f  650//604 651//604 415//604
f  415//605 651//605 652//605
f  415//606 652//606 653//606
f  653//607 654//607 415//607
f  654//608 655//608 415//608
f  415//609 655//609 656//609
f  415//610 656//610 619//610
f  619//611 656//611 617//611
f  657//612 658//612 622//612
f  622//613 658//613 659//613
f  659//614 660//614 622//614
f  660//615 661//615 622//615
f  622//616 661//616 623//616
f  662//617 663//617 657//617
f  657//618 663//618 664//618
f  657//619 664//619 658//619
f  291//620 290//620 665//620
f  290//621 666//621 665//621
f  665//622 666//622 667//622
f  665//623 667//623 662//623
f  662//624 667//624 668//624
f  662//625 668//625 663//625
f  289//626 291//626 669//626
f  669//627 291//627 670//627
f  669//628 670//628 671//628
f  671//629 670//629 672//629
f  671//630 672//630 673//630
f  673//631 672//631 674//631
f  673//632 674//632 675//632
f  675//633 674//633 676//633
f  675//634 676//634 677//634
f  677//635 676//635 678//635
f  678//636 676//636 679//636
f  678//637 679//637 680//637
f  680//638 679//638 681//638
f  680//639 681//639 682//639
f  682//640 681//640 683//640
f  683//641 681//641 684//641
f  683//642 684//642 685//642
f  685//643 684//643 686//643
f  686//644 684//644 687//644
f  686//645 687//645 688//645
f  688//646 687//646 689//646
f  689//647 687//647 690//647
f  689//648 690//648 691//648
f  691//649 690//649 692//649
f  691//650 692//650 693//650
f  693//651 692//651 694//651
f  693//652 694//652 695//652
f  695//653 694//653 696//653
f  695//654 696//654 697//654
f  697//655 696//655 698//655
f  697//656 698//656 699//656
f  700//657 701//657 698//657
f  698//658 701//658 699//658
f  532//659 702//659 533//659
f  533//660 702//660 700//660
f  700//661 702//661 701//661
f  492//662 493//662 703//662
f  492//663 703//663 704//663
f  492//664 704//664 705//664
f  706//665 707//665 708//665
f  706//666 708//666 288//666
f  288//667 708//667 709//667
f  709//668 710//668 288//668
f  710//669 711//669 288//669
f  288//670 711//670 712//670
f  288//671 712//671 713//671
f  288//672 713//672 714//672
f  714//673 715//673 288//673
f  288//674 715//674 716//674
f  288//675 716//675 286//675
f  706//676 717//676 707//676
f  718//677 719//677 720//677
f  720//678 719//678 721//678
f  720//679 721//679 706//679
f  706//680 721//680 722//680
f  706//681 722//681 717//681
f  723//682 724//682 718//682
f  718//683 724//683 719//683
f  725//684 726//684 723//684
f  723//685 726//685 724//685
f  727//686 728//686 725//686
f  725//687 728//687 726//687
f  729//688 730//688 727//688
f  727//689 730//689 731//689
f  727//690 731//690 728//690
f  732//691 733//691 734//691
f  734//692 733//692 735//692
f  734//693 735//693 729//693
f  729//694 735//694 730//694
f  732//695 734//695 736//695
f  736//696 734//696 737//696
f  736//697 737//697 738//697
f  738//698 737//698 739//698
f  738//699 739//699 740//699
f  740//700 739//700 741//700
f  741//701 739//701 742//701
f  741//702 742//702 743//702
f  743//703 742//703 744//703
f  743//704 744//704 745//704
f  745//705 744//705 746//705
f  745//706 746//706 747//706
f  747//707 746//707 748//707
f  747//708 748//708 749//708
f  749//709 748//709 750//709
f  749//710 750//710 751//710
f  751//711 750//711 752//711
f  751//712 752//712 753//712
f  753//713 752//713 754//713
f  753//714 754//714 755//714
f  756//715 757//715 758//715
f  758//716 757//716 759//716
f  758//717 759//717 760//717
f  758//718 760//718 754//718
f  754//719 760//719 755//719
f  761//720 762//720 384//720
f  384//721 762//721 763//721
f  763//722 764//722 384//722
f  384//723 764//723 765//723
f  384//724 765//724 766//724
f  384//725 766//725 767//725
f  384//726 767//726 768//726
f  384//727 768//727 769//727
f  384//728 769//728 770//728
f  770//729 771//729 384//729
f  384//730 771//730 772//730
f  384//731 772//731 377//731
f  377//732 772//732 773//732
f  774//733 775//733 776//733
f  776//734 775//734 777//734
f  776//735 777//735 778//735
f  779//736 780//736 776//736
f  776//737 780//737 781//737
f  776//738 781//738 782//738
f  782//739 783//739 776//739
f  776//740 783//740 784//740
f  776//741 784//741 774//741
f  773//742 779//742 785//742
f  785//743 779//743 776//743
f  785//744 776//744 778//744
f  785//745 786//745 773//745
f  773//746 786//746 377//746
f  377//747 786//747 787//747
f  787//748 788//748 377//748
f  377//749 788//749 789//749
f  789//750 790//750 377//750
f  377//751 790//751 791//751
f  377//752 791//752 792//752
f  377//753 792//753 793//753
f  793//754 794//754 377//754
f  377//755 794//755 795//755
f  377//756 795//756 758//756
f  758//757 795//757 756//757
f  796//758 797//758 761//758
f  761//759 797//759 798//759
f  798//760 799//760 761//760
f  799//761 800//761 761//761
f  761//762 800//762 762//762
f  797//763 796//763 801//763
f  801//764 796//764 802//764
f  801//765 802//765 803//765
f  804//766 805//766 806//766
f  806//767 807//767 804//767
f  804//768 807//768 808//768
f  804//769 808//769 802//769
f  802//770 808//770 803//770
f  809//771 810//771 811//771
f  811//772 812//772 809//772
f  809//773 812//773 813//773
f  809//774 813//774 805//774
f  805//775 813//775 814//775
f  805//776 814//776 806//776
f  815//777 816//777 817//777
f  817//778 818//778 815//778
f  815//779 818//779 819//779
f  815//780 819//780 810//780
f  810//781 819//781 820//781
f  810//782 820//782 811//782
f  821//783 285//783 822//783
f  822//784 285//784 284//784
f  821//785 823//785 285//785
f  285//786 823//786 824//786
f  285//787 824//787 816//787
f  816//788 824//788 825//788
f  816//789 825//789 817//789
f  826//790 827//790 283//790
f  828//791 829//791 830//791
f  826//792 283//792 285//792
f  826//793 285//793 831//793
f  831//794 285//794 832//794
f  831//795 832//795 830//795
f  830//796 832//796 833//796
f  830//797 833//797 828//797
f  828//798 833//798 834//798
f  835//799 836//799 837//799
f  835//800 837//800 833//800
f  833//801 837//801 838//801
f  838//802 839//802 833//802
f  840//803 834//803 841//803
f  841//804 834//804 833//804
f  841//805 833//805 842//805
f  842//806 833//806 839//806
f  836//807 835//807 843//807
f  836//808 843//808 844//808
f  845//809 846//809 843//809
f  843//810 846//810 847//810
f  843//811 847//811 844//811
f  848//812 849//812 850//812
f  850//813 849//813 851//813
f  850//814 851//814 845//814
f  845//815 851//815 852//815
f  845//816 852//816 846//816
f  853//817 854//817 855//817
f  853//818 855//818 848//818
f  848//819 855//819 849//819
f  704//820 856//820 705//820
f  705//821 856//821 857//821
f  857//822 856//822 858//822
f  857//823 858//823 853//823
f  853//824 858//824 854//824
f  827//825 859//825 283//825
f  284//826 283//826 860//826
f  284//827 860//827 861//827
f  862//828 863//828 864//828
f  860//829 283//829 859//829
f  860//830 859//830 865//830
f  865//831 859//831 862//831
f  865//832 862//832 866//832
f  866//833 862//833 864//833
f  840//834 867//834 834//834
f  834//835 867//835 868//835
f  834//836 868//836 864//836
f  834//837 864//837 828//837
f  828//838 864//838 863//838
f  828//839 863//839 829//839
f  869//840 870//840 871//840
f  872//840 873//840 871//840
f  871//840 873//840 874//840
f  871//840 874//840 869//840
f  875//840 876//840 871//840
f  871//840 876//840 877//840
f  871//840 877//840 872//840
f  878//840 879//840 871//840
f  871//840 879//840 880//840
f  871//840 880//840 875//840
f  881//840 882//840 871//840
f  871//840 882//840 883//840
f  871//840 883//840 878//840
f  884//840 885//840 871//840
f  871//840 885//840 886//840
f  871//840 886//840 881//840
f  871//840 887//840 884//840
f  888//840 889//840 871//840
f  871//840 889//840 890//840
f  871//840 890//840 891//840
f  892//840 893//840 871//840
f  871//840 893//840 894//840
f  871//840 894//840 888//840
f  895//840 896//840 871//840
f  871//840 896//840 897//840
f  871//840 897//840 892//840
f  898//840 899//840 871//840
f  871//840 899//840 900//840
f  871//840 900//840 895//840
f  901//840 902//840 871//840
f  871//840 902//840 903//840
f  871//840 903//840 898//840
f  904//840 905//840 871//840
f  871//840 905//840 906//840
f  871//840 906//840 901//840
f  870//840 907//840 871//840
f  871//840 907//840 908//840
f  871//840 908//840 904//840
f  909//841 910//841 911//841
f  912//842 913//842 914//842
f  915//843 916//843 917//843
f  917//844 916//844 918//844
f  919//845 920//845 918//845
f  918//846 920//846 917//846
f  921//847 922//847 919//847
f  919//848 922//848 920//848
f  922//849 921//849 923//849
f  923//850 921//850 924//850
f  923//851 924//851 925//851
f  925//852 924//852 926//852
f  927//853 928//853 926//853
f  926//854 928//854 925//854
f  929//855 930//855 927//855
f  927//856 930//856 928//856
f  930//857 929//857 931//857
f  931//858 929//858 932//858
f  933//859 934//859 935//859
f  935//860 934//860 936//860
f  937//861 938//861 933//861
f  933//862 938//862 934//862
f  939//863 938//863 937//863
f  940//864 941//864 939//864
f  939//865 941//865 938//865
f  942//866 943//866 940//866
f  940//867 943//867 941//867
f  944//868 945//868 942//868
f  942//869 945//869 946//869
f  942//870 946//870 943//870
f  947//871 948//871 949//871
f  949//872 948//872 944//872
f  944//873 948//873 945//873
f  950//874 916//874 951//874
f  951//875 916//875 915//875
f  951//876 915//876 952//876
f  950//877 912//877 953//877
f  909//878 954//878 913//878
f  910//879 955//879 949//879
f  949//880 955//880 956//880
f  949//881 956//881 947//881
f  950//882 957//882 916//882
f  916//883 957//883 958//883
f  916//884 958//884 918//884
f  918//885 958//885 959//885
f  918//886 959//886 919//886
f  919//887 959//887 960//887
f  919//888 960//888 921//888
f  921//889 960//889 961//889
f  921//890 961//890 924//890
f  924//891 961//891 962//891
f  924//892 962//892 926//892
f  926//893 962//893 963//893
f  926//893 963//893 927//893
f  927//894 963//894 964//894
f  927//895 964//895 929//895
f  929//896 964//896 965//896
f  929//897 965//897 932//897
f  950//898 953//898 957//898
f  957//899 953//899 966//899
f  957//900 966//900 958//900
f  958//901 966//901 967//901
f  958//902 967//902 959//902
f  959//903 967//903 968//903
f  959//904 968//904 960//904
f  960//905 968//905 969//905
f  960//906 969//906 961//906
f  961//907 969//907 970//907
f  961//908 970//908 962//908
f  962//909 970//909 971//909
f  962//910 971//910 963//910
f  963//911 971//911 972//911
f  963//912 972//912 964//912
f  964//913 972//913 973//913
f  964//914 973//914 965//914
f  912//915 914//915 953//915
f  953//916 914//916 974//916
f  953//917 974//917 966//917
f  966//918 974//918 975//918
f  966//919 975//919 967//919
f  967//920 975//920 976//920
f  967//921 976//921 968//921
f  968//922 976//922 977//922
f  968//923 977//923 969//923
f  969//924 977//924 978//924
f  969//925 978//925 970//925
f  970//926 978//926 979//926
f  970//927 979//927 971//927
f  971//928 979//928 980//928
f  971//929 980//929 972//929
f  972//930 980//930 981//930
f  972//931 981//931 973//931
f  913//932 954//932 914//932
f  914//933 954//933 982//933
f  914//934 982//934 974//934
f  974//935 982//935 983//935
f  974//936 983//936 975//936
f  975//937 983//937 984//937
f  975//938 984//938 976//938
f  976//939 984//939 985//939
f  976//940 985//940 977//940
f  977//941 985//941 986//941
f  977//942 986//942 978//942
f  978//943 986//943 987//943
f  978//944 987//944 979//944
f  979//945 987//945 988//945
f  979//946 988//946 980//946
f  980//947 988//947 989//947
f  980//948 989//948 981//948
f  909//949 911//949 954//949
f  954//950 911//950 990//950
f  954//951 990//951 982//951
f  982//952 990//952 991//952
f  982//953 991//953 983//953
f  983//954 991//954 992//954
f  983//955 992//955 984//955
f  984//956 992//956 993//956
f  984//957 993//957 985//957
f  985//958 993//958 994//958
f  985//959 994//959 986//959
f  986//960 994//960 995//960
f  986//961 995//961 987//961
f  987//962 995//962 996//962
f  987//963 996//963 988//963
f  988//964 996//964 997//964
f  988//965 997//965 989//965
f  998//966 935//966 999//966
f  999//967 935//967 936//967
f  999//968 936//968 1000//968
f  910//969 949//969 911//969
f  911//970 949//970 944//970
f  911//971 944//971 990//971
f  990//972 944//972 942//972
f  990//973 942//973 991//973
f  991//974 942//974 940//974
f  991//975 940//975 992//975
f  992//976 940//976 939//976
f  992//977 939//977 993//977
f  993//978 939//978 937//978
f  993//979 937//979 994//979
f  994//980 937//980 933//980
f  994//980 933//980 995//980
f  995//981 933//981 935//981
f  995//982 935//982 996//982
f  996//983 935//983 998//983
f  996//984 998//984 997//984
f  1000//985 1001//985 999//985
f  999//986 1001//986 998//986
f  965//987 1002//987 932//987
f  932//988 1002//988 1003//988
f  932//989 1003//989 931//989
f  1001//990 1004//990 998//990
f  998//991 1004//991 997//991
f  997//992 1004//992 1005//992
f  997//993 1005//993 989//993
f  989//994 1005//994 1006//994
f  989//995 1006//995 1007//995
f  1007//996 1006//996 1008//996
f  1007//997 1008//997 973//997
f  973//998 1008//998 1009//998
f  973//999 1009//999 1010//999
f  973//1000 1010//1000 965//1000
f  965//1001 1010//1001 1002//1001
f  1011//1002 1012//1002 1013//1002
f  1014//1003 1015//1003 1016//1003
f  1016//1004 1015//1004 1017//1004
f  1018//1005 1019//1005 1017//1005
f  1017//1006 1019//1006 1016//1006
f  1019//1007 1018//1007 1020//1007
f  1020//1008 1018//1008 1021//1008
f  1022//1009 1023//1009 1024//1009
f  1025//1010 1026//1010 1023//1010
f  1023//1011 1026//1011 1027//1011
f  1026//1012 1025//1012 1028//1012
f  1028//1013 1025//1013 1029//1013
f  1030//1014 1031//1014 1029//1014
f  1029//1015 1031//1015 1028//1015
f  1001//1016 1032//1016 1004//1016
f  1004//1017 1032//1017 1033//1017
f  1004//1018 1033//1018 1030//1018
f  1030//1019 1033//1019 1031//1019
f  1034//1020 1035//1020 1002//1020
f  1002//1021 1035//1021 1036//1021
f  1002//1022 1036//1022 1003//1022
f  1037//1023 1038//1023 1034//1023
f  1034//1024 1038//1024 1039//1024
f  1034//1025 1039//1025 1035//1025
f  1040//1026 1041//1026 1037//1026
f  1037//1027 1041//1027 1038//1027
f  1040//1028 1042//1028 1043//1028
f  1040//1029 1043//1029 1041//1029
f  1044//1030 1045//1030 1046//1030
f  1046//1031 1045//1031 1047//1031
f  1047//1032 1045//1032 1048//1032
f  1047//1033 1048//1033 1049//1033
f  1050//1034 1051//1034 1052//1034
f  1052//1035 1051//1035 1053//1035
f  1053//1036 1054//1036 1052//1036
f  1052//1037 1054//1037 1055//1037
f  1052//1038 1055//1038 1046//1038
f  1046//1039 1055//1039 1044//1039
f  1011//1040 1013//1040 1056//1040
f  1024//1041 1020//1041 1022//1041
f  1022//1042 1020//1042 1021//1042
f  1022//1043 1021//1043 1023//1043
f  1023//1044 1021//1044 1057//1044
f  1023//1045 1057//1045 1025//1045
f  1025//1046 1057//1046 1058//1046
f  1025//1047 1058//1047 1029//1047
f  1029//1048 1058//1048 1059//1048
f  1029//1049 1059//1049 1030//1049
f  1030//1050 1059//1050 1060//1050
f  1030//1051 1060//1051 1004//1051
f  1012//1052 1061//1052 1013//1052
f  1013//1053 1061//1053 1062//1053
f  1013//1054 1062//1054 1063//1054
f  1063//1055 1062//1055 1064//1055
f  1063//1056 1064//1056 1065//1056
f  1065//1057 1064//1057 1066//1057
f  1065//1058 1066//1058 1067//1058
f  1067//1059 1066//1059 1068//1059
f  1067//1060 1068//1060 1069//1060
f  1069//1061 1068//1061 1070//1061
f  1069//1062 1070//1062 1071//1062
f  1071//1063 1070//1063 1072//1063
f  1071//1064 1072//1064 1073//1064
f  1073//1065 1072//1065 1074//1065
f  1073//1066 1074//1066 1075//1066
f  1075//1067 1074//1067 1076//1067
f  1061//1068 1077//1068 1062//1068
f  1062//1069 1077//1069 1078//1069
f  1062//1070 1078//1070 1064//1070
f  1064//1071 1078//1071 1079//1071
f  1064//1072 1079//1072 1066//1072
f  1066//1073 1079//1073 1080//1073
f  1066//1074 1080//1074 1068//1074
f  1068//1075 1080//1075 1081//1075
f  1068//1076 1081//1076 1070//1076
f  1070//1077 1081//1077 1082//1077
f  1070//1078 1082//1078 1072//1078
f  1072//1079 1082//1079 1083//1079
f  1072//1080 1083//1080 1074//1080
f  1074//1081 1083//1081 1084//1081
f  1074//1082 1084//1082 1076//1082
f  1076//1083 1084//1083 1085//1083
f  1006//1084 1005//1084 1060//1084
f  1060//1085 1005//1085 1004//1085
f  1010//1086 1009//1086 1085//1086
f  1085//1087 1009//1087 1086//1087
f  1085//1088 1086//1088 1076//1088
f  1076//1089 1086//1089 1006//1089
f  1076//1090 1006//1090 1075//1090
f  1075//1091 1006//1091 1060//1091
f  1075//1092 1060//1092 1073//1092
f  1073//1093 1060//1093 1059//1093
f  1073//1094 1059//1094 1071//1094
f  1071//1095 1059//1095 1058//1095
f  1071//1096 1058//1096 1069//1096
f  1069//1097 1058//1097 1057//1097
f  1069//1098 1057//1098 1067//1098
f  1067//1099 1057//1099 1021//1099
f  1067//1100 1021//1100 1065//1100
f  1065//1101 1021//1101 1018//1101
f  1065//1102 1018//1102 1063//1102
f  1063//1103 1018//1103 1017//1103
f  1063//1104 1017//1104 1013//1104
f  1013//1105 1017//1105 1015//1105
f  1013//1106 1015//1106 1056//1106
f  1056//1107 1015//1107 1014//1107
f  1056//1108 1014//1108 1087//1108
f  1088//1109 1010//1109 1085//1109
f  1088//1110 1085//1110 1089//1110
f  1089//1111 1085//1111 1084//1111
f  1089//1112 1084//1112 1090//1112
f  1090//1113 1084//1113 1083//1113
f  1090//1114 1083//1114 1091//1114
f  1091//1115 1083//1115 1082//1115
f  1091//1116 1082//1116 1092//1116
f  1092//1117 1082//1117 1081//1117
f  1092//1118 1081//1118 1047//1118
f  1047//1119 1081//1119 1080//1119
f  1047//1120 1080//1120 1046//1120
f  1046//1121 1080//1121 1079//1121
f  1046//1122 1079//1122 1052//1122
f  1052//1123 1079//1123 1078//1123
f  1052//1124 1078//1124 1050//1124
f  1050//1125 1078//1125 1077//1125
f  1047//1126 1049//1126 1093//1126
f  1047//1127 1093//1127 1092//1127
f  1092//1128 1093//1128 1094//1128
f  1092//1129 1094//1129 1091//1129
f  1091//1130 1094//1130 1042//1130
f  1091//1131 1042//1131 1090//1131
f  1090//1132 1042//1132 1040//1132
f  1090//1133 1040//1133 1089//1133
f  1089//1134 1040//1134 1037//1134
f  1089//1135 1037//1135 1088//1135
f  1088//1136 1037//1136 1034//1136
f  1088//1137 1034//1137 1010//1137
f  1010//1138 1034//1138 1002//1138
f  1087//1139 1095//1139 1056//1139
f  1056//1140 1095//1140 1011//1140
f  1096//1141 1097//1141 1098//1141
f  1098//1142 1097//1142 1099//1142
f  1098//1143 1099//1143 1100//1143
f  1101//1144 1102//1144 1103//1144
f  1103//1145 1102//1145 1104//1145
f  1053//1146 1051//1146 1105//1146
f  1105//1147 1051//1147 1050//1147
f  1105//1148 1050//1148 1106//1148
f  1095//1149 1100//1149 1011//1149
f  1011//1150 1100//1150 1099//1150
f  1011//1151 1099//1151 1012//1151
f  1012//1151 1099//1151 1107//1151
f  1012//1152 1107//1152 1108//1152
f  1108//1152 1107//1152 1109//1152
f  1108//1153 1109//1153 1077//1153
f  1077//1153 1109//1153 1110//1153
f  1077//1154 1110//1154 1050//1154
f  1050//1154 1110//1154 1104//1154
f  1050//1155 1104//1155 1106//1155
f  1106//1156 1104//1156 1102//1156
f  1111//1157 1112//1157 1113//1157
f  1114//1158 1115//1158 1116//1158
f  1116//1159 1115//1159 1117//1159
f  1118//1160 1119//1160 1114//1160
f  1114//1161 1119//1161 1120//1161
f  1114//1162 1120//1162 1115//1162
f  1121//1163 1122//1163 1118//1163
f  1118//1164 1122//1164 1119//1164
f  1121//1165 1123//1165 1124//1165
f  1121//1166 1124//1166 1122//1166
f  1125//1167 1126//1167 1127//1167
f  1127//1168 1126//1168 1128//1168
f  1128//1169 1126//1169 1129//1169
f  1128//1170 1129//1170 1130//1170
f  1099//1171 1097//1171 1131//1171
f  1131//1172 1097//1172 1096//1172
f  1096//1173 1132//1173 1131//1173
f  1131//1174 1132//1174 1133//1174
f  1131//1175 1133//1175 1127//1175
f  1127//1176 1133//1176 1125//1176
f  1101//1177 1103//1177 1134//1177
f  1134//1178 1135//1178 1136//1178
f  1136//1179 1135//1179 1137//1179
f  1138//1180 1139//1180 1137//1180
f  1137//1181 1139//1181 1136//1181
f  1139//1182 1138//1182 1140//1182
f  1140//1183 1138//1183 1141//1183
f  1142//1184 1143//1184 1144//1184
f  1145//1185 1146//1185 1143//1185
f  1143//1186 1146//1186 1147//1186
f  1146//1187 1145//1187 1148//1187
f  1148//1188 1145//1188 1149//1188
f  1150//1189 1151//1189 1152//1189
f  1150//1190 1152//1190 1149//1190
f  1149//1191 1152//1191 1148//1191
f  1151//1192 1150//1192 1153//1192
f  1151//1193 1153//1193 1154//1193
f  1155//1194 1156//1194 1157//1194
f  1114//1195 1116//1195 1158//1195
f  1114//1196 1158//1196 1118//1196
f  1118//1197 1158//1197 1159//1197
f  1118//1198 1159//1198 1121//1198
f  1121//1199 1159//1199 1160//1199
f  1121//1200 1160//1200 1123//1200
f  1123//1201 1160//1201 1161//1201
f  1123//1202 1161//1202 1162//1202
f  1162//1203 1161//1203 1163//1203
f  1162//1204 1163//1204 1164//1204
f  1164//1205 1163//1205 1128//1205
f  1164//1206 1128//1206 1130//1206
f  1112//1207 1153//1207 1113//1207
f  1113//1208 1153//1208 1150//1208
f  1113//1209 1150//1209 1165//1209
f  1165//1210 1150//1210 1149//1210
f  1165//1211 1149//1211 1166//1211
f  1166//1212 1149//1212 1145//1212
f  1166//1213 1145//1213 1167//1213
f  1167//1214 1145//1214 1143//1214
f  1167//1215 1143//1215 1141//1215
f  1141//1216 1143//1216 1142//1216
f  1141//1217 1142//1217 1140//1217
f  1140//1218 1142//1218 1144//1218
f  1168//1219 1111//1219 1113//1219
f  1168//1220 1113//1220 1169//1220
f  1169//1221 1113//1221 1165//1221
f  1169//1222 1165//1222 1170//1222
f  1170//1223 1165//1223 1166//1223
f  1170//1224 1166//1224 1171//1224
f  1171//1225 1166//1225 1167//1225
f  1171//1226 1167//1226 1172//1226
f  1172//1227 1167//1227 1141//1227
f  1172//1228 1141//1228 1173//1228
f  1173//1229 1141//1229 1138//1229
f  1173//1230 1138//1230 1174//1230
f  1174//1231 1138//1231 1137//1231
f  1174//1232 1137//1232 1175//1232
f  1175//1233 1137//1233 1135//1233
f  1107//1234 1099//1234 1176//1234
f  1176//1235 1099//1235 1131//1235
f  1176//1236 1131//1236 1177//1236
f  1177//1237 1131//1237 1127//1237
f  1177//1238 1127//1238 1178//1238
f  1178//1239 1127//1239 1128//1239
f  1178//1240 1128//1240 1179//1240
f  1179//1241 1128//1241 1163//1241
f  1179//1242 1163//1242 1180//1242
f  1180//1243 1163//1243 1161//1243
f  1180//1244 1161//1244 1181//1244
f  1181//1245 1161//1245 1160//1245
f  1181//1246 1160//1246 1182//1246
f  1182//1247 1160//1247 1159//1247
f  1182//1248 1159//1248 1156//1248
f  1156//1249 1159//1249 1158//1249
f  1156//1250 1158//1250 1157//1250
f  1157//1251 1158//1251 1116//1251
f  1155//1252 1183//1252 1156//1252
f  1156//1253 1183//1253 1184//1253
f  1156//1254 1184//1254 1182//1254
f  1182//1255 1184//1255 1185//1255
f  1182//1256 1185//1256 1181//1256
f  1181//1257 1185//1257 1186//1257
f  1181//1258 1186//1258 1180//1258
f  1180//1259 1186//1259 1187//1259
f  1180//1260 1187//1260 1179//1260
f  1179//1261 1187//1261 1188//1261
f  1179//1262 1188//1262 1178//1262
f  1178//1263 1188//1263 1189//1263
f  1178//1264 1189//1264 1177//1264
f  1177//1265 1189//1265 1190//1265
f  1177//1266 1190//1266 1176//1266
f  1176//1267 1190//1267 1191//1267
f  1176//1268 1191//1268 1107//1268
f  1107//1269 1191//1269 1192//1269
f  1183//1270 1111//1270 1184//1270
f  1184//1271 1111//1271 1168//1271
f  1184//1272 1168//1272 1185//1272
f  1185//1273 1168//1273 1169//1273
f  1185//1274 1169//1274 1186//1274
f  1186//1275 1169//1275 1170//1275
f  1186//1276 1170//1276 1187//1276
f  1187//1277 1170//1277 1171//1277
f  1187//1278 1171//1278 1188//1278
f  1188//1279 1171//1279 1172//1279
f  1188//1280 1172//1280 1189//1280
f  1189//1281 1172//1281 1173//1281
f  1189//1282 1173//1282 1190//1282
f  1190//1283 1173//1283 1174//1283
f  1190//1284 1174//1284 1191//1284
f  1191//1285 1174//1285 1175//1285
f  1191//1286 1175//1286 1192//1286
f  1192//1287 1175//1287 1110//1287
f  1135//1288 1134//1288 1103//1288
f  1135//1289 1103//1289 1175//1289
f  1175//1290 1103//1290 1104//1290
f  1175//1291 1104//1291 1110//1291
f  1193//1292 1154//1292 1194//1292
f  1194//1293 1154//1293 1153//1293
f  1194//1294 1153//1294 1195//1294
f  1195//1295 1153//1295 1112//1295
f  1195//1296 1112//1296 1196//1296
f  1196//1297 1112//1297 1111//1297
f  1196//1298 1111//1298 1197//1298
f  1197//1299 1111//1299 1198//1299
f  1197//1300 1198//1300 1199//1300
f  1199//1301 1198//1301 1155//1301
f  1199//1302 1155//1302 1200//1302
f  1200//1303 1155//1303 1157//1303
f  1200//1304 1157//1304 1116//1304
f  1200//1305 1116//1305 1201//1305
f  1201//1306 1116//1306 1117//1306
f  1199//1307 1200//1307 1202//1307
f  1196//1308 1203//1308 1204//1308
f  1194//1309 1195//1309 1205//1309
f  1201//1310 1206//1310 1207//1310
f  1208//1311 1209//1311 1210//1311
f  1208//1312 1210//1312 1211//1312
f  1211//1313 1210//1313 1212//1313
f  1211//1314 1212//1314 1213//1314
f  1213//1315 1212//1315 1214//1315
f  1214//1316 1212//1316 1215//1316
f  1214//1317 1215//1317 1216//1317
f  1214//1318 1216//1318 1217//1318
f  1217//1319 1216//1319 1218//1319
f  1217//1320 1218//1320 1219//1320
f  1220//1321 1221//1321 1218//1321
f  1218//1322 1221//1322 1219//1322
f  1222//1323 1223//1323 1224//1323
f  1224//1324 1223//1324 1225//1324
f  1224//1325 1225//1325 1226//1325
f  1224//1326 1226//1326 1220//1326
f  1220//1327 1226//1327 1221//1327
f  1227//1328 1228//1328 1229//1328
f  1229//1329 1228//1329 1230//1329
f  1231//1330 1232//1330 1230//1330
f  1230//1331 1232//1331 1229//1331
f  1233//1332 1234//1332 1231//1332
f  1231//1333 1234//1333 1232//1333
f  1234//1334 1233//1334 1235//1334
f  1235//1335 1233//1335 1236//1335
f  1235//1336 1236//1336 1237//1336
f  1237//1337 1236//1337 1238//1337
f  1239//1338 1240//1338 1238//1338
f  1238//1339 1240//1339 1237//1339
f  1207//1340 1206//1340 1239//1340
f  1239//1341 1206//1341 1240//1341
f  1194//1342 1209//1342 1208//1342
f  1194//1343 1208//1343 1193//1343
f  1196//1344 1241//1344 1195//1344
f  1203//1345 1199//1345 1242//1345
f  1201//1346 1207//1346 1200//1346
f  1194//1347 1205//1347 1209//1347
f  1209//1348 1205//1348 1243//1348
f  1209//1349 1243//1349 1210//1349
f  1210//1350 1243//1350 1244//1350
f  1210//1351 1244//1351 1212//1351
f  1212//1352 1244//1352 1245//1352
f  1212//1353 1245//1353 1215//1353
f  1215//1354 1245//1354 1246//1354
f  1215//1355 1246//1355 1216//1355
f  1216//1356 1246//1356 1247//1356
f  1216//1357 1247//1357 1218//1357
f  1218//1358 1247//1358 1248//1358
f  1218//1359 1248//1359 1220//1359
f  1220//1360 1248//1360 1249//1360
f  1220//1361 1249//1361 1224//1361
f  1224//1362 1249//1362 1250//1362
f  1224//1363 1250//1363 1222//1363
f  1195//1364 1241//1364 1205//1364
f  1205//1365 1241//1365 1251//1365
f  1205//1366 1251//1366 1243//1366
f  1243//1367 1251//1367 1252//1367
f  1243//1368 1252//1368 1244//1368
f  1244//1369 1252//1369 1253//1369
f  1244//1370 1253//1370 1245//1370
f  1245//1371 1253//1371 1254//1371
f  1245//1372 1254//1372 1246//1372
f  1246//1373 1254//1373 1255//1373
f  1246//1374 1255//1374 1247//1374
f  1247//1375 1255//1375 1256//1375
f  1247//1376 1256//1376 1248//1376
f  1248//1377 1256//1377 1257//1377
f  1248//1378 1257//1378 1249//1378
f  1249//1379 1257//1379 1258//1379
f  1249//1380 1258//1380 1250//1380
f  1259//1381 1260//1381 1258//1381
f  1196//1382 1204//1382 1241//1382
f  1241//1383 1204//1383 1261//1383
f  1241//1384 1261//1384 1251//1384
f  1251//1385 1261//1385 1262//1385
f  1251//1386 1262//1386 1252//1386
f  1252//1387 1262//1387 1263//1387
f  1252//1388 1263//1388 1253//1388
f  1253//1389 1263//1389 1264//1389
f  1253//1390 1264//1390 1254//1390
f  1254//1391 1264//1391 1265//1391
f  1254//1392 1265//1392 1255//1392
f  1255//1393 1265//1393 1266//1393
f  1255//1394 1266//1394 1256//1394
f  1256//1395 1266//1395 1259//1395
f  1256//1396 1259//1396 1257//1396
f  1257//1397 1259//1397 1258//1397
f  1203//1398 1242//1398 1204//1398
f  1204//1399 1242//1399 1267//1399
f  1204//1400 1267//1400 1261//1400
f  1261//1401 1267//1401 1268//1401
f  1261//1402 1268//1402 1262//1402
f  1262//1403 1268//1403 1269//1403
f  1262//1404 1269//1404 1263//1404
f  1263//1405 1269//1405 1270//1405
f  1263//1406 1270//1406 1264//1406
f  1264//1407 1270//1407 1271//1407
f  1264//1408 1271//1408 1265//1408
f  1265//1409 1271//1409 1272//1409
f  1265//1410 1272//1410 1266//1410
f  1266//1411 1272//1411 1273//1411
f  1266//1412 1273//1412 1259//1412
f  1259//1413 1273//1413 1274//1413
f  1259//1414 1274//1414 1260//1414
f  1199//1415 1202//1415 1242//1415
f  1242//1416 1202//1416 1275//1416
f  1242//1417 1275//1417 1267//1417
f  1267//1418 1275//1418 1276//1418
f  1267//1419 1276//1419 1268//1419
f  1268//1420 1276//1420 1277//1420
f  1268//1421 1277//1421 1269//1421
f  1269//1422 1277//1422 1278//1422
f  1269//1423 1278//1423 1270//1423
f  1270//1424 1278//1424 1279//1424
f  1270//1425 1279//1425 1271//1425
f  1271//1426 1279//1426 1280//1426
f  1271//1427 1280//1427 1272//1427
f  1272//1428 1280//1428 1281//1428
f  1272//1429 1281//1429 1273//1429
f  1273//1430 1281//1430 1282//1430
f  1273//1431 1282//1431 1274//1431
f  1282//1432 1228//1432 1283//1432
f  1283//1433 1228//1433 1227//1433
f  1283//1434 1227//1434 1284//1434
f  1200//1435 1207//1435 1202//1435
f  1202//1436 1207//1436 1239//1436
f  1202//1437 1239//1437 1275//1437
f  1275//1438 1239//1438 1238//1438
f  1275//1439 1238//1439 1276//1439
f  1276//1440 1238//1440 1236//1440
f  1276//1441 1236//1441 1277//1441
f  1277//1442 1236//1442 1233//1442
f  1277//1443 1233//1443 1278//1443
f  1278//1444 1233//1444 1231//1444
f  1278//1445 1231//1445 1279//1445
f  1279//1446 1231//1446 1230//1446
f  1279//1447 1230//1447 1280//1447
f  1280//1448 1230//1448 1228//1448
f  1280//1449 1228//1449 1281//1449
f  1281//1450 1228//1450 1282//1450
f  1285//1451 1286//1451 1287//1451
f  1288//1452 1287//1452 1286//1452
f  1285//1453 1287//1453 573//1453
f  1285//1454 573//1454 1289//1454
f  581//1455 1290//1455 578//1455
f  578//1456 1290//1456 1291//1456
f  573//1457 578//1457 1289//1457
f  1289//1458 578//1458 1291//1458
f  580//1459 1292//1459 581//1459
f  581//1460 1292//1460 1293//1460
f  581//1461 1293//1461 1290//1461
f  582//1462 1294//1462 1295//1462
f  582//1463 1295//1463 580//1463
f  580//1464 1295//1464 1292//1464
f  1296//1465 1297//1465 584//1465
f  584//1466 1297//1466 582//1466
f  582//1467 1297//1467 1294//1467
f  1296//1468 584//1468 1298//1468
f  584//1469 586//1469 1298//1469
f  1298//1470 586//1470 1299//1470
f  1299//1471 586//1471 588//1471
f  1299//1472 588//1472 590//1472
f  1299//1473 590//1473 1300//1473
f  590//1474 591//1474 1300//1474
f  1300//1475 591//1475 593//1475
f  1300//1476 593//1476 1301//1476
f  1301//1477 593//1477 594//1477
f  1301//1478 594//1478 1302//1478
f  1302//1479 594//1479 596//1479
f  1302//1480 596//1480 1303//1480
f  596//1481 597//1481 1303//1481
f  1303//1482 597//1482 1304//1482
f  1304//1483 597//1483 599//1483
f  1304//1484 599//1484 1305//1484
f  1305//1485 599//1485 601//1485
f  1305//1486 601//1486 1306//1486
f  601//1487 602//1487 1306//1487
f  1306//1488 602//1488 1307//1488
f  1307//1489 602//1489 604//1489
f  608//1490 1308//1490 606//1490
f  606//1491 1308//1491 1309//1491
f  606//1492 1309//1492 604//1492
f  604//1493 1309//1493 1307//1493
f  610//1494 1310//1494 608//1494
f  1310//1495 1311//1495 608//1495
f  608//1496 1311//1496 1308//1496
f  612//1497 1312//1497 1313//1497
f  612//1498 1313//1498 610//1498
f  610//1499 1313//1499 1310//1499
f  1314//1500 1312//1500 614//1500
f  1312//1501 612//1501 614//1501
f  1315//1502 1314//1502 1316//1502
f  1316//1503 1314//1503 614//1503
f  1316//1504 614//1504 1317//1504
f  1317//1505 614//1505 616//1505
f  1287//1506 1318//1506 573//1506
f  573//1507 1318//1507 575//1507
f  575//1508 1318//1508 576//1508
f  556//1509 956//1509 557//1509
f  557//1510 956//1510 955//1510
f  557//1511 955//1511 558//1511
f  561//1512 1319//1512 556//1512
f  556//1513 1319//1513 947//1513
f  556//1514 947//1514 956//1514
f  955//1515 910//1515 558//1515
f  558//1516 910//1516 909//1516
f  558//1517 909//1517 559//1517
f  559//1518 909//1518 560//1518
f  560//1519 909//1519 1320//1519
f  560//1520 1320//1520 553//1520
f  1320//1521 912//1521 553//1521
f  553//1522 912//1522 554//1522
f  554//1523 912//1523 950//1523
f  554//1524 950//1524 555//1524
f  555//1525 950//1525 951//1525
f  555//1526 951//1526 551//1526
f  551//1527 951//1527 952//1527
f  551//1528 952//1528 1321//1528
f  641//1529 1223//1529 642//1529
f  642//1530 1223//1530 1222//1530
f  642//1531 1222//1531 643//1531
f  640//1532 1322//1532 641//1532
f  641//1533 1322//1533 1225//1533
f  641//1534 1225//1534 1223//1534
f  1222//1535 1250//1535 643//1535
f  643//1536 1250//1536 1258//1536
f  643//1537 1258//1537 644//1537
f  644//1538 1258//1538 645//1538
f  645//1539 1258//1539 1323//1539
f  645//1540 1323//1540 635//1540
f  1323//1541 1274//1541 635//1541
f  635//1542 1274//1542 636//1542
f  636//1543 1274//1543 1282//1543
f  636//1544 1282//1544 638//1544
f  1324//1545 646//1545 639//1545
f  638//1546 1282//1546 1283//1546
f  638//1547 1283//1547 639//1547
f  639//1548 1283//1548 1284//1548
f  639//1549 1284//1549 1324//1549
f  1325//1550 1326//1550 695//1550
f  1327//1551 1328//1551 1329//1551
f  668//1552 1330//1552 1331//1552
f  1327//1553 1329//1553 664//1553
f  1327//1554 664//1554 663//1554
f  1327//1555 663//1555 1331//1555
f  1331//1556 663//1556 668//1556
f  1332//1557 290//1557 289//1557
f  1333//1558 666//1558 290//1558
f  1333//1559 290//1559 1332//1559
f  666//1560 1333//1560 1330//1560
f  666//1561 1330//1561 667//1561
f  667//1562 1330//1562 668//1562
f  671//1563 1334//1563 1335//1563
f  671//1564 1335//1564 669//1564
f  669//1565 1335//1565 289//1565
f  289//1566 1335//1566 1332//1566
f  1334//1567 671//1567 673//1567
f  1334//1568 673//1568 1336//1568
f  1336//1569 673//1569 675//1569
f  1336//1570 675//1570 1337//1570
f  1337//1571 675//1571 677//1571
f  1337//1572 677//1572 1338//1572
f  1338//1573 677//1573 678//1573
f  1338//1574 678//1574 1339//1574
f  1339//1575 678//1575 680//1575
f  1339//1576 680//1576 1340//1576
f  1340//1577 680//1577 1341//1577
f  1341//1578 680//1578 682//1578
f  1341//1579 682//1579 1342//1579
f  682//1580 683//1580 1342//1580
f  1342//1581 683//1581 685//1581
f  1342//1582 685//1582 1343//1582
f  685//1583 686//1583 1343//1583
f  1343//1584 686//1584 688//1584
f  1343//1585 688//1585 1344//1585
f  1344//1586 688//1586 689//1586
f  1344//1587 689//1587 691//1587
f  1344//1588 691//1588 1345//1588
f  695//1589 1326//1589 693//1589
f  693//1590 1326//1590 1346//1590
f  1345//1591 691//1591 693//1591
f  1345//1592 693//1592 1347//1592
f  1347//1593 693//1593 1346//1593
f  697//1594 1348//1594 1325//1594
f  697//1595 1325//1595 695//1595
f  699//1596 1348//1596 697//1596
f  701//1597 1349//1597 1350//1597
f  701//1598 1350//1598 699//1598
f  699//1599 1350//1599 1348//1599
f  1351//1600 1352//1600 702//1600
f  702//1601 1352//1601 701//1601
f  701//1602 1352//1602 1349//1602
f  1353//1603 1351//1603 1354//1603
f  1354//1604 1351//1604 702//1604
f  1354//1605 702//1605 1355//1605
f  1355//1606 702//1606 532//1606
f  1329//1607 1356//1607 664//1607
f  664//1608 1356//1608 658//1608
f  1357//1609 1358//1609 1359//1609
f  1360//1610 1361//1610 1362//1610
f  1363//1611 1364//1611 1362//1611
f  1362//1612 1364//1612 1360//1612
f  1365//1613 1366//1613 1363//1613
f  1363//1614 1366//1614 1367//1614
f  1363//1615 1367//1615 1364//1615
f  1368//1616 1369//1616 1365//1616
f  1365//1617 1369//1617 1366//1617
f  1368//1618 1370//1618 1371//1618
f  1368//1619 1371//1619 1369//1619
f  1372//1620 1373//1620 1374//1620
f  1374//1621 1373//1621 1375//1621
f  1375//1622 1373//1622 1376//1622
f  1375//1623 1376//1623 1377//1623
f  1378//1624 1379//1624 1380//1624
f  1380//1625 1379//1625 1381//1625
f  1381//1626 1382//1626 1380//1626
f  1380//1627 1382//1627 1383//1627
f  1380//1628 1383//1628 1374//1628
f  1374//1629 1383//1629 1372//1629
f  1384//1630 1385//1630 1386//1630
f  1386//1631 1387//1631 1388//1631
f  1388//1632 1387//1632 1389//1632
f  1390//1633 1391//1633 1389//1633
f  1389//1634 1391//1634 1388//1634
f  1391//1635 1390//1635 1392//1635
f  1392//1636 1390//1636 1393//1636
f  1394//1637 1395//1637 1396//1637
f  1397//1638 1398//1638 1395//1638
f  1395//1639 1398//1639 1399//1639
f  1398//1640 1397//1640 1400//1640
f  1400//1641 1397//1641 1401//1641
f  1402//1642 1403//1642 1404//1642
f  1402//1643 1404//1643 1401//1643
f  1401//1644 1404//1644 1400//1644
f  1403//1645 1402//1645 1405//1645
f  1403//1646 1405//1646 1406//1646
f  1407//1647 1408//1647 1409//1647
f  1363//1648 1362//1648 1410//1648
f  1363//1649 1410//1649 1365//1649
f  1365//1650 1410//1650 1411//1650
f  1365//1651 1411//1651 1368//1651
f  1368//1652 1411//1652 1412//1652
f  1368//1653 1412//1653 1370//1653
f  1370//1654 1412//1654 1413//1654
f  1370//1655 1413//1655 1414//1655
f  1414//1656 1413//1656 1415//1656
f  1414//1657 1415//1657 1416//1657
f  1416//1658 1415//1658 1375//1658
f  1416//1659 1375//1659 1377//1659
f  1358//1660 1405//1660 1359//1660
f  1359//1661 1405//1661 1402//1661
f  1359//1662 1402//1662 1417//1662
f  1417//1663 1402//1663 1401//1663
f  1417//1664 1401//1664 1418//1664
f  1418//1665 1401//1665 1397//1665
f  1418//1666 1397//1666 1419//1666
f  1419//1667 1397//1667 1395//1667
f  1419//1668 1395//1668 1393//1668
f  1393//1669 1395//1669 1394//1669
f  1393//1670 1394//1670 1392//1670
f  1392//1671 1394//1671 1396//1671
f  1420//1609 1357//1609 1359//1609
f  1420//1672 1359//1672 1421//1672
f  1421//1673 1359//1673 1417//1673
f  1421//1674 1417//1674 1422//1674
f  1422//1675 1417//1675 1418//1675
f  1422//1676 1418//1676 1423//1676
f  1423//1677 1418//1677 1419//1677
f  1423//1678 1419//1678 1424//1678
f  1424//1679 1419//1679 1393//1679
f  1424//1680 1393//1680 1425//1680
f  1425//1681 1393//1681 1390//1681
f  1425//1682 1390//1682 1426//1682
f  1426//1683 1390//1683 1389//1683
f  1426//1684 1389//1684 1427//1684
f  1427//1685 1389//1685 1387//1685
f  1428//1686 1378//1686 1429//1686
f  1429//1687 1378//1687 1380//1687
f  1429//1688 1380//1688 1430//1688
f  1430//1689 1380//1689 1374//1689
f  1430//1690 1374//1690 1431//1690
f  1431//1691 1374//1691 1375//1691
f  1431//1692 1375//1692 1432//1692
f  1432//1693 1375//1693 1415//1693
f  1432//1694 1415//1694 1433//1694
f  1433//1695 1415//1695 1413//1695
f  1433//1696 1413//1696 1434//1696
f  1434//1697 1413//1697 1412//1697
f  1434//1698 1412//1698 1435//1698
f  1435//1699 1412//1699 1411//1699
f  1435//1700 1411//1700 1408//1700
f  1408//1701 1411//1701 1410//1701
f  1408//1647 1410//1647 1409//1647
f  1409//1702 1410//1702 1362//1702
f  1407//1703 1436//1703 1408//1703
f  1408//1704 1436//1704 1437//1704
f  1408//1705 1437//1705 1435//1705
f  1435//1706 1437//1706 1438//1706
f  1435//1707 1438//1707 1434//1707
f  1434//1708 1438//1708 1439//1708
f  1434//1709 1439//1709 1433//1709
f  1433//1710 1439//1710 1440//1710
f  1433//1711 1440//1711 1432//1711
f  1432//1712 1440//1712 1441//1712
f  1432//1713 1441//1713 1431//1713
f  1431//1714 1441//1714 1442//1714
f  1431//1715 1442//1715 1430//1715
f  1430//1716 1442//1716 1443//1716
f  1430//1717 1443//1717 1429//1717
f  1429//1718 1443//1718 1444//1718
f  1429//1719 1444//1719 1428//1719
f  1428//1720 1444//1720 1445//1720
f  1436//1721 1357//1721 1437//1721
f  1437//1722 1357//1722 1420//1722
f  1437//1723 1420//1723 1438//1723
f  1438//1724 1420//1724 1421//1724
f  1438//1725 1421//1725 1439//1725
f  1439//1726 1421//1726 1422//1726
f  1439//1727 1422//1727 1440//1727
f  1440//1728 1422//1728 1423//1728
f  1440//1729 1423//1729 1441//1729
f  1441//1730 1423//1730 1424//1730
f  1441//1731 1424//1731 1442//1731
f  1442//1732 1424//1732 1425//1732
f  1442//1733 1425//1733 1443//1733
f  1443//1734 1425//1734 1426//1734
f  1443//1735 1426//1735 1444//1735
f  1444//1736 1426//1736 1427//1736
f  1444//1737 1427//1737 1445//1737
f  1445//1738 1427//1738 1446//1738
f  1387//1739 1386//1739 1385//1739
f  1387//1740 1385//1740 1427//1740
f  1427//1741 1385//1741 1447//1741
f  1427//1742 1447//1742 1446//1742
f  1448//1743 1406//1743 1449//1743
f  1449//1744 1406//1744 1405//1744
f  1449//1745 1405//1745 1450//1745
f  1450//1746 1405//1746 1358//1746
f  1450//1747 1358//1747 1451//1747
f  1451//1748 1358//1748 1357//1748
f  1451//1749 1357//1749 1452//1749
f  1452//1750 1357//1750 1453//1750
f  1452//1751 1453//1751 1454//1751
f  1454//1752 1453//1752 1407//1752
f  1454//1753 1407//1753 1455//1753
f  1455//1754 1407//1754 1409//1754
f  1455//1755 1409//1755 1362//1755
f  1455//1756 1362//1756 1456//1756
f  1456//1757 1362//1757 1361//1757
f  1454//1758 1455//1758 1457//1758
f  1451//1759 1458//1759 1459//1759
f  1449//1760 1450//1760 1460//1760
f  1461//1761 1462//1761 1463//1761
f  1464//1762 1465//1762 1466//1762
f  1464//1763 1466//1763 1467//1763
f  1467//1764 1466//1764 1468//1764
f  1467//1765 1468//1765 1469//1765
f  1469//1766 1468//1766 1470//1766
f  1470//1767 1468//1767 1471//1767
f  1470//1768 1471//1768 1472//1768
f  1470//1769 1472//1769 1473//1769
f  1473//1770 1472//1770 1474//1770
f  1473//1771 1474//1771 1475//1771
f  1476//1772 1477//1772 1474//1772
f  1474//1773 1477//1773 1475//1773
f  1478//1774 1479//1774 1480//1774
f  1480//1775 1479//1775 1481//1775
f  1480//1776 1481//1776 1482//1776
f  1480//1777 1482//1777 1476//1777
f  1476//1778 1482//1778 1477//1778
f  1483//1779 1484//1779 1485//1779
f  1485//1780 1484//1780 1486//1780
f  1487//1781 1488//1781 1486//1781
f  1486//1782 1488//1782 1485//1782
f  1489//1783 1490//1783 1487//1783
f  1487//1784 1490//1784 1488//1784
f  1490//1785 1489//1785 1491//1785
f  1491//1786 1489//1786 1492//1786
f  1491//1787 1492//1787 1493//1787
f  1493//1788 1492//1788 1494//1788
f  1495//1789 1496//1789 1494//1789
f  1494//1790 1496//1790 1493//1790
f  1463//1791 1462//1791 1495//1791
f  1495//1792 1462//1792 1496//1792
f  1449//1793 1465//1793 1464//1793
f  1449//1794 1464//1794 1448//1794
f  1451//1795 1497//1795 1450//1795
f  1458//1796 1454//1796 1498//1796
f  1361//1797 1461//1797 1456//1797
f  1456//1798 1461//1798 1463//1798
f  1456//1799 1463//1799 1455//1799
f  1449//1800 1460//1800 1465//1800
f  1465//1801 1460//1801 1499//1801
f  1465//1802 1499//1802 1466//1802
f  1466//1803 1499//1803 1500//1803
f  1466//1804 1500//1804 1468//1804
f  1468//1805 1500//1805 1501//1805
f  1468//1806 1501//1806 1471//1806
f  1471//1807 1501//1807 1502//1807
f  1471//1808 1502//1808 1472//1808
f  1472//1809 1502//1809 1503//1809
f  1472//1810 1503//1810 1474//1810
f  1474//1811 1503//1811 1504//1811
f  1474//1812 1504//1812 1476//1812
f  1476//1813 1504//1813 1505//1813
f  1476//1814 1505//1814 1480//1814
f  1480//1815 1505//1815 1506//1815
f  1480//1816 1506//1816 1478//1816
f  1450//1817 1497//1817 1460//1817
f  1460//1818 1497//1818 1507//1818
f  1460//1819 1507//1819 1499//1819
f  1499//1820 1507//1820 1508//1820
f  1499//1821 1508//1821 1500//1821
f  1500//1822 1508//1822 1509//1822
f  1500//1823 1509//1823 1501//1823
f  1501//1824 1509//1824 1510//1824
f  1501//1825 1510//1825 1502//1825
f  1502//1826 1510//1826 1511//1826
f  1502//1827 1511//1827 1503//1827
f  1503//1828 1511//1828 1512//1828
f  1503//1829 1512//1829 1504//1829
f  1504//1830 1512//1830 1513//1830
f  1504//1831 1513//1831 1505//1831
f  1505//1832 1513//1832 1514//1832
f  1505//1833 1514//1833 1506//1833
f  1515//1834 1516//1834 1514//1834
f  1451//1835 1459//1835 1497//1835
f  1497//1836 1459//1836 1517//1836
f  1497//1837 1517//1837 1507//1837
f  1507//1838 1517//1838 1518//1838
f  1507//1839 1518//1839 1508//1839
f  1508//1840 1518//1840 1519//1840
f  1508//1841 1519//1841 1509//1841
f  1509//1842 1519//1842 1520//1842
f  1509//1843 1520//1843 1510//1843
f  1510//1844 1520//1844 1521//1844
f  1510//1845 1521//1845 1511//1845
f  1511//1846 1521//1846 1522//1846
f  1511//1847 1522//1847 1512//1847
f  1512//1848 1522//1848 1515//1848
f  1512//1849 1515//1849 1513//1849
f  1513//1850 1515//1850 1514//1850
f  1458//1851 1498//1851 1459//1851
f  1459//1852 1498//1852 1523//1852
f  1459//1853 1523//1853 1517//1853
f  1517//1854 1523//1854 1524//1854
f  1517//1855 1524//1855 1518//1855
f  1518//1856 1524//1856 1525//1856
f  1518//1857 1525//1857 1519//1857
f  1519//1858 1525//1858 1526//1858
f  1519//1859 1526//1859 1520//1859
f  1520//1860 1526//1860 1527//1860
f  1520//1861 1527//1861 1521//1861
f  1521//1862 1527//1862 1528//1862
f  1521//1863 1528//1863 1522//1863
f  1522//1864 1528//1864 1529//1864
f  1522//1865 1529//1865 1515//1865
f  1515//1866 1529//1866 1530//1866
f  1515//1867 1530//1867 1516//1867
f  1454//1868 1457//1868 1498//1868
f  1498//1869 1457//1869 1531//1869
f  1498//1870 1531//1870 1523//1870
f  1523//1871 1531//1871 1532//1871
f  1523//1872 1532//1872 1524//1872
f  1524//1873 1532//1873 1533//1873
f  1524//1874 1533//1874 1525//1874
f  1525//1875 1533//1875 1534//1875
f  1525//1876 1534//1876 1526//1876
f  1526//1877 1534//1877 1535//1877
f  1526//1878 1535//1878 1527//1878
f  1527//1879 1535//1879 1536//1879
f  1527//1880 1536//1880 1528//1880
f  1528//1881 1536//1881 1537//1881
f  1528//1882 1537//1882 1529//1882
f  1529//1883 1537//1883 1538//1883
f  1529//1884 1538//1884 1530//1884
f  1539//1885 1484//1885 1483//1885
f  1539//1886 1483//1886 1540//1886
f  1455//1887 1463//1887 1457//1887
f  1457//1888 1463//1888 1495//1888
f  1457//1889 1495//1889 1531//1889
f  1531//1890 1495//1890 1494//1890
f  1531//1891 1494//1891 1532//1891
f  1532//1892 1494//1892 1492//1892
f  1532//1893 1492//1893 1533//1893
f  1533//1894 1492//1894 1489//1894
f  1533//1895 1489//1895 1534//1895
f  1534//1896 1489//1896 1487//1896
f  1534//1897 1487//1897 1535//1897
f  1535//1898 1487//1898 1486//1898
f  1535//1899 1486//1899 1536//1899
f  1536//1900 1486//1900 1484//1900
f  1536//1901 1484//1901 1537//1901
f  1537//1902 1484//1902 1539//1902
f  1537//1903 1539//1903 1538//1903
f  1541//1904 1542//1904 1543//1904
f  1543//1905 1544//1905 1541//1905
f  1541//1906 1544//1906 1545//1906
f  1541//1907 1545//1907 1546//1907
f  1546//1908 1545//1908 1547//1908
f  1548//1909 1549//1909 1550//1909
f  1550//1910 1549//1910 1551//1910
f  1552//1911 1553//1911 1378//1911
f  1378//1912 1553//1912 1554//1912
f  1378//1913 1554//1913 1379//1913
f  1379//1914 1554//1914 1555//1914
f  1379//1915 1555//1915 1381//1915
f  1381//1916 1555//1916 1556//1916
f  1381//1917 1556//1917 1550//1917
f  1550//1918 1556//1918 1548//1918
f  1557//1919 1558//1919 1428//1919
f  1428//1920 1558//1920 1559//1920
f  1428//1921 1559//1921 1378//1921
f  1378//1922 1559//1922 1560//1922
f  1378//1923 1560//1923 1552//1923
f  1384//1924 1543//1924 1385//1924
f  1385//1925 1543//1925 1542//1925
f  1385//1926 1542//1926 1447//1926
f  1447//1927 1542//1927 1561//1927
f  1447//1928 1561//1928 1562//1928
f  1447//1929 1562//1929 1446//1929
f  1562//1930 1563//1930 1446//1930
f  1446//1931 1563//1931 1564//1931
f  1446//1932 1564//1932 1557//1932
f  1557//1933 1564//1933 1558//1933
f  1565//1934 1566//1934 1567//1934
f  147//1935 145//1935 1568//1935
f  1569//1936 1570//1936 157//1936
f  157//1937 1570//1937 153//1937
f  1571//1938 1572//1938 1569//1938
f  1569//1939 1572//1939 1570//1939
f  1573//1940 1574//1940 1571//1940
f  1571//1941 1574//1941 1572//1941
f  1575//1942 1576//1942 1573//1942
f  1573//1943 1576//1943 1574//1943
f  1577//1944 1578//1944 1579//1944
f  1577//1945 1579//1945 1575//1945
f  1575//1946 1579//1946 1576//1946
f  1577//1947 1580//1947 1581//1947
f  1577//1948 1581//1948 1582//1948
f  1578//1949 1577//1949 1582//1949
f  1583//1950 1581//1950 1580//1950
f  1584//1951 1585//1951 1586//1951
f  1586//1952 1585//1952 1583//1952
f  1587//1953 1588//1953 1589//1953
f  1589//1954 1588//1954 1590//1954
f  1590//1955 1591//1955 1589//1955
f  1592//1956 1593//1956 1565//1956
f  1565//1957 1593//1957 1594//1957
f  1595//1958 1596//1958 1592//1958
f  1592//1959 1596//1959 1597//1959
f  1592//1960 1597//1960 1593//1960
f  1598//1961 1599//1961 1595//1961
f  1595//1962 1599//1962 1600//1962
f  1595//1963 1600//1963 1596//1963
f  1601//1964 1602//1964 1598//1964
f  1598//1965 1602//1965 1599//1965
f  1603//1966 1604//1966 1601//1966
f  1601//1967 1604//1967 1602//1967
f  1605//1968 1606//1968 1603//1968
f  1603//1969 1606//1969 1604//1969
f  1607//1970 1608//1970 1609//1970
f  1609//1971 1608//1971 1610//1971
f  1610//1972 1608//1972 1611//1972
f  1610//1973 1611//1973 1605//1973
f  139//1974 1612//1974 1613//1974
f  1613//1975 1612//1975 1614//1975
f  1613//1976 1614//1976 1609//1976
f  1609//1977 1614//1977 1607//1977
f  134//1978 136//1978 1613//1978
f  1613//1979 136//1979 140//1979
f  1613//1980 140//1980 139//1980
f  157//1981 147//1981 1569//1981
f  1569//1982 147//1982 1568//1982
f  1569//1983 1568//1983 1571//1983
f  1571//1984 1568//1984 1615//1984
f  1571//1985 1615//1985 1573//1985
f  1573//1986 1615//1986 1616//1986
f  1573//1987 1616//1987 1575//1987
f  1575//1988 1616//1988 1617//1988
f  1575//1989 1617//1989 1577//1989
f  1577//1990 1617//1990 1618//1990
f  1577//1991 1618//1991 1580//1991
f  1580//1992 1618//1992 1586//1992
f  1580//1993 1586//1993 1583//1993
f  145//1994 143//1994 1568//1994
f  1568//1995 143//1995 1619//1995
f  1568//1996 1619//1996 1615//1996
f  1615//1997 1619//1997 1620//1997
f  1615//1998 1620//1998 1616//1998
f  1616//1999 1620//1999 1621//1999
f  1616//2000 1621//2000 1617//2000
f  1617//2001 1621//2001 1622//2001
f  1617//2002 1622//2002 1618//2002
f  1618//2003 1622//2003 1623//2003
f  1618//2004 1623//2004 1586//2004
f  1586//2005 1623//2005 1624//2005
f  1586//2006 1624//2006 1584//2006
f  1584//2007 1624//2007 1591//2007
f  1584//2008 1591//2008 1625//2008
f  1625//2009 1591//2009 1590//2009
f  132//2010 134//2010 1626//2010
f  1626//2011 134//2011 1613//2011
f  1626//2012 1613//2012 1627//2012
f  1627//2013 1613//2013 1609//2013
f  1627//2014 1609//2014 1628//2014
f  1628//2015 1609//2015 1610//2015
f  1628//2016 1610//2016 1629//2016
f  1629//2017 1610//2017 1630//2017
f  1629//2018 1630//2018 1631//2018
f  1631//2019 1630//2019 1632//2019
f  1631//2020 1632//2020 1633//2020
f  1633//2021 1632//2021 1634//2021
f  1633//2022 1634//2022 1635//2022
f  1635//2023 1634//2023 1636//2023
f  1635//2024 1636//2024 1637//2024
f  1637//2025 1636//2025 1567//2025
f  143//2026 132//2026 1619//2026
f  1619//2027 132//2027 1626//2027
f  1619//2028 1626//2028 1620//2028
f  1620//2029 1626//2029 1627//2029
f  1620//2030 1627//2030 1621//2030
f  1621//2031 1627//2031 1628//2031
f  1621//2032 1628//2032 1622//2032
f  1622//2033 1628//2033 1629//2033
f  1622//2034 1629//2034 1623//2034
f  1623//2035 1629//2035 1631//2035
f  1623//2036 1631//2036 1624//2036
f  1624//2037 1631//2037 1633//2037
f  1624//2038 1633//2038 1591//2038
f  1591//2039 1633//2039 1635//2039
f  1591//2040 1635//2040 1589//2040
f  1589//2041 1635//2041 1637//2041
f  1589//2042 1637//2042 1587//2042
f  1567//2043 1566//2043 1637//2043
f  1637//2044 1566//2044 1587//2044
f  1592//2045 1565//2045 1567//2045
f  1592//2046 1567//2046 1595//2046
f  1595//2047 1567//2047 1636//2047
f  1595//2048 1636//2048 1598//2048
f  1598//2049 1636//2049 1634//2049
f  1598//2050 1634//2050 1601//2050
f  1601//2051 1634//2051 1632//2051
f  1601//2052 1632//2052 1603//2052
f  1603//2053 1632//2053 1630//2053
f  1603//2054 1630//2054 1605//2054
f  1605//2055 1630//2055 1610//2055
f  1588//2056 1587//2056 1638//2056
f  1638//2057 1587//2057 181//2057
f  182//2058 181//2058 1587//2058
f  182//2059 1587//2059 1566//2059
f  182//2060 1566//2060 210//2060
f  210//2061 1566//2061 1565//2061
f  210//2062 1565//2062 180//2062
f  180//2063 1565//2063 1594//2063
f  180//2064 1594//2064 179//2064
f  780//2065 1479//2065 781//2065
f  781//2066 1479//2066 1478//2066
f  781//2067 1478//2067 782//2067
f  779//2068 1639//2068 780//2068
f  780//2069 1639//2069 1481//2069
f  780//2070 1481//2070 1479//2070
f  1478//2071 1506//2071 782//2071
f  782//2072 1506//2072 1514//2072
f  782//2073 1514//2073 783//2073
f  783//2074 1514//2074 784//2074
f  784//2075 1514//2075 1640//2075
f  784//2076 1640//2076 774//2076
f  1640//2077 1530//2077 774//2077
f  774//2078 1530//2078 775//2078
f  775//2079 1530//2079 1538//2079
f  775//2080 1538//2080 777//2080
f  1641//2081 785//2081 778//2081
f  1538//2082 1539//2082 777//2082
f  777//2083 1539//2083 778//2083
f  778//2084 1539//2084 1540//2084
f  778//2085 1540//2085 1641//2085
f  1642//2086 1643//2086 858//2086
f  858//2087 1643//2087 854//2087
f  1644//2088 1645//2088 856//2088
f  1642//2089 858//2089 1645//2089
f  1645//2090 858//2090 856//2090
f  1646//2091 1644//2091 1647//2091
f  1647//2092 1644//2092 856//2092
f  1647//2093 856//2093 1648//2093
f  1648//2094 856//2094 704//2094
f  836//2095 1649//2095 837//2095
f  1650//2096 1649//2096 1651//2096
f  1651//2097 1649//2097 836//2097
f  1651//2098 836//2098 1652//2098
f  1652//2099 836//2099 844//2099
f  1652//2100 844//2100 1653//2100
f  1653//2101 844//2101 847//2101
f  1653//2102 847//2102 1654//2102
f  1654//2103 847//2103 846//2103
f  1654//2104 846//2104 852//2104
f  1654//2105 852//2105 1655//2105
f  849//2106 1656//2106 851//2106
f  851//2107 1656//2107 1655//2107
f  851//2108 1655//2108 852//2108
f  855//2109 1657//2109 849//2109
f  849//2110 1657//2110 1656//2110
f  854//2111 1643//2111 1658//2111
f  854//2112 1658//2112 855//2112
f  855//2113 1658//2113 1657//2113
f  480//2114 479//2114 1659//2114
f  1660//2115 1661//2115 201//2115
f  201//2116 1661//2116 202//2116
f  202//2117 1661//2117 199//2117
f  476//2118 1662//2118 477//2118
f  477//2119 1662//2119 478//2119
f  200//2120 1662//2120 160//2120
f  160//2121 1662//2121 476//2121
f  160//2122 476//2122 481//2122
f  160//2123 481//2123 161//2123
f  161//2124 481//2124 480//2124
f  161//2125 480//2125 201//2125
f  201//2126 480//2126 1659//2126
f  201//2127 1659//2127 1660//2127
f  1660//2128 1659//2128 1663//2128
f  721//2129 1664//2129 722//2129
f  722//2130 1664//2130 1665//2130
f  1666//2131 1664//2131 719//2131
f  719//2132 1664//2132 721//2132
f  724//2133 1667//2133 1666//2133
f  724//2134 1666//2134 719//2134
f  1668//2135 1669//2135 726//2135
f  726//2136 1669//2136 724//2136
f  724//2137 1669//2137 1667//2137
f  1668//2138 726//2138 728//2138
f  1668//2139 728//2139 1670//2139
f  1670//2140 728//2140 731//2140
f  1670//2141 731//2141 1671//2141
f  1671//2142 731//2142 730//2142
f  1671//2143 730//2143 1672//2143
f  1672//2144 730//2144 735//2144
f  1672//2145 735//2145 1673//2145
f  1673//2146 735//2146 733//2146
f  1673//2147 733//2147 1674//2147
f  1674//2148 733//2148 732//2148
f  1674//2149 732//2149 1675//2149
f  732//2150 736//2150 1675//2150
f  1675//2151 736//2151 1676//2151
f  1676//2152 736//2152 738//2152
f  1676//2153 738//2153 1677//2153
f  1677//2154 738//2154 740//2154
f  1677//2155 740//2155 1678//2155
f  740//2156 741//2156 1678//2156
f  1678//2157 741//2157 1679//2157
f  1679//2158 741//2158 743//2158
f  747//2159 1680//2159 745//2159
f  745//2160 1680//2160 1681//2160
f  745//2161 1681//2161 743//2161
f  743//2162 1681//2162 1679//2162
f  749//2163 1682//2163 747//2163
f  747//2164 1682//2164 1680//2164
f  751//2165 1683//2165 1684//2165
f  751//2166 1684//2166 749//2166
f  749//2167 1684//2167 1682//2167
f  753//2168 1685//2168 1683//2168
f  1686//2169 1687//2169 1685//2169
f  1683//2170 751//2170 753//2170
f  1686//2171 1685//2171 753//2171
f  1686//2172 753//2172 1688//2172
f  1688//2173 753//2173 755//2173
f  1689//2174 1690//2174 807//2174
f  1691//2175 812//2175 811//2175
f  825//2176 1692//2176 817//2176
f  817//2177 1692//2177 1693//2177
f  817//2178 1693//2178 818//2178
f  818//2179 1693//2179 1694//2179
f  818//2180 1694//2180 819//2180
f  819//2181 1694//2181 1695//2181
f  819//2182 1695//2182 820//2182
f  820//2183 1695//2183 1696//2183
f  820//2184 1696//2184 811//2184
f  811//2185 1696//2185 1691//2185
f  1697//2186 797//2186 801//2186
f  1697//2187 801//2187 1698//2187
f  1698//2188 801//2188 1699//2188
f  1698//2189 1699//2189 1700//2189
f  807//2190 1690//2190 808//2190
f  1690//2191 1701//2191 808//2191
f  808//2192 1701//2192 803//2192
f  803//2193 1701//2193 1702//2193
f  803//2194 1702//2194 801//2194
f  801//2195 1702//2195 1699//2195
f  814//2196 1703//2196 806//2196
f  1703//2197 1689//2197 806//2197
f  806//2198 1689//2198 807//2198
f  1691//2199 1704//2199 812//2199
f  812//2200 1704//2200 813//2200
f  813//2201 1704//2201 814//2201
f  814//2202 1704//2202 1703//2202
f  1705//2203 867//2203 840//2203
f  1705//2204 840//2204 841//2204
f  1706//2205 867//2205 1705//2205
f  822//2206 284//2206 1707//2206
f  284//2207 861//2207 1707//2207
f  1708//2208 869//2208 874//2208
f  873//2209 1709//2209 874//2209
f  874//2210 1709//2210 1708//2210
f  872//2211 1710//2211 1711//2211
f  872//2212 1711//2212 873//2212
f  873//2213 1711//2213 1709//2213
f  1710//2214 872//2214 1712//2214
f  1712//2215 872//2215 877//2215
f  1712//2216 877//2216 1713//2216
f  1713//2217 877//2217 876//2217
f  1713//2218 876//2218 1714//2218
f  1714//2219 876//2219 875//2219
f  1714//2220 875//2220 1715//2220
f  1715//2221 875//2221 880//2221
f  1715//2222 880//2222 1716//2222
f  879//2223 1717//2223 880//2223
f  880//2224 1717//2224 1716//2224
f  878//2225 1718//2225 879//2225
f  879//2226 1718//2226 1717//2226
f  883//2227 1719//2227 878//2227
f  878//2228 1719//2228 1718//2228
f  882//2229 1720//2229 883//2229
f  883//2230 1720//2230 1719//2230
f  881//2231 1721//2231 1722//2231
f  881//2232 1722//2232 882//2232
f  882//2233 1722//2233 1720//2233
f  1721//2234 881//2234 1723//2234
f  1723//2235 881//2235 886//2235
f  1723//2236 886//2236 1724//2236
f  1724//2237 886//2237 885//2237
f  1724//2238 885//2238 1725//2238
f  1725//2239 885//2239 884//2239
f  1725//2240 884//2240 1726//2240
f  1726//2241 884//2241 887//2241
f  1726//2242 887//2242 1727//2242
f  871//2243 1728//2243 887//2243
f  887//2244 1728//2244 1727//2244
f  891//2245 1729//2245 871//2245
f  871//2246 1729//2246 1728//2246
f  890//2247 1730//2247 891//2247
f  891//2248 1730//2248 1729//2248
f  889//2249 1731//2249 890//2249
f  890//2250 1731//2250 1730//2250
f  888//2251 1732//2251 889//2251
f  889//2252 1732//2252 1733//2252
f  889//2253 1733//2253 1731//2253
f  894//2254 1734//2254 888//2254
f  888//2255 1734//2255 1732//2255
f  893//2256 1735//2256 894//2256
f  894//2257 1735//2257 1734//2257
f  892//2258 1736//2258 893//2258
f  893//2259 1736//2259 1735//2259
f  897//2260 1737//2260 1738//2260
f  897//2261 1738//2261 892//2261
f  892//2262 1738//2262 1736//2262
f  1737//2263 897//2263 1739//2263
f  1739//2264 897//2264 896//2264
f  1739//2265 896//2265 1740//2265
f  1740//2266 896//2266 895//2266
f  1740//2267 895//2267 1741//2267
f  1741//2268 895//2268 900//2268
f  1741//2269 900//2269 1742//2269
f  1742//2270 900//2270 899//2270
f  1742//2271 899//2271 1743//2271
f  898//2272 1744//2272 899//2272
f  899//2273 1744//2273 1743//2273
f  903//2274 1745//2274 898//2274
f  898//2275 1745//2275 1744//2275
f  902//2276 1746//2276 903//2276
f  903//2277 1746//2277 1745//2277
f  901//2278 1747//2278 902//2278
f  902//2279 1747//2279 1746//2279
f  906//2280 1748//2280 1749//2280
f  906//2281 1749//2281 901//2281
f  901//2282 1749//2282 1747//2282
f  1748//2283 906//2283 1750//2283
f  1750//2284 906//2284 905//2284
f  1750//2285 905//2285 1751//2285
f  1751//2286 905//2286 904//2286
f  1751//2287 904//2287 1752//2287
f  1752//2288 904//2288 908//2288
f  1752//2289 908//2289 1753//2289
f  1753//2290 908//2290 907//2290
f  1753//2291 907//2291 1754//2291
f  870//2292 1755//2292 907//2292
f  907//2293 1755//2293 1754//2293
f  1708//2294 1756//2294 869//2294
f  869//2295 1756//2295 1757//2295
f  869//2296 1757//2296 870//2296
f  870//2297 1757//2297 1755//2297
f  1733//2298 1758//2298 1731//2298
f  1731//2299 1758//2299 1759//2299
f  1731//2300 1759//2300 1760//2300
f  1731//2301 1760//2301 1730//2301
f  1730//2302 1760//2302 1761//2302
f  1730//2303 1761//2303 1729//2303
f  1729//2304 1761//2304 1728//2304
f  1728//2305 1761//2305 1762//2305
f  1728//2306 1762//2306 1727//2306
f  1727//2307 1762//2307 1763//2307
f  1727//2308 1763//2308 1726//2308
f  1726//2309 1763//2309 1764//2309
f  1726//2310 1764//2310 1765//2310
f  1726//2311 1765//2311 1725//2311
f  1725//2312 1765//2312 1766//2312
f  1725//2313 1766//2313 1724//2313
f  1724//2314 1766//2314 1723//2314
f  1723//2315 1766//2315 1767//2315
f  1723//2316 1767//2316 1721//2316
f  1721//2317 1767//2317 1768//2317
f  1721//2318 1768//2318 1722//2318
f  1722//2319 1768//2319 1769//2319
f  1722//2320 1769//2320 1770//2320
f  1722//2321 1770//2321 1720//2321
f  1720//2322 1770//2322 1771//2322
f  1720//2323 1771//2323 1719//2323
f  1719//2324 1771//2324 1718//2324
f  1718//2325 1771//2325 1772//2325
f  1718//2326 1772//2326 1717//2326
f  1717//2327 1772//2327 1773//2327
f  1717//2328 1773//2328 1716//2328
f  1773//2329 1774//2329 1716//2329
f  1716//2330 1774//2330 1715//2330
f  1715//2331 1774//2331 1775//2331
f  1715//2332 1775//2332 1776//2332
f  1715//2333 1776//2333 1714//2333
f  1714//2334 1776//2334 1777//2334
f  1714//2335 1777//2335 1713//2335
f  1713//2336 1777//2336 1712//2336
f  1712//2337 1777//2337 1778//2337
f  1712//2338 1778//2338 1710//2338
f  1710//2339 1778//2339 1779//2339
f  1710//2340 1779//2340 1711//2340
f  1711//2341 1779//2341 1780//2341
f  1711//2342 1780//2342 1781//2342
f  1711//2343 1781//2343 1709//2343
f  1709//2344 1781//2344 1782//2344
f  1709//2345 1782//2345 1708//2345
f  1708//2346 1782//2346 1756//2346
f  1756//2347 1782//2347 1783//2347
f  1756//2348 1783//2348 1757//2348
f  1757//2349 1783//2349 1784//2349
f  1757//2350 1784//2350 1755//2350
f  1755//2351 1784//2351 1785//2351
f  1755//2352 1785//2352 1754//2352
f  1785//2353 1786//2353 1754//2353
f  1754//2354 1786//2354 1753//2354
f  1753//2355 1786//2355 1787//2355
f  1753//2356 1787//2356 1788//2356
f  1753//2357 1788//2357 1752//2357
f  1752//2358 1788//2358 1789//2358
f  1752//2359 1789//2359 1751//2359
f  1751//2360 1789//2360 1750//2360
f  1750//2360 1789//2360 1790//2360
f  1750//2361 1790//2361 1748//2361
f  1748//2362 1790//2362 1791//2362
f  1748//2363 1791//2363 1749//2363
f  1749//2364 1791//2364 1792//2364
f  1749//2365 1792//2365 1793//2365
f  1749//2366 1793//2366 1747//2366
f  1747//2367 1793//2367 1746//2367
f  1746//2368 1793//2368 1794//2368
f  1746//2369 1794//2369 1795//2369
f  1746//2370 1795//2370 1745//2370
f  1745//2371 1795//2371 1744//2371
f  1744//2372 1795//2372 1796//2372
f  1744//2373 1796//2373 1743//2373
f  1743//2374 1796//2374 1797//2374
f  1743//2375 1797//2375 1798//2375
f  1743//2376 1798//2376 1742//2376
f  1742//2377 1798//2377 1799//2377
f  1742//2378 1799//2378 1741//2378
f  1741//2379 1799//2379 1740//2379
f  1740//2380 1799//2380 1800//2380
f  1740//2381 1800//2381 1739//2381
f  1739//2381 1800//2381 1801//2381
f  1739//2382 1801//2382 1737//2382
f  1737//2383 1801//2383 1802//2383
f  1737//2384 1802//2384 1738//2384
f  1738//2385 1802//2385 1803//2385
f  1738//2386 1803//2386 1804//2386
f  1738//2387 1804//2387 1736//2387
f  1736//2388 1804//2388 1735//2388
f  1735//2389 1804//2389 1805//2389
f  1735//2390 1805//2390 1734//2390
f  1734//2391 1805//2391 1806//2391
f  1734//2392 1806//2392 1732//2392
f  1806//2393 1807//2393 1732//2393
f  1732//2394 1807//2394 1758//2394
f  1732//2395 1758//2395 1733//2395
f  1808//2396 1809//2396 1782//2396
f  1808//2397 1782//2397 1781//2397
f  1808//2398 1781//2398 1810//2398
f  1810//2399 1781//2399 1780//2399
f  1810//2400 1780//2400 1811//2400
f  1780//2401 1779//2401 1811//2401
f  1811//2402 1779//2402 1812//2402
f  1812//2403 1779//2403 1778//2403
f  1812//2404 1778//2404 1813//2404
f  1813//2405 1778//2405 1777//2405
f  1813//2406 1777//2406 1814//2406
f  1814//2407 1777//2407 1776//2407
f  1814//2408 1776//2408 1815//2408
f  1815//2409 1776//2409 1775//2409
f  1815//2410 1775//2410 1816//2410
f  1775//2411 1774//2411 1816//2411
f  1816//2412 1774//2412 1817//2412
f  1774//2413 1773//2413 1817//2413
f  1817//2414 1773//2414 1818//2414
f  1818//2415 1773//2415 1772//2415
f  1818//2416 1772//2416 1819//2416
f  1772//2417 1771//2417 1819//2417
f  1819//2418 1771//2418 1820//2418
f  1820//2419 1771//2419 1770//2419
f  1820//2420 1770//2420 1821//2420
f  1821//2421 1770//2421 1769//2421
f  1821//2422 1769//2422 1822//2422
f  1769//2423 1768//2423 1822//2423
f  1822//2424 1768//2424 1823//2424
f  1823//2425 1768//2425 1767//2425
f  1823//2426 1767//2426 1824//2426
f  1824//2427 1767//2427 1766//2427
f  1824//2428 1766//2428 1825//2428
f  1825//2429 1766//2429 1765//2429
f  1825//2430 1765//2430 1826//2430
f  1826//2431 1765//2431 1764//2431
f  1826//2432 1764//2432 1827//2432
f  1764//2433 1763//2433 1827//2433
f  1827//2434 1763//2434 1828//2434
f  1828//2435 1763//2435 1762//2435
f  1828//2436 1762//2436 1829//2436
f  1762//2437 1761//2437 1829//2437
f  1829//2438 1761//2438 1830//2438
f  1830//2439 1761//2439 1760//2439
f  1830//2440 1760//2440 1831//2440
f  1831//2441 1760//2441 1759//2441
f  1831//2442 1759//2442 1832//2442
f  1759//2443 1758//2443 1832//2443
f  1832//2444 1758//2444 1833//2444
f  1833//2445 1758//2445 1807//2445
f  1833//2446 1807//2446 1834//2446
f  1807//2447 1806//2447 1834//2447
f  1834//2448 1806//2448 1835//2448
f  1835//2449 1806//2449 1805//2449
f  1835//2450 1805//2450 1836//2450
f  1805//2451 1804//2451 1836//2451
f  1836//2452 1804//2452 1837//2452
f  1837//2453 1804//2453 1803//2453
f  1837//2454 1803//2454 1838//2454
f  1803//2455 1802//2455 1838//2455
f  1838//2456 1802//2456 1839//2456
f  1839//2457 1802//2457 1801//2457
f  1839//2458 1801//2458 1840//2458
f  1840//2459 1801//2459 1800//2459
f  1840//2460 1800//2460 1841//2460
f  1800//2461 1799//2461 1841//2461
f  1841//2462 1799//2462 1842//2462
f  1842//2463 1799//2463 1798//2463
f  1842//2464 1798//2464 1843//2464
f  1843//2465 1798//2465 1797//2465
f  1843//2466 1797//2466 1844//2466
f  1797//2467 1796//2467 1844//2467
f  1844//2468 1796//2468 1845//2468
f  1845//2469 1796//2469 1795//2469
f  1845//2470 1795//2470 1846//2470
f  1846//2471 1795//2471 1794//2471
f  1846//2472 1794//2472 1847//2472
f  1794//2473 1793//2473 1847//2473
f  1847//2474 1793//2474 1848//2474
f  1848//2475 1793//2475 1792//2475
f  1848//2476 1792//2476 1849//2476
f  1792//2477 1791//2477 1849//2477
f  1849//2478 1791//2478 1850//2478
f  1850//2479 1791//2479 1790//2479
f  1850//2480 1790//2480 1851//2480
f  1790//2481 1789//2481 1851//2481
f  1851//2482 1789//2482 1852//2482
f  1852//2483 1789//2483 1788//2483
f  1852//2484 1788//2484 1853//2484
f  1853//2485 1788//2485 1787//2485
f  1853//2486 1787//2486 1854//2486
f  1787//2487 1786//2487 1854//2487
f  1854//2488 1786//2488 1855//2488
f  1786//2489 1785//2489 1855//2489
f  1855//2490 1785//2490 1856//2490
f  1856//2491 1785//2491 1784//2491
f  1856//2492 1784//2492 1809//2492
f  1809//2493 1784//2493 1783//2493
f  1809//2494 1783//2494 1782//2494
f  1812//840 744//840 1811//840
f  1811//840 744//840 742//840
f  1811//840 742//840 1810//840
f  1810//840 742//840 739//840
f  1810//840 739//840 1808//840
f  1808//840 739//840 737//840
f  1808//840 737//840 1809//840
f  1809//840 737//840 734//840
f  1809//840 734//840 1856//840
f  1856//840 734//840 729//840
f  1856//840 729//840 1855//840
f  1855//840 729//840 727//840
f  1855//840 727//840 1854//840
f  1819//840 392//840 1818//840
f  1818//840 392//840 377//840
f  1818//840 377//840 1817//840
f  1817//840 377//840 758//840
f  1817//840 758//840 1816//840
f  1816//840 758//840 754//840
f  1816//840 754//840 1815//840
f  1815//840 754//840 752//840
f  1815//840 752//840 1814//840
f  1814//840 752//840 750//840
f  1814//840 750//840 1813//840
f  1813//840 750//840 748//840
f  1813//840 748//840 1812//840
f  1812//840 748//840 746//840
f  1812//840 746//840 744//840
f  727//840 725//840 1854//840
f  1854//840 725//840 723//840
f  1854//840 723//840 1853//840
f  1853//840 723//840 718//840
f  1853//840 718//840 1852//840
f  1852//840 718//840 720//840
f  1852//840 720//840 1851//840
f  1851//840 720//840 706//840
f  1851//840 706//840 1850//840
f  1850//840 706//840 288//840
f  1850//840 288//840 1849//840
f  1849//840 288//840 494//840
f  1849//840 494//840 1848//840
f  1848//840 494//840 464//840
f  1848//840 464//840 1847//840
f  1826//840 662//840 1825//840
f  1825//840 662//840 657//840
f  1825//840 657//840 1824//840
f  1824//840 657//840 622//840
f  1824//840 622//840 1823//840
f  1823//840 622//840 422//840
f  1823//840 422//840 1822//840
f  1822//840 422//840 411//840
f  1822//840 411//840 1821//840
f  1821//840 411//840 406//840
f  1821//840 406//840 1820//840
f  1820//840 406//840 396//840
f  1820//840 396//840 1819//840
f  1819//840 396//840 399//840
f  1819//840 399//840 392//840
f  464//840 302//840 1847//840
f  1847//840 302//840 369//840
f  1847//840 369//840 1846//840
f  1846//840 369//840 365//840
f  1846//840 365//840 1845//840
f  1845//840 365//840 361//840
f  1845//840 361//840 1844//840
f  1844//840 361//840 353//840
f  1844//840 353//840 1843//840
f  1843//840 353//840 352//840
f  1843//840 352//840 1842//840
f  1842//840 352//840 333//840
f  1842//840 333//840 1841//840
f  1841//840 333//840 529//840
f  1841//840 529//840 1840//840
f  1833//840 681//840 1832//840
f  1832//840 681//840 679//840
f  1832//840 679//840 1831//840
f  1831//840 679//840 676//840
f  1831//840 676//840 1830//840
f  1830//840 676//840 674//840
f  1830//840 674//840 1829//840
f  1829//840 674//840 672//840
f  1829//840 672//840 1828//840
f  1828//840 672//840 670//840
f  1828//840 670//840 1827//840
f  1827//840 670//840 291//840
f  1827//840 291//840 1826//840
f  1826//840 291//840 665//840
f  1826//840 665//840 662//840
f  529//840 533//840 1840//840
f  1840//840 533//840 700//840
f  1840//840 700//840 1839//840
f  1839//840 700//840 698//840
f  1839//840 698//840 1838//840
f  1838//840 698//840 696//840
f  1838//840 696//840 1837//840
f  1837//840 696//840 694//840
f  1837//840 694//840 1836//840
f  1836//840 694//840 692//840
f  1836//840 692//840 1835//840
f  1835//840 692//840 690//840
f  1835//840 690//840 1834//840
f  1834//840 690//840 687//840
f  1834//840 687//840 1833//840
f  1833//840 687//840 684//840
f  1833//840 684//840 681//840
f  1857//2495 310//2495 1858//2495
f  1858//2495 310//2495 294//2495
f  1858//2495 294//2495 1859//2495
f  1859//2495 294//2495 492//2495
f  1859//2495 492//2495 1860//2495
f  1860//2495 492//2495 705//2495
f  1860//2495 705//2495 1861//2495
f  1861//2495 705//2495 857//2495
f  1861//2495 857//2495 1862//2495
f  1862//2495 857//2495 853//2495
f  1862//2495 853//2495 1863//2495
f  1863//2495 853//2495 848//2495
f  1863//2495 848//2495 1864//2495
f  1865//2495 572//2495 1866//2495
f  1866//2495 572//2495 574//2495
f  1866//2495 574//2495 1867//2495
f  1867//2495 574//2495 534//2495
f  1867//2495 534//2495 1868//2495
f  1868//2495 534//2495 341//2495
f  1868//2495 341//2495 1869//2495
f  1869//2495 341//2495 327//2495
f  1869//2495 327//2495 1870//2495
f  1870//2495 327//2495 323//2495
f  1870//2495 323//2495 1871//2495
f  1871//2495 323//2495 319//2495
f  1871//2495 319//2495 1857//2495
f  1857//2495 319//2495 311//2495
f  1857//2495 311//2495 310//2495
f  1872//2495 810//2495 1873//2495
f  1873//2495 810//2495 809//2495
f  1873//2495 809//2495 1874//2495
f  1874//2495 809//2495 805//2495
f  1874//2495 805//2495 1875//2495
f  1875//2495 805//2495 804//2495
f  1875//2495 804//2495 1876//2495
f  1876//2495 804//2495 802//2495
f  1876//2495 802//2495 1877//2495
f  1877//2495 802//2495 796//2495
f  1877//2495 796//2495 1878//2495
f  1878//2495 796//2495 761//2495
f  1878//2495 761//2495 1879//2495
f  848//2495 850//2495 1864//2495
f  1864//2495 850//2495 845//2495
f  1864//2495 845//2495 1880//2495
f  1880//2495 845//2495 843//2495
f  1880//2495 843//2495 1881//2495
f  1881//2495 843//2495 835//2495
f  1881//2495 835//2495 1882//2495
f  1882//2495 835//2495 833//2495
f  1882//2495 833//2495 1883//2495
f  1883//2495 833//2495 832//2495
f  1883//2495 832//2495 1884//2495
f  1884//2495 832//2495 285//2495
f  1884//2495 285//2495 1885//2495
f  1885//2495 285//2495 816//2495
f  1885//2495 816//2495 1872//2495
f  1872//2495 816//2495 815//2495
f  1872//2495 815//2495 810//2495
f  1886//2495 595//2495 1887//2495
f  1887//2495 595//2495 592//2495
f  1887//2495 592//2495 1888//2495
f  1888//2495 592//2495 589//2495
f  1888//2495 589//2495 1889//2495
f  1889//2495 589//2495 587//2495
f  1889//2495 587//2495 1890//2495
f  1890//2495 587//2495 585//2495
f  1890//2495 585//2495 1891//2495
f  1891//2495 585//2495 583//2495
f  1891//2495 583//2495 1892//2495
f  1892//2495 583//2495 579//2495
f  1892//2495 579//2495 1865//2495
f  1865//2495 579//2495 577//2495
f  1865//2495 577//2495 572//2495
f  1893//2495 613//2495 1894//2495
f  1894//2495 613//2495 611//2495
f  1894//2495 611//2495 1895//2495
f  1895//2495 611//2495 609//2495
f  1895//2495 609//2495 1896//2495
f  1896//2495 609//2495 607//2495
f  1896//2495 607//2495 1897//2495
f  1897//2495 607//2495 605//2495
f  1897//2495 605//2495 1898//2495
f  1898//2495 605//2495 603//2495
f  1898//2495 603//2495 1899//2495
f  1899//2495 603//2495 600//2495
f  1899//2495 600//2495 1886//2495
f  1886//2495 600//2495 598//2495
f  1886//2495 598//2495 595//2495
f  761//2495 384//2495 1879//2495
f  1879//2495 384//2495 452//2495
f  1879//2495 452//2495 1900//2495
f  1900//2495 452//2495 447//2495
f  1900//2495 447//2495 1901//2495
f  1901//2495 447//2495 437//2495
f  1901//2495 437//2495 1902//2495
f  1902//2495 437//2495 440//2495
f  1902//2495 440//2495 1903//2495
f  1903//2495 440//2495 433//2495
f  1903//2495 433//2495 1904//2495
f  1904//2495 433//2495 415//2495
f  1904//2495 415//2495 1905//2495
f  1905//2495 415//2495 619//2495
f  1905//2495 619//2495 1893//2495
f  1893//2495 619//2495 615//2495
f  1893//2495 615//2495 613//2495
f  1883//2496 1906//2496 1882//2496
f  1882//2497 1906//2497 1907//2497
f  1882//2497 1907//2497 1881//2497
f  1881//2498 1907//2498 1908//2498
f  1881//2498 1908//2498 1880//2498
f  1880//2499 1908//2499 1909//2499
f  1880//2499 1909//2499 1864//2499
f  1864//2500 1909//2500 1910//2500
f  1864//2500 1910//2500 1863//2500
f  1863//2501 1910//2501 1911//2501
f  1863//2501 1911//2501 1862//2501
f  1862//2502 1911//2502 1912//2502
f  1862//2502 1912//2502 1861//2502
f  1861//2503 1912//2503 1913//2503
f  1861//2503 1913//2503 1860//2503
f  1860//2504 1913//2504 1914//2504
f  1860//2504 1914//2504 1859//2504
f  1859//2505 1914//2505 1915//2505
f  1859//2505 1915//2505 1858//2505
f  1858//2506 1915//2506 1916//2506
f  1858//2506 1916//2506 1857//2506
f  1857//2507 1916//2507 1917//2507
f  1857//2507 1917//2507 1871//2507
f  1871//2508 1917//2508 1918//2508
f  1871//2508 1918//2508 1870//2508
f  1870//2509 1918//2509 1919//2509
f  1870//2509 1919//2509 1869//2509
f  1869//2510 1919//2510 1920//2510
f  1869//2510 1920//2510 1868//2510
f  1868//2511 1920//2511 1921//2511
f  1868//2511 1921//2511 1867//2511
f  1867//2512 1921//2512 1922//2512
f  1867//2512 1922//2512 1866//2512
f  1866//2513 1922//2513 1923//2513
f  1866//2513 1923//2513 1865//2513
f  1865//2514 1923//2514 1924//2514
f  1865//2514 1924//2514 1892//2514
f  1892//2515 1924//2515 1925//2515
f  1892//2515 1925//2515 1891//2515
f  1891//2516 1925//2516 1926//2516
f  1891//2516 1926//2516 1890//2516
f  1890//2517 1926//2517 1927//2517
f  1890//2517 1927//2517 1889//2517
f  1889//2518 1927//2518 1928//2518
f  1889//2518 1928//2518 1888//2518
f  1888//2519 1928//2519 1929//2519
f  1888//2519 1929//2519 1887//2519
f  1887//2520 1929//2520 1930//2520
f  1887//2520 1930//2520 1886//2520
f  1886//2521 1930//2521 1931//2521
f  1886//2521 1931//2521 1899//2521
f  1899//2522 1931//2522 1932//2522
f  1899//2522 1932//2522 1898//2522
f  1898//2523 1932//2523 1933//2523
f  1898//2523 1933//2523 1897//2523
f  1897//2524 1933//2524 1934//2524
f  1897//2524 1934//2524 1896//2524
f  1896//2525 1934//2525 1935//2525
f  1896//2525 1935//2525 1895//2525
f  1895//2526 1935//2526 1936//2526
f  1895//2526 1936//2526 1894//2526
f  1894//2527 1936//2527 1937//2527
f  1894//2527 1937//2527 1893//2527
f  1893//2528 1937//2528 1938//2528
f  1893//2528 1938//2528 1905//2528
f  1905//2529 1938//2529 1939//2529
f  1905//2529 1939//2529 1904//2529
f  1904//2530 1939//2530 1940//2530
f  1904//2530 1940//2530 1903//2530
f  1903//2531 1940//2531 1941//2531
f  1903//2531 1941//2531 1902//2531
f  1902//2532 1941//2532 1942//2532
f  1902//2532 1942//2532 1901//2532
f  1901//2533 1942//2533 1943//2533
f  1901//2533 1943//2533 1900//2533
f  1900//2534 1943//2534 1944//2534
f  1900//2534 1944//2534 1879//2534
f  1879//2535 1944//2535 1945//2535
f  1879//2535 1945//2535 1878//2535
f  1878//2536 1945//2536 1946//2536
f  1878//2536 1946//2536 1877//2536
f  1877//2537 1946//2537 1947//2537
f  1877//2537 1947//2537 1876//2537
f  1876//2538 1947//2538 1948//2538
f  1876//2538 1948//2538 1875//2538
f  1875//2539 1948//2539 1949//2539
f  1875//2539 1949//2539 1874//2539
f  1874//2540 1949//2540 1950//2540
f  1874//2540 1950//2540 1873//2540
f  1873//2541 1950//2541 1951//2541
f  1873//2541 1951//2541 1872//2541
f  1872//2542 1951//2542 1952//2542
f  1872//2542 1952//2542 1885//2542
f  1885//2543 1952//2543 1953//2543
f  1885//2543 1953//2543 1884//2543
f  1884//2544 1953//2544 1954//2544
f  1884//2544 1954//2544 1883//2544
f  1883//2496 1954//2496 1906//2496
f  1955//2545 1953//2545 1952//2545
f  1951//2546 1956//2546 1952//2546
f  1952//2547 1956//2547 1955//2547
f  1950//2548 1957//2548 1951//2548
f  1951//2549 1957//2549 1956//2549
f  1949//2550 1958//2550 1950//2550
f  1950//2551 1958//2551 1957//2551
f  1948//2552 1959//2552 1949//2552
f  1949//2553 1959//2553 1958//2553
f  1947//2554 1960//2554 1948//2554
f  1948//2555 1960//2555 1959//2555
f  1946//2556 1961//2556 1947//2556
f  1947//2557 1961//2557 1960//2557
f  1945//2558 1962//2558 1946//2558
f  1946//2559 1962//2559 1963//2559
f  1946//2560 1963//2560 1961//2560
f  1944//2561 1964//2561 1945//2561
f  1945//2562 1964//2562 1962//2562
f  1943//2563 1965//2563 1944//2563
f  1944//2564 1965//2564 1964//2564
f  1942//2565 1966//2565 1943//2565
f  1943//2566 1966//2566 1965//2566
f  1941//2567 1967//2567 1942//2567
f  1942//2568 1967//2568 1966//2568
f  1940//2569 1968//2569 1941//2569
f  1941//2570 1968//2570 1967//2570
f  1939//2571 1969//2571 1940//2571
f  1940//2572 1969//2572 1968//2572
f  1937//2573 1970//2573 1938//2573
f  1938//2574 1970//2574 1939//2574
f  1939//2575 1970//2575 1969//2575
f  1936//2576 1971//2576 1937//2576
f  1937//2577 1971//2577 1970//2577
f  1935//2578 1972//2578 1936//2578
f  1936//2579 1972//2579 1971//2579
f  1934//2580 1973//2580 1935//2580
f  1935//2581 1973//2581 1972//2581
f  1933//2582 1974//2582 1934//2582
f  1934//2580 1974//2580 1973//2580
f  1932//2583 1975//2583 1933//2583
f  1933//2584 1975//2584 1974//2584
f  1931//2585 1976//2585 1932//2585
f  1932//2586 1976//2586 1975//2586
f  1930//2587 1977//2587 1931//2587
f  1931//2588 1977//2588 1976//2588
f  1929//2589 1978//2589 1930//2589
f  1930//2590 1978//2590 1979//2590
f  1930//2591 1979//2591 1977//2591
f  1928//2592 1978//2592 1929//2592
f  1927//2593 1980//2593 1928//2593
f  1928//2594 1980//2594 1981//2594
f  1928//2595 1981//2595 1978//2595
f  1926//2596 1982//2596 1927//2596
f  1927//2597 1982//2597 1980//2597
f  1925//2598 1983//2598 1926//2598
f  1926//2598 1983//2598 1982//2598
f  1924//2599 1984//2599 1925//2599
f  1925//2600 1984//2600 1983//2600
f  1923//2601 1985//2601 1924//2601
f  1924//2602 1985//2602 1984//2602
f  1921//2603 1986//2603 1922//2603
f  1922//2604 1986//2604 1923//2604
f  1923//2605 1986//2605 1985//2605
f  1920//2606 1987//2606 1921//2606
f  1921//2607 1987//2607 1986//2607
f  1919//2608 1988//2608 1920//2608
f  1920//2609 1988//2609 1987//2609
f  1918//2610 1989//2610 1919//2610
f  1919//2611 1989//2611 1988//2611
f  1917//2612 1990//2612 1918//2612
f  1918//2613 1990//2613 1989//2613
f  1916//2614 1991//2614 1917//2614
f  1917//2615 1991//2615 1990//2615
f  1915//2616 1992//2616 1916//2616
f  1916//2617 1992//2617 1991//2617
f  1914//2618 1993//2618 1915//2618
f  1915//2619 1993//2619 1992//2619
f  1913//2620 1994//2620 1914//2620
f  1914//2621 1994//2621 1995//2621
f  1914//2622 1995//2622 1993//2622
f  1912//2623 1996//2623 1913//2623
f  1913//2623 1996//2623 1994//2623
f  1911//2624 1997//2624 1912//2624
f  1912//2625 1997//2625 1996//2625
f  1910//2626 1998//2626 1911//2626
f  1911//2627 1998//2627 1997//2627
f  1909//2628 1999//2628 1910//2628
f  1910//2629 1999//2629 1998//2629
f  1908//2630 2000//2630 1909//2630
f  1909//2631 2000//2631 1999//2631
f  1907//2632 2001//2632 1908//2632
f  1908//2632 2001//2632 2000//2632
f  1953//2633 1955//2633 2002//2633
f  1953//2634 2002//2634 1954//2634
f  1954//2635 2002//2635 2003//2635
f  1954//2636 2003//2636 1906//2636
f  1906//2637 2003//2637 1907//2637
f  1907//2638 2003//2638 2001//2638
f  335//2639 334//2639 2004//2639
f  2005//2640 305//2640 304//2640
f  2005//2641 304//2641 2006//2641
f  305//2642 2005//2642 306//2642
f  306//2643 2005//2643 2007//2643
f  306//2644 2007//2644 307//2644
f  307//2645 2007//2645 371//2645
f  371//2646 2007//2646 2008//2646
f  371//2647 2008//2647 372//2647
f  372//2648 2008//2648 373//2648
f  373//2649 2008//2649 2009//2649
f  373//2650 2009//2650 370//2650
f  370//2651 2009//2651 367//2651
f  367//2652 2009//2652 2010//2652
f  367//2653 2010//2653 368//2653
f  368//2654 2010//2654 374//2654
f  374//2655 2010//2655 2011//2655
f  374//2656 2011//2656 375//2656
f  2012//2657 366//2657 2011//2657
f  2011//2658 366//2658 375//2658
f  2013//2659 359//2659 2012//2659
f  2012//2660 359//2660 364//2660
f  2012//2661 364//2661 366//2661
f  2014//2662 362//2662 2013//2662
f  2013//2663 362//2663 360//2663
f  2013//2664 360//2664 359//2664
f  355//2665 354//2665 2015//2665
f  2015//2666 354//2666 2014//2666
f  2014//2667 354//2667 363//2667
f  2014//2668 363//2668 362//2668
f  355//2669 2015//2669 356//2669
f  356//2670 2015//2670 2016//2670
f  356//2671 2016//2671 350//2671
f  350//2672 2016//2672 351//2672
f  351//2673 2016//2673 2017//2673
f  351//2674 2017//2674 357//2674
f  357//2675 2017//2675 2018//2675
f  357//2676 2018//2676 358//2676
f  2019//2677 337//2677 2018//2677
f  2018//2678 337//2678 336//2678
f  2018//2679 336//2679 358//2679
f  2004//2680 334//2680 2020//2680
f  334//2681 332//2681 2020//2681
f  2020//2682 332//2682 331//2682
f  2020//2683 331//2683 2019//2683
f  2019//2684 331//2684 338//2684
f  2019//2685 338//2685 337//2685
f  335//2686 2004//2686 2021//2686
f  2021//2687 2004//2687 2022//2687
f  2021//2688 2022//2688 340//2688
f  340//2689 2022//2689 2023//2689
f  340//2690 2023//2690 342//2690
f  342//2691 2023//2691 343//2691
f  343//2692 2023//2692 2024//2692
f  343//2693 2024//2693 344//2693
f  344//2694 2024//2694 345//2694
f  345//2695 2024//2695 2025//2695
f  345//2696 2025//2696 346//2696
f  346//2697 2025//2697 347//2697
f  347//2698 2025//2698 2026//2698
f  347//2699 2026//2699 348//2699
f  348//2700 2026//2700 349//2700
f  349//2701 2026//2701 2027//2701
f  349//2702 2027//2702 325//2702
f  325//2703 2027//2703 326//2703
f  326//2704 2027//2704 2028//2704
f  326//2705 2028//2705 328//2705
f  328//2706 2028//2706 329//2706
f  329//2707 2028//2707 2029//2707
f  329//2708 2029//2708 330//2708
f  2030//2709 324//2709 2029//2709
f  2029//2710 324//2710 330//2710
f  2031//2711 317//2711 2030//2711
f  2030//2712 317//2712 322//2712
f  2030//2713 322//2713 324//2713
f  2032//2714 320//2714 2031//2714
f  2031//2715 320//2715 318//2715
f  2031//2716 318//2716 317//2716
f  313//2717 312//2717 2033//2717
f  2033//2718 312//2718 2032//2718
f  2032//2719 312//2719 321//2719
f  2032//2720 321//2720 320//2720
f  313//2721 2033//2721 314//2721
f  314//2722 2033//2722 2034//2722
f  314//2723 2034//2723 308//2723
f  308//2724 2034//2724 309//2724
f  309//2725 2034//2725 2035//2725
f  309//2726 2035//2726 315//2726
f  315//2727 2035//2727 2036//2727
f  315//2728 2036//2728 316//2728
f  2037//2729 298//2729 2036//2729
f  2036//2730 298//2730 297//2730
f  2036//2731 297//2731 316//2731
f  2038//2732 2039//2732 295//2732
f  295//2733 293//2733 2038//2733
f  2038//2734 293//2734 292//2734
f  2038//2735 292//2735 2037//2735
f  2037//2736 292//2736 299//2736
f  2037//2737 299//2737 298//2737
f  304//2738 303//2738 2006//2738
f  2006//2739 303//2739 301//2739
f  2006//2740 301//2740 2040//2740
f  2040//2741 301//2741 300//2741
f  2040//2742 300//2742 2039//2742
f  2039//2743 300//2743 296//2743
f  2039//2744 296//2744 295//2744
f  419//2745 418//2745 252//2745
f  282//2746 280//2746 385//2746
f  385//2747 280//2747 386//2747
f  386//2748 280//2748 278//2748
f  386//2749 278//2749 387//2749
f  387//2750 278//2750 388//2750
f  388//2751 278//2751 276//2751
f  388//2752 276//2752 389//2752
f  389//2753 276//2753 453//2753
f  453//2754 276//2754 274//2754
f  453//2755 274//2755 454//2755
f  454//2756 274//2756 455//2756
f  455//2757 274//2757 272//2757
f  455//2758 272//2758 450//2758
f  450//2759 272//2759 451//2759
f  451//2760 272//2760 270//2760
f  451//2761 270//2761 456//2761
f  456//2762 270//2762 457//2762
f  457//2763 270//2763 268//2763
f  457//2764 268//2764 445//2764
f  266//2765 446//2765 268//2765
f  268//2766 446//2766 445//2766
f  264//2767 449//2767 266//2767
f  266//2768 449//2768 448//2768
f  266//2769 448//2769 446//2769
f  262//2770 439//2770 264//2770
f  264//2771 439//2771 438//2771
f  264//2772 438//2772 449//2772
f  260//2773 442//2773 262//2773
f  262//2774 442//2774 441//2774
f  262//2775 441//2775 439//2775
f  444//2776 443//2776 260//2776
f  260//2777 443//2777 442//2777
f  444//2778 260//2778 431//2778
f  431//2779 260//2779 258//2779
f  431//2780 258//2780 432//2780
f  432//2781 258//2781 256//2781
f  432//2782 256//2782 434//2782
f  434//2783 256//2783 435//2783
f  435//2784 256//2784 254//2784
f  435//2785 254//2785 436//2785
f  252//2786 418//2786 254//2786
f  254//2787 418//2787 417//2787
f  254//2788 417//2788 436//2788
f  419//2789 252//2789 416//2789
f  416//2790 252//2790 250//2790
f  416//2791 250//2791 414//2791
f  414//2792 250//2792 248//2792
f  414//2793 248//2793 420//2793
f  420//2794 248//2794 2041//2794
f  420//2795 2041//2795 423//2795
f  423//2796 2041//2796 244//2796
f  423//2797 244//2797 424//2797
f  424//2798 244//2798 242//2798
f  424//2799 242//2799 425//2799
f  425//2800 242//2800 426//2800
f  426//2801 242//2801 240//2801
f  426//2802 240//2802 427//2802
f  427//2803 240//2803 428//2803
f  428//2804 240//2804 238//2804
f  428//2805 238//2805 429//2805
f  429//2806 238//2806 430//2806
f  430//2807 238//2807 236//2807
f  430//2808 236//2808 409//2808
f  409//2809 236//2809 410//2809
f  410//2810 236//2810 234//2810
f  410//2672 234//2672 412//2672
f  412//2811 234//2811 413//2811
f  413//2812 234//2812 232//2812
f  413//2813 232//2813 404//2813
f  230//2814 405//2814 232//2814
f  232//2815 405//2815 404//2815
f  228//2816 408//2816 230//2816
f  230//2817 408//2817 407//2817
f  230//2818 407//2818 405//2818
f  226//2819 398//2819 228//2819
f  228//2820 398//2820 397//2820
f  228//2821 397//2821 408//2821
f  224//2822 401//2822 226//2822
f  226//2823 401//2823 400//2823
f  226//2824 400//2824 398//2824
f  403//2825 402//2825 224//2825
f  224//2826 402//2826 401//2826
f  403//2827 224//2827 390//2827
f  390//2828 224//2828 222//2828
f  390//2829 222//2829 391//2829
f  391//2830 222//2830 220//2830
f  391//2831 220//2831 393//2831
f  393//2832 220//2832 394//2832
f  394//2833 220//2833 218//2833
f  394//2834 218//2834 395//2834
f  216//2835 380//2835 218//2835
f  218//2836 380//2836 379//2836
f  218//2837 379//2837 395//2837
f  212//2838 376//2838 214//2838
f  214//2839 376//2839 378//2839
f  214//2840 378//2840 216//2840
f  216//2841 378//2841 381//2841
f  216//2842 381//2842 380//2842
f  385//2843 383//2843 282//2843
f  282//2844 383//2844 382//2844
f  282//2845 382//2845 212//2845
f  212//2846 382//2846 376//2846
f  862//2847 859//2847 2042//2847
f  831//2848 830//2848 2043//2848
f  831//2849 2043//2849 826//2849
f  826//2850 2043//2850 2042//2850
f  2042//2851 2043//2851 863//2851
f  2042//2852 863//2852 862//2852
f  859//2853 827//2853 2042//2853
f  2042//2854 827//2854 826//2854
f  830//2855 829//2855 2043//2855
f  2043//2855 829//2855 863//2855
f  2044//2856 2045//2856 458//2856
f  2045//2857 1663//2857 458//2857
f  458//2858 1663//2858 459//2858
f  459//2858 1663//2858 1659//2858
f  1659//840 479//840 459//840
f  2044//2859 458//2859 461//2859
f  2046//2495 2047//2495 2048//2495
f  2049//2495 2050//2495 2048//2495
f  2048//2495 2050//2495 2051//2495
f  2048//2495 2051//2495 2046//2495
f  2052//2495 2053//2495 2048//2495
f  2048//2495 2053//2495 2054//2495
f  2048//2495 2054//2495 2049//2495
f  2055//2495 2056//2495 2048//2495
f  2048//2495 2056//2495 2057//2495
f  2048//2495 2057//2495 2052//2495
f  2058//2495 2059//2495 2048//2495
f  2048//2495 2059//2495 2060//2495
f  2048//2495 2060//2495 2055//2495
f  2061//2495 2062//2495 2048//2495
f  2048//2495 2062//2495 2063//2495
f  2048//2495 2063//2495 2058//2495
f  2064//2495 2065//2495 2048//2495
f  2048//2495 2065//2495 2066//2495
f  2048//2495 2066//2495 2061//2495
f  2067//2495 2068//2495 2048//2495
f  2048//2495 2068//2495 2069//2495
f  2048//2495 2069//2495 2064//2495
f  2070//2495 2071//2495 2048//2495
f  2048//2495 2071//2495 2072//2495
f  2048//2495 2072//2495 2067//2495
f  2048//2495 2073//2495 2074//2495
f  2048//2495 2074//2495 2070//2495
f  2075//2495 2076//2495 2048//2495
f  2048//2495 2076//2495 2077//2495
f  2078//2495 2079//2495 2048//2495
f  2048//2495 2079//2495 2080//2495
f  2048//2495 2080//2495 2075//2495
f  2081//2495 2082//2495 2048//2495
f  2048//2495 2082//2495 2083//2495
f  2048//2495 2083//2495 2078//2495
f  2084//2495 2085//2495 2048//2495
f  2048//2495 2085//2495 2086//2495
f  2048//2495 2086//2495 2081//2495
f  2087//2495 2088//2495 2048//2495
f  2048//2495 2088//2495 2089//2495
f  2048//2495 2089//2495 2084//2495
f  2047//2495 2090//2495 2048//2495
f  2048//2495 2090//2495 2091//2495
f  2048//2495 2091//2495 2087//2495
f  1955//2860 2047//2860 2046//2860
f  2047//2861 1955//2861 1956//2861
f  2047//2862 1956//2862 2090//2862
f  2090//2863 1956//2863 1957//2863
f  2090//2864 1957//2864 2091//2864
f  2091//2865 1957//2865 1958//2865
f  2091//2866 1958//2866 2087//2866
f  2087//2867 1958//2867 1959//2867
f  2087//2868 1959//2868 2088//2868
f  2088//2869 1959//2869 1960//2869
f  2088//2870 1960//2870 2089//2870
f  2089//2871 1960//2871 1961//2871
f  2089//2872 1961//2872 2084//2872
f  2084//2873 1961//2873 1963//2873
f  2084//2874 1963//2874 2085//2874
f  1963//2875 1962//2875 2085//2875
f  2085//2876 1962//2876 2086//2876
f  1962//2877 1964//2877 2086//2877
f  2086//2878 1964//2878 2081//2878
f  1964//2879 1965//2879 2081//2879
f  2081//2880 1965//2880 2082//2880
f  1965//2881 1966//2881 2082//2881
f  2082//2882 1966//2882 2083//2882
f  1966//2883 1967//2883 2083//2883
f  2083//2884 1967//2884 2078//2884
f  1967//2885 1968//2885 2078//2885
f  2078//2886 1968//2886 2079//2886
f  1970//2887 2080//2887 1969//2887
f  1969//2888 2080//2888 2079//2888
f  1969//2889 2079//2889 1968//2889
f  2080//2890 1970//2890 1971//2890
f  2080//2891 1971//2891 2075//2891
f  2075//2892 1971//2892 1972//2892
f  2075//2893 1972//2893 2076//2893
f  2076//2894 1972//2894 1973//2894
f  2076//2895 1973//2895 2077//2895
f  2077//2896 1973//2896 1974//2896
f  2077//2897 1974//2897 2048//2897
f  2048//2898 1974//2898 1975//2898
f  2048//2899 1975//2899 2073//2899
f  2073//2900 1975//2900 1976//2900
f  2073//2901 1976//2901 2074//2901
f  2074//2902 1976//2902 1977//2902
f  2074//2903 1977//2903 2070//2903
f  2070//2904 1977//2904 1979//2904
f  2070//2905 1979//2905 2071//2905
f  1979//2906 1978//2906 2071//2906
f  2071//2907 1978//2907 2072//2907
f  2072//2908 1978//2908 1981//2908
f  2072//2909 1981//2909 2067//2909
f  1981//2910 1980//2910 2067//2910
f  2067//2911 1980//2911 2068//2911
f  1980//2912 1982//2912 2068//2912
f  2068//2913 1982//2913 2069//2913
f  1982//2914 1983//2914 2069//2914
f  2069//2915 1983//2915 2064//2915
f  1983//2916 1984//2916 2064//2916
f  2064//2917 1984//2917 2065//2917
f  1986//2918 2066//2918 1985//2918
f  1985//2919 2066//2919 2065//2919
f  1985//2920 2065//2920 1984//2920
f  2066//2921 1986//2921 1987//2921
f  2066//2922 1987//2922 2061//2922
f  2061//2923 1987//2923 1988//2923
f  2061//2924 1988//2924 2062//2924
f  2062//2925 1988//2925 1989//2925
f  2062//2926 1989//2926 2063//2926
f  2063//2927 1989//2927 1990//2927
f  2063//2928 1990//2928 2058//2928
f  2058//2929 1990//2929 1991//2929
f  2058//2930 1991//2930 2059//2930
f  2059//2931 1991//2931 1992//2931
f  2059//2932 1992//2932 2060//2932
f  2060//2933 1992//2933 1993//2933
f  2060//2934 1993//2934 2055//2934
f  2055//2935 1993//2935 1995//2935
f  2055//2936 1995//2936 2056//2936
f  1995//2937 1994//2937 2056//2937
f  2056//2938 1994//2938 2057//2938
f  1994//2939 1996//2939 2057//2939
f  2057//2940 1996//2940 2052//2940
f  1996//2941 1997//2941 2052//2941
f  2052//2942 1997//2942 2053//2942
f  1997//2943 1998//2943 2053//2943
f  2053//2944 1998//2944 2054//2944
f  1998//2945 1999//2945 2054//2945
f  2054//2946 1999//2946 2049//2946
f  1999//2947 2000//2947 2049//2947
f  2049//2948 2000//2948 2050//2948
f  2000//2949 2001//2949 2050//2949
f  2050//2950 2001//2950 2051//2950
f  2001//2951 2003//2951 2051//2951
f  2051//2952 2003//2952 2046//2952
f  2046//2953 2003//2953 2002//2953
f  2046//2954 2002//2954 1955//2954
f  2092//2955 2093//2955 2094//2955
f  2094//2955 2093//2955 2095//2955
f  2094//2956 2095//2956 2096//2956
f  2096//2956 2095//2956 2097//2956
f  2096//2957 2097//2957 2098//2957
f  2098//2957 2097//2957 2099//2957
f  2098//2958 2099//2958 2100//2958
f  2100//2958 2099//2958 2101//2958
f  2100//2959 2101//2959 2102//2959
f  2102//2959 2101//2959 2103//2959
f  2102//2960 2103//2960 2104//2960
f  2104//2960 2103//2960 2105//2960
f  2104//2961 2105//2961 2106//2961
f  2106//2961 2105//2961 2107//2961
f  2106//2962 2107//2962 2108//2962
f  2108//2962 2107//2962 2109//2962
f  2108//2963 2109//2963 2110//2963
f  2110//2963 2109//2963 2111//2963
f  2110//2964 2111//2964 2112//2964
f  2112//2964 2111//2964 2113//2964
f  2112//2965 2113//2965 2114//2965
f  2114//2965 2113//2965 2115//2965
f  2114//2966 2115//2966 2116//2966
f  2116//2966 2115//2966 2117//2966
f  2116//2967 2117//2967 2118//2967
f  2118//2967 2117//2967 2119//2967
f  2118//2968 2119//2968 2120//2968
f  2120//2968 2119//2968 2121//2968
f  2120//2969 2121//2969 2122//2969
f  2122//2969 2121//2969 2123//2969
f  2122//2970 2123//2970 2124//2970
f  2124//2970 2123//2970 2125//2970
f  2124//2971 2125//2971 2126//2971
f  2126//2971 2125//2971 2127//2971
f  2126//2972 2127//2972 2128//2972
f  2128//2972 2127//2972 2129//2972
f  2128//2973 2129//2973 2130//2973
f  2130//2973 2129//2973 2131//2973
f  2130//2974 2131//2974 2132//2974
f  2132//2975 2131//2975 2133//2975
f  2132//2976 2133//2976 2134//2976
f  2134//2977 2133//2977 2135//2977
f  2134//2978 2135//2978 2136//2978
f  2136//2978 2135//2978 2137//2978
f  2136//2979 2137//2979 2138//2979
f  2138//2979 2137//2979 2139//2979
f  2138//2980 2139//2980 2140//2980
f  2140//2980 2139//2980 2141//2980
f  2140//2981 2141//2981 2142//2981
f  2142//2981 2141//2981 2143//2981
f  2142//2982 2143//2982 2144//2982
f  2144//2982 2143//2982 2145//2982
f  2144//2983 2145//2983 2146//2983
f  2146//2983 2145//2983 2147//2983
f  2146//2984 2147//2984 2148//2984
f  2148//2984 2147//2984 2149//2984
f  2148//2985 2149//2985 2150//2985
f  2150//2985 2149//2985 2151//2985
f  2150//2986 2151//2986 2152//2986
f  2152//2986 2151//2986 2153//2986
f  2152//2987 2153//2987 2154//2987
f  2154//2987 2153//2987 2155//2987
f  2154//2988 2155//2988 2156//2988
f  2156//2988 2155//2988 2157//2988
f  2156//2989 2157//2989 2158//2989
f  2158//2989 2157//2989 2159//2989
f  2158//2990 2159//2990 2160//2990
f  2160//2990 2159//2990 2161//2990
f  2160//2991 2161//2991 2162//2991
f  2162//2991 2161//2991 2163//2991
f  2162//2992 2163//2992 2092//2992
f  2092//2992 2163//2992 2093//2992
f  2164//2993 2165//2993 2166//2993
f  2166//2993 2165//2993 2167//2993
f  2166//2994 2167//2994 2168//2994
f  2168//2994 2167//2994 2169//2994
f  2168//2995 2169//2995 2170//2995
f  2170//2995 2169//2995 2171//2995
f  2170//2958 2171//2958 2172//2958
f  2172//2958 2171//2958 2173//2958
f  2172//2996 2173//2996 2174//2996
f  2174//2996 2173//2996 2175//2996
f  2174//2997 2175//2997 2176//2997
f  2176//2997 2175//2997 2177//2997
f  2176//2961 2177//2961 2178//2961
f  2178//2961 2177//2961 2179//2961
f  2178//2998 2179//2998 2180//2998
f  2180//2998 2179//2998 2181//2998
f  2180//2963 2181//2963 2182//2963
f  2182//2963 2181//2963 2183//2963
f  2182//2964 2183//2964 2184//2964
f  2184//2964 2183//2964 2185//2964
f  2184//2999 2185//2999 2186//2999
f  2186//2999 2185//2999 2187//2999
f  2186//2966 2187//2966 2188//2966
f  2188//2966 2187//2966 2189//2966
f  2188//3000 2189//3000 2190//3000
f  2190//3000 2189//3000 2191//3000
f  2190//3001 2191//3001 2192//3001
f  2192//3001 2191//3001 2193//3001
f  2192//2969 2193//2969 2194//2969
f  2194//2969 2193//2969 2195//2969
f  2194//3002 2195//3002 2196//3002
f  2196//3003 2195//3003 2197//3003
f  2196//3004 2197//3004 2198//3004
f  2198//3005 2197//3005 2199//3005
f  2198//3006 2199//3006 2200//3006
f  2200//3006 2199//3006 2201//3006
f  2200//3007 2201//3007 2202//3007
f  2202//3007 2201//3007 2203//3007
f  2202//3008 2203//3008 2204//3008
f  2204//3008 2203//3008 2205//3008
f  2204//3009 2205//3009 2206//3009
f  2206//3009 2205//3009 2207//3009
f  2206//2978 2207//2978 2208//2978
f  2208//2978 2207//2978 2209//2978
f  2208//3010 2209//3010 2210//3010
f  2210//3010 2209//3010 2211//3010
f  2210//3011 2211//3011 2212//3011
f  2212//3011 2211//3011 2213//3011
f  2212//2981 2213//2981 2214//2981
f  2214//2981 2213//2981 2215//2981
f  2214//3012 2215//3012 2216//3012
f  2216//3012 2215//3012 2217//3012
f  2216//2983 2217//2983 2218//2983
f  2218//2983 2217//2983 2219//2983
f  2218//2984 2219//2984 2220//2984
f  2220//2984 2219//2984 2221//2984
f  2220//3013 2221//3013 2222//3013
f  2222//3013 2221//3013 2223//3013
f  2222//2986 2223//2986 2224//2986
f  2224//2986 2223//2986 2225//2986
f  2224//3014 2225//3014 2226//3014
f  2226//3014 2225//3014 2227//3014
f  2226//3015 2227//3015 2228//3015
f  2228//3015 2227//3015 2229//3015
f  2228//2989 2229//2989 2230//2989
f  2230//2989 2229//2989 2231//2989
f  2230//3016 2231//3016 2232//3016
f  2232//3016 2231//3016 2233//3016
f  2232//3017 2233//3017 2234//3017
f  2234//3017 2233//3017 2235//3017
f  2234//3018 2235//3018 2164//3018
f  2164//3018 2235//3018 2165//3018
f  2203//2855 2201//2855 2236//2855
f  2236//2855 2201//2855 2199//2855
f  2236//2855 2199//2855 2237//2855
f  2238//2855 2179//2855 2177//2855
f  2239//2855 2111//2855 2109//2855
f  2235//2855 2233//2855 2240//2855
f  2240//2855 2233//2855 2231//2855
f  2240//2855 2231//2855 2229//2855
f  2209//2855 2207//2855 2241//2855
f  2241//2855 2207//2855 2205//2855
f  2241//2855 2205//2855 2242//2855
f  2242//2855 2205//2855 2203//2855
f  2242//2855 2203//2855 2243//2855
f  2243//2855 2203//2855 2236//2855
f  2179//2855 2238//2855 2181//2855
f  2181//2855 2238//2855 2244//2855
f  2181//2855 2244//2855 2183//2855
f  2177//2855 2175//2855 2238//2855
f  2238//2855 2175//2855 2173//2855
f  2238//2855 2173//2855 2245//2855
f  2173//2855 2171//2855 2245//2855
f  2245//2855 2171//2855 2169//2855
f  2245//2855 2169//2855 2246//2855
f  2247//2855 2248//2855 2095//2855
f  2095//2855 2248//2855 2249//2855
f  2095//2855 2249//2855 2097//2855
f  2097//2855 2249//2855 2250//2855
f  2097//2855 2250//2855 2099//2855
f  2099//2855 2250//2855 2251//2855
f  2099//2855 2251//2855 2101//2855
f  2101//2855 2251//2855 2252//2855
f  2101//2855 2252//2855 2253//2855
f  2095//2855 2093//2855 2247//2855
f  2247//2855 2093//2855 2163//2855
f  2247//2855 2163//2855 2254//2855
f  2255//2855 2129//2855 2256//2855
f  2256//2855 2129//2855 2127//2855
f  2199//2855 2197//2855 2237//2855
f  2237//2855 2197//2855 2195//2855
f  2237//2855 2195//2855 2257//2855
f  2257//2855 2195//2855 2193//2855
f  2257//2855 2193//2855 2191//2855
f  2191//2855 2189//2855 2257//2855
f  2257//2855 2189//2855 2187//2855
f  2257//2855 2187//2855 2244//2855
f  2244//2855 2187//2855 2185//2855
f  2244//2855 2185//2855 2183//2855
f  2163//2855 2161//2855 2254//2855
f  2254//2855 2161//2855 2159//2855
f  2254//2855 2159//2855 2258//2855
f  2258//2855 2159//2855 2157//2855
f  2258//2855 2157//2855 2155//2855
f  2169//2855 2167//2855 2246//2855
f  2246//2855 2167//2855 2165//2855
f  2246//2855 2165//2855 2235//2855
f  2109//2855 2107//2855 2239//2855
f  2239//2855 2107//2855 2105//2855
f  2239//2855 2105//2855 2253//2855
f  2253//2855 2105//2855 2103//2855
f  2253//2855 2103//2855 2101//2855
f  2141//2855 2139//2855 2259//2855
f  2259//2855 2139//2855 2137//2855
f  2259//2855 2137//2855 2260//2855
f  2137//2855 2135//2855 2260//2855
f  2260//2855 2135//2855 2133//2855
f  2260//2855 2133//2855 2255//2855
f  2255//2855 2133//2855 2131//2855
f  2255//2855 2131//2855 2129//2855
f  2125//2855 2261//2855 2127//2855
f  2127//2855 2261//2855 2262//2855
f  2127//2855 2262//2855 2256//2855
f  2263//2855 2241//2855 2264//2855
f  2264//2855 2241//2855 2265//2855
f  2264//2855 2265//2855 2266//2855
f  2266//2855 2265//2855 2267//2855
f  2266//2855 2267//2855 2268//2855
f  2268//2855 2267//2855 2269//2855
f  2268//2855 2269//2855 2270//2855
f  2270//2855 2269//2855 2271//2855
f  2270//2855 2271//2855 2272//2855
f  2272//2855 2271//2855 2273//2855
f  2272//2855 2273//2855 2274//2855
f  2274//2855 2273//2855 2261//2855
f  2240//2855 2275//2855 2235//2855
f  2235//2855 2275//2855 2276//2855
f  2235//2855 2276//2855 2246//2855
f  2246//2855 2276//2855 2277//2855
f  2246//2855 2277//2855 2278//2855
f  2278//2855 2277//2855 2279//2855
f  2278//2855 2279//2855 2280//2855
f  2280//2855 2279//2855 2281//2855
f  2280//2855 2281//2855 2282//2855
f  2282//2855 2281//2855 2283//2855
f  2282//2855 2283//2855 2284//2855
f  2284//2855 2283//2855 2285//2855
f  2284//2855 2285//2855 2286//2855
f  2286//2855 2285//2855 2287//2855
f  2286//2855 2287//2855 2253//2855
f  2253//2855 2287//2855 2288//2855
f  2253//2855 2288//2855 2239//2855
f  2239//2855 2289//2855 2111//2855
f  2111//2855 2289//2855 2290//2855
f  2111//2855 2290//2855 2291//2855
f  2149//2855 2292//2855 2151//2855
f  2151//2855 2292//2855 2258//2855
f  2151//2855 2258//2855 2153//2855
f  2153//2855 2258//2855 2155//2855
f  2229//2855 2227//2855 2240//2855
f  2240//2855 2227//2855 2225//2855
f  2240//2855 2225//2855 2223//2855
f  2149//2855 2147//2855 2292//2855
f  2292//2855 2147//2855 2145//2855
f  2292//2855 2145//2855 2259//2855
f  2259//2855 2145//2855 2143//2855
f  2259//2855 2143//2855 2141//2855
f  2213//2855 2293//2855 2215//2855
f  2215//2855 2293//2855 2294//2855
f  2215//2855 2294//2855 2295//2855
f  2263//2855 2296//2855 2241//2855
f  2241//2855 2296//2855 2297//2855
f  2241//2855 2297//2855 2209//2855
f  2209//2855 2297//2855 2293//2855
f  2209//2855 2293//2855 2211//2855
f  2211//2855 2293//2855 2213//2855
f  2291//2855 2298//2855 2111//2855
f  2111//2855 2298//2855 2299//2855
f  2111//2855 2299//2855 2300//2855
f  2117//2855 2115//2855 2301//2855
f  2301//2855 2115//2855 2113//2855
f  2301//2855 2113//2855 2302//2855
f  2301//2855 2303//2855 2261//2855
f  2261//2855 2303//2855 2304//2855
f  2261//2855 2304//2855 2274//2855
f  2300//2855 2305//2855 2111//2855
f  2111//2855 2305//2855 2306//2855
f  2111//2855 2306//2855 2113//2855
f  2113//2855 2306//2855 2307//2855
f  2113//2855 2307//2855 2302//2855
f  2223//2855 2221//2855 2240//2855
f  2240//2855 2221//2855 2219//2855
f  2240//2855 2219//2855 2295//2855
f  2295//2855 2219//2855 2217//2855
f  2295//2855 2217//2855 2215//2855
f  2125//2855 2123//2855 2261//2855
f  2261//2855 2123//2855 2121//2855
f  2261//2855 2121//2855 2301//2855
f  2301//2855 2121//2855 2119//2855
f  2301//2855 2119//2855 2117//2855
f  2308//3019 2288//3019 2309//3019
f  2309//3020 2288//3020 2287//3020
f  2309//3021 2287//3021 2310//3021
f  2310//3021 2287//3021 2285//3021
f  2310//3022 2285//3022 2311//3022
f  2311//3022 2285//3022 2283//3022
f  2311//3023 2283//3023 2312//3023
f  2312//3023 2283//3023 2281//3023
f  2312//2996 2281//2996 2313//2996
f  2313//2996 2281//2996 2279//2996
f  2313//3024 2279//3024 2314//3024
f  2314//3024 2279//3024 2277//3024
f  2314//3025 2277//3025 2315//3025
f  2315//3025 2277//3025 2276//3025
f  2315//3026 2276//3026 2316//3026
f  2316//3026 2276//3026 2275//3026
f  2316//3027 2275//3027 2317//3027
f  2317//3027 2275//3027 2240//3027
f  2317//3028 2240//3028 2318//3028
f  2318//3028 2240//3028 2295//3028
f  2318//3029 2295//3029 2319//3029
f  2319//3029 2295//3029 2294//3029
f  2319//3030 2294//3030 2320//3030
f  2320//3030 2294//3030 2293//3030
f  2320//3031 2293//3031 2321//3031
f  2321//3031 2293//3031 2297//3031
f  2321//3032 2297//3032 2322//3032
f  2322//3032 2297//3032 2296//3032
f  2322//3033 2296//3033 2323//3033
f  2323//3033 2296//3033 2263//3033
f  2323//3034 2263//3034 2324//3034
f  2324//3034 2263//3034 2264//3034
f  2324//3035 2264//3035 2325//3035
f  2325//3035 2264//3035 2266//3035
f  2325//3036 2266//3036 2326//3036
f  2326//3037 2266//3037 2327//3037
f  2326//3038 2327//3038 2328//3038
f  2328//3039 2327//3039 2270//3039
f  2328//3040 2270//3040 2329//3040
f  2329//3040 2270//3040 2272//3040
f  2329//3041 2272//3041 2330//3041
f  2330//3041 2272//3041 2274//3041
f  2330//3042 2274//3042 2331//3042
f  2331//3042 2274//3042 2304//3042
f  2331//3043 2304//3043 2332//3043
f  2332//3043 2304//3043 2303//3043
f  2332//3044 2303//3044 2333//3044
f  2333//3044 2303//3044 2301//3044
f  2333//3045 2301//3045 2334//3045
f  2334//3045 2301//3045 2302//3045
f  2334//3046 2302//3046 2335//3046
f  2335//3046 2302//3046 2307//3046
f  2335//3047 2307//3047 2336//3047
f  2336//3047 2307//3047 2306//3047
f  2336//3048 2306//3048 2337//3048
f  2337//3048 2306//3048 2305//3048
f  2337//3049 2305//3049 2338//3049
f  2338//3049 2305//3049 2300//3049
f  2338//3050 2300//3050 2339//3050
f  2339//3050 2300//3050 2299//3050
f  2339//3051 2299//3051 2340//3051
f  2340//3051 2299//3051 2298//3051
f  2340//2988 2298//2988 2341//2988
f  2341//2988 2298//2988 2291//2988
f  2341//3052 2291//3052 2342//3052
f  2342//3052 2291//3052 2290//3052
f  2342//3053 2290//3053 2343//3053
f  2343//3053 2290//3053 2289//3053
f  2343//3054 2289//3054 2344//3054
f  2344//3055 2289//3055 2239//3055
f  2344//3056 2239//3056 2308//3056
f  2308//3057 2239//3057 2288//3057
f  2345//3058 2267//3058 2346//3058
f  2346//3059 2267//3059 2265//3059
f  2346//3060 2265//3060 2347//3060
f  2347//3061 2265//3061 2241//3061
f  2347//3062 2241//3062 275//3062
f  275//3063 2241//3063 2242//3063
f  275//3064 2242//3064 273//3064
f  273//3065 2242//3065 2243//3065
f  273//3066 2243//3066 2348//3066
f  2348//3067 2243//3067 2236//3067
f  2348//3068 2236//3068 2349//3068
f  2349//3069 2236//3069 2237//3069
f  2349//3070 2237//3070 2350//3070
f  2350//3071 2237//3071 2257//3071
f  2350//3072 2257//3072 2351//3072
f  2351//3073 2257//3073 2244//3073
f  2351//3074 2244//3074 263//3074
f  263//3075 2244//3075 2238//3075
f  263//3076 2238//3076 261//3076
f  261//3077 2238//3077 2245//3077
f  261//3078 2245//3078 2352//3078
f  2352//3079 2245//3079 2246//3079
f  2352//3080 2246//3080 257//3080
f  257//3081 2246//3081 2278//3081
f  257//3082 2278//3082 2353//3082
f  2353//3083 2278//3083 2280//3083
f  2353//3084 2280//3084 2354//3084
f  2354//3085 2280//3085 2282//3085
f  2354//3086 2282//3086 2355//3086
f  2355//3087 2282//3087 2284//3087
f  2355//3088 2284//3088 2356//3088
f  2356//3089 2284//3089 2286//3089
f  2356//3090 2286//3090 2357//3090
f  2357//3091 2286//3091 2253//3091
f  2357//3092 2253//3092 2358//3092
f  2358//3093 2253//3093 2252//3093
f  2358//3094 2252//3094 2359//3094
f  2359//3095 2252//3095 2251//3095
f  2359//3096 2251//3096 241//3096
f  241//3097 2251//3097 2250//3097
f  241//3098 2250//3098 2360//3098
f  2360//3099 2250//3099 2249//3099
f  2360//3100 2249//3100 2361//3100
f  2361//3101 2249//3101 2248//3101
f  2361//3102 2248//3102 2362//3102
f  2362//3103 2248//3103 2247//3103
f  2362//3104 2247//3104 233//3104
f  233//3105 2247//3105 2254//3105
f  233//3106 2254//3106 231//3106
f  231//3107 2254//3107 2258//3107
f  231//3108 2258//3108 229//3108
f  229//3109 2258//3109 2292//3109
f  229//3110 2292//3110 2363//3110
f  2363//3111 2292//3111 2259//3111
f  2363//3112 2259//3112 2364//3112
f  2364//3113 2259//3113 2260//3113
f  2364//3114 2260//3114 2365//3114
f  2365//3115 2260//3115 2255//3115
f  2365//3116 2255//3116 2366//3116
f  2366//3117 2255//3117 2256//3117
f  2366//3118 2256//3118 2367//3118
f  2367//3119 2256//3119 2262//3119
f  2367//3120 2262//3120 2368//3120
f  2368//3121 2262//3121 2261//3121
f  2368//3122 2261//3122 2369//3122
f  2369//3123 2261//3123 2273//3123
f  2369//3124 2273//3124 213//3124
f  213//3125 2273//3125 2271//3125
f  213//3126 2271//3126 2370//3126
f  2370//3127 2271//3127 2371//3127
f  2370//3128 2371//3128 2345//3128
f  2345//3129 2371//3129 2267//3129
f  2358//3130 247//3130 2357//3130
f  2357//3131 247//3131 249//3131
f  2357//3131 249//3131 2356//3131
f  2356//3132 249//3132 251//3132
f  2356//3132 251//3132 2355//3132
f  2355//3133 251//3133 253//3133
f  2355//3133 253//3133 2354//3133
f  2354//3134 253//3134 255//3134
f  2354//3134 255//3134 2353//3134
f  2353//3135 255//3135 257//3135
f  257//3136 259//3136 2352//3136
f  2352//3137 259//3137 261//3137
f  263//3138 265//3138 2351//3138
f  2351//3139 265//3139 267//3139
f  2351//3139 267//3139 2350//3139
f  2350//3140 267//3140 269//3140
f  2350//3140 269//3140 2349//3140
f  2349//3141 269//3141 271//3141
f  2349//3141 271//3141 2348//3141
f  2348//3142 271//3142 273//3142
f  275//3143 277//3143 2347//3143
f  2347//3144 277//3144 279//3144
f  2347//3144 279//3144 2346//3144
f  2346//3145 279//3145 281//3145
f  2346//3145 281//3145 2372//3145
f  2372//3146 281//3146 211//3146
f  2372//3147 211//3147 2370//3147
f  2370//3148 211//3148 213//3148
f  213//3149 215//3149 2369//3149
f  2369//3150 215//3150 217//3150
f  2369//3150 217//3150 2368//3150
f  2368//3151 217//3151 219//3151
f  2368//3151 219//3151 2367//3151
f  2367//3152 219//3152 221//3152
f  2367//3152 221//3152 2366//3152
f  2366//3153 221//3153 223//3153
f  2366//3153 223//3153 2365//3153
f  2365//3154 223//3154 225//3154
f  2365//3154 225//3154 2364//3154
f  2364//3155 225//3155 227//3155
f  2364//3155 227//3155 2363//3155
f  2363//3156 227//3156 229//3156
f  233//3157 235//3157 2362//3157
f  2362//3158 235//3158 237//3158
f  2362//3158 237//3158 2361//3158
f  2361//3159 237//3159 239//3159
f  2361//3159 239//3159 2360//3159
f  2360//3160 239//3160 241//3160
f  241//3161 243//3161 2359//3161
f  2359//3162 243//3162 2373//3162
f  2359//3162 2373//3162 2358//3162
f  2358//3163 2373//3163 247//3163
f  2374//3164 2004//3164 2375//3164
f  2375//3165 2004//3165 2020//3165
f  2375//3166 2020//3166 2376//3166
f  2376//3167 2020//3167 2019//3167
f  2376//3168 2019//3168 2377//3168
f  2377//3169 2019//3169 2018//3169
f  2377//3170 2018//3170 2378//3170
f  2378//3171 2018//3171 2017//3171
f  2378//3172 2017//3172 2379//3172
f  2379//3173 2017//3173 2016//3173
f  2379//3174 2016//3174 2380//3174
f  2380//3175 2016//3175 2015//3175
f  2380//3176 2015//3176 2381//3176
f  2381//3177 2015//3177 2014//3177
f  2381//3178 2014//3178 2382//3178
f  2382//3179 2014//3179 2013//3179
f  2382//3180 2013//3180 2383//3180
f  2383//3181 2013//3181 2012//3181
f  2383//3182 2012//3182 2384//3182
f  2384//3183 2012//3183 2011//3183
f  2384//3184 2011//3184 2385//3184
f  2385//3185 2011//3185 2010//3185
f  2385//3186 2010//3186 2386//3186
f  2386//3187 2010//3187 2009//3187
f  2386//3188 2009//3188 2387//3188
f  2387//3189 2009//3189 2008//3189
f  2387//3190 2008//3190 2388//3190
f  2388//3191 2008//3191 2007//3191
f  2388//3192 2007//3192 2389//3192
f  2389//3193 2007//3193 2005//3193
f  2389//3194 2005//3194 2390//3194
f  2390//3195 2005//3195 2006//3195
f  2390//3196 2006//3196 2391//3196
f  2391//3197 2006//3197 2392//3197
f  2391//3198 2392//3198 2393//3198
f  2393//3199 2392//3199 2039//3199
f  2393//3200 2039//3200 2394//3200
f  2394//3201 2039//3201 2038//3201
f  2394//3202 2038//3202 2395//3202
f  2395//3203 2038//3203 2037//3203
f  2395//3204 2037//3204 2396//3204
f  2396//3205 2037//3205 2036//3205
f  2396//3206 2036//3206 2397//3206
f  2397//3207 2036//3207 2035//3207
f  2397//3208 2035//3208 2398//3208
f  2398//3209 2035//3209 2034//3209
f  2398//3210 2034//3210 2399//3210
f  2399//3211 2034//3211 2033//3211
f  2399//3212 2033//3212 2400//3212
f  2400//3213 2033//3213 2032//3213
f  2400//3214 2032//3214 2401//3214
f  2401//3215 2032//3215 2031//3215
f  2401//3216 2031//3216 2402//3216
f  2402//3217 2031//3217 2030//3217
f  2402//3218 2030//3218 2403//3218
f  2403//3219 2030//3219 2029//3219
f  2403//3220 2029//3220 2404//3220
f  2404//3221 2029//3221 2028//3221
f  2404//3222 2028//3222 2405//3222
f  2405//3223 2028//3223 2027//3223
f  2405//3224 2027//3224 2406//3224
f  2406//3225 2027//3225 2026//3225
f  2406//3226 2026//3226 2407//3226
f  2407//3227 2026//3227 2025//3227
f  2407//3228 2025//3228 2408//3228
f  2408//3229 2025//3229 2024//3229
f  2408//3230 2024//3230 2409//3230
f  2409//3231 2024//3231 2023//3231
f  2409//3232 2023//3232 2410//3232
f  2410//3233 2023//3233 2022//3233
f  2410//3234 2022//3234 2374//3234
f  2374//3235 2022//3235 2004//3235
f  2391//3236 2411//3236 2390//3236
f  2390//3237 2411//3237 2412//3237
f  2390//3238 2412//3238 2389//3238
f  2389//3238 2412//3238 2413//3238
f  2389//2840 2413//2840 2388//2840
f  2388//2840 2413//2840 2414//2840
f  2388//3239 2414//3239 2387//3239
f  2387//3239 2414//3239 2415//3239
f  2387//3240 2415//3240 2386//3240
f  2386//3240 2415//3240 2416//3240
f  2386//3241 2416//3241 2385//3241
f  2385//3241 2416//3241 2417//3241
f  2385//3242 2417//3242 2384//3242
f  2384//3242 2417//3242 2418//3242
f  2384//3243 2418//3243 2383//3243
f  2383//3243 2418//3243 2419//3243
f  2383//3244 2419//3244 2382//3244
f  2382//3244 2419//3244 2420//3244
f  2382//3245 2420//3245 2381//3245
f  2381//3245 2420//3245 2421//3245
f  2381//3246 2421//3246 2380//3246
f  2380//3246 2421//3246 2422//3246
f  2380//3247 2422//3247 2379//3247
f  2379//3247 2422//3247 2423//3247
f  2379//3248 2423//3248 2378//3248
f  2378//3248 2423//3248 2424//3248
f  2378//3249 2424//3249 2377//3249
f  2377//3249 2424//3249 2425//3249
f  2377//3250 2425//3250 2376//3250
f  2376//3250 2425//3250 2426//3250
f  2376//3251 2426//3251 2375//3251
f  2375//3251 2426//3251 2427//3251
f  2375//3252 2427//3252 2374//3252
f  2374//3252 2427//3252 2428//3252
f  2374//3253 2428//3253 2429//3253
f  2429//3254 2428//3254 2430//3254
f  2429//3255 2430//3255 2409//3255
f  2409//3256 2430//3256 2431//3256
f  2409//3257 2431//3257 2408//3257
f  2408//3257 2431//3257 2432//3257
f  2408//2790 2432//2790 2407//2790
f  2407//2790 2432//2790 2433//2790
f  2407//3258 2433//3258 2406//3258
f  2406//3258 2433//3258 2434//3258
f  2406//3259 2434//3259 2405//3259
f  2405//3259 2434//3259 2435//3259
f  2405//3260 2435//3260 2404//3260
f  2404//3260 2435//3260 2436//3260
f  2404//3261 2436//3261 2403//3261
f  2403//3261 2436//3261 2437//3261
f  2403//3262 2437//3262 2402//3262
f  2402//3262 2437//3262 2438//3262
f  2402//3263 2438//3263 2401//3263
f  2401//3263 2438//3263 2439//3263
f  2401//3264 2439//3264 2400//3264
f  2400//3264 2439//3264 2440//3264
f  2400//3265 2440//3265 2399//3265
f  2399//3265 2440//3265 2441//3265
f  2399//3266 2441//3266 2398//3266
f  2398//3266 2441//3266 2442//3266
f  2398//3267 2442//3267 2397//3267
f  2397//3267 2442//3267 2443//3267
f  2397//3268 2443//3268 2396//3268
f  2396//3268 2443//3268 2444//3268
f  2396//3269 2444//3269 2395//3269
f  2395//3269 2444//3269 2445//3269
f  2395//3270 2445//3270 2394//3270
f  2394//3270 2445//3270 2446//3270
f  2394//3271 2446//3271 2393//3271
f  2393//3271 2446//3271 2447//3271
f  2393//3272 2447//3272 2391//3272
f  2391//3273 2447//3273 2411//3273
f  520//3274 500//3274 2448//3274
f  2449//3275 2450//3275 286//3275
f  2451//3276 2452//3276 504//3276
f  2448//3277 500//3277 2453//3277
f  2453//3278 500//3278 502//3278
f  504//3279 2452//3279 502//3279
f  502//3280 2452//3280 2454//3280
f  502//3281 2454//3281 2453//3281
f  2455//3282 2456//3282 2454//3282
f  2452//3283 2455//3283 2454//3283
f  2457//3284 505//3284 2458//3284
f  2458//3285 505//3285 507//3285
f  2458//3286 507//3286 2459//3286
f  2457//3287 2460//3287 505//3287
f  505//3288 2460//3288 2461//3288
f  505//3289 2461//3289 504//3289
f  504//3290 2461//3290 2462//3290
f  504//3291 2462//3291 2451//3291
f  286//3292 2450//3292 287//3292
f  287//3293 2450//3293 507//3293
f  507//3294 2450//3294 2463//3294
f  507//3295 2463//3295 2459//3295
f  2449//3296 286//3296 2464//3296
f  2464//3297 286//3297 716//3297
f  715//3298 2465//3298 716//3298
f  716//3299 2465//3299 2464//3299
f  714//3300 2466//3300 715//3300
f  715//3301 2466//3301 2465//3301
f  2467//3302 2468//3302 2469//3302
f  714//3303 713//3303 2467//3303
f  2467//3304 2469//3304 2470//3304
f  2467//3305 2470//3305 714//3305
f  714//3306 2470//3306 2471//3306
f  714//3307 2471//3307 2466//3307
f  1647//3308 1648//3308 2472//3308
f  478//3309 1662//3309 2473//3309
f  2474//3310 482//3310 2473//3310
f  2473//3311 482//3311 478//3311
f  485//3312 484//3312 2475//3312
f  2475//3313 484//3313 483//3313
f  2475//3314 483//3314 2474//3314
f  2474//3315 483//3315 482//3315
f  485//3316 2475//3316 2476//3316
f  485//3317 2476//3317 486//3317
f  486//3318 2476//3318 2477//3318
f  486//3319 2477//3319 487//3319
f  487//3320 2477//3320 2478//3320
f  2479//3321 488//3321 2478//3321
f  2478//3322 488//3322 487//3322
f  2480//3323 489//3323 2479//3323
f  2479//3324 489//3324 488//3324
f  2481//3325 490//3325 2480//3325
f  2480//3326 490//3326 489//3326
f  2482//3327 491//3327 2481//3327
f  2481//3328 491//3328 490//3328
f  2482//3329 493//3329 491//3329
f  493//3330 2482//3330 703//3330
f  703//3331 2482//3331 2472//3331
f  703//3332 2472//3332 1648//3332
f  703//3333 1648//3333 704//3333
f  1662//3334 200//3334 2473//3334
f  2473//3335 200//3335 2483//3335
f  2473//3336 2483//3336 2474//3336
f  2474//3337 2483//3337 2484//3337
f  2474//3338 2484//3338 2475//3338
f  2475//3339 2484//3339 2485//3339
f  2475//3340 2485//3340 2476//3340
f  2476//3341 2485//3341 2486//3341
f  2476//3342 2486//3342 2477//3342
f  2477//3343 2486//3343 2487//3343
f  2477//3344 2487//3344 2478//3344
f  2478//3345 2487//3345 2488//3345
f  2478//3346 2488//3346 2479//3346
f  2479//3347 2488//3347 2489//3347
f  2479//3348 2489//3348 2480//3348
f  2480//3349 2489//3349 2490//3349
f  2480//3350 2490//3350 2481//3350
f  2481//3351 2490//3351 2491//3351
f  2481//3352 2491//3352 2482//3352
f  2482//3353 2491//3353 2492//3353
f  2482//3354 2492//3354 2472//3354
f  2472//3355 2492//3355 2493//3355
f  2472//3356 2493//3356 1647//3356
f  1647//3357 2493//3357 1646//3357
f  178//3358 179//3358 2494//3358
f  2495//3359 2496//3359 2497//3359
f  2498//3360 178//3360 2494//3360
f  2498//3361 2494//3361 2499//3361
f  176//3362 178//3362 2498//3362
f  2498//3363 2499//3363 2500//3363
f  173//3364 176//3364 2501//3364
f  2501//3365 176//3365 2498//3365
f  2502//3366 2498//3366 2500//3366
f  2502//3367 2500//3367 2503//3367
f  2504//3368 173//3368 2501//3368
f  2504//3369 2501//3369 2505//3369
f  2505//3370 2501//3370 2498//3370
f  2505//3371 2498//3371 2502//3371
f  2506//3372 2502//3372 2503//3372
f  2506//3373 2503//3373 2507//3373
f  171//3374 173//3374 2504//3374
f  2508//3375 2504//3375 2505//3375
f  2505//3376 2502//3376 2506//3376
f  170//3377 171//3377 2509//3377
f  2509//3378 171//3378 2504//3378
f  2509//3379 2504//3379 2508//3379
f  2510//3380 2508//3380 2505//3380
f  2510//3381 2505//3381 2511//3381
f  2511//3382 2505//3382 2506//3382
f  2512//3383 2506//3383 2507//3383
f  2512//3384 2507//3384 2513//3384
f  2514//3385 170//3385 2509//3385
f  2514//3386 2509//3386 2515//3386
f  2515//3387 2509//3387 2508//3387
f  2515//3388 2508//3388 2510//3388
f  2516//3389 2510//3389 2511//3389
f  2511//3390 2506//3390 2512//3390
f  2517//3391 2512//3391 2513//3391
f  2517//3392 2513//3392 2496//3392
f  168//3393 170//3393 2514//3393
f  2518//3394 2514//3394 2515//3394
f  2518//3395 2515//3395 2519//3395
f  2519//3396 2515//3396 2510//3396
f  2519//3397 2510//3397 2516//3397
f  2520//3398 2516//3398 2511//3398
f  2520//3399 2511//3399 2512//3399
f  165//3400 168//3400 2521//3400
f  2521//3401 168//3401 2514//3401
f  2521//3402 2514//3402 2518//3402
f  2522//3403 2518//3403 2519//3403
f  2522//3404 2519//3404 2523//3404
f  2523//3405 2519//3405 2516//3405
f  2523//3406 2516//3406 2520//3406
f  2524//3407 2520//3407 2512//3407
f  2524//3408 2512//3408 2517//3408
f  2525//3409 165//3409 2521//3409
f  2525//3410 2521//3410 2526//3410
f  2526//3411 2521//3411 2518//3411
f  2526//3412 2518//3412 2522//3412
f  2527//3413 2522//3413 2523//3413
f  2523//3414 2520//3414 2524//3414
f  1646//3415 2495//3415 2497//3415
f  1646//3416 2497//3416 1644//3416
f  2528//3417 2492//3417 2491//3417
f  2528//3418 2491//3418 2490//3418
f  2528//3419 2490//3419 2489//3419
f  2495//3420 2493//3420 2492//3420
f  2495//3421 2492//3421 2528//3421
f  2529//3422 2528//3422 2489//3422
f  2529//3423 2489//3423 2488//3423
f  1646//3424 2493//3424 2495//3424
f  2530//3425 2495//3425 2528//3425
f  2531//3426 2529//3426 2488//3426
f  2531//3427 2488//3427 2532//3427
f  2533//3428 2530//3428 2528//3428
f  2533//3429 2528//3429 2529//3429
f  2534//3430 2531//3430 2532//3430
f  2534//3431 2532//3431 2535//3431
f  2536//3432 2533//3432 2529//3432
f  2536//3433 2529//3433 2537//3433
f  2537//3434 2529//3434 2531//3434
f  2537//3435 2531//3435 2534//3435
f  2538//3436 2534//3436 2535//3436
f  2538//3437 2535//3437 2539//3437
f  2540//3438 2536//3438 2537//3438
f  2540//3439 2537//3439 2541//3439
f  2541//3440 2537//3440 2534//3440
f  2541//3441 2534//3441 2538//3441
f  2542//3442 2538//3442 2539//3442
f  2542//3443 2539//3443 2543//3443
f  2517//3444 2530//3444 2533//3444
f  2517//3445 2533//3445 2524//3445
f  2524//3446 2533//3446 2536//3446
f  2524//3447 2536//3447 2540//3447
f  2527//3448 2540//3448 2541//3448
f  2527//3449 2541//3449 2544//3449
f  2544//3450 2541//3450 2538//3450
f  2544//3451 2538//3451 2542//3451
f  2525//3452 2542//3452 2543//3452
f  2525//3453 2543//3453 163//3453
f  163//3454 165//3454 2525//3454
f  2542//3455 2525//3455 2526//3455
f  2542//3456 2526//3456 2544//3456
f  2544//3457 2526//3457 2522//3457
f  2544//3458 2522//3458 2527//3458
f  2540//3459 2527//3459 2523//3459
f  2540//3460 2523//3460 2524//3460
f  2530//3461 2517//3461 2496//3461
f  2530//3462 2496//3462 2495//3462
f  200//3463 163//3463 2483//3463
f  2483//3464 163//3464 2484//3464
f  2484//3465 163//3465 2543//3465
f  2484//3466 2543//3466 2485//3466
f  2485//3467 2543//3467 2539//3467
f  2485//3468 2539//3468 2486//3468
f  2486//3469 2539//3469 2535//3469
f  2486//3470 2535//3470 2487//3470
f  2487//3471 2535//3471 2532//3471
f  2487//3472 2532//3472 2488//3472
f  2545//3473 2546//3473 2547//3473
f  2548//3474 2549//3474 2497//3474
f  2497//3475 2549//3475 1642//3475
f  2550//3476 2551//3476 2552//3476
f  2552//3477 2551//3477 2553//3477
f  2552//3478 2553//3478 2548//3478
f  2554//3479 2555//3479 2556//3479
f  2556//3480 2555//3480 2557//3480
f  2556//3481 2557//3481 2546//3481
f  2545//3482 2547//3482 2558//3482
f  179//3483 1594//3483 2494//3483
f  2494//3484 1594//3484 2558//3484
f  1644//3485 2497//3485 1645//3485
f  1645//3486 2497//3486 1642//3486
f  2497//3487 2496//3487 2552//3487
f  2497//3488 2552//3488 2548//3488
f  2513//3489 2550//3489 2496//3489
f  2496//3490 2550//3490 2552//3490
f  2513//3491 2507//3491 2550//3491
f  2550//3492 2507//3492 2559//3492
f  2559//3493 2507//3493 2555//3493
f  2559//3494 2555//3494 2554//3494
f  2500//3495 2557//3495 2503//3495
f  2503//3496 2557//3496 2555//3496
f  2503//3497 2555//3497 2507//3497
f  2500//3498 2499//3498 2557//3498
f  2557//3499 2499//3499 2547//3499
f  2557//3500 2547//3500 2546//3500
f  2499//3501 2494//3501 2547//3501
f  2547//3502 2494//3502 2558//3502
f  1654//3503 1655//3503 2560//3503
f  2561//3504 2562//3504 2563//3504
f  2551//3505 2550//3505 2559//3505
f  1643//3506 1642//3506 2564//3506
f  2564//3507 1642//3507 2549//3507
f  2564//3508 2549//3508 2548//3508
f  2565//3509 2564//3509 2548//3509
f  2565//3510 2548//3510 2553//3510
f  1658//3511 1643//3511 2566//3511
f  2566//3512 1643//3512 2564//3512
f  2566//3513 2564//3513 2565//3513
f  2567//3514 2565//3514 2553//3514
f  2567//3515 2553//3515 2551//3515
f  2568//3516 2566//3516 2565//3516
f  2568//3517 2565//3517 2567//3517
f  2569//3518 2567//3518 2551//3518
f  2569//3519 2551//3519 2570//3519
f  2570//3520 2551//3520 2559//3520
f  2570//3521 2559//3521 2554//3521
f  2571//3522 1658//3522 2566//3522
f  2571//3523 2566//3523 2568//3523
f  2572//3524 2568//3524 2567//3524
f  2572//3525 2567//3525 2569//3525
f  2573//3526 2569//3526 2570//3526
f  2573//3527 2570//3527 2554//3527
f  1657//3528 1658//3528 2571//3528
f  2574//3529 2571//3529 2568//3529
f  2574//3530 2568//3530 2572//3530
f  2575//3531 2572//3531 2569//3531
f  2575//3532 2569//3532 2573//3532
f  2576//3533 2573//3533 2554//3533
f  2576//3534 2554//3534 2556//3534
f  2577//3535 2574//3535 2572//3535
f  2577//3536 2572//3536 2575//3536
f  2578//3537 2575//3537 2573//3537
f  2578//3538 2573//3538 2576//3538
f  2579//3539 2576//3539 2556//3539
f  2579//3540 2556//3540 2546//3540
f  2580//3541 1657//3541 2571//3541
f  2580//3542 2571//3542 2581//3542
f  2581//3543 2571//3543 2574//3543
f  2581//3544 2574//3544 2577//3544
f  2582//3545 2577//3545 2575//3545
f  2582//3546 2575//3546 2578//3546
f  2583//3547 2578//3547 2576//3547
f  2583//3548 2576//3548 2579//3548
f  2584//3549 2579//3549 2546//3549
f  2584//3550 2546//3550 2545//3550
f  2585//3551 2581//3551 2577//3551
f  2585//3552 2577//3552 2582//3552
f  2586//3553 2582//3553 2578//3553
f  2586//3554 2578//3554 2583//3554
f  2587//3555 2583//3555 2579//3555
f  2587//3556 2579//3556 2584//3556
f  2588//3557 2584//3557 2545//3557
f  2588//3558 2545//3558 2558//3558
f  1593//3559 2558//3559 1594//3559
f  1656//3560 1657//3560 2580//3560
f  2589//3561 2580//3561 2581//3561
f  2589//3562 2581//3562 2585//3562
f  2590//3563 2585//3563 2582//3563
f  2590//3564 2582//3564 2586//3564
f  2591//3565 2586//3565 2583//3565
f  2591//3566 2583//3566 2587//3566
f  2592//3567 2587//3567 2584//3567
f  2592//3568 2584//3568 2588//3568
f  1597//3569 2588//3569 2558//3569
f  1597//3570 2558//3570 1593//3570
f  2593//3571 1656//3571 2580//3571
f  2593//3572 2580//3572 2589//3572
f  2594//3573 2589//3573 2585//3573
f  2594//3574 2585//3574 2590//3574
f  2595//3575 2590//3575 2586//3575
f  2595//3576 2586//3576 2591//3576
f  2596//3577 2591//3577 2587//3577
f  2596//3578 2587//3578 2592//3578
f  2597//3579 2592//3579 2588//3579
f  2597//3580 2588//3580 1597//3580
f  2598//3581 2593//3581 2589//3581
f  2598//3582 2589//3582 2594//3582
f  2599//3583 2594//3583 2590//3583
f  2599//3584 2590//3584 2595//3584
f  2600//3585 2595//3585 2591//3585
f  2600//3586 2591//3586 2596//3586
f  2601//3587 2596//3587 2592//3587
f  2601//3588 2592//3588 2597//3588
f  1596//3589 2597//3589 1597//3589
f  1608//3590 2562//3590 1611//3590
f  1611//3591 2562//3591 2561//3591
f  1611//3592 2561//3592 1605//3592
f  1606//3593 1605//3593 2561//3593
f  2602//3594 2561//3594 2563//3594
f  2602//3595 2563//3595 2603//3595
f  2604//3596 1606//3596 2561//3596
f  2604//3597 2561//3597 2602//3597
f  2605//3598 2602//3598 2603//3598
f  2605//3599 2603//3599 2606//3599
f  1604//3600 1606//3600 2604//3600
f  2607//3601 2604//3601 2602//3601
f  2607//3602 2602//3602 2605//3602
f  2608//3603 2605//3603 2606//3603
f  2608//3604 2606//3604 2609//3604
f  1602//3605 1604//3605 2610//3605
f  2610//3606 1604//3606 2604//3606
f  2610//3607 2604//3607 2607//3607
f  2611//3608 2607//3608 2605//3608
f  2611//3609 2605//3609 2608//3609
f  2612//3610 2608//3610 2609//3610
f  2612//3611 2609//3611 2613//3611
f  1655//3612 1656//3612 2614//3612
f  2614//3613 1656//3613 2593//3613
f  2614//3614 2593//3614 2598//3614
f  2615//3615 2598//3615 2594//3615
f  2615//3616 2594//3616 2599//3616
f  2616//3617 2599//3617 2595//3617
f  2616//3618 2595//3618 2600//3618
f  2617//3619 2600//3619 2596//3619
f  2617//3620 2596//3620 2601//3620
f  2618//3621 2601//3621 2597//3621
f  2618//3622 2597//3622 1600//3622
f  1600//3623 2597//3623 1596//3623
f  2619//3624 2614//3624 2598//3624
f  2619//3625 2598//3625 2615//3625
f  2620//3626 2615//3626 2599//3626
f  2620//3627 2599//3627 2616//3627
f  2621//3628 2616//3628 2600//3628
f  2621//3629 2600//3629 2617//3629
f  2622//3630 2617//3630 2601//3630
f  2622//3631 2601//3631 2618//3631
f  1599//3632 2618//3632 1600//3632
f  2562//3633 1608//3633 1607//3633
f  2560//3634 1655//3634 2614//3634
f  2560//3635 2614//3635 2619//3635
f  2623//3636 2619//3636 2615//3636
f  2623//3637 2615//3637 2620//3637
f  2612//3638 2620//3638 2616//3638
f  2612//3639 2616//3639 2621//3639
f  2611//3640 2621//3640 2617//3640
f  2611//3641 2617//3641 2622//3641
f  2610//3642 2622//3642 2618//3642
f  2610//3643 2618//3643 1602//3643
f  1602//3644 2618//3644 1599//3644
f  2624//3645 2623//3645 2625//3645
f  2625//3646 2623//3646 2613//3646
f  2625//3647 2613//3647 2626//3647
f  2626//3648 2613//3648 2609//3648
f  2626//3649 2609//3649 2627//3649
f  2627//3650 2609//3650 2606//3650
f  2627//3651 2606//3651 2628//3651
f  2628//3652 2606//3652 2603//3652
f  2628//3653 2603//3653 2629//3653
f  2629//3654 2603//3654 2563//3654
f  2629//3655 2563//3655 2630//3655
f  2630//3656 2563//3656 2562//3656
f  2630//3657 2562//3657 2631//3657
f  2631//3658 2562//3658 1607//3658
f  2631//3659 1607//3659 1614//3659
f  2631//3660 1614//3660 2632//3660
f  2632//3661 1614//3661 1612//3661
f  2624//3662 2560//3662 2619//3662
f  2624//3663 2619//3663 2623//3663
f  2613//3664 2623//3664 2620//3664
f  2613//3665 2620//3665 2612//3665
f  2608//3666 2612//3666 2621//3666
f  2608//3667 2621//3667 2611//3667
f  2607//3668 2611//3668 2622//3668
f  2607//3669 2622//3669 2610//3669
f  2633//3670 2624//3670 2625//3670
f  2633//3671 2625//3671 2634//3671
f  2634//3672 2625//3672 2626//3672
f  2634//3673 2626//3673 2635//3673
f  2635//3674 2626//3674 2627//3674
f  2635//3675 2627//3675 2636//3675
f  2636//3676 2627//3676 2628//3676
f  2636//3677 2628//3677 2637//3677
f  2637//3678 2628//3678 2629//3678
f  2637//3679 2629//3679 2638//3679
f  2638//3680 2629//3680 2630//3680
f  2638//3681 2630//3681 2639//3681
f  2639//3682 2630//3682 2631//3682
f  2639//3683 2631//3683 2632//3683
f  139//3684 2632//3684 1612//3684
f  1653//3685 1654//3685 2560//3685
f  1651//3686 1652//3686 2640//3686
f  1650//3687 1651//3687 2641//3687
f  2641//3688 1651//3688 2640//3688
f  2641//3689 2640//3689 2642//3689
f  2643//3690 2644//3690 2642//3690
f  2642//3691 2644//3691 2641//3691
f  2645//3692 2646//3692 2643//3692
f  2643//3693 2646//3693 2644//3693
f  2647//3694 2648//3694 2645//3694
f  2645//3695 2648//3695 2646//3695
f  2649//3696 2650//3696 2647//3696
f  2647//3697 2650//3697 2648//3697
f  2651//3698 2652//3698 2649//3698
f  2649//3699 2652//3699 2650//3699
f  2653//3700 2654//3700 2651//3700
f  2651//3701 2654//3701 2652//3701
f  2655//3702 2656//3702 2653//3702
f  2653//3703 2656//3703 2654//3703
f  2657//3704 2658//3704 2655//3704
f  2655//3705 2658//3705 2659//3705
f  2655//3706 2659//3706 2656//3706
f  2658//3707 2657//3707 127//3707
f  2658//3708 127//3708 130//3708
f  139//3709 127//3709 2632//3709
f  2632//3710 127//3710 2657//3710
f  2632//3711 2657//3711 2639//3711
f  2639//3712 2657//3712 2655//3712
f  2639//3713 2655//3713 2638//3713
f  2638//3714 2655//3714 2653//3714
f  2638//3715 2653//3715 2637//3715
f  2637//3716 2653//3716 2651//3716
f  2637//3717 2651//3717 2636//3717
f  2636//3718 2651//3718 2649//3718
f  2636//3719 2649//3719 2635//3719
f  2635//3720 2649//3720 2647//3720
f  2635//3721 2647//3721 2634//3721
f  2634//3722 2647//3722 2645//3722
f  2634//3723 2645//3723 2633//3723
f  2633//3724 2645//3724 2643//3724
f  2633//3725 2643//3725 2624//3725
f  2624//3726 2643//3726 2642//3726
f  2624//3727 2642//3727 2560//3727
f  2560//3728 2642//3728 2640//3728
f  2560//3729 2640//3729 1653//3729
f  1653//3730 2640//3730 1652//3730
f  2656//3731 2659//3731 2654//3731
f  2660//3732 2652//3732 2654//3732
f  2660//3733 2650//3733 2652//3733
f  1650//3734 2641//3734 2661//3734
f  2661//3735 2641//3735 2662//3735
f  2663//3736 2664//3736 2665//3736
f  2665//3737 2664//3737 2666//3737
f  2665//3738 2666//3738 2667//3738
f  2666//3739 2668//3739 2667//3739
f  2654//3740 2669//3740 2660//3740
f  2659//3741 2669//3741 2654//3741
f  2662//3742 2641//3742 2670//3742
f  2670//3743 2641//3743 2644//3743
f  2670//3744 2644//3744 2663//3744
f  2663//3745 2644//3745 2646//3745
f  2663//3746 2646//3746 2664//3746
f  2664//3747 2646//3747 2648//3747
f  2664//3748 2648//3748 2666//3748
f  2666//3749 2648//3749 2650//3749
f  2666//3750 2650//3750 2668//3750
f  2668//3751 2650//3751 2660//3751
f  1693//3752 1692//3752 2671//3752
f  2672//3753 1543//3753 1384//3753
f  2673//3754 2674//3754 2675//3754
f  2676//3755 2677//3755 2678//3755
f  2679//3756 2680//3756 2681//3756
f  2682//3757 1696//3757 2683//3757
f  2683//3758 1696//3758 1695//3758
f  2682//3759 2683//3759 2684//3759
f  2684//3760 2683//3760 2685//3760
f  2684//3761 2685//3761 2686//3761
f  2686//3762 2685//3762 2687//3762
f  2686//3763 2687//3763 2688//3763
f  2681//3764 2680//3764 2689//3764
f  2678//3765 2677//3765 2690//3765
f  2675//3766 2674//3766 2691//3766
f  1693//3767 2671//3767 1694//3767
f  1695//3768 1694//3768 2683//3768
f  2683//3769 1694//3769 2671//3769
f  2683//3770 2671//3770 2685//3770
f  2692//3771 2687//3771 2693//3771
f  2693//3772 2687//3772 2685//3772
f  2693//3773 2685//3773 2671//3773
f  2687//3774 2692//3774 2679//3774
f  2687//3775 2679//3775 2688//3775
f  2688//3776 2679//3776 2681//3776
f  2694//3777 2680//3777 2695//3777
f  2695//3778 2680//3778 2679//3778
f  2695//3779 2679//3779 2692//3779
f  2680//3780 2694//3780 2676//3780
f  2680//3781 2676//3781 2689//3781
f  2689//3782 2676//3782 2678//3782
f  2696//3783 2677//3783 2697//3783
f  2697//3784 2677//3784 2676//3784
f  2697//3785 2676//3785 2694//3785
f  2677//3786 2696//3786 2673//3786
f  2677//3787 2673//3787 2690//3787
f  2690//3788 2673//3788 2675//3788
f  2696//3789 2698//3789 2673//3789
f  2673//3790 2698//3790 2674//3790
f  2674//3791 2698//3791 2699//3791
f  2674//3792 2699//3792 2672//3792
f  2674//3793 2672//3793 2691//3793
f  2691//3794 2672//3794 1384//3794
f  2699//3795 2700//3795 2672//3795
f  1544//3796 1543//3796 2672//3796
f  1544//3797 2672//3797 2700//3797
f  2701//3798 2702//3798 2703//3798
f  1398//3799 1400//3799 2704//3799
f  1696//3800 2682//3800 1691//3800
f  2691//3801 1384//3801 1386//3801
f  2691//3802 1386//3802 2705//3802
f  1386//3803 1388//3803 2705//3803
f  2705//3804 1388//3804 2706//3804
f  1388//3805 1391//3805 2706//3805
f  1691//3806 2682//3806 1704//3806
f  1704//3807 2682//3807 2707//3807
f  1704//3808 2707//3808 1703//3808
f  1391//3809 1392//3809 1396//3809
f  1395//3810 1399//3810 1396//3810
f  2675//3811 2691//3811 2708//3811
f  2708//3812 2691//3812 2705//3812
f  2708//3813 2705//3813 2709//3813
f  2709//3814 2705//3814 2706//3814
f  2709//3815 2706//3815 2710//3815
f  2710//3816 2706//3816 1391//3816
f  2710//3817 1391//3817 1396//3817
f  2710//3818 1396//3818 2711//3818
f  2711//3819 1396//3819 1399//3819
f  2711//3820 1399//3820 2712//3820
f  2690//3821 2675//3821 2713//3821
f  2713//3822 2675//3822 2708//3822
f  2713//3823 2708//3823 2714//3823
f  2714//3824 2708//3824 2709//3824
f  2714//3825 2709//3825 2715//3825
f  2715//3826 2709//3826 2710//3826
f  2715//3827 2710//3827 2716//3827
f  2716//3828 2710//3828 2711//3828
f  2716//3829 2711//3829 2717//3829
f  2717//3830 2711//3830 2712//3830
f  2678//3831 2690//3831 2718//3831
f  2718//3832 2690//3832 2713//3832
f  2718//3833 2713//3833 2719//3833
f  2719//3834 2713//3834 2714//3834
f  2719//3835 2714//3835 2720//3835
f  2720//3836 2714//3836 2715//3836
f  2720//3837 2715//3837 2721//3837
f  2721//3838 2715//3838 2716//3838
f  2721//3839 2716//3839 2722//3839
f  2722//3840 2716//3840 2717//3840
f  2722//3841 2717//3841 2723//3841
f  1703//3842 2707//3842 2724//3842
f  1703//3843 2724//3843 1689//3843
f  1689//3844 2724//3844 2725//3844
f  2689//3845 2678//3845 2726//3845
f  2726//3846 2678//3846 2718//3846
f  2726//3847 2718//3847 2727//3847
f  2727//3848 2718//3848 2719//3848
f  2727//3849 2719//3849 2728//3849
f  2728//3850 2719//3850 2720//3850
f  2728//3851 2720//3851 2729//3851
f  2729//3852 2720//3852 2721//3852
f  2729//3853 2721//3853 2730//3853
f  2730//3854 2721//3854 2722//3854
f  2730//3855 2722//3855 2731//3855
f  2731//3856 2722//3856 2723//3856
f  2681//3857 2689//3857 2732//3857
f  2732//3858 2689//3858 2726//3858
f  2732//3859 2726//3859 2733//3859
f  2733//3860 2726//3860 2727//3860
f  2733//3861 2727//3861 2734//3861
f  2734//3862 2727//3862 2728//3862
f  2734//3863 2728//3863 2735//3863
f  2735//3864 2728//3864 2729//3864
f  2735//3865 2729//3865 2736//3865
f  2736//3866 2729//3866 2730//3866
f  2736//3867 2730//3867 2737//3867
f  2737//3868 2730//3868 2731//3868
f  2737//3869 2731//3869 2738//3869
f  2688//3870 2681//3870 2732//3870
f  2688//3871 2732//3871 2739//3871
f  2739//3872 2732//3872 2733//3872
f  2739//3873 2733//3873 2740//3873
f  2740//3874 2733//3874 2734//3874
f  2740//3875 2734//3875 2741//3875
f  2741//3876 2734//3876 2742//3876
f  2742//3877 2734//3877 2735//3877
f  2742//3878 2735//3878 2743//3878
f  2743//3879 2735//3879 2736//3879
f  2743//3880 2736//3880 2744//3880
f  2744//3881 2736//3881 2737//3881
f  2744//3882 2737//3882 2745//3882
f  2745//3883 2737//3883 2738//3883
f  2686//3884 2688//3884 2746//3884
f  2746//3885 2688//3885 2739//3885
f  2746//3886 2739//3886 2747//3886
f  2747//3887 2739//3887 2740//3887
f  2747//3888 2740//3888 2748//3888
f  2748//3889 2740//3889 2741//3889
f  2748//3890 2741//3890 2742//3890
f  2748//3891 2742//3891 2749//3891
f  2749//3892 2742//3892 2743//3892
f  2749//3893 2743//3893 2750//3893
f  2750//3894 2743//3894 2744//3894
f  2750//3895 2744//3895 2751//3895
f  2751//3896 2744//3896 2745//3896
f  2751//3897 2745//3897 2752//3897
f  2684//3898 2686//3898 2753//3898
f  2753//3899 2686//3899 2746//3899
f  2753//3900 2746//3900 2754//3900
f  2754//3901 2746//3901 2747//3901
f  2754//3902 2747//3902 2755//3902
f  2755//3903 2747//3903 2748//3903
f  2755//3904 2748//3904 2756//3904
f  2756//3905 2748//3905 2749//3905
f  2756//3906 2749//3906 2757//3906
f  2757//3907 2749//3907 2750//3907
f  2757//3908 2750//3908 2751//3908
f  2757//3909 2751//3909 2758//3909
f  2758//3910 2751//3910 2759//3910
f  2759//3911 2751//3911 2752//3911
f  1689//3912 2725//3912 1690//3912
f  1690//3913 2725//3913 1701//3913
f  1701//3914 2725//3914 2760//3914
f  1701//3915 2760//3915 2761//3915
f  1701//3916 2761//3916 1702//3916
f  1403//3917 2702//3917 2701//3917
f  1403//3918 2701//3918 1404//3918
f  2762//3919 1398//3919 2763//3919
f  2762//3920 2763//3920 2764//3920
f  2765//3921 2764//3921 2766//3921
f  2765//3922 2766//3922 2767//3922
f  2768//3923 2767//3923 2769//3923
f  2768//3924 2769//3924 2770//3924
f  2682//3925 2684//3925 2753//3925
f  2682//3926 2753//3926 2707//3926
f  2707//3927 2753//3927 2754//3927
f  2707//3928 2754//3928 2755//3928
f  2707//3929 2755//3929 2724//3929
f  2724//3930 2755//3930 2756//3930
f  2724//3931 2756//3931 2725//3931
f  2725//3932 2756//3932 2757//3932
f  2725//3933 2757//3933 2760//3933
f  2760//3934 2757//3934 2758//3934
f  2760//3935 2758//3935 2761//3935
f  2761//3936 2758//3936 2759//3936
f  2761//3937 2759//3937 2771//3937
f  2702//3938 1403//3938 1406//3938
f  2704//3939 1400//3939 1404//3939
f  2704//3940 1404//3940 2701//3940
f  2772//3941 2701//3941 2703//3941
f  2772//3942 2703//3942 2773//3942
f  2763//3943 2704//3943 2701//3943
f  2763//3944 2701//3944 2772//3944
f  2766//3945 2772//3945 2773//3945
f  2766//3946 2773//3946 2774//3946
f  1398//3947 2704//3947 2763//3947
f  2764//3948 2763//3948 2772//3948
f  2764//3949 2772//3949 2766//3949
f  2767//3950 2766//3950 2774//3950
f  2767//3951 2774//3951 2769//3951
f  2770//3952 2769//3952 2775//3952
f  1399//3953 1398//3953 2762//3953
f  2776//3954 2762//3954 2764//3954
f  2776//3955 2764//3955 2765//3955
f  2777//3956 2765//3956 2767//3956
f  2777//3957 2767//3957 2768//3957
f  2778//3958 2768//3958 2770//3958
f  2778//3959 2770//3959 2752//3959
f  2752//3960 2770//3960 2775//3960
f  2712//3961 1399//3961 2762//3961
f  2712//3962 2762//3962 2776//3962
f  2723//3963 2776//3963 2765//3963
f  2723//3964 2765//3964 2777//3964
f  2738//3965 2777//3965 2768//3965
f  2738//3966 2768//3966 2778//3966
f  2779//3967 2752//3967 2775//3967
f  2779//3968 2775//3968 2780//3968
f  2717//3969 2712//3969 2776//3969
f  2717//3970 2776//3970 2723//3970
f  2731//3971 2723//3971 2777//3971
f  2731//3972 2777//3972 2738//3972
f  2745//3973 2738//3973 2778//3973
f  2745//3974 2778//3974 2752//3974
f  2759//3975 2752//3975 2779//3975
f  2759//3976 2779//3976 2771//3976
f  2771//3977 2779//3977 2780//3977
f  2771//3978 2780//3978 2781//3978
f  1702//3979 2761//3979 2771//3979
f  1702//3980 2771//3980 2781//3980
f  1702//3981 2781//3981 1699//3981
f  797//3982 1697//3982 798//3982
f  798//3983 1697//3983 2782//3983
f  2783//3984 799//3984 2782//3984
f  2782//3985 799//3985 798//3985
f  800//3986 2784//3986 2785//3986
f  800//3987 2785//3987 762//3987
f  762//3988 2785//3988 763//3988
f  766//3989 765//3989 2786//3989
f  2786//3990 765//3990 2787//3990
f  2787//3991 765//3991 764//3991
f  768//3992 767//3992 2788//3992
f  771//3993 2789//3993 772//3993
f  772//3994 2789//3994 2790//3994
f  772//3995 2790//3995 773//3995
f  773//3996 2790//3996 1639//3996
f  773//3997 1639//3997 779//3997
f  2791//3998 2783//3998 2792//3998
f  2792//3999 2783//3999 2782//3999
f  2792//4000 2782//4000 1697//4000
f  2792//4001 1697//4001 1698//4001
f  2783//4002 2791//4002 2784//4002
f  2783//4003 2784//4003 799//4003
f  799//4004 2784//4004 800//4004
f  2793//4005 2785//4005 2794//4005
f  2794//4006 2785//4006 2784//4006
f  2794//4007 2784//4007 2791//4007
f  2785//4008 2793//4008 2787//4008
f  2785//4009 2787//4009 763//4009
f  763//4010 2787//4010 764//4010
f  2795//4011 2786//4011 2796//4011
f  2796//4012 2786//4012 2787//4012
f  2796//4013 2787//4013 2793//4013
f  2795//4014 2797//4014 2786//4014
f  2786//4015 2797//4015 2788//4015
f  2786//4016 2788//4016 766//4016
f  766//4017 2788//4017 767//4017
f  2797//4018 2798//4018 2788//4018
f  2788//4019 2798//4019 2799//4019
f  2788//4020 2799//4020 768//4020
f  768//4021 2799//4021 769//4021
f  2798//4022 2800//4022 2799//4022
f  2799//4023 2800//4023 2801//4023
f  2799//4024 2801//4024 769//4024
f  769//4025 2801//4025 770//4025
f  2800//4026 2802//4026 2801//4026
f  2801//4027 2802//4027 2789//4027
f  2801//4028 2789//4028 770//4028
f  770//4029 2789//4029 771//4029
f  1481//4030 1639//4030 2803//4030
f  2803//4031 1639//4031 2790//4031
f  2803//4032 2790//4032 2789//4032
f  2803//4033 2789//4033 2802//4033
f  2804//4034 2805//4034 2806//4034
f  2795//4035 2796//4035 2807//4035
f  2796//4036 2793//4036 2808//4036
f  2793//4037 2794//4037 2809//4037
f  2797//4038 2810//4038 2798//4038
f  1482//4039 1481//4039 2803//4039
f  1482//4040 2811//4040 1477//4040
f  1477//4041 2811//4041 1475//4041
f  1469//4042 2812//4042 1467//4042
f  1467//4043 2812//4043 1464//4043
f  2813//4044 1464//4044 2814//4044
f  2814//4045 1464//4045 2812//4045
f  2814//4046 2812//4046 2815//4046
f  2815//4047 2812//4047 1469//4047
f  2815//4048 1469//4048 2816//4048
f  2816//4049 1469//4049 1470//4049
f  2816//4050 1470//4050 2817//4050
f  2817//4051 1470//4051 1473//4051
f  2817//4052 1473//4052 2818//4052
f  2818//4053 1473//4053 1475//4053
f  2818//4054 1475//4054 2819//4054
f  2819//4055 1475//4055 2811//4055
f  2819//4056 2811//4056 2820//4056
f  2820//4057 2811//4057 1482//4057
f  2820//4058 1482//4058 2802//4058
f  2802//4059 1482//4059 2803//4059
f  2792//4060 1698//4060 1700//4060
f  1700//4061 2821//4061 2822//4061
f  1700//4062 2822//4062 2792//4062
f  2792//4063 2822//4063 2791//4063
f  2821//4064 2823//4064 2822//4064
f  2822//4065 2823//4065 2824//4065
f  2822//4066 2824//4066 2809//4066
f  2822//4067 2809//4067 2791//4067
f  2791//4068 2809//4068 2794//4068
f  2823//4069 2825//4069 2826//4069
f  2823//4070 2826//4070 2824//4070
f  2824//4071 2826//4071 2827//4071
f  2824//4072 2827//4072 2809//4072
f  2809//4073 2827//4073 2808//4073
f  2809//4074 2808//4074 2793//4074
f  2825//4075 2828//4075 2826//4075
f  2826//4076 2828//4076 2829//4076
f  2826//4077 2829//4077 2827//4077
f  2827//4078 2829//4078 2830//4078
f  2827//4079 2830//4079 2808//4079
f  2808//4080 2830//4080 2831//4080
f  2808//4081 2831//4081 2807//4081
f  2808//4082 2807//4082 2796//4082
f  2828//4083 2804//4083 2829//4083
f  2829//4084 2804//4084 2832//4084
f  2829//4085 2832//4085 2830//4085
f  2830//4086 2832//4086 2833//4086
f  2830//4087 2833//4087 2831//4087
f  2831//4088 2833//4088 2834//4088
f  2831//4089 2834//4089 2807//4089
f  2807//4090 2834//4090 2810//4090
f  2807//4091 2810//4091 2795//4091
f  2795//4092 2810//4092 2797//4092
f  2804//4093 2806//4093 2832//4093
f  2832//4094 2806//4094 2835//4094
f  2832//4095 2835//4095 2836//4095
f  2832//4096 2836//4096 2833//4096
f  2833//4097 2836//4097 2837//4097
f  2833//4098 2837//4098 2838//4098
f  2833//4099 2838//4099 2834//4099
f  2834//4100 2838//4100 2839//4100
f  2834//4101 2839//4101 2810//4101
f  2810//4102 2839//4102 2840//4102
f  2810//4103 2840//4103 2841//4103
f  2810//4104 2841//4104 2798//4104
f  2835//4105 2806//4105 2842//4105
f  2835//4106 2842//4106 2836//4106
f  2837//4107 2836//4107 2843//4107
f  2837//4108 2843//4108 2838//4108
f  2838//4109 2843//4109 2844//4109
f  2838//4110 2844//4110 2839//4110
f  2839//4111 2844//4111 2845//4111
f  2839//4112 2845//4112 2840//4112
f  2840//4113 2845//4113 2846//4113
f  2840//4114 2846//4114 2841//4114
f  2841//4115 2846//4115 2847//4115
f  2841//4116 2847//4116 2798//4116
f  2798//4117 2847//4117 2800//4117
f  2805//4118 2813//4118 2806//4118
f  2806//4119 2813//4119 2842//4119
f  2842//4120 2813//4120 2814//4120
f  2842//4121 2814//4121 2836//4121
f  2836//4122 2814//4122 2815//4122
f  2836//4123 2815//4123 2843//4123
f  2843//4124 2815//4124 2816//4124
f  2843//4125 2816//4125 2844//4125
f  2844//4126 2816//4126 2817//4126
f  2844//4127 2817//4127 2845//4127
f  2845//4128 2817//4128 2818//4128
f  2845//4129 2818//4129 2846//4129
f  2846//4130 2818//4130 2819//4130
f  2846//4131 2819//4131 2847//4131
f  2847//4132 2819//4132 2820//4132
f  2847//4133 2820//4133 2800//4133
f  2800//4134 2820//4134 2802//4134
f  1448//4135 1464//4135 2848//4135
f  2848//4136 1464//4136 2813//4136
f  2823//4137 2821//4137 2780//4137
f  2821//4138 1700//4138 2781//4138
f  2823//4139 2780//4139 2825//4139
f  2825//4140 2775//4140 2828//4140
f  2813//4141 2849//4141 2848//4141
f  1406//4142 1448//4142 2848//4142
f  1699//4143 2781//4143 1700//4143
f  2781//4144 2780//4144 2821//4144
f  2780//4145 2775//4145 2825//4145
f  2828//4146 2775//4146 2769//4146
f  2769//4147 2774//4147 2828//4147
f  2828//4148 2774//4148 2804//4148
f  2774//4149 2773//4149 2804//4149
f  2804//4150 2773//4150 2805//4150
f  2773//4151 2703//4151 2849//4151
f  2773//4152 2849//4152 2805//4152
f  2805//4153 2849//4153 2813//4153
f  2849//4154 2703//4154 2848//4154
f  2702//4155 1406//4155 2848//4155
f  2702//4156 2848//4156 2703//4156
f  2696//4157 2850//4157 2851//4157
f  2850//4158 2852//4158 2853//4158
f  2853//4159 2852//4159 2854//4159
f  2855//4160 2856//4160 2854//4160
f  2854//4161 2856//4161 2853//4161
f  2855//4162 2857//4162 2856//4162
f  2858//4163 2859//4163 2857//4163
f  2858//4164 2857//4164 2860//4164
f  2859//4165 2858//4165 2861//4165
f  2861//4166 2858//4166 2862//4166
f  2863//4167 2864//4167 2862//4167
f  2864//4168 2863//4168 2671//4168
f  2864//4169 2671//4169 1692//4169
f  2863//4170 2693//4170 2671//4170
f  2855//4171 2695//4171 2692//4171
f  2854//4172 2694//4172 2855//4172
f  2855//4173 2694//4173 2695//4173
f  2852//4174 2697//4174 2854//4174
f  2854//4175 2697//4175 2694//4175
f  2852//4176 2696//4176 2697//4176
f  2699//4177 2698//4177 2865//4177
f  2700//4178 2699//4178 2865//4178
f  2851//4179 2865//4179 2698//4179
f  2851//4180 2698//4180 2696//4180
f  2850//4181 2696//4181 2852//4181
f  2860//4182 2857//4182 2855//4182
f  2863//4183 2862//4183 2858//4183
f  2863//4184 2858//4184 2693//4184
f  2693//4185 2858//4185 2860//4185
f  2693//4186 2860//4186 2692//4186
f  2692//4187 2860//4187 2855//4187
f  1686//4188 1688//4188 2866//4188
f  788//4189 787//4189 2867//4189
f  1540//4190 2868//4190 1641//4190
f  1641//4191 2868//4191 785//4191
f  2867//4192 787//4192 786//4192
f  2867//4193 786//4193 2868//4193
f  2868//4194 786//4194 785//4194
f  2869//4195 789//4195 788//4195
f  789//4196 2869//4196 790//4196
f  790//4197 2869//4197 2870//4197
f  790//4198 2870//4198 791//4198
f  791//4199 2870//4199 2871//4199
f  793//4200 792//4200 2872//4200
f  2872//4201 792//4201 2871//4201
f  2871//4202 792//4202 791//4202
f  793//4203 2873//4203 794//4203
f  794//4204 2873//4204 2874//4204
f  2874//4205 756//4205 795//4205
f  2874//4206 795//4206 794//4206
f  757//4207 756//4207 2875//4207
f  759//4208 2876//4208 2866//4208
f  759//4209 2866//4209 760//4209
f  760//4210 2866//4210 1688//4210
f  760//4211 1688//4211 755//4211
f  1687//4212 1686//4212 2877//4212
f  2877//4213 1686//4213 2866//4213
f  2877//4214 2866//4214 2876//4214
f  2877//4215 2876//4215 2878//4215
f  2879//4216 2878//4216 2875//4216
f  2875//4217 2878//4217 2876//4217
f  2875//4218 2876//4218 757//4218
f  757//4219 2876//4219 759//4219
f  756//4220 2874//4220 2875//4220
f  2875//4221 2874//4221 2879//4221
f  2873//4222 2880//4222 2881//4222
f  2873//4223 2881//4223 2874//4223
f  2874//4224 2881//4224 2879//4224
f  2882//4225 2880//4225 2872//4225
f  2872//4226 2880//4226 2873//4226
f  2872//4227 2873//4227 793//4227
f  2882//4228 2872//4228 2883//4228
f  2883//4229 2872//4229 2871//4229
f  2883//4230 2871//4230 2884//4230
f  2884//4231 2871//4231 2870//4231
f  2884//4232 2870//4232 2885//4232
f  2885//4233 2870//4233 2869//4233
f  788//4234 2867//4234 2869//4234
f  2869//4235 2867//4235 2886//4235
f  2869//4236 2886//4236 2885//4236
f  1540//4237 2887//4237 2868//4237
f  2868//4238 2887//4238 2867//4238
f  2867//4239 2887//4239 2886//4239
f  2884//4240 2885//4240 2888//4240
f  2883//4241 2884//4241 2889//4241
f  2882//4242 2883//4242 2890//4242
f  1461//4243 1361//4243 2891//4243
f  1461//4244 2891//4244 1462//4244
f  2892//4245 2893//4245 2894//4245
f  2894//4246 2893//4246 1485//4246
f  2894//4247 1485//4247 2895//4247
f  2895//4248 1485//4248 1488//4248
f  2895//4249 1488//4249 2896//4249
f  2896//4250 1488//4250 1490//4250
f  2896//4251 1490//4251 2897//4251
f  2897//4252 1490//4252 1491//4252
f  2897//4253 1491//4253 2898//4253
f  2898//4254 1491//4254 1493//4254
f  2898//4255 1493//4255 2899//4255
f  2899//4256 1493//4256 1496//4256
f  2899//4257 1496//4257 2900//4257
f  2900//4258 1496//4258 1462//4258
f  2900//4259 1462//4259 2901//4259
f  2901//4260 1462//4260 2891//4260
f  2877//4261 2878//4261 2902//4261
f  2877//4262 2902//4262 1687//4262
f  1687//4263 2902//4263 2903//4263
f  1687//4264 2903//4264 2904//4264
f  2904//4265 2903//4265 2905//4265
f  2878//4266 2879//4266 2902//4266
f  2902//4267 2879//4267 2906//4267
f  2902//4268 2906//4268 2907//4268
f  2902//4269 2907//4269 2903//4269
f  2903//4270 2907//4270 2908//4270
f  2903//4271 2908//4271 2905//4271
f  2879//4272 2881//4272 2906//4272
f  2906//4273 2881//4273 2909//4273
f  2906//4274 2909//4274 2910//4274
f  2906//4275 2910//4275 2907//4275
f  2907//4276 2910//4276 2911//4276
f  2907//4277 2911//4277 2908//4277
f  2908//4278 2911//4278 2912//4278
f  2908//4279 2912//4279 2905//4279
f  2905//4280 2912//4280 2913//4280
f  2881//4281 2880//4281 2909//4281
f  2909//4282 2880//4282 2914//4282
f  2909//4283 2914//4283 2910//4283
f  2910//4284 2914//4284 2915//4284
f  2910//4285 2915//4285 2911//4285
f  2911//4286 2915//4286 2916//4286
f  2911//4287 2916//4287 2912//4287
f  2912//4288 2916//4288 2917//4288
f  2912//4289 2917//4289 2913//4289
f  2913//4290 2917//4290 2918//4290
f  2880//4291 2882//4291 2914//4291
f  2914//4292 2882//4292 2890//4292
f  2914//4293 2890//4293 2919//4293
f  2914//4294 2919//4294 2915//4294
f  2915//4295 2919//4295 2920//4295
f  2915//4296 2920//4296 2921//4296
f  2915//4297 2921//4297 2916//4297
f  2916//4298 2921//4298 2922//4298
f  2916//4299 2922//4299 2923//4299
f  2916//4300 2923//4300 2917//4300
f  2917//4301 2923//4301 2924//4301
f  2917//4302 2924//4302 2925//4302
f  2917//4303 2925//4303 2918//4303
f  2918//4304 2925//4304 2926//4304
f  2890//4305 2883//4305 2889//4305
f  2890//4306 2889//4306 2919//4306
f  2919//4307 2889//4307 2927//4307
f  2919//4308 2927//4308 2920//4308
f  2920//4309 2927//4309 2928//4309
f  2920//4310 2928//4310 2921//4310
f  2921//4311 2928//4311 2929//4311
f  2921//4312 2929//4312 2922//4312
f  2922//4313 2929//4313 2930//4313
f  2922//4314 2930//4314 2923//4314
f  2923//4315 2930//4315 2931//4315
f  2923//4316 2931//4316 2924//4316
f  2924//4317 2931//4317 2932//4317
f  2924//4318 2932//4318 2925//4318
f  2925//4319 2932//4319 2933//4319
f  2925//4320 2933//4320 2926//4320
f  2926//4321 2933//4321 2934//4321
f  2889//4322 2884//4322 2888//4322
f  2889//4323 2888//4323 2927//4323
f  2927//4324 2888//4324 2935//4324
f  2927//4325 2935//4325 2928//4325
f  2928//4326 2935//4326 2936//4326
f  2928//4327 2936//4327 2929//4327
f  2929//4328 2936//4328 2937//4328
f  2929//4329 2937//4329 2930//4329
f  2930//4330 2937//4330 2938//4330
f  2930//4331 2938//4331 2931//4331
f  2931//4332 2938//4332 2939//4332
f  2931//4333 2939//4333 2932//4333
f  2932//4334 2939//4334 2940//4334
f  2932//4335 2940//4335 2933//4335
f  2933//4336 2940//4336 2941//4336
f  2933//4337 2941//4337 2934//4337
f  2934//4338 2941//4338 2942//4338
f  2888//4339 2885//4339 2892//4339
f  2888//4340 2892//4340 2935//4340
f  2935//4341 2892//4341 2894//4341
f  2935//4342 2894//4342 2936//4342
f  2936//4343 2894//4343 2895//4343
f  2936//4344 2895//4344 2937//4344
f  2937//4345 2895//4345 2896//4345
f  2937//4346 2896//4346 2938//4346
f  2938//4347 2896//4347 2897//4347
f  2938//4348 2897//4348 2939//4348
f  2939//4349 2897//4349 2898//4349
f  2939//4350 2898//4350 2940//4350
f  2940//4351 2898//4351 2899//4351
f  2940//4352 2899//4352 2941//4352
f  2941//4353 2899//4353 2900//4353
f  2941//4354 2900//4354 2942//4354
f  2942//4355 2900//4355 2901//4355
f  2885//4356 2886//4356 2892//4356
f  2892//4357 2886//4357 2893//4357
f  2893//4358 2886//4358 2887//4358
f  1483//4359 1485//4359 2893//4359
f  1483//4360 2893//4360 2887//4360
f  1483//4361 2887//4361 1540//4361
f  2904//4362 2943//4362 2944//4362
f  2945//4363 2943//4363 2904//4363
f  2946//4364 2947//4364 2926//4364
f  2926//4365 2947//4365 2948//4365
f  2946//4366 2934//4366 2949//4366
f  2949//4367 2934//4367 2942//4367
f  1685//4368 2944//4368 1683//4368
f  1685//4369 1687//4369 2944//4369
f  2944//4370 1687//4370 2904//4370
f  2913//4371 2945//4371 2905//4371
f  2905//4372 2945//4372 2904//4372
f  2945//4373 2913//4373 2948//4373
f  2918//4374 2926//4374 2948//4374
f  2918//4375 2948//4375 2913//4375
f  2926//4376 2934//4376 2946//4376
f  2942//4377 2901//4377 2950//4377
f  2942//4378 2950//4378 2949//4378
f  2891//4379 1361//4379 2950//4379
f  2891//4380 2950//4380 2901//4380
f  1361//4381 1360//4381 2950//4381
f  2944//4382 2943//4382 2951//4382
f  2951//4383 1683//4383 2944//4383
f  1684//4384 1683//4384 2951//4384
f  2952//4385 2951//4385 2943//4385
f  2952//4386 2943//4386 2953//4386
f  2945//4387 2953//4387 2943//4387
f  2954//4388 1684//4388 2951//4388
f  2954//4389 2951//4389 2952//4389
f  2955//4390 2953//4390 2945//4390
f  2955//4391 2945//4391 2948//4391
f  2956//4392 2954//4392 2952//4392
f  2956//4393 2952//4393 2953//4393
f  2957//4394 2955//4394 2948//4394
f  2957//4395 2948//4395 2947//4395
f  1682//4396 1684//4396 2958//4396
f  2958//4397 1684//4397 2954//4397
f  2958//4398 2954//4398 2956//4398
f  2959//4399 2956//4399 2953//4399
f  2959//4400 2953//4400 2955//4400
f  2960//4401 2955//4401 2957//4401
f  2957//4402 2947//4402 2946//4402
f  2961//4403 2958//4403 2956//4403
f  2961//4404 2956//4404 2959//4404
f  2962//4405 2959//4405 2955//4405
f  2962//4406 2955//4406 2960//4406
f  2963//4407 2960//4407 2957//4407
f  2963//4408 2957//4408 2946//4408
f  2964//4409 1682//4409 2958//4409
f  2964//4410 2958//4410 2961//4410
f  2965//4411 2961//4411 2959//4411
f  2965//4412 2959//4412 2962//4412
f  2966//4413 2962//4413 2960//4413
f  2966//4414 2960//4414 2963//4414
f  2967//4415 2963//4415 2946//4415
f  2967//4416 2946//4416 2949//4416
f  2968//4417 2964//4417 2961//4417
f  2968//4418 2961//4418 2965//4418
f  2969//4419 2965//4419 2962//4419
f  2969//4420 2962//4420 2966//4420
f  2970//4421 2966//4421 2963//4421
f  2970//4422 2963//4422 2967//4422
f  2971//4423 2967//4423 2949//4423
f  2971//4424 2949//4424 2972//4424
f  2972//4425 2949//4425 2950//4425
f  1680//4426 1682//4426 2964//4426
f  2973//4427 2968//4427 2965//4427
f  2973//4428 2965//4428 2969//4428
f  2974//4429 2969//4429 2966//4429
f  2974//4430 2966//4430 2970//4430
f  2975//4431 2970//4431 2967//4431
f  2975//4432 2967//4432 2971//4432
f  2976//4433 2971//4433 2972//4433
f  2972//4434 2950//4434 1360//4434
f  2977//4435 1680//4435 2964//4435
f  2977//4436 2964//4436 2978//4436
f  2978//4437 2964//4437 2968//4437
f  2978//4438 2968//4438 2973//4438
f  2979//4439 2973//4439 2969//4439
f  2979//4440 2969//4440 2974//4440
f  2980//4441 2974//4441 2970//4441
f  2980//4442 2970//4442 2975//4442
f  2981//4443 2975//4443 2971//4443
f  2981//4444 2971//4444 2976//4444
f  1367//4445 2976//4445 2972//4445
f  1367//4446 2972//4446 1364//4446
f  1364//4447 2972//4447 1360//4447
f  2982//4448 2978//4448 2973//4448
f  2982//4449 2973//4449 2979//4449
f  2983//4450 2979//4450 2974//4450
f  2983//4451 2974//4451 2980//4451
f  2984//4452 2980//4452 2975//4452
f  2984//4453 2975//4453 2981//4453
f  2985//4454 2981//4454 2976//4454
f  2985//4455 2976//4455 1367//4455
f  2986//4456 1680//4456 2977//4456
f  2986//4457 2977//4457 2987//4457
f  2987//4458 2977//4458 2978//4458
f  2987//4459 2978//4459 2982//4459
f  2988//4460 2982//4460 2979//4460
f  2988//4461 2979//4461 2983//4461
f  2989//4462 2983//4462 2980//4462
f  2989//4463 2980//4463 2984//4463
f  2990//4464 2984//4464 2981//4464
f  2990//4465 2981//4465 2985//4465
f  1366//4466 2985//4466 1367//4466
f  1681//4467 1680//4467 2986//4467
f  2991//4468 2987//4468 2982//4468
f  2991//4469 2982//4469 2988//4469
f  2992//4470 2988//4470 2983//4470
f  2992//4471 2983//4471 2989//4471
f  2993//4472 2989//4472 2984//4472
f  2993//4473 2984//4473 2990//4473
f  2994//4474 2990//4474 2985//4474
f  2994//4475 2985//4475 1369//4475
f  1369//4476 2985//4476 1366//4476
f  2995//4477 1681//4477 2986//4477
f  2995//4478 2986//4478 2996//4478
f  2996//4479 2986//4479 2987//4479
f  2996//4480 2987//4480 2991//4480
f  2997//4481 2991//4481 2988//4481
f  2997//4482 2988//4482 2992//4482
f  2998//4483 2992//4483 2989//4483
f  2998//4484 2989//4484 2993//4484
f  2999//4485 2993//4485 2990//4485
f  2999//4486 2990//4486 2994//4486
f  1372//4487 1383//4487 3000//4487
f  1373//4488 1372//4488 3000//4488
f  1373//4489 3000//4489 3001//4489
f  3001//4490 3000//4490 3002//4490
f  3001//4491 3002//4491 3003//4491
f  1376//4492 1373//4492 3001//4492
f  3004//4493 3001//4493 3003//4493
f  3004//4494 3003//4494 3005//4494
f  1377//4495 1376//4495 3006//4495
f  3006//4496 1376//4496 3001//4496
f  3006//4497 3001//4497 3004//4497
f  3007//4498 3004//4498 3005//4498
f  3007//4499 3005//4499 3008//4499
f  1416//4500 1377//4500 3009//4500
f  3009//4501 1377//4501 3006//4501
f  3010//4502 3006//4502 3004//4502
f  3010//4503 3004//4503 3007//4503
f  3011//4504 3007//4504 3008//4504
f  3011//4505 3008//4505 3012//4505
f  1414//4506 1416//4506 3009//4506
f  3013//4507 3009//4507 3006//4507
f  3013//4508 3006//4508 3010//4508
f  3014//4509 3010//4509 3007//4509
f  3014//4510 3007//4510 3011//4510
f  3015//4511 3011//4511 3012//4511
f  3015//4512 3012//4512 3016//4512
f  1370//4513 1414//4513 3009//4513
f  3017//4514 3013//4514 3010//4514
f  3017//4515 3010//4515 3014//4515
f  3018//4516 3014//4516 3011//4516
f  3018//4517 3011//4517 3015//4517
f  3019//4518 3015//4518 3016//4518
f  3019//4519 3016//4519 3020//4519
f  1371//4520 1370//4520 3009//4520
f  1371//4521 3009//4521 3021//4521
f  3021//4522 3009//4522 3013//4522
f  3021//4523 3013//4523 3017//4523
f  3022//4524 3017//4524 3014//4524
f  3022//4525 3014//4525 3018//4525
f  3023//4526 3018//4526 3015//4526
f  3023//4527 3015//4527 3019//4527
f  3024//4528 3019//4528 3020//4528
f  3024//4529 3020//4529 3025//4529
f  1679//4530 1681//4530 2995//4530
f  3024//4531 2996//4531 2991//4531
f  3024//4532 2991//4532 2997//4532
f  3023//4533 2997//4533 2992//4533
f  3023//4534 2992//4534 2998//4534
f  3022//4535 2998//4535 2993//4535
f  3022//4536 2993//4536 2999//4536
f  3021//4537 2999//4537 2994//4537
f  3021//4538 2994//4538 1371//4538
f  1371//4539 2994//4539 1369//4539
f  1383//4540 1382//4540 3000//4540
f  3025//4541 2995//4541 2996//4541
f  3025//4542 2996//4542 3024//4542
f  3019//4543 3024//4543 2997//4543
f  3019//4544 2997//4544 3023//4544
f  3018//4545 3023//4545 2998//4545
f  3018//4546 2998//4546 3022//4546
f  3017//4547 3022//4547 2999//4547
f  3017//4548 2999//4548 3021//4548
f  3026//4549 1679//4549 2995//4549
f  3026//4550 2995//4550 3027//4550
f  3027//4551 2995//4551 3025//4551
f  3027//4552 3025//4552 3028//4552
f  3028//4553 3025//4553 3020//4553
f  3028//4554 3020//4554 3029//4554
f  3029//4555 3020//4555 3016//4555
f  3029//4556 3016//4556 3030//4556
f  3030//4557 3016//4557 3012//4557
f  3030//4558 3012//4558 3031//4558
f  3031//4559 3012//4559 3008//4559
f  3031//4560 3008//4560 3032//4560
f  3032//4561 3008//4561 3005//4561
f  3032//4562 3005//4562 3033//4562
f  3033//4563 3005//4563 3003//4563
f  3033//4564 3003//4564 3034//4564
f  3034//4565 3003//4565 3002//4565
f  3034//4566 3002//4566 3035//4566
f  3035//4567 3002//4567 3000//4567
f  3035//4568 3000//4568 1381//4568
f  1381//4569 3000//4569 1382//4569
f  1676//4570 1677//4570 3036//4570
f  3037//4571 3038//4571 3039//4571
f  150//4572 3040//4572 151//4572
f  151//4573 3040//4573 3041//4573
f  3041//4574 3040//4574 3042//4574
f  3041//4575 3042//4575 3043//4575
f  3043//4576 3042//4576 3044//4576
f  3044//4577 3042//4577 3045//4577
f  3044//4578 3045//4578 3046//4578
f  3046//4579 3045//4579 3047//4579
f  3046//4580 3047//4580 3048//4580
f  3049//4581 3050//4581 3051//4581
f  3048//4582 3047//4582 3052//4582
f  3053//4583 3050//4583 3049//4583
f  3039//4584 3038//4584 3054//4584
f  3054//4585 3038//4585 3053//4585
f  3055//4586 3056//4586 3057//4586
f  3057//4587 3058//4587 3055//4587
f  3055//4588 3058//4588 3059//4588
f  3055//4589 3059//4589 3039//4589
f  3039//4590 3059//4590 3037//4590
f  3060//4591 1550//4591 1551//4591
f  1551//4592 3061//4592 3060//4592
f  3060//4593 3061//4593 3056//4593
f  3056//4594 3061//4594 3062//4594
f  3056//4595 3062//4595 3057//4595
f  150//4596 153//4596 3040//4596
f  3040//4597 153//4597 3063//4597
f  3040//4598 3063//4598 3042//4598
f  3042//4599 3063//4599 3064//4599
f  3042//4600 3064//4600 3045//4600
f  3045//4601 3064//4601 3065//4601
f  3045//4602 3065//4602 3047//4602
f  3047//4603 3065//4603 3066//4603
f  3047//4604 3066//4604 3052//4604
f  3052//4605 3066//4605 3067//4605
f  3052//4606 3067//4606 3068//4606
f  3068//4607 3067//4607 3069//4607
f  3068//4608 3069//4608 3070//4608
f  3070//4609 3069//4609 3071//4609
f  3070//4610 3071//4610 3072//4610
f  3072//4611 3071//4611 3073//4611
f  3072//4612 3073//4612 3074//4612
f  3074//4613 3073//4613 3075//4613
f  3074//4614 3075//4614 3076//4614
f  3076//4615 3075//4615 3077//4615
f  3076//4616 3077//4616 1670//4616
f  1670//4617 3077//4617 1668//4617
f  1670//4618 1671//4618 3076//4618
f  3076//4619 1671//4619 1672//4619
f  3076//4620 1672//4620 1673//4620
f  1673//4621 3078//4621 3076//4621
f  3076//4622 3078//4622 3079//4622
f  3076//4623 3079//4623 3074//4623
f  3074//4624 3079//4624 3080//4624
f  3074//4625 3080//4625 3072//4625
f  3072//4626 3080//4626 3081//4626
f  3072//4627 3081//4627 3070//4627
f  3070//4628 3081//4628 3082//4628
f  3070//4629 3082//4629 3068//4629
f  3068//4630 3082//4630 3049//4630
f  3068//4631 3049//4631 3052//4631
f  3052//4632 3049//4632 3051//4632
f  3052//4633 3051//4633 3048//4633
f  1673//4634 1674//4634 3078//4634
f  3078//4635 1674//4635 1675//4635
f  3053//4636 3049//4636 3054//4636
f  3054//4637 3049//4637 3082//4637
f  3054//4638 3082//4638 3083//4638
f  3083//4639 3082//4639 3081//4639
f  3083//4640 3081//4640 3084//4640
f  3084//4641 3081//4641 3080//4641
f  3084//4642 3080//4642 3085//4642
f  3085//4643 3080//4643 3079//4643
f  3085//4644 3079//4644 3086//4644
f  3086//4645 3079//4645 3078//4645
f  3086//4646 3078//4646 3036//4646
f  3036//4647 3078//4647 1675//4647
f  3036//4648 1675//4648 1676//4648
f  1679//4649 3026//4649 1678//4649
f  1381//4650 1550//4650 3035//4650
f  3035//4651 1550//4651 3060//4651
f  3035//4652 3060//4652 3034//4652
f  3034//4653 3060//4653 3056//4653
f  3034//4654 3056//4654 3033//4654
f  3033//4655 3056//4655 3055//4655
f  3033//4656 3055//4656 3032//4656
f  3032//4657 3055//4657 3039//4657
f  3032//4658 3039//4658 3031//4658
f  3031//4659 3039//4659 3054//4659
f  3031//4660 3054//4660 3030//4660
f  3030//4661 3054//4661 3083//4661
f  3030//4662 3083//4662 3029//4662
f  3029//4663 3083//4663 3084//4663
f  3029//4664 3084//4664 3028//4664
f  3028//4665 3084//4665 3085//4665
f  3028//4666 3085//4666 3027//4666
f  3027//4667 3085//4667 3086//4667
f  3027//4668 3086//4668 3026//4668
f  3026//4669 3086//4669 3036//4669
f  3026//4670 3036//4670 1678//4670
f  1678//4671 3036//4671 1677//4671
f  3087//4672 1665//4672 1664//4672
f  3063//4673 153//4673 1570//4673
f  3063//4674 1570//4674 3088//4674
f  1668//4675 3089//4675 1669//4675
f  3088//4676 1570//4676 1572//4676
f  3088//4677 1572//4677 3090//4677
f  3090//4678 1572//4678 1574//4678
f  3064//4679 3063//4679 3091//4679
f  3091//4680 3063//4680 3088//4680
f  3091//4681 3088//4681 3092//4681
f  3092//4682 3088//4682 3090//4682
f  3092//4683 3090//4683 1574//4683
f  3092//4684 1574//4684 3093//4684
f  3065//4685 3064//4685 3094//4685
f  3094//4686 3064//4686 3091//4686
f  3094//4687 3091//4687 3092//4687
f  3094//4688 3092//4688 3095//4688
f  3095//4689 3092//4689 3096//4689
f  3096//4690 3092//4690 3093//4690
f  3066//4691 3065//4691 3097//4691
f  3097//4692 3065//4692 3094//4692
f  3097//4693 3094//4693 3098//4693
f  3098//4694 3094//4694 3095//4694
f  3098//4695 3095//4695 3099//4695
f  3099//4696 3095//4696 3096//4696
f  3099//4697 3096//4697 3100//4697
f  1669//4698 3089//4698 1667//4698
f  1667//4699 3089//4699 3101//4699
f  1667//4700 3101//4700 3102//4700
f  1667//4701 3102//4701 1666//4701
f  1666//4702 3102//4702 3103//4702
f  1666//4703 3103//4703 1664//4703
f  3067//4704 3066//4704 3104//4704
f  3104//4705 3066//4705 3097//4705
f  3104//4706 3097//4706 3105//4706
f  3105//4707 3097//4707 3098//4707
f  3105//4708 3098//4708 3106//4708
f  3106//4709 3098//4709 3099//4709
f  3106//4710 3099//4710 3107//4710
f  3107//4711 3099//4711 3100//4711
f  3069//4712 3067//4712 3108//4712
f  3108//4713 3067//4713 3104//4713
f  3108//4714 3104//4714 3109//4714
f  3109//4715 3104//4715 3110//4715
f  3110//4716 3104//4716 3105//4716
f  3110//4717 3105//4717 3111//4717
f  3111//4718 3105//4718 3106//4718
f  3111//4719 3106//4719 3112//4719
f  3112//4720 3106//4720 3107//4720
f  3112//4721 3107//4721 3113//4721
f  3071//4722 3069//4722 3114//4722
f  3114//4723 3069//4723 3108//4723
f  3114//4724 3108//4724 3115//4724
f  3115//4725 3108//4725 3109//4725
f  3115//4726 3109//4726 3110//4726
f  3115//4727 3110//4727 3116//4727
f  3116//4728 3110//4728 3111//4728
f  3116//4729 3111//4729 3117//4729
f  3117//4730 3111//4730 3112//4730
f  3117//4731 3112//4731 3118//4731
f  3118//4732 3112//4732 3113//4732
f  3119//4733 3120//4733 3121//4733
f  3121//4734 3120//4734 3122//4734
f  3121//4735 3122//4735 3123//4735
f  3121//4736 3123//4736 3124//4736
f  3124//4737 3123//4737 3125//4737
f  3124//4738 3125//4738 3126//4738
f  3126//4739 3125//4739 3127//4739
f  3127//4740 3125//4740 3128//4740
f  3127//4741 3128//4741 3073//4741
f  3073//4742 3128//4742 3075//4742
f  1579//4743 1578//4743 3129//4743
f  3129//4744 1578//4744 3130//4744
f  1576//4745 1579//4745 3129//4745
f  3131//4746 3129//4746 3130//4746
f  3131//4747 3130//4747 3132//4747
f  1574//4748 1576//4748 3129//4748
f  1574//4749 3129//4749 3131//4749
f  3133//4750 3131//4750 3132//4750
f  3133//4751 3132//4751 3134//4751
f  3134//4752 3132//4752 3135//4752
f  3134//4753 3135//4753 3136//4753
f  3093//4754 1574//4754 3131//4754
f  3093//4755 3131//4755 3133//4755
f  3100//4756 3133//4756 3134//4756
f  3134//4757 3136//4757 3113//4757
f  3096//4758 3093//4758 3133//4758
f  3096//4759 3133//4759 3100//4759
f  3107//4760 3100//4760 3134//4760
f  3107//4761 3134//4761 3113//4761
f  3118//4762 3119//4762 3121//4762
f  3118//4763 3121//4763 3117//4763
f  3117//4764 3121//4764 3116//4764
f  3116//4765 3121//4765 3124//4765
f  3116//4766 3124//4766 3115//4766
f  3115//4767 3124//4767 3126//4767
f  3115//4768 3126//4768 3114//4768
f  3114//4769 3126//4769 3127//4769
f  3114//4770 3127//4770 3071//4770
f  3071//4771 3127//4771 3073//4771
f  3120//4772 3087//4772 3122//4772
f  3122//4773 3087//4773 3103//4773
f  3122//4774 3103//4774 3123//4774
f  3123//4775 3103//4775 3102//4775
f  3123//4776 3102//4776 3125//4776
f  3125//4777 3102//4777 3101//4777
f  3125//4778 3101//4778 3128//4778
f  3128//4779 3101//4779 3089//4779
f  3128//4780 3089//4780 3075//4780
f  3075//4781 3089//4781 3077//4781
f  3077//4782 3089//4782 1668//4782
f  1664//4783 3103//4783 3087//4783
f  3137//4784 3138//4784 2662//4784
f  3137//4785 1706//4785 3138//4785
f  3138//4786 1706//4786 1705//4786
f  3138//4787 1705//4787 842//4787
f  842//4788 1705//4788 841//4788
f  3139//4789 3140//4789 3141//4789
f  3141//4790 3140//4790 3142//4790
f  2670//4791 867//4791 1706//4791
f  867//4792 3143//4792 868//4792
f  3144//4793 867//4793 2663//4793
f  2663//4794 867//4794 2670//4794
f  2662//4795 2670//4795 3137//4795
f  3137//4796 2670//4796 1706//4796
f  130//4797 131//4797 3145//4797
f  3139//4798 3145//4798 3140//4798
f  2663//4799 2665//4799 3144//4799
f  2659//4800 2658//4800 3139//4800
f  2659//4801 3139//4801 2669//4801
f  3146//4802 2669//4802 3147//4802
f  3146//4803 3147//4803 3148//4803
f  2660//4804 2669//4804 3146//4804
f  2660//4805 3146//4805 3149//4805
f  2667//4806 3149//4806 3150//4806
f  2667//4807 3150//4807 3151//4807
f  3143//4808 867//4808 3144//4808
f  3147//4809 3141//4809 3142//4809
f  3147//4810 3142//4810 3152//4810
f  2658//4811 130//4811 3145//4811
f  2658//4812 3145//4812 3139//4812
f  2669//4813 3139//4813 3141//4813
f  2669//4814 3141//4814 3147//4814
f  3148//4815 3147//4815 3152//4815
f  3148//4816 3152//4816 3153//4816
f  3148//4817 3153//4817 3154//4817
f  3148//4818 3154//4818 3150//4818
f  3150//4819 3154//4819 3155//4819
f  3155//4820 3151//4820 3150//4820
f  3148//4821 3150//4821 3149//4821
f  3148//4822 3149//4822 3146//4822
f  3144//4823 3151//4823 3156//4823
f  2668//4824 2660//4824 3149//4824
f  2668//4825 3149//4825 2667//4825
f  2665//4826 2667//4826 3151//4826
f  2665//4827 3151//4827 3144//4827
f  3143//4828 3144//4828 3156//4828
f  3138//4829 842//4829 839//4829
f  3138//4830 839//4830 3157//4830
f  3138//4831 3157//4831 2662//4831
f  838//4832 3157//4832 839//4832
f  838//4833 837//4833 1649//4833
f  838//4834 1649//4834 1650//4834
f  1650//4835 2661//4835 838//4835
f  838//4836 2661//4836 3157//4836
f  3157//4837 2661//4837 2662//4837
f  3158//4838 3159//4838 3160//4838
f  3161//4839 2//4839 3162//4839
f  3153//4840 3152//4840 3142//4840
f  3163//4841 5//4841 3161//4841
f  3164//4842 3153//4842 3165//4842
f  3164//4843 3165//4843 3166//4843
f  3167//4844 3166//4844 3168//4844
f  2//4845 3169//4845 3162//4845
f  3168//4846 3166//4846 3170//4846
f  3168//4847 3170//4847 3171//4847
f  3168//4848 3171//4848 3172//4848
f  3169//4849 69//4849 3173//4849
f  3174//4850 3169//4850 3173//4850
f  3175//4851 3171//4851 3176//4851
f  3177//4852 3178//4852 3179//4852
f  3179//4853 3178//4853 3163//4853
f  3180//4854 3163//4854 3161//4854
f  3180//4855 3161//4855 3181//4855
f  3181//4856 3161//4856 3162//4856
f  3181//4857 3162//4857 3169//4857
f  3182//4858 3183//4858 3176//4858
f  3176//4859 3171//4859 3170//4859
f  3184//4860 3170//4860 3166//4860
f  3184//4861 3166//4861 3165//4861
f  3185//4862 3165//4862 3153//4862
f  3185//4863 3153//4863 3142//4863
f  3174//4864 3173//4864 3186//4864
f  3174//4865 3187//4865 3169//4865
f  3169//4866 3187//4866 3181//4866
f  3163//4867 3180//4867 3179//4867
f  3186//4868 3188//4868 3174//4868
f  3174//4869 3188//4869 3189//4869
f  3174//4870 3189//4870 3187//4870
f  3181//4871 3187//4871 3190//4871
f  3181//4872 3190//4872 3180//4872
f  3180//4873 3190//4873 3191//4873
f  3180//4874 3191//4874 3179//4874
f  3179//4875 3191//4875 3192//4875
f  3179//4876 3192//4876 3177//4876
f  3187//4877 3189//4877 3193//4877
f  3187//4878 3193//4878 3190//4878
f  3177//4879 3192//4879 3194//4879
f  3190//4880 3193//4880 3195//4880
f  3190//4881 3195//4881 3191//4881
f  3191//4882 3195//4882 3196//4882
f  3191//4883 3196//4883 3192//4883
f  3192//4884 3196//4884 3197//4884
f  3192//4885 3197//4885 3194//4885
f  3189//4886 3198//4886 3193//4886
f  3193//4887 3198//4887 3199//4887
f  3193//4888 3199//4888 3195//4888
f  3198//4889 3158//4889 3199//4889
f  3195//4890 3199//4890 3200//4890
f  3195//4891 3200//4891 3201//4891
f  3195//4892 3201//4892 3196//4892
f  3196//4893 3201//4893 3202//4893
f  3196//4894 3202//4894 3197//4894
f  3197//4895 3202//4895 3203//4895
f  3197//4896 3203//4896 3194//4896
f  3199//4897 3158//4897 3200//4897
f  3203//4898 3202//4898 3204//4898
f  3158//4899 3160//4899 3200//4899
f  3200//4900 3160//4900 3182//4900
f  3200//4901 3182//4901 3184//4901
f  3200//4902 3184//4902 3201//4902
f  3201//4903 3184//4903 3205//4903
f  3201//4904 3205//4904 3202//4904
f  3202//4905 3205//4905 3204//4905
f  3203//4906 3204//4906 3206//4906
f  3203//4907 3206//4907 3207//4907
f  3205//4908 3184//4908 3165//4908
f  3204//4909 3205//4909 3185//4909
f  3204//4910 3185//4910 3206//4910
f  3160//4911 3159//4911 3183//4911
f  3160//4912 3183//4912 3182//4912
f  3182//4913 3176//4913 3170//4913
f  3182//4914 3170//4914 3184//4914
f  3205//4915 3165//4915 3185//4915
f  3206//4916 3185//4916 3142//4916
f  3208//4917 3183//4917 3159//4917
f  3209//4918 2862//4918 3210//4918
f  821//4919 822//4919 3210//4919
f  3210//4920 822//4920 1707//4920
f  3210//4921 1707//4921 3209//4921
f  3209//4922 1707//4922 2861//4922
f  2861//4923 1707//4923 861//4923
f  1547//4924 3211//4924 3212//4924
f  3213//4925 861//4925 860//4925
f  3214//4926 3172//4926 3215//4926
f  3216//4927 3217//4927 3214//4927
f  3216//4928 3214//4928 3218//4928
f  3218//4929 861//4929 3213//4929
f  3218//4930 3213//4930 3216//4930
f  3219//4931 3215//4931 3175//4931
f  3208//4932 3212//4932 2851//4932
f  3208//4933 2851//4933 2850//4933
f  3219//4934 3220//4934 2853//4934
f  3219//4935 2853//4935 2856//4935
f  2859//4936 861//4936 3218//4936
f  2859//4937 3218//4937 2857//4937
f  2857//4938 3218//4938 3214//4938
f  2857//4939 3214//4939 3215//4939
f  3220//4940 3219//4940 3183//4940
f  1545//4941 1544//4941 2700//4941
f  1545//4942 2700//4942 3211//4942
f  3211//4943 2700//4943 2865//4943
f  1547//4944 1545//4944 3211//4944
f  2865//4945 2851//4945 3212//4945
f  2865//4946 3212//4946 3211//4946
f  2850//4947 2853//4947 3220//4947
f  2850//4948 3220//4948 3208//4948
f  3183//4949 3208//4949 3220//4949
f  3215//4950 3219//4950 2856//4950
f  3215//4951 2856//4951 2857//4951
f  2859//4952 2861//4952 861//4952
f  2862//4953 3209//4953 2861//4953
f  3210//4954 2862//4954 3221//4954
f  821//4955 3210//4955 823//4955
f  823//4956 3210//4956 3221//4956
f  823//4957 3221//4957 3222//4957
f  1692//4958 825//4958 3222//4958
f  3222//4959 825//4959 824//4959
f  3222//4960 824//4960 823//4960
f  2864//4961 1692//4961 3222//4961
f  2864//4962 3222//4962 3221//4962
f  2864//4963 3221//4963 2862//4963
f  1546//4964 1547//4964 3223//4964
f  3224//4965 1546//4965 3223//4965
f  3224//4966 3223//4966 3225//4966
f  1541//4967 1546//4967 3224//4967
f  3226//4968 3224//4968 3225//4968
f  3227//4969 1541//4969 3224//4969
f  3226//4970 3225//4970 3188//4970
f  1561//4971 1542//4971 3228//4971
f  3228//4972 1542//4972 1541//4972
f  3228//4973 1541//4973 3227//4973
f  3227//4974 3224//4974 3226//4974
f  3229//4975 3228//4975 3227//4975
f  3230//4976 3227//4976 3226//4976
f  3231//4977 3226//4977 3232//4977
f  1562//4978 1561//4978 3228//4978
f  3229//4979 3227//4979 3230//4979
f  3230//4980 3226//4980 3231//4980
f  1563//4981 1562//4981 3228//4981
f  1563//4982 3228//4982 3233//4982
f  3233//4983 3228//4983 3229//4983
f  3234//4984 3229//4984 3230//4984
f  3235//4985 3230//4985 3231//4985
f  3236//4986 3231//4986 3232//4986
f  3233//4987 3229//4987 3234//4987
f  3234//4988 3230//4988 3235//4988
f  3235//4989 3231//4989 3236//4989
f  3236//4990 3237//4990 3235//4990
f  3235//4991 3238//4991 3234//4991
f  3234//4992 3239//4992 3233//4992
f  3233//4993 3240//4993 1563//4993
f  1563//4994 3240//4994 1564//4994
f  3240//4995 1558//4995 1564//4995
f  3237//4996 3241//4996 3238//4996
f  3238//4997 3242//4997 3239//4997
f  3239//4998 3243//4998 3240//4998
f  3238//4999 3241//4999 3242//4999
f  3239//5000 3242//5000 3243//5000
f  3240//5001 3243//5001 3244//5001
f  3240//5002 3244//5002 3245//5002
f  3241//5003 3246//5003 3242//5003
f  3242//5004 3247//5004 3243//5004
f  3245//5005 3244//5005 3248//5005
f  3245//5006 3248//5006 1560//5006
f  3242//5007 3246//5007 3247//5007
f  3243//5008 3247//5008 3244//5008
f  3244//5009 3247//5009 3249//5009
f  3244//5010 3249//5010 3248//5010
f  1560//5011 3248//5011 3250//5011
f  3235//5012 3237//5012 3238//5012
f  3234//5013 3238//5013 3239//5013
f  3233//5014 3239//5014 3240//5014
f  3240//5015 3245//5015 1558//5015
f  1558//5016 3245//5016 1559//5016
f  1559//5017 3245//5017 1560//5017
f  1552//5018 1560//5018 3250//5018
f  1555//5019 1554//5019 3250//5019
f  3250//5020 1554//5020 1553//5020
f  3250//5021 1553//5021 1552//5021
f  3247//5022 3251//5022 3252//5022
f  3247//5023 3252//5023 3249//5023
f  3249//5024 3252//5024 3253//5024
f  3248//5025 3253//5025 3254//5025
f  3250//5026 3254//5026 3255//5026
f  3252//5027 3256//5027 3253//5027
f  3254//5028 3253//5028 3257//5028
f  3254//5029 3257//5029 3255//5029
f  54//5030 3258//5030 3251//5030
f  3251//5031 3258//5031 3252//5031
f  3252//5032 3258//5032 3256//5032
f  3253//5033 3256//5033 3259//5033
f  3253//5034 3259//5034 3257//5034
f  3257//5035 3259//5035 3255//5035
f  3255//5036 3260//5036 1548//5036
f  3255//5037 3259//5037 3260//5037
f  1548//5038 3260//5038 3261//5038
f  3262//5039 3263//5039 3264//5039
f  3265//5040 3262//5040 3264//5040
f  3266//5041 3262//5041 3265//5041
f  3267//5042 3266//5042 3265//5042
f  3268//5043 3265//5043 3264//5043
f  3268//5044 3264//5044 3269//5044
f  3270//5045 50//5045 3266//5045
f  3270//5046 3266//5046 3267//5046
f  3267//5047 3265//5047 3268//5047
f  3259//5048 3267//5048 3268//5048
f  3260//5049 3268//5049 3269//5049
f  3260//5050 3269//5050 3261//5050
f  3258//5051 3270//5051 3256//5051
f  3256//5052 3270//5052 3259//5052
f  3259//5053 3270//5053 3267//5053
f  3259//5054 3268//5054 3260//5054
f  3246//5055 57//5055 3251//5055
f  3246//5056 3251//5056 3247//5056
f  3249//5057 3253//5057 3248//5057
f  3248//5058 3254//5058 3250//5058
f  1555//5059 3250//5059 3255//5059
f  1555//5060 3255//5060 1556//5060
f  1556//5061 3255//5061 1548//5061
f  1549//5062 1548//5062 3261//5062
f  1549//5063 3261//5063 1551//5063
f  3225//5064 3189//5064 3188//5064
f  3208//5065 3159//5065 3212//5065
f  3158//5066 3198//5066 3225//5066
f  3158//5067 3225//5067 3223//5067
f  3232//5068 3188//5068 3186//5068
f  3188//5069 3232//5069 3226//5069
f  3225//5070 3198//5070 3189//5070
f  3159//5071 3158//5071 3223//5071
f  3159//5072 3223//5072 3212//5072
f  3212//5073 3223//5073 1547//5073
f  3271//5074 3272//5074 3273//5074
f  3274//5075 155//5075 3275//5075
f  3275//5076 155//5076 154//5076
f  3275//5077 154//5077 152//5077
f  3275//5078 152//5078 3276//5078
f  3276//5079 152//5079 149//5079
f  3276//5080 149//5080 151//5080
f  142//5081 144//5081 3277//5081
f  3277//5082 144//5082 146//5082
f  3277//5083 146//5083 148//5083
f  3277//5084 148//5084 159//5084
f  3277//5085 159//5085 3274//5085
f  3274//5086 159//5086 158//5086
f  3274//5087 158//5087 156//5087
f  3274//5088 156//5088 155//5088
f  3278//5089 20//5089 3279//5089
f  142//5090 3280//5090 133//5090
f  133//5091 3280//5091 135//5091
f  135//5092 3280//5092 137//5092
f  138//5093 137//5093 3281//5093
f  138//5094 3281//5094 141//5094
f  3282//5095 16//5095 3283//5095
f  3284//5096 129//5096 3285//5096
f  3285//5097 129//5097 126//5097
f  3285//5098 126//5098 3286//5098
f  3286//5099 126//5099 3281//5099
f  3286//5100 3281//5100 3287//5100
f  3287//5101 3281//5101 137//5101
f  3287//5102 137//5102 3280//5102
f  3288//5103 3280//5103 142//5103
f  3288//5104 142//5104 3277//5104
f  3288//5105 3277//5105 3289//5105
f  3289//5106 3277//5106 3290//5106
f  3290//5107 3277//5107 3274//5107
f  3290//5108 3274//5108 3275//5108
f  3291//5109 3275//5109 3276//5109
f  3276//5110 151//5110 3292//5110
f  3293//5111 3294//5111 3295//5111
f  3293//5112 3295//5112 3283//5112
f  3283//5113 3295//5113 3296//5113
f  3283//5114 3296//5114 3282//5114
f  3282//5115 3297//5115 3279//5115
f  3279//5116 3297//5116 3278//5116
f  3278//5117 3298//5117 3299//5117
f  3299//5118 3298//5118 3300//5118
f  3300//5119 3298//5119 3301//5119
f  3300//5120 3301//5120 3302//5120
f  3302//5121 3301//5121 3303//5121
f  3302//5122 3303//5122 3304//5122
f  3304//5123 3303//5123 3305//5123
f  3304//5124 3305//5124 3273//5124
f  3273//5125 3305//5125 3306//5125
f  3273//5126 3306//5126 3271//5126
f  3307//5127 3308//5127 3294//5127
f  3282//5128 3296//5128 3309//5128
f  3282//5129 3309//5129 3297//5129
f  3278//5130 3297//5130 3310//5130
f  3278//5131 3310//5131 3298//5131
f  3294//5132 3308//5132 3311//5132
f  3294//5133 3311//5133 3295//5133
f  3295//5134 3311//5134 3312//5134
f  3295//5135 3312//5135 3296//5135
f  3296//5136 3312//5136 3309//5136
f  3297//5137 3309//5137 3313//5137
f  3297//5138 3313//5138 3310//5138
f  3298//5139 3310//5139 3314//5139
f  3298//5140 3314//5140 3301//5140
f  3301//5141 3314//5141 3315//5141
f  3301//5142 3315//5142 3303//5142
f  3303//5143 3315//5143 3316//5143
f  3303//5144 3316//5144 3305//5144
f  3305//5145 3316//5145 3317//5145
f  3305//5146 3317//5146 3306//5146
f  3309//5147 3318//5147 3313//5147
f  3310//5148 3313//5148 3319//5148
f  3310//5149 3319//5149 3314//5149
f  3306//5150 3317//5150 3320//5150
f  3306//5151 3320//5151 3271//5151
f  3271//5152 3320//5152 3292//5152
f  3308//5153 3194//5153 3311//5153
f  3311//5154 3194//5154 3284//5154
f  3311//5155 3284//5155 3312//5155
f  3312//5156 3284//5156 3285//5156
f  3312//5157 3285//5157 3309//5157
f  3309//5158 3285//5158 3286//5158
f  3309//5159 3286//5159 3318//5159
f  3313//5160 3318//5160 3287//5160
f  3313//5161 3287//5161 3280//5161
f  3313//5162 3280//5162 3319//5162
f  3314//5163 3319//5163 3288//5163
f  3314//5164 3288//5164 3289//5164
f  3314//5165 3289//5165 3315//5165
f  3315//5166 3289//5166 3290//5166
f  3315//5167 3290//5167 3316//5167
f  3316//5168 3290//5168 3275//5168
f  3316//5169 3275//5169 3317//5169
f  3317//5170 3275//5170 3291//5170
f  3317//5171 3291//5171 3320//5171
f  3194//5172 131//5172 3284//5172
f  3318//5173 3286//5173 3287//5173
f  3319//5174 3280//5174 3288//5174
f  3320//5175 3291//5175 3276//5175
f  3320//5176 3276//5176 3292//5176
f  3284//5177 131//5177 129//5177
f  141//5178 3281//5178 125//5178
f  125//5179 3281//5179 126//5179
f  128//5180 126//5180 129//5180
f  3307//5181 3177//5181 3308//5181
f  131//5182 3140//5182 3145//5182
f  3307//5183 3178//5183 3177//5183
f  3308//5184 3177//5184 3194//5184
f  3203//5185 3207//5185 3194//5185
f  3194//5186 3207//5186 131//5186
f  3206//5187 3142//5187 3207//5187
f  3207//5188 3142//5188 3140//5188
f  3207//5189 3140//5189 131//5189
f  3321//5190 3057//5190 3062//5190
f  3321//5191 3062//5191 1551//5191
f  1551//5192 3062//5192 3061//5192
f  3057//5193 3059//5193 3058//5193
f  3322//5194 3050//5194 3053//5194
f  3322//5195 3053//5195 3038//5195
f  3322//5196 3038//5196 3059//5196
f  3059//5197 3038//5197 3037//5197
f  3057//5198 3321//5198 3323//5198
f  3057//5199 3323//5199 3059//5199
f  3059//5200 3323//5200 3324//5200
f  3059//5201 3324//5201 3322//5201
f  3322//5202 3324//5202 3050//5202
f  3050//5203 3048//5203 3051//5203
f  3050//5204 3325//5204 3044//5204
f  3050//5205 3044//5205 3048//5205
f  3044//5206 3046//5206 3048//5206
f  3044//5207 3326//5207 3043//5207
f  3043//5208 3326//5208 3327//5208
f  3043//5209 3327//5209 3041//5209
f  3272//5210 3328//5210 3329//5210
f  3329//5211 3328//5211 3330//5211
f  3331//5212 3330//5212 3332//5212
f  3331//5213 3332//5213 3333//5213
f  3333//5214 3332//5214 3334//5214
f  3334//5215 3332//5215 3335//5215
f  3334//5216 3335//5216 3336//5216
f  3263//5217 3336//5217 3264//5217
f  3272//5218 3271//5218 3328//5218
f  3330//5219 3328//5219 3337//5219
f  3330//5220 3337//5220 3332//5220
f  3328//5221 3338//5221 3337//5221
f  3332//5222 3337//5222 3339//5222
f  3332//5223 3339//5223 3335//5223
f  3335//5224 3339//5224 3340//5224
f  3335//5225 3340//5225 3336//5225
f  3336//5226 3340//5226 3264//5226
f  3328//5227 3271//5227 3338//5227
f  3337//5228 3338//5228 3341//5228
f  3337//5229 3341//5229 3339//5229
f  3271//5230 3292//5230 3338//5230
f  3338//5231 3342//5231 3341//5231
f  3339//5232 3341//5232 3343//5232
f  3339//5233 3343//5233 3340//5233
f  3340//5234 3343//5234 3344//5234
f  3340//5235 3344//5235 3345//5235
f  3340//5236 3345//5236 3264//5236
f  3264//5237 3345//5237 3269//5237
f  3338//5238 3292//5238 3342//5238
f  3341//5239 3342//5239 3346//5239
f  3341//5240 3346//5240 3343//5240
f  3343//5241 3346//5241 3325//5241
f  3343//5242 3325//5242 3347//5242
f  3343//5243 3347//5243 3344//5243
f  3344//5244 3347//5244 3348//5244
f  3344//5245 3348//5245 3345//5245
f  3345//5246 3348//5246 3349//5246
f  3345//5247 3349//5247 3261//5247
f  3345//5248 3261//5248 3269//5248
f  3292//5249 3327//5249 3342//5249
f  3342//5250 3327//5250 3326//5250
f  3342//5251 3326//5251 3346//5251
f  3349//5252 3348//5252 3323//5252
f  3349//5253 3323//5253 3321//5253
f  3349//5254 3321//5254 3261//5254
f  3346//5255 3326//5255 3044//5255
f  3346//5256 3044//5256 3325//5256
f  3325//5257 3050//5257 3347//5257
f  3347//5258 3050//5258 3324//5258
f  3347//5259 3324//5259 3348//5259
f  3348//5260 3324//5260 3323//5260
f  3261//5261 3321//5261 1551//5261
f  151//5262 3041//5262 3327//5262
f  151//5263 3327//5263 3292//5263
f  864//5264 868//5264 3143//5264
f  865//5265 866//5265 3350//5265
f  3219//5266 3176//5266 3183//5266
f  3176//5267 3219//5267 3175//5267
f  3171//5268 3175//5268 3215//5268
f  3171//5269 3215//5269 3172//5269
f  3217//5270 3168//5270 3172//5270
f  3172//5271 3214//5271 3217//5271
f  3351//5272 3151//5272 3155//5272
f  3168//5273 3351//5273 3167//5273
f  3167//5274 3351//5274 3155//5274
f  3167//5275 3155//5275 3166//5275
f  3166//5276 3155//5276 3154//5276
f  3166//5277 3154//5277 3164//5277
f  3164//5278 3154//5278 3153//5278
f  865//5279 3350//5279 860//5279
f  3350//5280 3352//5280 3216//5280
f  3213//5281 860//5281 3350//5281
f  3213//5282 3350//5282 3216//5282
f  3351//5283 3168//5283 3217//5283
f  3351//5284 3217//5284 3352//5284
f  3352//5285 3217//5285 3216//5285
f  864//5286 3143//5286 866//5286
f  866//5287 3143//5287 3350//5287
f  3350//5288 3143//5288 3352//5288
f  3143//5289 3156//5289 3352//5289
f  3352//5290 3156//5290 3351//5290
f  3351//5291 3156//5291 3151//5291
f  3118//5292 3113//5292 3353//5292
f  1665//5293 3087//5293 3354//5293
f  3355//5294 3356//5294 3357//5294
f  3357//5295 3356//5295 3358//5295
f  2468//5296 3359//5296 3360//5296
f  1578//5297 3361//5297 3362//5297
f  3363//5298 3132//5298 3362//5298
f  3362//5299 3132//5299 3130//5299
f  3362//5300 3130//5300 1578//5300
f  3363//5301 3135//5301 3132//5301
f  3364//5302 3365//5302 3366//5302
f  3364//5303 3366//5303 3367//5303
f  3359//5304 3368//5304 3360//5304
f  3361//5305 3364//5305 3362//5305
f  3362//5306 3364//5306 3367//5306
f  3362//5307 3367//5307 3363//5307
f  3363//5308 3367//5308 3369//5308
f  3370//5309 3371//5309 3372//5309
f  3372//5310 3371//5310 3373//5310
f  3357//5311 3358//5311 3374//5311
f  3357//5312 3374//5312 3368//5312
f  3368//5313 3374//5313 3375//5313
f  3368//5314 3375//5314 3360//5314
f  3360//5315 3375//5315 3376//5315
f  3135//5316 3363//5316 3369//5316
f  3135//5317 3369//5317 3136//5317
f  3377//5318 3378//5318 3379//5318
f  3379//5319 3378//5319 3370//5319
f  3379//5320 3370//5320 3380//5320
f  3380//5321 3370//5321 3372//5321
f  3372//5322 3373//5322 3375//5322
f  3375//5323 3373//5323 3381//5323
f  3353//5324 3113//5324 3136//5324
f  3367//5325 3366//5325 3371//5325
f  3367//5326 3371//5326 3369//5326
f  3136//5327 3369//5327 3378//5327
f  3136//5328 3378//5328 3353//5328
f  3355//5329 3382//5329 3356//5329
f  3358//5330 3372//5330 3374//5330
f  3374//5331 3372//5331 3375//5331
f  3375//5332 3381//5332 3376//5332
f  3376//5333 3381//5333 3383//5333
f  3353//5334 3119//5334 3118//5334
f  3366//5335 3381//5335 3373//5335
f  3366//5336 3373//5336 3371//5336
f  3369//5337 3371//5337 3370//5337
f  3369//5338 3370//5338 3378//5338
f  3353//5339 3378//5339 3377//5339
f  3353//5340 3377//5340 3119//5340
f  3119//5341 3377//5341 3384//5341
f  3119//5342 3384//5342 3120//5342
f  3120//5343 3384//5343 3087//5343
f  3354//5344 3087//5344 3384//5344
f  3354//5345 3384//5345 3385//5345
f  3385//5346 3384//5346 3377//5346
f  3385//5347 3377//5347 3382//5347
f  3382//5348 3377//5348 3379//5348
f  3382//5349 3379//5349 3356//5349
f  3356//5350 3379//5350 3380//5350
f  3356//5351 3380//5351 3358//5351
f  3358//5352 3380//5352 3372//5352
f  3386//5353 710//5353 3387//5353
f  3387//5354 710//5354 709//5354
f  712//5355 711//5355 3388//5355
f  3388//5356 711//5356 3386//5356
f  3386//5357 711//5357 710//5357
f  2467//5358 713//5358 3389//5358
f  3389//5359 713//5359 712//5359
f  2468//5360 2467//5360 3389//5360
f  2468//5361 3389//5361 3359//5361
f  712//5362 3388//5362 3389//5362
f  3389//5363 3388//5363 3368//5363
f  3389//5364 3368//5364 3359//5364
f  3386//5365 3357//5365 3388//5365
f  3388//5366 3357//5366 3368//5366
f  3357//5367 3386//5367 3387//5367
f  709//5368 3355//5368 3387//5368
f  3387//5369 3355//5369 3357//5369
f  707//5370 3385//5370 708//5370
f  708//5371 3385//5371 3382//5371
f  708//5372 3382//5372 709//5372
f  709//5373 3382//5373 3355//5373
f  717//5374 3354//5374 707//5374
f  707//5375 3354//5375 3385//5375
f  717//5376 722//5376 1665//5376
f  717//5377 1665//5377 3354//5377
f  93//5378 463//5378 94//5378
f  94//5379 463//5379 462//5379
f  90//5380 467//5380 91//5380
f  467//5381 466//5381 91//5381
f  91//5382 466//5382 93//5382
f  93//5383 466//5383 463//5383
f  467//5384 90//5384 468//5384
f  468//5385 90//5385 88//5385
f  468//5386 88//5386 469//5386
f  469//5387 88//5387 86//5387
f  469//5388 86//5388 470//5388
f  470//5389 86//5389 85//5389
f  470//5390 85//5390 471//5390
f  471//5391 85//5391 83//5391
f  471//5392 83//5392 82//5392
f  471//5393 82//5393 472//5393
f  472//5394 82//5394 526//5394
f  526//5395 82//5395 80//5395
f  526//5396 80//5396 79//5396
f  526//5397 79//5397 527//5397
f  527//5398 79//5398 525//5398
f  525//5399 79//5399 77//5399
f  525//5400 77//5400 76//5400
f  525//5401 76//5401 522//5401
f  522//5402 76//5402 74//5402
f  522//5403 74//5403 523//5403
f  523//5404 74//5404 73//5404
f  523//5405 73//5405 501//5405
f  501//5406 73//5406 71//5406
f  501//5407 71//5407 503//5407
f  503//5408 71//5408 124//5408
f  503//5409 124//5409 123//5409
f  503//5410 123//5410 506//5410
f  506//5411 123//5411 121//5411
f  506//5412 121//5412 508//5412
f  508//5413 121//5413 120//5413
f  508//5414 120//5414 509//5414
f  118//5415 117//5415 511//5415
f  511//5416 510//5416 118//5416
f  118//5417 510//5417 120//5417
f  120//5418 510//5418 509//5418
f  114//5419 512//5419 115//5419
f  115//5420 512//5420 513//5420
f  115//5421 513//5421 117//5421
f  117//5422 513//5422 511//5422
f  112//5423 514//5423 114//5423
f  114//5424 514//5424 512//5424
f  106//5425 518//5425 108//5425
f  108//5426 518//5426 517//5426
f  108//5427 517//5427 109//5427
f  109//5428 517//5428 516//5428
f  109//5429 516//5429 111//5429
f  111//5430 516//5430 515//5430
f  111//5431 515//5431 112//5431
f  112//5432 515//5432 514//5432
f  105//5433 495//5433 106//5433
f  106//5434 495//5434 519//5434
f  106//5435 519//5435 518//5435
f  103//5436 495//5436 105//5436
f  102//5437 496//5437 103//5437
f  103//5438 496//5438 495//5438
f  100//5439 499//5439 102//5439
f  102//5440 499//5440 496//5440
f  99//5441 497//5441 100//5441
f  100//5442 497//5442 499//5442
f  96//5443 498//5443 97//5443
f  97//5444 498//5444 99//5444
f  99//5445 498//5445 497//5445
f  94//5446 462//5446 465//5446
f  94//5447 465//5447 96//5447
f  96//5448 465//5448 498//5448
f  520//5449 2448//5449 521//5449
f  528//5450 524//5450 3390//5450
f  528//5451 3390//5451 473//5451
f  473//5452 3390//5452 3391//5452
f  473//5453 3391//5453 3392//5453
f  473//5454 3392//5454 474//5454
f  3393//5455 460//5455 3392//5455
f  3392//5456 460//5456 475//5456
f  3392//5457 475//5457 474//5457
f  461//5458 460//5458 2044//5458
f  2044//5459 460//5459 3393//5459
f  2044//5460 3393//5460 2045//5460
f  1663//5461 2045//5461 3394//5461
f  1663//5462 3394//5462 1660//5462
f  1661//5463 1660//5463 3395//5463
f  3395//5464 1660//5464 3394//5464
f  3395//5465 3394//5465 3396//5465
f  3396//5466 3394//5466 2045//5466
f  3396//5467 2045//5467 3397//5467
f  3397//5468 2045//5468 3393//5468
f  3397//5469 3393//5469 3398//5469
f  3398//5470 3393//5470 3392//5470
f  3398//5471 3392//5471 3399//5471
f  3399//5472 3392//5472 3391//5472
f  3399//5473 3391//5473 3400//5473
f  3400//5474 3391//5474 3390//5474
f  3400//5475 3390//5475 3401//5475
f  3401//5476 3390//5476 524//5476
f  3401//5477 524//5477 3402//5477
f  3402//5478 524//5478 521//5478
f  3402//5479 521//5479 2448//5479
f  3403//5480 3404//5480 3405//5480
f  3406//5481 3403//5481 3407//5481
f  2448//5482 2453//5482 3402//5482
f  3402//5483 2453//5483 3408//5483
f  3402//5484 3408//5484 3401//5484
f  3401//5485 3408//5485 3409//5485
f  3401//5486 3409//5486 3400//5486
f  3410//5487 3409//5487 3408//5487
f  3410//5488 3408//5488 2456//5488
f  2456//5489 3408//5489 2453//5489
f  2456//5490 2453//5490 2454//5490
f  3410//5491 3411//5491 3409//5491
f  3409//5492 3411//5492 3412//5492
f  3409//5493 3412//5493 3400//5493
f  3400//5494 3412//5494 3399//5494
f  3411//5495 3413//5495 3412//5495
f  3412//5496 3413//5496 3414//5496
f  3412//5497 3414//5497 3399//5497
f  3399//5498 3414//5498 3398//5498
f  3413//5499 3406//5499 3414//5499
f  3414//5500 3406//5500 3415//5500
f  3414//5501 3415//5501 3398//5501
f  3398//5502 3415//5502 3397//5502
f  3415//5503 3406//5503 3407//5503
f  3415//5504 3407//5504 3397//5504
f  3397//5505 3407//5505 3396//5505
f  3407//5506 3403//5506 3405//5506
f  3407//5507 3405//5507 3396//5507
f  3396//5508 3405//5508 3395//5508
f  3405//5509 3404//5509 3416//5509
f  3405//5510 3416//5510 3395//5510
f  3395//5511 3416//5511 1661//5511
f  199//5512 1661//5512 3417//5512
f  3417//5513 1661//5513 3416//5513
f  3417//5514 3416//5514 3404//5514
f  198//5515 199//5515 3417//5515
f  190//5516 192//5516 3418//5516
f  3410//5517 2456//5517 3419//5517
f  3419//5518 2456//5518 2455//5518
f  3411//5519 3410//5519 3419//5519
f  3411//5520 3419//5520 3420//5520
f  3420//5521 3419//5521 3421//5521
f  190//5522 3418//5522 188//5522
f  188//5523 3418//5523 3422//5523
f  188//5524 3422//5524 186//5524
f  3413//5525 3411//5525 3423//5525
f  3423//5526 3411//5526 3420//5526
f  3424//5527 3420//5527 3421//5527
f  3406//5528 3413//5528 3423//5528
f  3425//5529 3423//5529 3420//5529
f  3425//5530 3420//5530 3426//5530
f  3426//5531 3420//5531 3427//5531
f  3427//5532 3420//5532 3424//5532
f  3428//5533 3406//5533 3423//5533
f  3428//5534 3423//5534 3425//5534
f  3429//5535 3426//5535 3427//5535
f  3429//5536 3427//5536 3430//5536
f  3431//5537 183//5537 186//5537
f  3431//5538 186//5538 3422//5538
f  3432//5539 3418//5539 192//5539
f  3432//5540 192//5540 3433//5540
f  3433//5541 192//5541 196//5541
f  3433//5542 196//5542 195//5542
f  3433//5543 195//5543 3404//5543
f  3404//5544 195//5544 198//5544
f  3404//5545 198//5545 3417//5545
f  3419//5546 2455//5546 3434//5546
f  3419//5547 3434//5547 3421//5547
f  3430//5548 3435//5548 3429//5548
f  3426//5549 3429//5549 3436//5549
f  3426//5550 3436//5550 3425//5550
f  3425//5551 3436//5551 3432//5551
f  3425//5552 3432//5552 3428//5552
f  3428//5553 3432//5553 3437//5553
f  3428//5554 3437//5554 3406//5554
f  3406//5555 3437//5555 3403//5555
f  3435//5556 3431//5556 3429//5556
f  3429//5557 3431//5557 3422//5557
f  3429//5558 3422//5558 3436//5558
f  3436//5559 3422//5559 3418//5559
f  3436//5560 3418//5560 3432//5560
f  3437//5561 3432//5561 3433//5561
f  3437//5562 3433//5562 3403//5562
f  3403//5563 3433//5563 3404//5563
f  2461//5564 2460//5564 3438//5564
f  2455//5565 3439//5565 3440//5565
f  3441//5566 3430//5566 3442//5566
f  3442//5567 3430//5567 3427//5567
f  3443//5568 3435//5568 3441//5568
f  3441//5569 3435//5569 3430//5569
f  3444//5570 3431//5570 3443//5570
f  3443//5571 3431//5571 3435//5571
f  3444//5572 183//5572 3431//5572
f  2455//5573 3440//5573 3434//5573
f  3434//5574 3440//5574 3445//5574
f  3434//5575 3445//5575 3421//5575
f  3421//5576 3445//5576 3446//5576
f  3421//5577 3446//5577 3424//5577
f  3424//5578 3446//5578 3447//5578
f  3424//5579 3447//5579 3427//5579
f  3427//5580 3447//5580 3442//5580
f  3444//5581 3448//5581 183//5581
f  183//5582 3448//5582 181//5582
f  2455//5583 2452//5583 3439//5583
f  3439//5584 2452//5584 2451//5584
f  3439//5585 2451//5585 2462//5585
f  3443//5586 3449//5586 3444//5586
f  3444//5587 3449//5587 3448//5587
f  3448//5588 1638//5588 181//5588
f  1588//5589 1638//5589 3448//5589
f  1588//5590 3448//5590 3450//5590
f  3450//5591 3448//5591 3449//5591
f  3450//5592 3449//5592 3451//5592
f  3451//5593 3449//5593 3443//5593
f  3451//5594 3443//5594 3452//5594
f  3452//5595 3443//5595 3441//5595
f  3452//5596 3441//5596 3453//5596
f  3453//5597 3441//5597 3442//5597
f  3453//5598 3442//5598 3454//5598
f  3454//5599 3442//5599 3447//5599
f  3454//5600 3447//5600 3455//5600
f  3455//5601 3447//5601 3446//5601
f  3455//5602 3446//5602 3456//5602
f  3456//5603 3446//5603 3445//5603
f  3456//5604 3445//5604 3457//5604
f  3457//5605 3445//5605 3440//5605
f  3457//5606 3440//5606 3438//5606
f  3438//5607 3440//5607 3439//5607
f  3438//5608 3439//5608 2461//5608
f  2461//5609 3439//5609 2462//5609
f  2458//5610 2459//5610 3458//5610
f  2450//5611 2449//5611 3459//5611
f  2464//5612 2465//5612 3460//5612
f  1578//5613 1582//5613 3361//5613
f  3461//5614 3366//5614 3365//5614
f  3360//5615 2469//5615 2468//5615
f  3376//5616 2469//5616 3360//5616
f  2471//5617 2470//5617 3462//5617
f  3462//5618 2470//5618 2469//5618
f  3462//5619 2469//5619 3463//5619
f  3463//5620 2469//5620 3376//5620
f  3463//5621 3376//5621 3383//5621
f  2466//5622 2471//5622 3462//5622
f  2465//5623 2466//5623 3460//5623
f  3460//5624 2466//5624 3462//5624
f  3460//5625 3462//5625 3463//5625
f  3464//5626 3463//5626 3383//5626
f  3461//5627 3383//5627 3381//5627
f  3465//5628 3460//5628 3463//5628
f  3465//5629 3463//5629 3464//5629
f  3464//5630 3383//5630 3461//5630
f  3461//5631 3381//5631 3366//5631
f  3459//5632 2464//5632 3460//5632
f  3459//5633 3460//5633 3465//5633
f  3466//5634 3464//5634 3461//5634
f  2449//5635 2464//5635 3459//5635
f  3467//5636 3459//5636 3465//5636
f  3468//5637 3465//5637 3464//5637
f  3468//5638 3464//5638 3466//5638
f  3466//5639 3461//5639 3365//5639
f  3469//5640 3365//5640 3364//5640
f  3458//5641 2450//5641 3459//5641
f  3458//5642 3459//5642 3467//5642
f  3467//5643 3465//5643 3468//5643
f  3470//5644 3466//5644 3365//5644
f  3470//5645 3365//5645 3469//5645
f  3469//5646 3364//5646 3361//5646
f  2463//5647 2450//5647 3458//5647
f  3471//5648 3458//5648 3467//5648
f  3472//5649 3467//5649 3468//5649
f  3473//5650 3468//5650 3466//5650
f  3473//5651 3466//5651 3470//5651
f  1582//5652 3469//5652 3361//5652
f  2459//5653 2463//5653 3458//5653
f  3474//5654 3471//5654 3467//5654
f  3474//5655 3467//5655 3472//5655
f  3472//5656 3468//5656 3473//5656
f  3475//5657 3470//5657 3469//5657
f  3475//5658 3469//5658 1582//5658
f  1625//5659 1590//5659 1588//5659
f  1625//5660 1588//5660 3476//5660
f  3476//5661 1588//5661 3450//5661
f  3476//5662 3450//5662 3451//5662
f  3477//5663 3476//5663 3451//5663
f  3477//5664 3451//5664 3452//5664
f  1585//5665 1584//5665 1625//5665
f  1585//5666 1625//5666 3476//5666
f  3478//5667 3477//5667 3452//5667
f  3478//5668 3452//5668 3453//5668
f  3479//5669 1585//5669 3476//5669
f  3479//5670 3476//5670 3477//5670
f  3480//5671 3478//5671 3453//5671
f  3480//5672 3453//5672 3454//5672
f  1583//5673 1585//5673 3479//5673
f  3481//5674 3479//5674 3477//5674
f  3481//5675 3477//5675 3478//5675
f  3482//5676 3480//5676 3454//5676
f  3482//5677 3454//5677 3455//5677
f  3483//5678 1583//5678 3479//5678
f  3483//5679 3479//5679 3481//5679
f  3484//5680 3481//5680 3478//5680
f  3484//5681 3478//5681 3480//5681
f  3485//5682 3482//5682 3455//5682
f  3485//5683 3455//5683 3456//5683
f  1581//5684 1583//5684 3483//5684
f  3483//5685 3481//5685 3484//5685
f  3484//5686 3480//5686 3482//5686
f  3474//5687 3485//5687 3456//5687
f  3474//5688 3456//5688 3457//5688
f  3475//5689 1581//5689 3483//5689
f  3473//5690 3483//5690 3484//5690
f  3472//5691 3484//5691 3482//5691
f  3472//5692 3482//5692 3485//5692
f  3471//5693 3474//5693 3457//5693
f  3471//5694 3457//5694 3438//5694
f  2457//5695 2458//5695 3438//5695
f  3438//5696 2458//5696 3458//5696
f  3438//5697 3458//5697 3471//5697
f  3485//5698 3474//5698 3472//5698
f  3484//5699 3472//5699 3473//5699
f  3483//5700 3473//5700 3470//5700
f  3483//5701 3470//5701 3475//5701
f  1581//5702 3475//5702 1582//5702
f  2460//5703 2457//5703 3438//5703
f  3334//5704 3336//5704 42//5704
f  69//5705 3169//5705 2//5705
f  3186//5706 3173//5706 67//5706
f  67//5707 3173//5707 69//5707
f  65//5708 3232//5708 3186//5708
f  65//5709 3186//5709 67//5709
f  63//5710 3236//5710 65//5710
f  65//5711 3236//5711 3232//5711
f  61//5712 3237//5712 63//5712
f  63//5713 3237//5713 3236//5713
f  59//5714 3241//5714 61//5714
f  61//5715 3241//5715 3237//5715
f  59//5716 57//5716 3246//5716
f  59//5717 3246//5717 3241//5717
f  54//5718 3251//5718 57//5718
f  52//5719 3258//5719 54//5719
f  52//5720 50//5720 3270//5720
f  52//5721 3270//5721 3258//5721
f  3262//5722 3266//5722 48//5722
f  48//5723 3266//5723 50//5723
f  46//5724 3262//5724 48//5724
f  44//5725 3263//5725 46//5725
f  46//5726 3263//5726 3262//5726
f  42//5727 3336//5727 44//5727
f  44//5728 3336//5728 3263//5728
f  38//5729 3331//5729 3333//5729
f  38//5730 3333//5730 40//5730
f  40//5731 3333//5731 42//5731
f  42//5732 3333//5732 3334//5732
f  3330//5733 3331//5733 36//5733
f  36//5734 3331//5734 38//5734
f  34//5735 3329//5735 36//5735
f  36//5736 3329//5736 3330//5736
f  32//5737 3272//5737 34//5737
f  34//5738 3272//5738 3329//5738
f  30//5739 3273//5739 32//5739
f  3273//5740 3272//5740 32//5740
f  28//5741 3304//5741 30//5741
f  30//5742 3304//5742 3273//5742
f  26//5743 3302//5743 28//5743
f  28//5744 3302//5744 3304//5744
f  24//5745 3300//5745 26//5745
f  26//5746 3300//5746 3302//5746
f  22//5747 3278//5747 3299//5747
f  22//5748 3299//5748 24//5748
f  24//5749 3299//5749 3300//5749
f  22//5750 20//5750 3278//5750
f  18//5751 3279//5751 20//5751
f  18//5752 16//5752 3282//5752
f  18//5753 3282//5753 3279//5753
f  3293//5754 3283//5754 14//5754
f  14//5755 3283//5755 16//5755
f  12//5756 3293//5756 14//5756
f  3307//5757 3294//5757 10//5757
f  10//5758 3294//5758 12//5758
f  12//5759 3294//5759 3293//5759
f  3178//5760 3307//5760 8//5760
f  8//5761 3307//5761 10//5761
f  5//5762 3163//5762 3178//5762
f  5//5763 3178//5763 8//5763
f  3161//5764 5//5764 2//5764
f  1354//5765 1355//5765 3486//5765
f  551//5766 1321//5766 552//5766
f  552//5767 1321//5767 3487//5767
f  3488//5768 548//5768 3487//5768
f  3487//5769 548//5769 552//5769
f  564//5770 563//5770 3489//5770
f  3489//5771 563//5771 562//5771
f  3489//5772 562//5772 3488//5772
f  3488//5773 562//5773 548//5773
f  564//5774 3489//5774 3490//5774
f  564//5775 3490//5775 565//5775
f  565//5776 3490//5776 3491//5776
f  565//5777 3491//5777 566//5777
f  566//5778 3491//5778 3492//5778
f  3493//5779 567//5779 3492//5779
f  3492//5780 567//5780 566//5780
f  3494//5781 568//5781 3493//5781
f  3493//5782 568//5782 567//5782
f  3495//5783 569//5783 3494//5783
f  3494//5784 569//5784 568//5784
f  3496//5785 570//5785 3495//5785
f  3495//5786 570//5786 569//5786
f  3496//5787 530//5787 570//5787
f  530//5788 3496//5788 531//5788
f  531//5789 3496//5789 3486//5789
f  531//5790 3486//5790 1355//5790
f  531//5791 1355//5791 532//5791
f  1321//5792 952//5792 3487//5792
f  3487//5793 952//5793 3497//5793
f  3487//5794 3497//5794 3488//5794
f  3488//5795 3497//5795 3498//5795
f  3488//5796 3498//5796 3489//5796
f  3489//5797 3498//5797 3499//5797
f  3489//5798 3499//5798 3490//5798
f  3490//5799 3499//5799 3500//5799
f  3490//5800 3500//5800 3491//5800
f  3491//5801 3500//5801 3501//5801
f  3491//5802 3501//5802 3492//5802
f  3492//5803 3501//5803 3502//5803
f  3492//5804 3502//5804 3493//5804
f  3493//5805 3502//5805 3503//5805
f  3493//5806 3503//5806 3494//5806
f  3494//5807 3503//5807 3504//5807
f  3494//5808 3504//5808 3495//5808
f  3495//5809 3504//5809 3505//5809
f  3495//5810 3505//5810 3496//5810
f  3496//5811 3505//5811 3506//5811
f  3496//5812 3506//5812 3486//5812
f  3486//5813 3506//5813 3507//5813
f  3486//5814 3507//5814 1354//5814
f  1354//5815 3507//5815 1353//5815
f  930//5816 931//5816 3508//5816
f  3509//5817 930//5817 3508//5817
f  3509//5818 3508//5818 3510//5818
f  928//5819 930//5819 3509//5819
f  3509//5820 3510//5820 3511//5820
f  925//5821 928//5821 3512//5821
f  3512//5822 928//5822 3509//5822
f  3513//5823 3509//5823 3511//5823
f  3513//5824 3511//5824 3514//5824
f  3515//5825 925//5825 3512//5825
f  3515//5826 3512//5826 3516//5826
f  3516//5827 3512//5827 3509//5827
f  3516//5828 3509//5828 3513//5828
f  3517//5829 3513//5829 3514//5829
f  3517//5830 3514//5830 3518//5830
f  923//5831 925//5831 3515//5831
f  3519//5832 3515//5832 3516//5832
f  3516//5833 3513//5833 3517//5833
f  922//5834 923//5834 3520//5834
f  3520//5835 923//5835 3515//5835
f  3520//5836 3515//5836 3519//5836
f  3521//5837 3519//5837 3516//5837
f  3521//5838 3516//5838 3522//5838
f  3522//5839 3516//5839 3517//5839
f  3523//5840 3517//5840 3518//5840
f  3523//5841 3518//5841 3524//5841
f  3525//5842 922//5842 3520//5842
f  3525//5843 3520//5843 3526//5843
f  3526//5844 3520//5844 3519//5844
f  3526//5845 3519//5845 3521//5845
f  3527//5846 3521//5846 3522//5846
f  3522//5847 3517//5847 3523//5847
f  3528//5848 3523//5848 3524//5848
f  3528//5849 3524//5849 3529//5849
f  3529//5850 3524//5850 3530//5850
f  920//5851 922//5851 3525//5851
f  3531//5852 3525//5852 3526//5852
f  3531//5853 3526//5853 3532//5853
f  3532//5854 3526//5854 3521//5854
f  3532//5855 3521//5855 3527//5855
f  3533//5856 3527//5856 3522//5856
f  3533//5857 3522//5857 3523//5857
f  3534//5858 3529//5858 3530//5858
f  917//5859 920//5859 3535//5859
f  3535//5860 920//5860 3525//5860
f  3535//5861 3525//5861 3531//5861
f  3536//5862 3531//5862 3532//5862
f  3536//5863 3532//5863 3537//5863
f  3537//5864 3532//5864 3527//5864
f  3537//5865 3527//5865 3533//5865
f  3538//5866 3533//5866 3523//5866
f  3538//5867 3523//5867 3528//5867
f  3539//5868 917//5868 3535//5868
f  3539//5869 3535//5869 3540//5869
f  3540//5870 3535//5870 3531//5870
f  3540//5871 3531//5871 3536//5871
f  3541//5872 3536//5872 3537//5872
f  3537//5873 3533//5873 3538//5873
f  1353//5874 3534//5874 1351//5874
f  3542//5875 3543//5875 3505//5875
f  3542//5876 3505//5876 3504//5876
f  3542//5877 3504//5877 3503//5877
f  3544//5878 3542//5878 3503//5878
f  3544//5879 3503//5879 3502//5879
f  1353//5880 3507//5880 3543//5880
f  3545//5881 3543//5881 3542//5881
f  3546//5882 3544//5882 3502//5882
f  3546//5883 3502//5883 3547//5883
f  3548//5884 3545//5884 3542//5884
f  3548//5885 3542//5885 3544//5885
f  3549//5886 3546//5886 3547//5886
f  3549//5887 3547//5887 3550//5887
f  3534//5888 1353//5888 3543//5888
f  3534//5889 3543//5889 3545//5889
f  3551//5890 3548//5890 3544//5890
f  3551//5891 3544//5891 3552//5891
f  3552//5892 3544//5892 3546//5892
f  3552//5893 3546//5893 3549//5893
f  3553//5894 3549//5894 3550//5894
f  3553//5895 3550//5895 3554//5895
f  3555//5896 3551//5896 3552//5896
f  3555//5897 3552//5897 3556//5897
f  3556//5898 3552//5898 3549//5898
f  3556//5899 3549//5899 3553//5899
f  3557//5900 3553//5900 3554//5900
f  3557//5901 3554//5901 3558//5901
f  3528//5902 3545//5902 3548//5902
f  3528//5903 3548//5903 3538//5903
f  3538//5904 3548//5904 3551//5904
f  3538//5905 3551//5905 3555//5905
f  3541//5906 3555//5906 3556//5906
f  3541//5907 3556//5907 3559//5907
f  3559//5908 3556//5908 3553//5908
f  3559//5909 3553//5909 3557//5909
f  3539//5910 3557//5910 3558//5910
f  3539//5911 3558//5911 915//5911
f  915//5912 917//5912 3539//5912
f  3557//5913 3539//5913 3540//5913
f  3557//5914 3540//5914 3559//5914
f  3559//5915 3540//5915 3536//5915
f  3559//5916 3536//5916 3541//5916
f  3555//5917 3541//5917 3537//5917
f  3555//5918 3537//5918 3538//5918
f  3545//5919 3528//5919 3529//5919
f  3545//5920 3529//5920 3534//5920
f  952//5921 915//5921 3497//5921
f  3497//5922 915//5922 3498//5922
f  3498//5923 915//5923 3558//5923
f  3498//5924 3558//5924 3499//5924
f  3499//5925 3558//5925 3554//5925
f  3499//5926 3554//5926 3500//5926
f  3500//5927 3554//5927 3550//5927
f  3500//5928 3550//5928 3501//5928
f  3501//5929 3550//5929 3547//5929
f  3501//5930 3547//5930 3502//5930
f  3506//5931 3505//5931 3543//5931
f  3506//5932 3543//5932 3507//5932
f  3560//5933 3561//5933 1352//5933
f  3561//5934 3560//5934 3562//5934
f  3562//5935 3560//5935 3530//5935
f  3518//5936 3563//5936 3564//5936
f  3564//5937 3565//5937 3530//5937
f  3530//5938 3565//5938 3566//5938
f  3530//5939 3566//5939 3562//5939
f  3563//5940 3518//5940 3567//5940
f  3567//5941 3518//5941 3568//5941
f  3567//5942 3568//5942 3569//5942
f  3569//5943 3568//5943 3570//5943
f  3569//5944 3570//5944 3571//5944
f  3571//5945 3570//5945 3572//5945
f  3508//5946 931//5946 1003//5946
f  1003//5947 3573//5947 3508//5947
f  3508//5948 3573//5948 3572//5948
f  3572//5949 3573//5949 3574//5949
f  3572//5950 3574//5950 3571//5950
f  3560//5951 1352//5951 1351//5951
f  1351//5952 3534//5952 3560//5952
f  3560//5953 3534//5953 3530//5953
f  3564//5954 3530//5954 3524//5954
f  3564//5955 3524//5955 3518//5955
f  3518//5956 3514//5956 3568//5956
f  3568//5957 3514//5957 3570//5957
f  3570//5958 3514//5958 3511//5958
f  3570//5959 3511//5959 3572//5959
f  3511//5960 3510//5960 3572//5960
f  3572//5961 3510//5961 3508//5961
f  1326//5962 1325//5962 3575//5962
f  3576//5963 3577//5963 3578//5963
f  3565//5964 3564//5964 3563//5964
f  1349//5965 1352//5965 3561//5965
f  3579//5966 1349//5966 3561//5966
f  3579//5967 3561//5967 3562//5967
f  1350//5968 1349//5968 3579//5968
f  3580//5969 3579//5969 3562//5969
f  3580//5970 3562//5970 3566//5970
f  3581//5971 1350//5971 3579//5971
f  3581//5972 3579//5972 3580//5972
f  3582//5973 3580//5973 3566//5973
f  3582//5974 3566//5974 3565//5974
f  1348//5975 1350//5975 3581//5975
f  3583//5976 3581//5976 3580//5976
f  3583//5977 3580//5977 3582//5977
f  3584//5978 3582//5978 3565//5978
f  3584//5979 3565//5979 3563//5979
f  3585//5980 1348//5980 3581//5980
f  3585//5981 3581//5981 3583//5981
f  3586//5982 3583//5982 3582//5982
f  3586//5983 3582//5983 3584//5983
f  3587//5984 3584//5984 3563//5984
f  3587//5985 3563//5985 3567//5985
f  3588//5986 3585//5986 3583//5986
f  3588//5987 3583//5987 3586//5987
f  3589//5988 3586//5988 3584//5988
f  3589//5989 3584//5989 3587//5989
f  3590//5990 3587//5990 3567//5990
f  3590//5991 3567//5991 3569//5991
f  3591//5992 1348//5992 3585//5992
f  3591//5993 3585//5993 3588//5993
f  3592//5994 3588//5994 3586//5994
f  3592//5995 3586//5995 3589//5995
f  3593//5996 3589//5996 3587//5996
f  3593//5997 3587//5997 3590//5997
f  3594//5998 3590//5998 3569//5998
f  3594//5999 3569//5999 3571//5999
f  1325//6000 1348//6000 3591//6000
f  3595//6001 3591//6001 3588//6001
f  3595//6002 3588//6002 3592//6002
f  3596//6003 3592//6003 3589//6003
f  3596//6004 3589//6004 3593//6004
f  3597//6005 3593//6005 3590//6005
f  3597//6006 3590//6006 3594//6006
f  3598//6007 3594//6007 3571//6007
f  3598//6008 3571//6008 3574//6008
f  3599//6009 1325//6009 3591//6009
f  3599//6010 3591//6010 3595//6010
f  3600//6011 3595//6011 3592//6011
f  3600//6012 3592//6012 3596//6012
f  3601//6013 3596//6013 3593//6013
f  3601//6014 3593//6014 3597//6014
f  3602//6015 3597//6015 3594//6015
f  3602//6016 3594//6016 3598//6016
f  3603//6017 3598//6017 3574//6017
f  3603//6018 3574//6018 1036//6018
f  1036//6019 3574//6019 3573//6019
f  1036//6020 3573//6020 1003//6020
f  3604//6021 3599//6021 3595//6021
f  3604//6022 3595//6022 3600//6022
f  3605//6023 3600//6023 3596//6023
f  3605//6024 3596//6024 3601//6024
f  3606//6025 3601//6025 3597//6025
f  3606//6026 3597//6026 3602//6026
f  3607//6027 3602//6027 3598//6027
f  3607//6028 3598//6028 3603//6028
f  1039//6029 3603//6029 1036//6029
f  1039//6030 1036//6030 1035//6030
f  3575//6031 1325//6031 3599//6031
f  3575//6032 3599//6032 3604//6032
f  3608//6033 3604//6033 3600//6033
f  3608//6034 3600//6034 3605//6034
f  3609//6035 3605//6035 3601//6035
f  3609//6036 3601//6036 3606//6036
f  3610//6037 3606//6037 3602//6037
f  3610//6038 3602//6038 3607//6038
f  3611//6039 3607//6039 3603//6039
f  3611//6040 3603//6040 1039//6040
f  3612//6041 3575//6041 3604//6041
f  3612//6042 3604//6042 3608//6042
f  3613//6043 3608//6043 3605//6043
f  3613//6044 3605//6044 3609//6044
f  3614//6045 3609//6045 3606//6045
f  3614//6046 3606//6046 3610//6046
f  3615//6047 3610//6047 3607//6047
f  3615//6048 3607//6048 3611//6048
f  1038//6049 3611//6049 1039//6049
f  1045//6050 3577//6050 1048//6050
f  1048//6051 3577//6051 3576//6051
f  1048//6052 3576//6052 1049//6052
f  3616//6053 1093//6053 1049//6053
f  3616//6054 1049//6054 3576//6054
f  3617//6055 3576//6055 3578//6055
f  3617//6056 3578//6056 3618//6056
f  1094//6057 1093//6057 3616//6057
f  3619//6058 3616//6058 3576//6058
f  3619//6059 3576//6059 3617//6059
f  3620//6060 3617//6060 3618//6060
f  3620//6061 3618//6061 3621//6061
f  1042//6062 1094//6062 3616//6062
f  3622//6063 3619//6063 3617//6063
f  3622//6064 3617//6064 3620//6064
f  3623//6065 3620//6065 3621//6065
f  3623//6066 3621//6066 3624//6066
f  1043//6067 1042//6067 3616//6067
f  1043//6068 3616//6068 3625//6068
f  3625//6069 3616//6069 3619//6069
f  3625//6070 3619//6070 3622//6070
f  3626//6071 3622//6071 3620//6071
f  3626//6072 3620//6072 3623//6072
f  3627//6073 3623//6073 3624//6073
f  3627//6074 3624//6074 3628//6074
f  3629//6075 1326//6075 3575//6075
f  3629//6076 3575//6076 3612//6076
f  3630//6077 3612//6077 3608//6077
f  3630//6078 3608//6078 3613//6078
f  3631//6079 3613//6079 3609//6079
f  3631//6080 3609//6080 3614//6080
f  3632//6081 3614//6081 3610//6081
f  3632//6082 3610//6082 3615//6082
f  3633//6083 3615//6083 3611//6083
f  3633//6084 3611//6084 1041//6084
f  1041//6085 3611//6085 1038//6085
f  3634//6086 3629//6086 3612//6086
f  3634//6087 3612//6087 3630//6087
f  3635//6088 3630//6088 3613//6088
f  3635//6089 3613//6089 3631//6089
f  3636//6090 3631//6090 3614//6090
f  3636//6091 3614//6091 3632//6091
f  3637//6092 3632//6092 3615//6092
f  3637//6093 3615//6093 3633//6093
f  3577//6094 1045//6094 1044//6094
f  1346//6095 1326//6095 3638//6095
f  3638//6096 1326//6096 3629//6096
f  3638//6097 3629//6097 3634//6097
f  3639//6098 3634//6098 3630//6098
f  3639//6099 3630//6099 3635//6099
f  3627//6100 3635//6100 3631//6100
f  3627//6101 3631//6101 3636//6101
f  3626//6102 3636//6102 3632//6102
f  3626//6103 3632//6103 3637//6103
f  3625//6104 3637//6104 3633//6104
f  3625//6105 3633//6105 1043//6105
f  1043//6106 3633//6106 1041//6106
f  3640//6107 3639//6107 3641//6107
f  3641//6108 3639//6108 3628//6108
f  3641//6109 3628//6109 3642//6109
f  3642//6110 3628//6110 3624//6110
f  3642//6111 3624//6111 3643//6111
f  3643//6112 3624//6112 3621//6112
f  3643//6113 3621//6113 3644//6113
f  3644//6114 3621//6114 3618//6114
f  3644//6115 3618//6115 3645//6115
f  3645//6116 3618//6116 3578//6116
f  3645//6117 3578//6117 3646//6117
f  3646//6118 3578//6118 3577//6118
f  3646//6119 3577//6119 3647//6119
f  3647//6120 3577//6120 1044//6120
f  3647//6121 1044//6121 1055//6121
f  3647//6122 1055//6122 1054//6122
f  3640//6123 3638//6123 3634//6123
f  3640//6124 3634//6124 3639//6124
f  3628//6125 3639//6125 3635//6125
f  3628//6126 3635//6126 3627//6126
f  3623//6127 3627//6127 3636//6127
f  3623//6128 3636//6128 3626//6128
f  3622//6129 3626//6129 3637//6129
f  3622//6130 3637//6130 3625//6130
f  1347//6131 1346//6131 3638//6131
f  3648//6132 3638//6132 3640//6132
f  3648//6133 3640//6133 3649//6133
f  3649//6134 3640//6134 3641//6134
f  3649//6135 3641//6135 3650//6135
f  3650//6136 3641//6136 3642//6136
f  3650//6137 3642//6137 3651//6137
f  3651//6138 3642//6138 3643//6138
f  3651//6139 3643//6139 3652//6139
f  3652//6140 3643//6140 3644//6140
f  3652//6141 3644//6141 3653//6141
f  3653//6142 3644//6142 3645//6142
f  3653//6143 3645//6143 3654//6143
f  3654//6144 3645//6144 3646//6144
f  3654//6145 3646//6145 3655//6145
f  3655//6146 3646//6146 3647//6146
f  3655//6147 3647//6147 3656//6147
f  3656//6148 3647//6148 1054//6148
f  3656//6149 1054//6149 1053//6149
f  3657//6150 1105//6150 1106//6150
f  1336//6151 1337//6151 3658//6151
f  3658//6152 1337//6152 3659//6152
f  3658//6153 3659//6153 3660//6153
f  3660//6154 3659//6154 3661//6154
f  3660//6155 3661//6155 3662//6155
f  3662//6156 3661//6156 3663//6156
f  3662//6157 3663//6157 3664//6157
f  3664//6158 3663//6158 3665//6158
f  3664//6159 3665//6159 3666//6159
f  3666//6160 3665//6160 3667//6160
f  3666//6161 3667//6161 3668//6161
f  3668//6162 3667//6162 3669//6162
f  3668//6163 3669//6163 3670//6163
f  3670//6164 3669//6164 3671//6164
f  3670//6165 3671//6165 3672//6165
f  3672//6166 3671//6166 3673//6166
f  3672//6167 3673//6167 3674//6167
f  3674//6168 3673//6168 3675//6168
f  3674//6169 3675//6169 3676//6169
f  3676//6170 3675//6170 3677//6170
f  3676//6171 3677//6171 1101//6171
f  1337//6172 1338//6172 3659//6172
f  3659//6173 1338//6173 1339//6173
f  3659//6174 1339//6174 1340//6174
f  1340//6175 3678//6175 3659//6175
f  3659//6176 3678//6176 3679//6176
f  3659//6177 3679//6177 3661//6177
f  3661//6178 3679//6178 3680//6178
f  3661//6179 3680//6179 3663//6179
f  3663//6180 3680//6180 3681//6180
f  3663//6181 3681//6181 3665//6181
f  3665//6182 3681//6182 3682//6182
f  3665//6183 3682//6183 3667//6183
f  3667//6184 3682//6184 3683//6184
f  3667//6185 3683//6185 3669//6185
f  3669//6186 3683//6186 3684//6186
f  3669//6187 3684//6187 3671//6187
f  3671//6188 3684//6188 3685//6188
f  3671//6189 3685//6189 3673//6189
f  3673//6190 3685//6190 3686//6190
f  3673//6191 3686//6191 3675//6191
f  3675//6192 3686//6192 3687//6192
f  3675//6193 3687//6193 3677//6193
f  3677//6194 3687//6194 1102//6194
f  3677//6195 1102//6195 1101//6195
f  1344//6196 3688//6196 1343//6196
f  1340//6197 1341//6197 3678//6197
f  3678//6198 1341//6198 1342//6198
f  3678//6199 1342//6199 1343//6199
f  1343//6200 3688//6200 3678//6200
f  3678//6201 3688//6201 3689//6201
f  3678//6202 3689//6202 3679//6202
f  3679//6203 3689//6203 3690//6203
f  3679//6204 3690//6204 3680//6204
f  3680//6205 3690//6205 3691//6205
f  3680//6206 3691//6206 3681//6206
f  3681//6207 3691//6207 3692//6207
f  3681//6208 3692//6208 3682//6208
f  3682//6209 3692//6209 3693//6209
f  3682//6210 3693//6210 3683//6210
f  3683//6211 3693//6211 3694//6211
f  3683//6212 3694//6212 3684//6212
f  3684//6213 3694//6213 3695//6213
f  3684//6214 3695//6214 3685//6214
f  3685//6215 3695//6215 3696//6215
f  3685//6216 3696//6216 3686//6216
f  3686//6217 3696//6217 3657//6217
f  3686//6218 3657//6218 3687//6218
f  3687//6219 3657//6219 1106//6219
f  3687//6220 1106//6220 1102//6220
f  1347//6221 3638//6221 1345//6221
f  1053//6222 1105//6222 3656//6222
f  3656//6223 1105//6223 3657//6223
f  3656//6224 3657//6224 3655//6224
f  3655//6225 3657//6225 3696//6225
f  3655//6226 3696//6226 3654//6226
f  3654//6227 3696//6227 3695//6227
f  3654//6228 3695//6228 3653//6228
f  3653//6229 3695//6229 3694//6229
f  3653//6230 3694//6230 3652//6230
f  3652//6231 3694//6231 3693//6231
f  3652//6232 3693//6232 3651//6232
f  3651//6233 3693//6233 3692//6233
f  3651//6234 3692//6234 3650//6234
f  3650//6235 3692//6235 3691//6235
f  3650//6236 3691//6236 3649//6236
f  3649//6237 3691//6237 3690//6237
f  3649//6238 3690//6238 3648//6238
f  3648//6239 3690//6239 3689//6239
f  3648//6240 3689//6240 3638//6240
f  3638//6241 3689//6241 3688//6241
f  3638//6242 3688//6242 1345//6242
f  1345//6243 3688//6243 1344//6243
f  3697//6244 3698//6244 3699//6244
f  1146//6245 1148//6245 3700//6245
f  1336//6246 3658//6246 1334//6246
f  1334//6247 3658//6247 3701//6247
f  3676//6248 1101//6248 1134//6248
f  3676//6249 1134//6249 3702//6249
f  1134//6250 1136//6250 3702//6250
f  3702//6251 1136//6251 3703//6251
f  1136//6252 1139//6252 3703//6252
f  3704//6253 1335//6253 3705//6253
f  3705//6254 1335//6254 1334//6254
f  3705//6255 1334//6255 3701//6255
f  1139//6256 1140//6256 1144//6256
f  1147//6257 1144//6257 1143//6257
f  3674//6258 3676//6258 3706//6258
f  3706//6259 3676//6259 3702//6259
f  3706//6260 3702//6260 3707//6260
f  3707//6261 3702//6261 3703//6261
f  3707//6262 3703//6262 3708//6262
f  3708//6263 3703//6263 1139//6263
f  3708//6264 1139//6264 1144//6264
f  3708//6265 1144//6265 3709//6265
f  3709//6266 1144//6266 1147//6266
f  3709//6267 1147//6267 3710//6267
f  3672//6268 3674//6268 3711//6268
f  3711//6269 3674//6269 3706//6269
f  3711//6270 3706//6270 3712//6270
f  3712//6271 3706//6271 3707//6271
f  3712//6272 3707//6272 3713//6272
f  3713//6273 3707//6273 3708//6273
f  3713//6274 3708//6274 3714//6274
f  3714//6275 3708//6275 3709//6275
f  3714//6276 3709//6276 3715//6276
f  3715//6277 3709//6277 3710//6277
f  3715//6278 3710//6278 3716//6278
f  3670//6279 3672//6279 3717//6279
f  3717//6280 3672//6280 3711//6280
f  3717//6281 3711//6281 3718//6281
f  3718//6282 3711//6282 3712//6282
f  3718//6283 3712//6283 3719//6283
f  3719//6284 3712//6284 3713//6284
f  3719//6285 3713//6285 3720//6285
f  3720//6286 3713//6286 3714//6286
f  3720//6287 3714//6287 3721//6287
f  3721//6288 3714//6288 3715//6288
f  3721//6289 3715//6289 3722//6289
f  3722//6290 3715//6290 3716//6290
f  3723//6291 1333//6291 3724//6291
f  3724//6292 1333//6292 1332//6292
f  3724//6293 1332//6293 3725//6293
f  3725//6294 1332//6294 3704//6294
f  3704//6295 1332//6295 1335//6295
f  3668//6296 3670//6296 3726//6296
f  3726//6297 3670//6297 3717//6297
f  3726//6298 3717//6298 3727//6298
f  3727//6299 3717//6299 3718//6299
f  3727//6300 3718//6300 3728//6300
f  3728//6301 3718//6301 3719//6301
f  3728//6302 3719//6302 3729//6302
f  3729//6303 3719//6303 3720//6303
f  3729//6304 3720//6304 3730//6304
f  3730//6305 3720//6305 3721//6305
f  3730//6306 3721//6306 3731//6306
f  3731//6307 3721//6307 3722//6307
f  3731//6308 3722//6308 3732//6308
f  3666//6309 3668//6309 3733//6309
f  3733//6310 3668//6310 3726//6310
f  3733//6311 3726//6311 3734//6311
f  3734//6312 3726//6312 3727//6312
f  3734//6313 3727//6313 3735//6313
f  3735//6314 3727//6314 3728//6314
f  3735//6315 3728//6315 3736//6315
f  3736//6316 3728//6316 3729//6316
f  3736//6317 3729//6317 3737//6317
f  3737//6318 3729//6318 3730//6318
f  3737//6319 3730//6319 3738//6319
f  3738//6320 3730//6320 3731//6320
f  3738//6321 3731//6321 3739//6321
f  3739//6322 3731//6322 3732//6322
f  3664//6323 3666//6323 3740//6323
f  3740//6324 3666//6324 3733//6324
f  3740//6325 3733//6325 3734//6325
f  3740//6326 3734//6326 3741//6326
f  3741//6327 3734//6327 3735//6327
f  3741//6328 3735//6328 3742//6328
f  3742//6329 3735//6329 3743//6329
f  3743//6330 3735//6330 3736//6330
f  3743//6331 3736//6331 3744//6331
f  3744//6332 3736//6332 3737//6332
f  3744//6333 3737//6333 3745//6333
f  3745//6334 3737//6334 3738//6334
f  3745//6335 3738//6335 3746//6335
f  3746//6336 3738//6336 3739//6336
f  3746//6337 3739//6337 3747//6337
f  3662//6338 3664//6338 3748//6338
f  3748//6339 3664//6339 3740//6339
f  3748//6340 3740//6340 3749//6340
f  3749//6341 3740//6341 3741//6341
f  3749//6342 3741//6342 3750//6342
f  3750//6343 3741//6343 3742//6343
f  3750//6344 3742//6344 3743//6344
f  3750//6345 3743//6345 3751//6345
f  3751//6346 3743//6346 3744//6346
f  3751//6347 3744//6347 3752//6347
f  3752//6348 3744//6348 3745//6348
f  3752//6349 3745//6349 3753//6349
f  3753//6350 3745//6350 3746//6350
f  3753//6351 3746//6351 3754//6351
f  3754//6352 3746//6352 3747//6352
f  1151//6353 3698//6353 3697//6353
f  1151//6354 3697//6354 1152//6354
f  3755//6355 1146//6355 3756//6355
f  3755//6356 3756//6356 3757//6356
f  3758//6357 3757//6357 3759//6357
f  3758//6358 3759//6358 3760//6358
f  3761//6359 3760//6359 3762//6359
f  3761//6360 3762//6360 3763//6360
f  3660//6361 3662//6361 3764//6361
f  3764//6362 3662//6362 3748//6362
f  3764//6363 3748//6363 3765//6363
f  3765//6364 3748//6364 3749//6364
f  3765//6365 3749//6365 3766//6365
f  3766//6366 3749//6366 3750//6366
f  3766//6367 3750//6367 3767//6367
f  3767//6368 3750//6368 3751//6368
f  3767//6369 3751//6369 3768//6369
f  3768//6370 3751//6370 3752//6370
f  3768//6371 3752//6371 3753//6371
f  3768//6372 3753//6372 3769//6372
f  3769//6373 3753//6373 3770//6373
f  3770//6374 3753//6374 3754//6374
f  3770//6375 3754//6375 3771//6375
f  3772//6376 1331//6376 3773//6376
f  3773//6377 1331//6377 1330//6377
f  3773//6378 1330//6378 3723//6378
f  3723//6379 1330//6379 1333//6379
f  3698//6380 1151//6380 1154//6380
f  3700//6381 1148//6381 1152//6381
f  3700//6382 1152//6382 3697//6382
f  3774//6383 3697//6383 3699//6383
f  3774//6384 3699//6384 3775//6384
f  3756//6385 3700//6385 3697//6385
f  3756//6386 3697//6386 3774//6386
f  3759//6387 3774//6387 3775//6387
f  3759//6388 3775//6388 3776//6388
f  1146//6389 3700//6389 3756//6389
f  3757//6390 3756//6390 3774//6390
f  3757//6391 3774//6391 3759//6391
f  3760//6392 3759//6392 3776//6392
f  3760//6393 3776//6393 3762//6393
f  3763//6394 3762//6394 3777//6394
f  1147//6395 1146//6395 3755//6395
f  3716//6396 3755//6396 3757//6396
f  3716//6397 3757//6397 3758//6397
f  3732//6398 3758//6398 3760//6398
f  3732//6399 3760//6399 3761//6399
f  3747//6400 3761//6400 3763//6400
f  3747//6401 3763//6401 3754//6401
f  3754//6402 3763//6402 3777//6402
f  3710//6403 1147//6403 3755//6403
f  3710//6404 3755//6404 3716//6404
f  3722//6405 3716//6405 3758//6405
f  3722//6406 3758//6406 3732//6406
f  3739//6407 3732//6407 3761//6407
f  3739//6408 3761//6408 3747//6408
f  3771//6409 3754//6409 3777//6409
f  3771//6410 3777//6410 3778//6410
f  3771//6411 3778//6411 3772//6411
f  3771//6412 3772//6412 3770//6412
f  3770//6413 3772//6413 3773//6413
f  3770//6414 3773//6414 3769//6414
f  3769//6415 3773//6415 3723//6415
f  3769//6416 3723//6416 3768//6416
f  3768//6417 3723//6417 3724//6417
f  3768//6418 3724//6418 3767//6418
f  3767//6419 3724//6419 3725//6419
f  3767//6420 3725//6420 3766//6420
f  3766//6421 3725//6421 3704//6421
f  3766//6422 3704//6422 3765//6422
f  3765//6423 3704//6423 3705//6423
f  3765//6424 3705//6424 3764//6424
f  3764//6425 3705//6425 3701//6425
f  3764//6426 3701//6426 3660//6426
f  3660//6427 3701//6427 3658//6427
f  1327//6428 1331//6428 3779//6428
f  3779//6429 1331//6429 3772//6429
f  3779//6430 3772//6430 3778//6430
f  1356//6431 1329//6431 3780//6431
f  658//6432 1356//6432 659//6432
f  659//6433 1356//6433 3781//6433
f  3782//6434 660//6434 3781//6434
f  3781//6435 660//6435 659//6435
f  3783//6436 660//6436 3782//6436
f  624//6437 623//6437 3784//6437
f  3784//6438 623//6438 661//6438
f  3784//6439 661//6439 3783//6439
f  3783//6440 661//6440 660//6440
f  624//6441 3784//6441 3785//6441
f  624//6442 3785//6442 625//6442
f  627//6443 626//6443 3786//6443
f  3786//6444 626//6444 3785//6444
f  3785//6445 626//6445 625//6445
f  630//6446 629//6446 3787//6446
f  3787//6447 629//6447 3788//6447
f  3788//6448 629//6448 628//6448
f  3789//6449 631//6449 630//6449
f  632//6450 3790//6450 633//6450
f  633//6451 3790//6451 3791//6451
f  633//6452 3791//6452 634//6452
f  634//6453 3791//6453 1322//6453
f  634//6454 1322//6454 640//6454
f  1225//6455 1322//6455 3792//6455
f  3792//6456 1322//6456 3791//6456
f  3792//6457 3791//6457 3790//6457
f  3792//6458 3790//6458 3793//6458
f  3794//6459 3793//6459 3789//6459
f  3789//6460 3793//6460 3790//6460
f  3789//6461 3790//6461 631//6461
f  631//6462 3790//6462 632//6462
f  630//6463 3787//6463 3789//6463
f  3789//6464 3787//6464 3794//6464
f  3788//6465 3795//6465 3796//6465
f  3788//6466 3796//6466 3787//6466
f  3787//6467 3796//6467 3794//6467
f  3797//6468 3795//6468 3786//6468
f  3786//6469 3795//6469 3788//6469
f  3786//6470 3788//6470 627//6470
f  627//6471 3788//6471 628//6471
f  3797//6472 3786//6472 3798//6472
f  3798//6473 3786//6473 3785//6473
f  3798//6474 3785//6474 3799//6474
f  3799//6475 3785//6475 3784//6475
f  3799//6476 3784//6476 3800//6476
f  3800//6477 3784//6477 3783//6477
f  3800//6478 3783//6478 3801//6478
f  3801//6479 3783//6479 3782//6479
f  3801//6480 3782//6480 3780//6480
f  3780//6481 3782//6481 3781//6481
f  3780//6482 3781//6482 1356//6482
f  3802//6483 3803//6483 3804//6483
f  3797//6484 3798//6484 3805//6484
f  3798//6485 3799//6485 3806//6485
f  3799//6486 3800//6486 3807//6486
f  3795//6487 3808//6487 3796//6487
f  1226//6488 1225//6488 3792//6488
f  1226//6489 3809//6489 1221//6489
f  1221//6490 3809//6490 1219//6490
f  3780//6491 1329//6491 1328//6491
f  3801//6492 3780//6492 3810//6492
f  3810//6493 3780//6493 1328//6493
f  3810//6494 1328//6494 3811//6494
f  3807//6495 3800//6495 3801//6495
f  3807//6496 3801//6496 3810//6496
f  3807//6497 3810//6497 3812//6497
f  3812//6498 3810//6498 3813//6498
f  3813//6499 3810//6499 3811//6499
f  1213//6500 3814//6500 1211//6500
f  3806//6501 3799//6501 3807//6501
f  3806//6502 3807//6502 3815//6502
f  3815//6503 3807//6503 3812//6503
f  3815//6504 3812//6504 3816//6504
f  3816//6505 3812//6505 3813//6505
f  1211//6506 3814//6506 1208//6506
f  3805//6507 3798//6507 3806//6507
f  3805//6508 3806//6508 3817//6508
f  3817//6509 3806//6509 3818//6509
f  3818//6510 3806//6510 3815//6510
f  3818//6511 3815//6511 3819//6511
f  3819//6512 3815//6512 3816//6512
f  3819//6513 3816//6513 3820//6513
f  3821//6514 1208//6514 3822//6514
f  3822//6515 1208//6515 3814//6515
f  3822//6516 3814//6516 3823//6516
f  3823//6517 3814//6517 1213//6517
f  3823//6518 1213//6518 3824//6518
f  3824//6519 1213//6519 1214//6519
f  3824//6520 1214//6520 3825//6520
f  3825//6521 1214//6521 1217//6521
f  3825//6522 1217//6522 3826//6522
f  3826//6523 1217//6523 1219//6523
f  3826//6524 1219//6524 3827//6524
f  3827//6525 1219//6525 3809//6525
f  3827//6526 3809//6526 3828//6526
f  3828//6527 3809//6527 1226//6527
f  3828//6528 1226//6528 3793//6528
f  3793//6529 1226//6529 3792//6529
f  3816//6530 3813//6530 3829//6530
f  3816//6531 3829//6531 3820//6531
f  3820//6532 3802//6532 3819//6532
f  3819//6533 3802//6533 3830//6533
f  3819//6534 3830//6534 3818//6534
f  3818//6535 3830//6535 3831//6535
f  3818//6536 3831//6536 3817//6536
f  3817//6537 3831//6537 3832//6537
f  3817//6538 3832//6538 3805//6538
f  3805//6539 3832//6539 3808//6539
f  3805//6540 3808//6540 3797//6540
f  3797//6541 3808//6541 3795//6541
f  3802//6542 3804//6542 3830//6542
f  3830//6543 3804//6543 3833//6543
f  3830//6544 3833//6544 3834//6544
f  3830//6545 3834//6545 3831//6545
f  3831//6546 3834//6546 3835//6546
f  3831//6547 3835//6547 3836//6547
f  3831//6548 3836//6548 3832//6548
f  3832//6549 3836//6549 3837//6549
f  3832//6550 3837//6550 3808//6550
f  3808//6551 3837//6551 3838//6551
f  3808//6552 3838//6552 3839//6552
f  3808//6553 3839//6553 3796//6553
f  3833//6554 3804//6554 3840//6554
f  3833//6555 3840//6555 3834//6555
f  3835//6556 3834//6556 3841//6556
f  3835//6557 3841//6557 3836//6557
f  3836//6558 3841//6558 3842//6558
f  3836//6559 3842//6559 3837//6559
f  3837//6560 3842//6560 3843//6560
f  3837//6561 3843//6561 3838//6561
f  3838//6562 3843//6562 3844//6562
f  3838//6563 3844//6563 3839//6563
f  3839//6564 3844//6564 3845//6564
f  3839//6565 3845//6565 3796//6565
f  3796//6566 3845//6566 3794//6566
f  3803//6567 3821//6567 3804//6567
f  3804//6568 3821//6568 3840//6568
f  3840//6569 3821//6569 3822//6569
f  3840//6570 3822//6570 3834//6570
f  3834//6571 3822//6571 3823//6571
f  3834//6572 3823//6572 3841//6572
f  3841//6573 3823//6573 3824//6573
f  3841//6574 3824//6574 3842//6574
f  3842//6575 3824//6575 3825//6575
f  3842//6576 3825//6576 3843//6576
f  3843//6577 3825//6577 3826//6577
f  3843//6578 3826//6578 3844//6578
f  3844//6579 3826//6579 3827//6579
f  3844//6580 3827//6580 3845//6580
f  3845//6581 3827//6581 3828//6581
f  3845//6582 3828//6582 3794//6582
f  3794//6583 3828//6583 3793//6583
f  1193//6584 1208//6584 3846//6584
f  3846//6585 1208//6585 3821//6585
f  3813//6586 3811//6586 3778//6586
f  3811//6587 1328//6587 3779//6587
f  3813//6588 3778//6588 3829//6588
f  3829//6589 3777//6589 3820//6589
f  3821//6590 3847//6590 3846//6590
f  1154//6591 1193//6591 3846//6591
f  1327//6592 3779//6592 1328//6592
f  3779//6593 3778//6593 3811//6593
f  3778//6594 3777//6594 3829//6594
f  3820//6595 3777//6595 3762//6595
f  3762//6596 3776//6596 3820//6596
f  3820//6597 3776//6597 3802//6597
f  3776//6598 3775//6598 3802//6598
f  3802//6599 3775//6599 3803//6599
f  3775//6600 3699//6600 3847//6600
f  3775//6601 3847//6601 3803//6601
f  3803//6602 3847//6602 3821//6602
f  3847//6603 3699//6603 3846//6603
f  3698//6604 1154//6604 3846//6604
f  3698//6605 3846//6605 3699//6605
f  3848//6606 3849//6606 3850//6606
f  3851//6607 3852//6607 3850//6607
f  3853//6608 3854//6608 3855//6608
f  3856//6609 1286//6609 3857//6609
f  3855//6610 3854//6610 3858//6610
f  3858//6611 3854//6611 3856//6611
f  3853//6612 3859//6612 3860//6612
f  3861//6613 3862//6613 3860//6613
f  3860//6614 3862//6614 3853//6614
f  1001//6615 1000//6615 3863//6615
f  3863//6616 1000//6616 3864//6616
f  1291//6617 3865//6617 1289//6617
f  1289//6618 3865//6618 3857//6618
f  1289//6619 3857//6619 1285//6619
f  1285//6620 3857//6620 1286//6620
f  3865//6621 3866//6621 3857//6621
f  3857//6622 3866//6622 3858//6622
f  3857//6623 3858//6623 3856//6623
f  3866//6624 3855//6624 3858//6624
f  3855//6625 3859//6625 3853//6625
f  3855//6626 3867//6626 3859//6626
f  3859//6627 3867//6627 3860//6627
f  3860//6628 3867//6628 3868//6628
f  3868//6629 3848//6629 3860//6629
f  3860//6630 3848//6630 3861//6630
f  3861//6631 3848//6631 3850//6631
f  3861//6632 3850//6632 3852//6632
f  3850//6633 3849//6633 3863//6633
f  3850//6634 3863//6634 3851//6634
f  3851//6635 3863//6635 3864//6635
f  3869//6636 1001//6636 3863//6636
f  3869//6637 3863//6637 3849//6637
f  3870//6638 3869//6638 3849//6638
f  1026//6639 1028//6639 3871//6639
f  3872//6640 1087//6640 1014//6640
f  3872//6641 1014//6641 3873//6641
f  1296//6642 3874//6642 1297//6642
f  1297//6643 3874//6643 3875//6643
f  1297//6644 3875//6644 3876//6644
f  1014//6645 1016//6645 3873//6645
f  3873//6646 1016//6646 3877//6646
f  1016//6647 1019//6647 3877//6647
f  1019//6648 1020//6648 1024//6648
f  1023//6649 1027//6649 1024//6649
f  1297//6650 3876//6650 1294//6650
f  1294//6651 3876//6651 1295//6651
f  1295//6652 3876//6652 3878//6652
f  3879//6653 3872//6653 3880//6653
f  3880//6654 3872//6654 3873//6654
f  3880//6655 3873//6655 3881//6655
f  3881//6656 3873//6656 3877//6656
f  3881//6657 3877//6657 3882//6657
f  3882//6658 3877//6658 1019//6658
f  3882//6659 1019//6659 1024//6659
f  3882//6660 1024//6660 3883//6660
f  3883//6661 1024//6661 1027//6661
f  3883//6662 1027//6662 3884//6662
f  3885//6663 3879//6663 3886//6663
f  3886//6664 3879//6664 3880//6664
f  3886//6665 3880//6665 3887//6665
f  3887//6666 3880//6666 3881//6666
f  3887//6667 3881//6667 3888//6667
f  3888//6668 3881//6668 3882//6668
f  3888//6669 3882//6669 3889//6669
f  3889//6670 3882//6670 3883//6670
f  3889//6671 3883//6671 3890//6671
f  3890//6672 3883//6672 3884//6672
f  3891//6673 3885//6673 3892//6673
f  3892//6674 3885//6674 3886//6674
f  3892//6675 3886//6675 3893//6675
f  3893//6676 3886//6676 3887//6676
f  3893//6677 3887//6677 3894//6677
f  3894//6678 3887//6678 3888//6678
f  3894//6679 3888//6679 3895//6679
f  3895//6680 3888//6680 3889//6680
f  3895//6681 3889//6681 3896//6681
f  3896//6682 3889//6682 3890//6682
f  3896//6683 3890//6683 3897//6683
f  3898//6684 3891//6684 3899//6684
f  3899//6685 3891//6685 3892//6685
f  3899//6686 3892//6686 3900//6686
f  3900//6687 3892//6687 3893//6687
f  3900//6688 3893//6688 3901//6688
f  3901//6689 3893//6689 3894//6689
f  3901//6690 3894//6690 3902//6690
f  3902//6691 3894//6691 3895//6691
f  3902//6692 3895//6692 3903//6692
f  3903//6693 3895//6693 3896//6693
f  3903//6694 3896//6694 3904//6694
f  3904//6695 3896//6695 3897//6695
f  3905//6696 3898//6696 3906//6696
f  3906//6697 3898//6697 3899//6697
f  3906//6698 3899//6698 3907//6698
f  3907//6699 3899//6699 3900//6699
f  3907//6700 3900//6700 3908//6700
f  3908//6701 3900//6701 3901//6701
f  3908//6702 3901//6702 3909//6702
f  3909//6703 3901//6703 3902//6703
f  3909//6704 3902//6704 3910//6704
f  3910//6705 3902//6705 3903//6705
f  3910//6706 3903//6706 3911//6706
f  3911//6707 3903//6707 3904//6707
f  3911//6708 3904//6708 3912//6708
f  3913//6709 3905//6709 3914//6709
f  3914//6710 3905//6710 3906//6710
f  3914//6711 3906//6711 3907//6711
f  3914//6712 3907//6712 3915//6712
f  3915//6713 3907//6713 3908//6713
f  3915//6714 3908//6714 3916//6714
f  3916//6715 3908//6715 3917//6715
f  3917//6716 3908//6716 3909//6716
f  3917//6717 3909//6717 3918//6717
f  3918//6718 3909//6718 3910//6718
f  3918//6719 3910//6719 3919//6719
f  3919//6720 3910//6720 3911//6720
f  3919//6721 3911//6721 3920//6721
f  3920//6722 3911//6722 3912//6722
f  1295//6723 3878//6723 1292//6723
f  1292//6724 3878//6724 3921//6724
f  1292//6725 3921//6725 3922//6725
f  1292//6726 3922//6726 1293//6726
f  1293//6727 3922//6727 1290//6727
f  3923//6728 3913//6728 3924//6728
f  3924//6729 3913//6729 3914//6729
f  3924//6730 3914//6730 3925//6730
f  3925//6731 3914//6731 3915//6731
f  3925//6732 3915//6732 3926//6732
f  3926//6733 3915//6733 3916//6733
f  3926//6734 3916//6734 3917//6734
f  3926//6735 3917//6735 3927//6735
f  3927//6736 3917//6736 3918//6736
f  3927//6737 3918//6737 3928//6737
f  3928//6738 3918//6738 3919//6738
f  3928//6739 3919//6739 3929//6739
f  3929//6740 3919//6740 3920//6740
f  3929//6741 3920//6741 3930//6741
f  3931//6742 3923//6742 3932//6742
f  3932//6743 3923//6743 3924//6743
f  3932//6744 3924//6744 3933//6744
f  3933//6745 3924//6745 3925//6745
f  3933//6746 3925//6746 3934//6746
f  3934//6747 3925//6747 3926//6747
f  3934//6748 3926//6748 3935//6748
f  3935//6749 3926//6749 3927//6749
f  3935//6750 3927//6750 3936//6750
f  3936//6751 3927//6751 3928//6751
f  3936//6752 3928//6752 3929//6752
f  3936//6753 3929//6753 3937//6753
f  3937//6754 3929//6754 3938//6754
f  3938//6755 3929//6755 3930//6755
f  1033//6756 3869//6756 3870//6756
f  1033//6757 3870//6757 1031//6757
f  3939//6758 1026//6758 3940//6758
f  3939//6759 3940//6759 3941//6759
f  3942//6760 3941//6760 3943//6760
f  3942//6761 3943//6761 3944//6761
f  3945//6762 3944//6762 3867//6762
f  3945//6763 3867//6763 3946//6763
f  3874//6764 3931//6764 3875//6764
f  3875//6765 3931//6765 3932//6765
f  3875//6766 3932//6766 3876//6766
f  3876//6767 3932//6767 3933//6767
f  3876//6768 3933//6768 3934//6768
f  3876//6769 3934//6769 3878//6769
f  3878//6770 3934//6770 3935//6770
f  3878//6771 3935//6771 3921//6771
f  3921//6772 3935//6772 3936//6772
f  3921//6773 3936//6773 3922//6773
f  3922//6774 3936//6774 3937//6774
f  3922//6775 3937//6775 3947//6775
f  3947//6776 3937//6776 3938//6776
f  3947//6777 3938//6777 3865//6777
f  3869//6778 1033//6778 1032//6778
f  3869//6779 1032//6779 1001//6779
f  3871//6780 1028//6780 1031//6780
f  3871//6781 1031//6781 3870//6781
f  3948//6782 3870//6782 3849//6782
f  3948//6783 3849//6783 3848//6783
f  3940//6784 3871//6784 3870//6784
f  3940//6785 3870//6785 3948//6785
f  3943//6786 3948//6786 3848//6786
f  3943//6787 3848//6787 3868//6787
f  1026//6788 3871//6788 3940//6788
f  3941//6789 3940//6789 3948//6789
f  3941//6790 3948//6790 3943//6790
f  3944//6791 3943//6791 3868//6791
f  3944//6792 3868//6792 3867//6792
f  3946//6793 3867//6793 3855//6793
f  1027//6794 1026//6794 3939//6794
f  3949//6795 3939//6795 3941//6795
f  3949//6796 3941//6796 3942//6796
f  3950//6797 3942//6797 3944//6797
f  3950//6798 3944//6798 3945//6798
f  3951//6799 3945//6799 3946//6799
f  3951//6800 3946//6800 3930//6800
f  3930//6801 3946//6801 3855//6801
f  3930//6802 3855//6802 3866//6802
f  3884//6803 1027//6803 3939//6803
f  3884//6804 3939//6804 3949//6804
f  3897//6805 3949//6805 3942//6805
f  3897//6806 3942//6806 3950//6806
f  3912//6807 3950//6807 3945//6807
f  3912//6808 3945//6808 3951//6808
f  3890//6809 3884//6809 3949//6809
f  3890//6810 3949//6810 3897//6810
f  3904//6811 3897//6811 3950//6811
f  3904//6812 3950//6812 3912//6812
f  3920//6813 3912//6813 3951//6813
f  3920//6814 3951//6814 3930//6814
f  3938//6815 3930//6815 3866//6815
f  3938//6816 3866//6816 3865//6816
f  1290//6817 3922//6817 3947//6817
f  1290//6818 3947//6818 1291//6818
f  1291//6819 3947//6819 3865//6819
f  3952//6820 1098//6820 1100//6820
f  1304//6821 1305//6821 3953//6821
f  3874//6822 3954//6822 3931//6822
f  3931//6823 3954//6823 3955//6823
f  3931//6824 3955//6824 3923//6824
f  3923//6825 3955//6825 3956//6825
f  3923//6826 3956//6826 3913//6826
f  3913//6827 3956//6827 3957//6827
f  3913//6828 3957//6828 3905//6828
f  3905//6829 3957//6829 3958//6829
f  3905//6830 3958//6830 3898//6830
f  3898//6831 3958//6831 3959//6831
f  3898//6832 3959//6832 3891//6832
f  3891//6833 3959//6833 3960//6833
f  3891//6834 3960//6834 3885//6834
f  3885//6835 3960//6835 3961//6835
f  3885//6836 3961//6836 3879//6836
f  3879//6837 3961//6837 3962//6837
f  3879//6838 3962//6838 3872//6838
f  3872//6839 3962//6839 3963//6839
f  3872//6840 3963//6840 1087//6840
f  1299//6841 1300//6841 3954//6841
f  3874//6842 1296//6842 1298//6842
f  3874//6843 1298//6843 3954//6843
f  3954//6844 1298//6844 1299//6844
f  1300//6845 3964//6845 3954//6845
f  3954//6846 3964//6846 3965//6846
f  3954//6847 3965//6847 3955//6847
f  3955//6848 3965//6848 3966//6848
f  3955//6849 3966//6849 3956//6849
f  3956//6850 3966//6850 3967//6850
f  3956//6851 3967//6851 3957//6851
f  3957//6852 3967//6852 3968//6852
f  3957//6853 3968//6853 3958//6853
f  3958//6854 3968//6854 3969//6854
f  3958//6855 3969//6855 3959//6855
f  3959//6856 3969//6856 3970//6856
f  3959//6857 3970//6857 3960//6857
f  3960//6858 3970//6858 3971//6858
f  3960//6859 3971//6859 3961//6859
f  3961//6860 3971//6860 3972//6860
f  3961//6861 3972//6861 3962//6861
f  3962//6862 3972//6862 3973//6862
f  3962//6863 3973//6863 3963//6863
f  3963//6864 3973//6864 1095//6864
f  3963//6865 1095//6865 1087//6865
f  1300//6866 1301//6866 3964//6866
f  3964//6867 1301//6867 1302//6867
f  3964//6868 1302//6868 1303//6868
f  1304//6869 3953//6869 1303//6869
f  1303//6870 3953//6870 3964//6870
f  3964//6871 3953//6871 3974//6871
f  3964//6872 3974//6872 3965//6872
f  3965//6873 3974//6873 3975//6873
f  3965//6874 3975//6874 3966//6874
f  3966//6875 3975//6875 3976//6875
f  3966//6876 3976//6876 3967//6876
f  3967//6877 3976//6877 3977//6877
f  3967//6878 3977//6878 3968//6878
f  3968//6879 3977//6879 3978//6879
f  3968//6880 3978//6880 3969//6880
f  3969//6881 3978//6881 3979//6881
f  3969//6882 3979//6882 3970//6882
f  3970//6883 3979//6883 3980//6883
f  3970//6884 3980//6884 3971//6884
f  3971//6885 3980//6885 3981//6885
f  3971//6886 3981//6886 3972//6886
f  3972//6887 3981//6887 3952//6887
f  3972//6888 3952//6888 3973//6888
f  3973//6889 3952//6889 1100//6889
f  3973//6890 1100//6890 1095//6890
f  1307//6891 3982//6891 1306//6891
f  1096//6892 1098//6892 3983//6892
f  3983//6893 1098//6893 3952//6893
f  3983//6894 3952//6894 3984//6894
f  3984//6895 3952//6895 3981//6895
f  3984//6896 3981//6896 3985//6896
f  3985//6897 3981//6897 3980//6897
f  3985//6898 3980//6898 3986//6898
f  3986//6899 3980//6899 3979//6899
f  3986//6900 3979//6900 3987//6900
f  3987//6901 3979//6901 3978//6901
f  3987//6902 3978//6902 3988//6902
f  3988//6903 3978//6903 3977//6903
f  3988//6904 3977//6904 3989//6904
f  3989//6905 3977//6905 3976//6905
f  3989//6906 3976//6906 3990//6906
f  3990//6907 3976//6907 3975//6907
f  3990//6908 3975//6908 3991//6908
f  3991//6909 3975//6909 3974//6909
f  3991//6910 3974//6910 3982//6910
f  3982//6911 3974//6911 3953//6911
f  3982//6912 3953//6912 1306//6912
f  1306//6913 3953//6913 1305//6913
f  1310//6914 1313//6914 3992//6914
f  1313//6915 1312//6915 3993//6915
f  3993//6916 1312//6916 3994//6916
f  3993//6917 3994//6917 3995//6917
f  3996//6918 3993//6918 3995//6918
f  3996//6919 3995//6919 3997//6919
f  3992//6920 1313//6920 3993//6920
f  3992//6921 3993//6921 3996//6921
f  3998//6922 3996//6922 3997//6922
f  3998//6923 3997//6923 3999//6923
f  4000//6924 3992//6924 3996//6924
f  4000//6925 3996//6925 3998//6925
f  4001//6926 3998//6926 3999//6926
f  4001//6927 3999//6927 4002//6927
f  4003//6928 1310//6928 3992//6928
f  4003//6929 3992//6929 4000//6929
f  4004//6930 4000//6930 3998//6930
f  4004//6931 3998//6931 4001//6931
f  4005//6932 4001//6932 4002//6932
f  4005//6933 4002//6933 4006//6933
f  4007//6934 4003//6934 4000//6934
f  4007//6935 4000//6935 4004//6935
f  4008//6936 4004//6936 4001//6936
f  4008//6937 4001//6937 4005//6937
f  4009//6938 4005//6938 4006//6938
f  4009//6939 4006//6939 4010//6939
f  1311//6940 1310//6940 4011//6940
f  4011//6941 1310//6941 4003//6941
f  4011//6942 4003//6942 4007//6942
f  4012//6943 4007//6943 4004//6943
f  4012//6944 4004//6944 4008//6944
f  4013//6945 4008//6945 4005//6945
f  4013//6946 4005//6946 4009//6946
f  4014//6947 4009//6947 4010//6947
f  4014//6948 4010//6948 4015//6948
f  4016//6949 4011//6949 4007//6949
f  4016//6950 4007//6950 4012//6950
f  4017//6951 4012//6951 4008//6951
f  4017//6952 4008//6952 4013//6952
f  4018//6953 4013//6953 4009//6953
f  4018//6954 4009//6954 4014//6954
f  4019//6955 4014//6955 4015//6955
f  4019//6956 4015//6956 4020//6956
f  1308//6957 1311//6957 4021//6957
f  4021//6958 1311//6958 4011//6958
f  4021//6959 4011//6959 4016//6959
f  4022//6960 4016//6960 4012//6960
f  4022//6961 4012//6961 4017//6961
f  4023//6962 4017//6962 4013//6962
f  4023//6963 4013//6963 4018//6963
f  4024//6964 4018//6964 4014//6964
f  4024//6965 4014//6965 4019//6965
f  4025//6966 4019//6966 4020//6966
f  4025//6967 4020//6967 4026//6967
f  1115//6968 4026//6968 1117//6968
f  4027//6969 4021//6969 4016//6969
f  4027//6970 4016//6970 4022//6970
f  4028//6971 4022//6971 4017//6971
f  4028//6972 4017//6972 4023//6972
f  4029//6973 4023//6973 4018//6973
f  4029//6974 4018//6974 4024//6974
f  4030//6975 4024//6975 4019//6975
f  4030//6976 4019//6976 4025//6976
f  1120//6977 4025//6977 4026//6977
f  1120//6978 4026//6978 1115//6978
f  4031//6979 1308//6979 4021//6979
f  4031//6980 4021//6980 4027//6980
f  4032//6981 4027//6981 4022//6981
f  4032//6982 4022//6982 4028//6982
f  4033//6983 4028//6983 4023//6983
f  4033//6984 4023//6984 4029//6984
f  4034//6985 4029//6985 4024//6985
f  4034//6986 4024//6986 4030//6986
f  4035//6987 4030//6987 4025//6987
f  4035//6988 4025//6988 1120//6988
f  4036//6989 4031//6989 4027//6989
f  4036//6990 4027//6990 4032//6990
f  4037//6991 4032//6991 4028//6991
f  4037//6992 4028//6992 4033//6992
f  4038//6993 4033//6993 4029//6993
f  4038//6994 4029//6994 4034//6994
f  4039//6995 4034//6995 4030//6995
f  4039//6996 4030//6996 4035//6996
f  1119//6997 4035//6997 1120//6997
f  1309//6998 1308//6998 4040//6998
f  4040//6999 1308//6999 4031//6999
f  4040//7000 4031//7000 4036//7000
f  4041//7001 4036//7001 4032//7001
f  4041//7002 4032//7002 4037//7002
f  4042//7003 4037//7003 4033//7003
f  4042//7004 4033//7004 4038//7004
f  4043//7005 4038//7005 4034//7005
f  4043//7006 4034//7006 4039//7006
f  4044//7007 4039//7007 4035//7007
f  4044//7008 4035//7008 1122//7008
f  1122//7009 4035//7009 1119//7009
f  4045//7010 4040//7010 4036//7010
f  4045//7011 4036//7011 4041//7011
f  4046//7012 4041//7012 4037//7012
f  4046//7013 4037//7013 4042//7013
f  4047//7014 4042//7014 4038//7014
f  4047//7015 4038//7015 4043//7015
f  4048//7016 4043//7016 4039//7016
f  4048//7017 4039//7017 4044//7017
f  1125//7018 1133//7018 4049//7018
f  1126//7019 1125//7019 4049//7019
f  1126//7020 4049//7020 4050//7020
f  4050//7021 4049//7021 4051//7021
f  4050//7022 4051//7022 4052//7022
f  1129//7023 1126//7023 4050//7023
f  4053//7024 4050//7024 4052//7024
f  4053//7025 4052//7025 4054//7025
f  1130//7026 1129//7026 4055//7026
f  4055//7027 1129//7027 4050//7027
f  4055//7028 4050//7028 4053//7028
f  4056//7029 4053//7029 4054//7029
f  4056//7030 4054//7030 4057//7030
f  1164//7031 1130//7031 4058//7031
f  4058//7032 1130//7032 4055//7032
f  4059//7033 4055//7033 4053//7033
f  4059//7034 4053//7034 4056//7034
f  4060//7035 4056//7035 4057//7035
f  4060//7036 4057//7036 4061//7036
f  1162//7037 1164//7037 4058//7037
f  4062//7038 4058//7038 4055//7038
f  4062//7039 4055//7039 4059//7039
f  4063//7040 4059//7040 4056//7040
f  4063//7041 4056//7041 4060//7041
f  4064//7042 4060//7042 4061//7042
f  4064//7043 4061//7043 4065//7043
f  1123//7044 1162//7044 4058//7044
f  4066//7045 4062//7045 4059//7045
f  4066//7046 4059//7046 4063//7046
f  4067//7047 4063//7047 4060//7047
f  4067//7048 4060//7048 4064//7048
f  4068//7049 4064//7049 4065//7049
f  4068//7050 4065//7050 4069//7050
f  1124//7051 1123//7051 4058//7051
f  1124//7052 4058//7052 4070//7052
f  4070//7053 4058//7053 4062//7053
f  4070//7054 4062//7054 4066//7054
f  4071//7055 4066//7055 4063//7055
f  4071//7056 4063//7056 4067//7056
f  4072//7057 4067//7057 4064//7057
f  4072//7058 4064//7058 4068//7058
f  4073//7059 4068//7059 4069//7059
f  4073//7060 4069//7060 4074//7060
f  1307//7061 1309//7061 4075//7061
f  4075//7062 1309//7062 4040//7062
f  4075//7063 4040//7063 4045//7063
f  4073//7064 4045//7064 4041//7064
f  4073//7065 4041//7065 4046//7065
f  4072//7066 4046//7066 4042//7066
f  4072//7067 4042//7067 4047//7067
f  4071//7068 4047//7068 4043//7068
f  4071//7069 4043//7069 4048//7069
f  4070//7070 4048//7070 4044//7070
f  4070//7071 4044//7071 1124//7071
f  1124//7072 4044//7072 1122//7072
f  1133//7073 1132//7073 4049//7073
f  4074//7074 4075//7074 4045//7074
f  4074//7075 4045//7075 4073//7075
f  4068//7076 4073//7076 4046//7076
f  4068//7077 4046//7077 4072//7077
f  4067//7078 4072//7078 4047//7078
f  4067//7079 4047//7079 4071//7079
f  4066//7080 4071//7080 4048//7080
f  4066//7081 4048//7081 4070//7081
f  3982//7082 1307//7082 4075//7082
f  3982//7083 4075//7083 3991//7083
f  3991//7084 4075//7084 4074//7084
f  3991//7085 4074//7085 3990//7085
f  3990//7086 4074//7086 4069//7086
f  3990//7087 4069//7087 3989//7087
f  3989//7088 4069//7088 4065//7088
f  3989//7089 4065//7089 3988//7089
f  3988//7090 4065//7090 4061//7090
f  3988//7091 4061//7091 3987//7091
f  3987//7092 4061//7092 4057//7092
f  3987//7093 4057//7093 3986//7093
f  3986//7094 4057//7094 4054//7094
f  3986//7095 4054//7095 3985//7095
f  3985//7096 4054//7096 4052//7096
f  3985//7097 4052//7097 3984//7097
f  3984//7098 4052//7098 4051//7098
f  3984//7099 4051//7099 3983//7099
f  3983//7100 4051//7100 4049//7100
f  3983//7101 4049//7101 1096//7101
f  1096//7102 4049//7102 1132//7102
f  3994//7103 4076//7103 3995//7103
f  3995//7104 4076//7104 4077//7104
f  4077//7105 3999//7105 3997//7105
f  4077//7106 3997//7106 3995//7106
f  4006//7107 4002//7107 4078//7107
f  4006//7108 4078//7108 4010//7108
f  4010//7109 4079//7109 4015//7109
f  4015//7110 4079//7110 4080//7110
f  4026//7111 4020//7111 4080//7111
f  4080//7112 4020//7112 4015//7112
f  1201//7113 1117//7113 4081//7113
f  4081//7114 1117//7114 4026//7114
f  1314//7115 4076//7115 1312//7115
f  1312//7116 4076//7116 3994//7116
f  4082//7117 3999//7117 4077//7117
f  3999//7118 4082//7118 4002//7118
f  4083//7119 4078//7119 4002//7119
f  4083//7120 4002//7120 4082//7120
f  4078//7121 4079//7121 4010//7121
f  4080//7122 4081//7122 4026//7122
f  3861//7123 3852//7123 4084//7123
f  4085//7124 3854//7124 3853//7124
f  4086//7125 1288//7125 4087//7125
f  4088//7126 4086//7126 4089//7126
f  4089//7127 4086//7127 4087//7127
f  4089//7128 4087//7128 4090//7128
f  4091//7129 4088//7129 4089//7129
f  4092//7130 4091//7130 4093//7130
f  4093//7131 4091//7131 4089//7131
f  4093//7132 4089//7132 4094//7132
f  4094//7133 4089//7133 4090//7133
f  4094//7134 4090//7134 4085//7134
f  4095//7135 4092//7135 4096//7135
f  4096//7136 4092//7136 4093//7136
f  4096//7137 4093//7137 4097//7137
f  4097//7138 4093//7138 4094//7138
f  4097//7139 4094//7139 4098//7139
f  4098//7140 4094//7140 4085//7140
f  3856//7141 3854//7141 4085//7141
f  4099//7142 4095//7142 4100//7142
f  4100//7143 4095//7143 4096//7143
f  4100//7144 4096//7144 4101//7144
f  4101//7145 4096//7145 4102//7145
f  4102//7146 4096//7146 4097//7146
f  4102//7147 4097//7147 4103//7147
f  4103//7148 4097//7148 4104//7148
f  4104//7149 4097//7149 4098//7149
f  4104//7150 4098//7150 4105//7150
f  4105//7151 4098//7151 3862//7151
f  4106//7152 936//7152 4107//7152
f  4107//7153 936//7153 934//7153
f  4107//7154 934//7154 4108//7154
f  4108//7155 934//7155 938//7155
f  4108//7156 938//7156 4109//7156
f  4109//7157 938//7157 941//7157
f  4109//7158 941//7158 4110//7158
f  4110//7159 941//7159 943//7159
f  4110//7160 943//7160 4111//7160
f  4111//7161 943//7161 946//7161
f  4111//7162 946//7162 4112//7162
f  4112//7163 946//7163 945//7163
f  4112//7164 945//7164 4113//7164
f  4113//7165 945//7165 948//7165
f  4113//7166 948//7166 4114//7166
f  4114//7167 948//7167 947//7167
f  1286//7168 3856//7168 4087//7168
f  4087//7169 3856//7169 4090//7169
f  4090//7170 3856//7170 4085//7170
f  1288//7171 1286//7171 4087//7171
f  4098//7172 4085//7172 3853//7172
f  4098//7173 3853//7173 3862//7173
f  3862//7174 4084//7174 4105//7174
f  4101//7175 4102//7175 4115//7175
f  4101//7176 4115//7176 4100//7176
f  4099//7177 4100//7177 4116//7177
f  3862//7178 3861//7178 4084//7178
f  4105//7179 4084//7179 4107//7179
f  4105//7180 4107//7180 4104//7180
f  4104//7181 4107//7181 4108//7181
f  4104//7182 4108//7182 4103//7182
f  4103//7183 4108//7183 4109//7183
f  4103//7184 4109//7184 4102//7184
f  4102//7185 4109//7185 4110//7185
f  4102//7186 4110//7186 4115//7186
f  4115//7187 4110//7187 4117//7187
f  4115//7188 4117//7188 4100//7188
f  4100//7189 4117//7189 4118//7189
f  4100//7190 4118//7190 4116//7190
f  4116//7191 4118//7191 4119//7191
f  4084//7192 3852//7192 4106//7192
f  4084//7193 4106//7193 4107//7193
f  4117//7194 4110//7194 4111//7194
f  4117//7195 4111//7195 4118//7195
f  4118//7196 4111//7196 4112//7196
f  4118//7197 4112//7197 4119//7197
f  4119//7198 4112//7198 4113//7198
f  1000//7199 936//7199 3864//7199
f  3864//7200 936//7200 4106//7200
f  3864//7201 4106//7201 3851//7201
f  3851//7202 4106//7202 3852//7202
f  4120//7203 4121//7203 4122//7203
f  4123//7204 4120//7204 4124//7204
f  4125//7205 4123//7205 4126//7205
f  4127//7206 4128//7206 4129//7206
f  4130//7207 4131//7207 4132//7207
f  4133//7208 4134//7208 4135//7208
f  4082//7209 4077//7209 4136//7209
f  1201//7210 4081//7210 1206//7210
f  4137//7211 1227//7211 4138//7211
f  4138//7212 1227//7212 1229//7212
f  4138//7213 1229//7213 4139//7213
f  4139//7214 1229//7214 1232//7214
f  4139//7215 1232//7215 4140//7215
f  4140//7216 1232//7216 1234//7216
f  4140//7217 1234//7217 4141//7217
f  4141//7218 1234//7218 1235//7218
f  4141//7219 1235//7219 4142//7219
f  4142//7220 1235//7220 1237//7220
f  4142//7221 1237//7221 4143//7221
f  4143//7222 1237//7222 1240//7222
f  4143//7223 1240//7223 4144//7223
f  4144//7224 1240//7224 1206//7224
f  4144//7225 1206//7225 4081//7225
f  4076//7226 1314//7226 1315//7226
f  4145//7227 4146//7227 1315//7227
f  1315//7228 4146//7228 4147//7228
f  1315//7229 4147//7229 4148//7229
f  1315//7230 4148//7230 4076//7230
f  4076//7231 4148//7231 4077//7231
f  4146//7232 4133//7232 4135//7232
f  4146//7233 4135//7233 4147//7233
f  4147//7234 4135//7234 4149//7234
f  4147//7235 4149//7235 4148//7235
f  4148//7236 4149//7236 4136//7236
f  4148//7237 4136//7237 4077//7237
f  4134//7238 4130//7238 4135//7238
f  4135//7239 4130//7239 4132//7239
f  4135//7240 4132//7240 4149//7240
f  4149//7241 4132//7241 4150//7241
f  4149//7242 4150//7242 4151//7242
f  4149//7243 4151//7243 4136//7243
f  4136//7244 4151//7244 4082//7244
f  4131//7245 4127//7245 4132//7245
f  4132//7246 4127//7246 4129//7246
f  4132//7247 4129//7247 4150//7247
f  4150//7248 4129//7248 4152//7248
f  4150//7249 4152//7249 4151//7249
f  4151//7250 4152//7250 4153//7250
f  4151//7251 4153//7251 4154//7251
f  4151//7252 4154//7252 4082//7252
f  4082//7253 4154//7253 4083//7253
f  4128//7254 4125//7254 4129//7254
f  4129//7255 4125//7255 4126//7255
f  4129//7256 4126//7256 4155//7256
f  4129//7257 4155//7257 4152//7257
f  4152//7258 4155//7258 4156//7258
f  4152//7259 4156//7259 4157//7259
f  4152//7260 4157//7260 4153//7260
f  4153//7261 4157//7261 4158//7261
f  4153//7262 4158//7262 4159//7262
f  4153//7263 4159//7263 4154//7263
f  4154//7264 4159//7264 4160//7264
f  4154//7265 4160//7265 4161//7265
f  4154//7266 4161//7266 4083//7266
f  4083//7267 4161//7267 4078//7267
f  4126//7268 4123//7268 4124//7268
f  4126//7269 4124//7269 4155//7269
f  4155//7270 4124//7270 4162//7270
f  4155//7271 4162//7271 4156//7271
f  4156//7272 4162//7272 4163//7272
f  4156//7273 4163//7273 4157//7273
f  4157//7274 4163//7274 4164//7274
f  4157//7275 4164//7275 4158//7275
f  4158//7276 4164//7276 4165//7276
f  4158//7277 4165//7277 4159//7277
f  4159//7278 4165//7278 4166//7278
f  4159//7279 4166//7279 4160//7279
f  4160//7280 4166//7280 4167//7280
f  4160//7281 4167//7281 4161//7281
f  4161//7282 4167//7282 4168//7282
f  4161//7283 4168//7283 4078//7283
f  4078//7284 4168//7284 4079//7284
f  4124//7285 4120//7285 4122//7285
f  4124//7286 4122//7286 4162//7286
f  4162//7287 4122//7287 4169//7287
f  4162//7288 4169//7288 4163//7288
f  4163//7289 4169//7289 4170//7289
f  4163//7290 4170//7290 4164//7290
f  4164//7291 4170//7291 4171//7291
f  4164//7292 4171//7292 4165//7292
f  4165//7293 4171//7293 4172//7293
f  4165//7294 4172//7294 4166//7294
f  4166//7295 4172//7295 4173//7295
f  4166//7296 4173//7296 4167//7296
f  4167//7297 4173//7297 4174//7297
f  4167//7298 4174//7298 4168//7298
f  4168//7299 4174//7299 4175//7299
f  4168//7300 4175//7300 4079//7300
f  4079//7301 4175//7301 4080//7301
f  4122//7302 4121//7302 4137//7302
f  4122//7303 4137//7303 4169//7303
f  4169//7304 4137//7304 4138//7304
f  4169//7305 4138//7305 4170//7305
f  4170//7306 4138//7306 4139//7306
f  4170//7307 4139//7307 4171//7307
f  4171//7308 4139//7308 4140//7308
f  4171//7309 4140//7309 4172//7309
f  4172//7310 4140//7310 4141//7310
f  4172//7311 4141//7311 4173//7311
f  4173//7312 4141//7312 4142//7312
f  4173//7313 4142//7313 4174//7313
f  4174//7314 4142//7314 4143//7314
f  4174//7315 4143//7315 4175//7315
f  4175//7316 4143//7316 4144//7316
f  4175//7317 4144//7317 4080//7317
f  4080//7318 4144//7318 4081//7318
f  4121//7319 4176//7319 4137//7319
f  4137//7320 4176//7320 1227//7320
f  1227//7321 4176//7321 4177//7321
f  1227//7322 4177//7322 1284//7322
f  617//7323 656//7323 4178//7323
f  649//7324 648//7324 4179//7324
f  1284//7325 4180//7325 1324//7325
f  1324//7326 4180//7326 646//7326
f  4179//7327 648//7327 647//7327
f  4179//7328 647//7328 4180//7328
f  4180//7329 647//7329 646//7329
f  4181//7330 650//7330 649//7330
f  650//7331 4181//7331 651//7331
f  651//7332 4181//7332 4182//7332
f  651//7333 4182//7333 652//7333
f  652//7334 4182//7334 4183//7334
f  4184//7335 653//7335 4183//7335
f  4183//7336 653//7336 652//7336
f  655//7337 654//7337 4185//7337
f  4185//7338 654//7338 4184//7338
f  4184//7339 654//7339 653//7339
f  617//7340 4178//7340 4186//7340
f  621//7341 620//7341 4187//7341
f  4187//7342 620//7342 4188//7342
f  4188//7343 620//7343 618//7343
f  616//7344 621//7344 1317//7344
f  1317//7345 621//7345 4187//7345
f  1317//7346 4187//7346 1316//7346
f  1316//7347 4187//7347 4145//7347
f  1316//7348 4145//7348 1315//7348
f  4133//7349 4188//7349 4186//7349
f  4186//7350 4188//7350 618//7350
f  4186//7351 618//7351 617//7351
f  4133//7352 4146//7352 4188//7352
f  4188//7353 4146//7353 4187//7353
f  4187//7354 4146//7354 4145//7354
f  4128//7355 4127//7355 4185//7355
f  4185//7356 4127//7356 4178//7356
f  4185//7357 4178//7357 655//7357
f  655//7358 4178//7358 656//7358
f  4127//7359 4131//7359 4178//7359
f  4178//7360 4131//7360 4130//7360
f  4178//7361 4130//7361 4186//7361
f  4186//7362 4130//7362 4134//7362
f  4186//7363 4134//7363 4133//7363
f  4128//7364 4185//7364 4125//7364
f  4125//7365 4185//7365 4184//7365
f  4125//7366 4184//7366 4123//7366
f  4123//7367 4184//7367 4183//7367
f  4123//7368 4183//7368 4120//7368
f  4120//7369 4183//7369 4182//7369
f  4120//7370 4182//7370 4121//7370
f  4121//7371 4182//7371 4181//7371
f  649//7372 4179//7372 4181//7372
f  4181//7373 4179//7373 4176//7373
f  4181//7374 4176//7374 4121//7374
f  1284//7375 4177//7375 4180//7375
f  4180//7376 4177//7376 4179//7376
f  4179//7377 4177//7377 4176//7377
f  571//7378 576//7378 1318//7378
f  571//7379 4189//7379 4190//7379
f  571//7380 4190//7380 535//7380
f  4191//7381 536//7381 4190//7381
f  4190//7382 536//7382 535//7382
f  4192//7383 537//7383 4191//7383
f  4191//7384 537//7384 536//7384
f  4193//7385 539//7385 4192//7385
f  4192//7386 539//7386 538//7386
f  4192//7387 538//7387 537//7387
f  4194//7388 540//7388 4193//7388
f  4193//7389 540//7389 539//7389
f  4195//7390 542//7390 541//7390
f  4195//7391 541//7391 4194//7391
f  4194//7392 541//7392 540//7392
f  542//7393 4195//7393 543//7393
f  543//7394 4195//7394 4196//7394
f  545//7395 544//7395 4197//7395
f  4197//7396 544//7396 4196//7396
f  4196//7397 544//7397 543//7397
f  545//7398 4197//7398 546//7398
f  546//7399 4197//7399 4198//7399
f  546//7400 4198//7400 549//7400
f  549//7401 4198//7401 4199//7401
f  549//7402 4199//7402 547//7402
f  547//7403 4199//7403 1319//7403
f  547//7404 1319//7404 561//7404
f  4189//7405 1288//7405 4190//7405
f  4190//7406 1288//7406 4086//7406
f  4190//7407 4086//7407 4191//7407
f  4191//7408 4086//7408 4088//7408
f  4191//7409 4088//7409 4192//7409
f  4192//7410 4088//7410 4091//7410
f  4192//7411 4091//7411 4193//7411
f  4193//7412 4091//7412 4092//7412
f  4193//7413 4092//7413 4194//7413
f  4194//7414 4092//7414 4095//7414
f  4194//7415 4095//7415 4195//7415
f  4195//7416 4095//7416 4099//7416
f  4195//7417 4099//7417 4196//7417
f  4196//7418 4099//7418 4116//7418
f  4196//7419 4116//7419 4197//7419
f  4197//7420 4116//7420 4119//7420
f  4197//7421 4119//7421 4198//7421
f  4198//7422 4119//7422 4113//7422
f  4198//7423 4113//7423 4199//7423
f  4199//7424 4113//7424 4114//7424
f  4199//7425 4114//7425 1319//7425
f  1319//7426 4114//7426 947//7426
f  4189//7427 571//7427 1318//7427
f  4189//7428 1318//7428 1288//7428
f  1288//7429 1318//7429 1287//7429
f  113//7430 4200//7430 4201//7430
f  113//7431 4201//7431 110//7431
f  110//7432 4201//7432 4202//7432
f  110//7433 4202//7433 107//7433
f  107//7434 4202//7434 4203//7434
f  107//7435 4203//7435 104//7435
f  104//7436 4203//7436 4204//7436
f  104//7437 4204//7437 101//7437
f  101//7438 4204//7438 4205//7438
f  101//7439 4205//7439 98//7439
f  98//7440 4205//7440 4206//7440
f  98//7441 4206//7441 95//7441
f  95//7442 4206//7442 4207//7442
f  95//7443 4207//7443 92//7443
f  92//7444 4207//7444 4208//7444
f  92//7445 4208//7445 89//7445
f  89//7446 4208//7446 4209//7446
f  89//7447 4209//7447 4210//7447
f  89//7448 4210//7448 87//7448
f  87//7449 4210//7449 4211//7449
f  87//7450 4211//7450 84//7450
f  84//7451 4211//7451 4212//7451
f  84//7452 4212//7452 81//7452
f  81//7453 4212//7453 4213//7453
f  81//7454 4213//7454 78//7454
f  78//7455 4213//7455 4214//7455
f  78//7456 4214//7456 75//7456
f  75//7457 4214//7457 4215//7457
f  75//7458 4215//7458 72//7458
f  72//7459 4215//7459 4216//7459
f  72//7460 4216//7460 4217//7460
f  72//7461 4217//7461 70//7461
f  70//7462 4217//7462 4218//7462
f  70//7463 4218//7463 122//7463
f  122//7464 4218//7464 4219//7464
f  122//7465 4219//7465 119//7465
f  119//7466 4219//7466 4220//7466
f  119//7467 4220//7467 116//7467
f  116//7468 4220//7468 4200//7468
f  116//7469 4200//7469 113//7469
f  4212//7470 4211//7470 4210//7470
f  4210//7471 4213//7471 4212//7471
f  4215//7472 4214//7472 4210//7472
f  4210//7473 4214//7473 4213//7473
f  4217//7474 4216//7474 4210//7474
f  4210//7475 4216//7475 4215//7475
f  4219//7476 4218//7476 4210//7476
f  4210//7477 4218//7477 4217//7477
f  4210//7478 4220//7478 4219//7478
f  4201//7479 4200//7479 4210//7479
f  4210//7480 4200//7480 4220//7480
f  4210//7481 4202//7481 4201//7481
f  4210//7482 4204//7482 4203//7482
f  4210//7483 4203//7483 4202//7483
f  4206//7484 4205//7484 4210//7484
f  4210//7485 4205//7485 4204//7485
f  4210//7486 4207//7486 4206//7486
f  4209//7487 4208//7487 4210//7487
f  4210//7488 4208//7488 4207//7488
f  2315//2855 2316//2855 2344//2855
f  2344//2855 2316//2855 2317//2855
f  2344//2855 2317//2855 2318//2855
f  2312//2855 2313//2855 2344//2855
f  2344//2855 2313//2855 2314//2855
f  2344//2855 2314//2855 2315//2855
f  2309//2855 2310//2855 2344//2855
f  2344//2855 2310//2855 2311//2855
f  2344//2855 2311//2855 2312//2855
f  2344//2855 4221//2855 2309//2855
f  2340//2855 2341//2855 2344//2855
f  2344//2855 2341//2855 2342//2855
f  2344//2855 2342//2855 2343//2855
f  2337//2855 2338//2855 2344//2855
f  2344//2855 2338//2855 2339//2855
f  2344//2855 2339//2855 2340//2855
f  2334//2855 2335//2855 2344//2855
f  2344//2855 2335//2855 2336//2855
f  2344//2855 2336//2855 2337//2855
f  2331//2855 2332//2855 2344//2855
f  2344//2855 2332//2855 2333//2855
f  2344//2855 2333//2855 2334//2855
f  2328//2855 2329//2855 2344//2855
f  2344//2855 2329//2855 2330//2855
f  2344//2855 2330//2855 2331//2855
f  2324//2855 2325//2855 2344//2855
f  2344//2855 2325//2855 2326//2855
f  2344//2855 2326//2855 2328//2855
f  2321//2855 2322//2855 2344//2855
f  2344//2855 2322//2855 2323//2855
f  2344//2855 2323//2855 2324//2855
f  2318//2855 2319//2855 2344//2855
f  2344//2855 2319//2855 2320//2855
f  2344//2855 2320//2855 2321//2855
f  2232//2855 2234//2855 2196//2855
f  2196//2855 2234//2855 2164//2855
f  2196//2855 2164//2855 2166//2855
f  2226//2855 2228//2855 2196//2855
f  2196//2855 2228//2855 2230//2855
f  2196//2855 2230//2855 2232//2855
f  2220//2855 2222//2855 2196//2855
f  2196//2855 2222//2855 2224//2855
f  2196//2855 2224//2855 2226//2855
f  2214//2855 2216//2855 2196//2855
f  2196//2855 2216//2855 2218//2855
f  2196//2855 2218//2855 2220//2855
f  2208//2855 2210//2855 2196//2855
f  2196//2855 2210//2855 2212//2855
f  2196//2855 2212//2855 2214//2855
f  2202//2855 2204//2855 2196//2855
f  2196//2855 2204//2855 2206//2855
f  2196//2855 2206//2855 2208//2855
f  2196//2855 2198//2855 2200//2855
f  2196//2855 2200//2855 2202//2855
f  2190//2855 2192//2855 2196//2855
f  2196//2855 2192//2855 2194//2855
f  2184//2855 2186//2855 2196//2855
f  2196//2855 2186//2855 2188//2855
f  2196//2855 2188//2855 2190//2855
f  2178//2855 2180//2855 2196//2855
f  2196//2855 2180//2855 2182//2855
f  2196//2855 2182//2855 2184//2855
f  2172//2855 2174//2855 2196//2855
f  2196//2855 2174//2855 2176//2855
f  2196//2855 2176//2855 2178//2855
f  2166//2855 2168//2855 2196//2855
f  2196//2855 2168//2855 2170//2855
f  2196//2855 2170//2855 2172//2855
f  2160//2855 2162//2855 2132//2855
f  2132//2855 2162//2855 2092//2855
f  2132//2855 2092//2855 2094//2855
f  2154//2855 2156//2855 2132//2855
f  2132//2855 2156//2855 2158//2855
f  2132//2855 2158//2855 2160//2855
f  2148//2855 2150//2855 2132//2855
f  2132//2855 2150//2855 2152//2855
f  2132//2855 2152//2855 2154//2855
f  2142//2855 2144//2855 2132//2855
f  2132//2855 2144//2855 2146//2855
f  2132//2855 2146//2855 2148//2855
f  2136//2855 2138//2855 2132//2855
f  2132//2855 2138//2855 2140//2855
f  2132//2855 2140//2855 2142//2855
f  2132//2855 2134//2855 2136//2855
f  2124//2855 2126//2855 2132//2855
f  2132//2855 2126//2855 2128//2855
f  2132//2855 2128//2855 2130//2855
f  2118//2855 2120//2855 2132//2855
f  2132//2855 2120//2855 2122//2855
f  2132//2855 2122//2855 2124//2855
f  2112//2855 2114//2855 2132//2855
f  2132//2855 2114//2855 2116//2855
f  2132//2855 2116//2855 2118//2855
f  2106//2855 2108//2855 2132//2855
f  2132//2855 2108//2855 2110//2855
f  2132//2855 2110//2855 2112//2855
f  2100//2855 2102//2855 2132//2855
f  2132//2855 2102//2855 2104//2855
f  2132//2855 2104//2855 2106//2855
f  2094//2855 2096//2855 2132//2855
f  2132//2855 2096//2855 2098//2855
f  2132//2855 2098//2855 2100//2855
f  2432//7489 2431//7489 2446//7489
f  2446//7489 2431//7489 2430//7489
f  2446//7489 2430//7489 2428//7489
f  2435//7489 2434//7489 2446//7489
f  2446//7489 2434//7489 2433//7489
f  2446//7489 2433//7489 2432//7489
f  2438//7489 2437//7489 2446//7489
f  2446//7489 2437//7489 2436//7489
f  2446//7489 2436//7489 2435//7489
f  2441//7489 2440//7489 2446//7489
f  2446//7489 2440//7489 2439//7489
f  2446//7489 2439//7489 2438//7489
f  2444//7489 2443//7489 2446//7489
f  2446//7489 2443//7489 2442//7489
f  2446//7489 2442//7489 2441//7489
f  2446//7489 2445//7489 2444//7489
f  2413//7489 2412//7489 2446//7489
f  2446//7489 2412//7489 4222//7489
f  2446//7489 4222//7489 2447//7489
f  2416//7489 2415//7489 2446//7489
f  2446//7489 2415//7489 2414//7489
f  2446//7489 2414//7489 2413//7489
f  2419//7489 2418//7489 2446//7489
f  2446//7489 2418//7489 2417//7489
f  2446//7489 2417//7489 2416//7489
f  2422//7489 2421//7489 2446//7489
f  2446//7489 2421//7489 2420//7489
f  2446//7489 2420//7489 2419//7489
f  2425//7489 2424//7489 2446//7489
f  2446//7489 2424//7489 2423//7489
f  2446//7489 2423//7489 2422//7489
f  2428//7489 2427//7489 2446//7489
f  2446//7489 2427//7489 2426//7489
f  2446//7489 2426//7489 2425//7489
f  55//7490 4223//7490 53//7490
f  53//7491 4223//7491 4224//7491
f  53//7491 4224//7491 51//7491
f  51//7492 4224//7492 4225//7492
f  51//7492 4225//7492 49//7492
f  49//7493 4225//7493 4226//7493
f  49//7493 4226//7493 47//7493
f  47//7494 4226//7494 4227//7494
f  47//7494 4227//7494 45//7494
f  45//7495 4227//7495 4228//7495
f  45//7495 4228//7495 43//7495
f  43//7496 4228//7496 4229//7496
f  43//7496 4229//7496 41//7496
f  41//7497 4229//7497 4230//7497
f  41//7497 4230//7497 39//7497
f  39//7498 4230//7498 4231//7498
f  39//7498 4231//7498 37//7498
f  37//7499 4231//7499 4232//7499
f  37//7499 4232//7499 35//7499
f  35//7500 4232//7500 4233//7500
f  35//7500 4233//7500 33//7500
f  33//7501 4233//7501 4234//7501
f  33//7501 4234//7501 31//7501
f  31//7502 4234//7502 4235//7502
f  31//7502 4235//7502 29//7502
f  29//7503 4235//7503 4236//7503
f  29//7503 4236//7503 27//7503
f  27//7504 4236//7504 4237//7504
f  27//7504 4237//7504 25//7504
f  25//7505 4237//7505 4238//7505
f  25//7505 4238//7505 23//7505
f  23//7506 4238//7506 4239//7506
f  23//7506 4239//7506 21//7506
f  21//7507 4239//7507 4240//7507
f  21//7507 4240//7507 19//7507
f  19//7508 4240//7508 4241//7508
f  19//7508 4241//7508 17//7508
f  17//7509 4241//7509 4242//7509
f  17//7509 4242//7509 15//7509
f  15//7510 4242//7510 4243//7510
f  15//7510 4243//7510 13//7510
f  13//7511 4243//7511 4244//7511
f  13//7511 4244//7511 11//7511
f  11//7512 4244//7512 4245//7512
f  11//7512 4245//7512 9//7512
f  9//7513 4245//7513 4246//7513
f  9//7513 4246//7513 7//7513
f  7//7514 4246//7514 4247//7514
f  7//7514 4247//7514 6//7514
f  6//7515 4247//7515 4248//7515
f  6//7515 4248//7515 4//7515
f  4//7516 4248//7516 4249//7516
f  4//7516 4249//7516 3//7516
f  3//7517 4249//7517 4250//7517
f  3//7517 4250//7517 1//7517
f  1//7518 4250//7518 4251//7518
f  1//7518 4251//7518 68//7518
f  68//7519 4251//7519 4252//7519
f  68//7519 4252//7519 66//7519
f  66//7520 4252//7520 4253//7520
f  66//7520 4253//7520 64//7520
f  64//7521 4253//7521 4254//7521
f  64//7521 4254//7521 62//7521
f  62//7522 4254//7522 4255//7522
f  62//7522 4255//7522 60//7522
f  60//7523 4255//7523 4256//7523
f  60//7523 4256//7523 58//7523
f  58//7524 4256//7524 4257//7524
f  58//7524 4257//7524 56//7524
f  56//7525 4257//7525 4258//7525
f  56//7525 4258//7525 55//7525
f  55//7490 4258//7490 4223//7490
f  4251//1 4250//1 4226//1
f  4226//1 4250//1 4249//1
f  4226//1 4249//1 4248//1
f  4254//1 4253//1 4226//1
f  4226//1 4253//1 4252//1
f  4226//1 4252//1 4251//1
f  4257//1 4256//1 4226//1
f  4226//1 4256//1 4255//1
f  4226//1 4255//1 4254//1
f  4224//1 4223//1 4226//1
f  4226//1 4223//1 4259//1
f  4226//1 4259//1 4257//1
f  4226//1 4225//1 4224//1
f  4230//1 4229//1 4226//1
f  4226//1 4229//1 4228//1
f  4226//1 4228//1 4227//1
f  4233//1 4232//1 4226//1
f  4226//1 4232//1 4231//1
f  4226//1 4231//1 4230//1
f  4236//1 4235//1 4226//1
f  4226//1 4235//1 4234//1
f  4226//1 4234//1 4233//1
f  4239//1 4238//1 4226//1
f  4226//1 4238//1 4237//1
f  4226//1 4237//1 4236//1
f  4242//1 4241//1 4226//1
f  4226//1 4241//1 4260//1
f  4226//1 4260//1 4239//1
f  4245//1 4244//1 4226//1
f  4226//1 4244//1 4243//1
f  4226//1 4243//1 4242//1
f  4248//1 4247//1 4226//1
f  4226//1 4247//1 4246//1
f  4226//1 4246//1 4245//1

