# File produced by Open Asset Import Library (http://www.assimp.sf.net)
# (assimp v5.3.0)

mtllib link_6.mtl

# 2403 vertex positions
v -0.0106699998 0.0433062986 -0.0359578989
v -0.00644891011 0.0316391997 -0.0241052993
v -0.0115855001 0.0434454009 -0.0354719013
v -0.00555387978 0.0312923007 -0.0245539993
v -0.00984240975 0.0430389009 -0.0365387984
v -0.00477676978 0.0308487006 -0.0251093991
v -0.00912799034 0.0426512994 -0.0371971019
v -0.00413696002 0.0303151999 -0.0257511996
v -0.00854863971 0.0421552993 -0.0379127003
v -0.00376368989 0.0298606995 -0.0262758993
v -0.00812163018 0.0415659994 -0.0386638008
v -0.00354722003 0.0295071993 -0.0266723
v -0.00786019955 0.040901199 -0.0394277014
v -0.00325943995 0.0287522003 -0.0274867006
v -0.00777210994 0.0401811004 -0.0401811004
v -0.00320376991 0.0279406998 -0.0283102002
v -0.00786019955 0.0394277014 -0.0409010984
v -0.00334042008 0.0271898005 -0.0290322006
v -0.00812163018 0.0386638008 -0.0415659994
v -0.00357531989 0.0266143996 -0.0295593999
v -0.00854863971 0.0379127003 -0.0421552993
v -0.00400569011 0.0259240009 -0.0301667005
v -0.00443744007 0.0254219007 -0.0305917002
v -0.00912799034 0.0371971019 -0.0426514
v -0.00514869019 0.0248201005 -0.0310819
v -0.00984240975 0.0365387984 -0.0430389009
v -0.00598850008 0.0243149009 -0.0314785019
v -0.0106699998 0.0359577984 -0.0433062986
v -0.00704792002 0.0238847993 -0.031805899
v -0.0115855001 0.0354718007 -0.0434454009
v -0.0125612998 0.0350955017 -0.0434519015
v -0.00821855012 0.0236351993 -0.0319915004
v -0.0135677001 0.0348404013 -0.0433256999
v -0.00929346029 0.0235610008 -0.0320462994
v -0.0145741003 0.0347141996 -0.0430704989
v -0.0103759002 0.0236351993 -0.0319915004
v -0.0155499 0.0347207002 -0.0426943004
v -0.0114323003 0.0238547008 -0.0318281986
v -0.0164653994 0.0348597988 -0.042208299
v -0.0124300001 0.0242101997 -0.0315586999
v -0.0172930006 0.0351272002 -0.0416271985
v -0.0133368 0.0246869996 -0.0311871003
v -0.0180073008 0.0355147012 -0.0409689993
v -0.0142267002 0.0253449008 -0.0306561999
v -0.0185867995 0.0360108018 -0.0402533002
v -0.0148457997 0.0260115992 -0.0300925002
v -0.0152949998 0.0267248005 -0.0294559002
v -0.0190137997 0.0366001017 -0.0395021997
v -0.0192751996 0.0372648984 -0.0387382992
v -0.0155646 0.0274796002 -0.0287583992
v -0.0156271998 0.0281255003 -0.0281255003
v -0.0193633009 0.0379850008 -0.0379849002
v -0.0155792003 0.0286667999 -0.0275746994
v -0.0192751996 0.0387383997 -0.0372648984
v -0.0154064 0.0291901994 -0.0270036999
v -0.0190137997 0.0395023003 -0.0366001017
v -0.0185867995 0.0402534008 -0.0360108018
v -0.0150265004 0.0298573002 -0.0262797009
v -0.00718333013 0.0318282992 -0.0238547008
v -0.00821855012 0.031991601 -0.0236351993
v -0.0125612998 0.0434519015 -0.0350955017
v -0.00929346029 0.0320462994 -0.0235609002
v -0.0135677001 0.0433256999 -0.0348404013
v -0.0103759002 0.031991601 -0.0236351993
v -0.0145741003 0.0430704989 -0.0347141996
v -0.0114323003 0.0318282992 -0.0238547008
v -0.0155499 0.0426943004 -0.0347207002
v -0.0124300001 0.0315586999 -0.0242101997
v -0.0164653994 0.0422081985 -0.0348596983
v -0.0133368 0.0311871003 -0.0246869996
v -0.0172930006 0.041627299 -0.0351270996
v -0.0141236996 0.0307200998 -0.0252659004
v -0.0180073008 0.0409689993 -0.0355148017
v -0.0146231996 0.0303160008 -0.0257501993
v -0.00999999978 0.0278634001 -0.00787902996
v -0.00999999978 0.0287365001 0.00158545002
v -0.00999999978 -0.00397720002 -0.0286814999
v -0.00999999978 0.0236508995 -0.0163991991
v -0.00999999978 0.0171486996 -0.0233316999
v -0.00999999978 0.00859132037 -0.0274679996
v -0.00999999978 -0.0251186993 -0.0135934995
v -0.00999999978 -0.0144999996 -0.0251147002
v -0.00999999978 -0.0287801996 -6.98491975e-09
v -0.00999999978 -0.0234078001 0.0162129998
v -0.00999999978 -0.00865693018 0.0276776999
v -0.00999999978 0.00551747018 0.0282464009
v -0.00999999978 0.0170447007 0.0231900997
v -0.00999999978 0.0253113993 0.0136978999
v -0.00829964969 -0.0310967006 0.00502381008
v -0.000999946962 -0.0311482009 0.00469487021
v -0.00800003018 -0.0314554013 0.00167648995
v -0.000999946962 -0.0315000005 5.24521013e-08
v -0.00800003018 -0.0303901993 0.00828772038
v -0.000999946962 -0.0301005002 0.00928478967
v -0.00844075996 -0.0279238001 0.0145787001
v -0.000999946962 -0.0283805002 0.0136673003
v -0.00811405014 -0.0293345992 0.0114791999
v -0.00829640962 -0.0262618996 0.0173949003
v -0.000999946962 -0.0260265004 0.0177446008
v -0.00835542008 -0.0242548995 0.0201017
v -0.000999946962 -0.0230911002 0.0214253999
v -0.00820014998 -0.0219688006 0.0225754008
v -0.000999946962 -0.0196399 0.0246277004
v -0.00800003018 -0.019452 0.0247763991
v -0.00822268985 -0.0167299993 0.0266903993
v -0.000999946962 -0.0157500003 0.0272797998
v -0.00836890005 -0.0106427995 0.0296480004
v -0.000999946962 -0.0115082003 0.0293226
v -0.00812142994 -0.0137759997 0.0283288993
v -0.00829795003 -0.00750011019 0.0305943005
v -0.000999946962 -0.00700940983 0.0307103004
v -0.00827820972 -0.00420540012 0.0312191006
v -0.000999946962 -0.002354 0.0314119011
v -0.00828140974 -0.000849474978 0.0314901993
v -0.000999946962 0.002354 0.0314119011
v -0.00800003018 0.00251326011 0.0313994996
v -0.0082919104 0.00580454012 0.0309609994
v -0.000999946962 0.00700940983 0.0307103004
v -0.00811454002 0.00908573996 0.0301619004
v -0.000999946962 0.0115082003 0.0293226
v -0.00837134011 0.0123086004 0.0289945994
v -0.00800003018 0.0152634 0.027555
v -0.000999946962 0.0157500003 0.0272797998
v -0.00811734982 0.0181123 0.0257728994
v -0.000999946962 0.0196399 0.0246277004
v -0.00823127013 0.0231468994 0.0213651005
v -0.000999946962 0.0230911002 0.0214253999
v -0.00850838982 0.0207851008 0.0236703996
v -0.00843549985 0.0252675004 0.0188119002
v -0.000999946962 0.0260265004 0.0177446008
v -0.00844127033 0.0287040006 0.0129744001
v -0.000999946962 0.0283805002 0.0136673003
v -0.00811615027 0.0271439999 0.0159840994
v -0.00844105985 0.0298918001 0.00993673038
v -0.000999946962 0.0301005002 0.00928478967
v -0.00811719988 0.0307866 0.00666842982
v -0.000999946962 0.0311482009 0.00469487021
v -0.00800003018 0.0313214995 0.00334827998
v -0.000999946962 0.0315000005 5.24521013e-08
v -0.00800003018 0.0315000005 5.24521013e-08
v -0.00800003018 0.0313214995 -0.0033483
v -0.000999946962 0.0311482009 -0.00469489023
v -0.00809558015 0.0299034007 -0.00990154035
v -0.000999946962 0.0301005002 -0.00928479992
v -0.00811722036 0.0307867005 -0.00666779978
v -0.00816287007 0.0286919996 -0.0130011002
v -0.000999946962 0.0283805002 -0.0136673003
v -0.00811586995 0.0271444004 -0.0159834009
v -0.000999946962 0.0260265004 -0.0177446008
v -0.0083687501 0.0252411999 -0.0188462008
v -0.00850895979 0.0231596008 -0.0213526003
v -0.000999946962 0.0230911002 -0.0214253999
v -0.00813362002 0.0207537003 -0.0236971993
v -0.000999946962 0.0196399 -0.0246275999
v -0.00836949982 0.0152377002 -0.0275692008
v -0.000999946962 0.0157500003 -0.0272797998
v -0.00820438005 0.0181067009 -0.0257776007
v -0.00800003018 0.0122480001 -0.0290213004
v -0.000999946962 0.0115082003 -0.0293226
v -0.0083459001 0.0090986602 -0.0301584005
v -0.000999946962 0.00700940983 -0.0307103004
v -0.00844135974 0.00574494991 -0.0309718996
v -0.00800003018 0.00251326011 -0.0313996002
v -0.000999946962 0.002354 -0.0314120017
v -0.00800003018 -0.000838546024 -0.0314887986
v -0.000999946962 -0.002354 -0.0314120017
v -0.00836964976 -0.00750047993 -0.0305939
v -0.000999946962 -0.00700940983 -0.0307103004
v -0.00827828981 -0.00420458009 -0.0312191993
v -0.00800003018 -0.0106859999 -0.0296320003
v -0.000999946962 -0.0115082003 -0.0293226
v -0.00810503028 -0.0137745002 -0.0283291005
v -0.000999946962 -0.0157500003 -0.0272797998
v -0.00836948026 -0.0167676993 -0.0266667008
v -0.00800003018 -0.019452 -0.0247763991
v -0.000999946962 -0.0196399 -0.0246275999
v -0.00850418955 -0.0219545998 -0.0225897003
v -0.000999946962 -0.0230911002 -0.0214253999
v -0.00827750005 -0.0242410004 -0.0201178007
v -0.000999946962 -0.0260265004 -0.0177446008
v -0.00800003018 -0.0262493994 -0.0174132008
v -0.00815717969 -0.0279434994 -0.0145402001
v -0.000999946962 -0.0283805002 -0.0136673003
v -0.00811398961 -0.0293343998 -0.0114797
v -0.00100030005 -0.0301008001 -0.00928410981
v -0.00800003018 -0.0310989991 -0.00501054991
v -0.000999946962 -0.0311482009 -0.00469489023
v -0.00811577961 -0.0314554013 -0.00168163003
v -0.00900262035 0.0292863995 0.00663765008
v -0.00900259987 0.0298388004 0.00337569998
v -0.00900265016 0.0283783991 0.00981912017
v -0.00900266971 0.0271259993 0.0128813004
v -0.00899995957 0.0255576 0.0157101993
v -0.00899995957 0.0135460002 0.0267677009
v -0.00900799036 0.0172323994 0.0246117003
v -0.00895007979 0.0136409998 0.0277105998
v -0.00900426973 0.00936890021 0.0285895001
v -0.00896625966 -0.0137294 -0.0277721994
v -0.00900335982 -0.00893034041 -0.0286523998
v -0.00900044013 -0.0120166 -0.0274988003
v -0.00900265016 -0.0163596999 -0.0252133999
v -0.00899238978 -0.0218889005 -0.0213178005
v -0.00900041964 -0.0202945005 -0.0221069995
v -0.00900026038 -0.0232263003 -0.0190423001
v -0.00900267996 -0.0263752006 -0.0143561
v -0.00897299964 -0.0291575994 -0.0104532
v -0.0090026604 -0.0277944002 -0.0113674998
v -0.00900262967 -0.0288762003 -0.00824099034
v -0.00898110028 -0.0303252004 -0.00406489009
v -0.00900124013 -0.0299357008 -0.00272097997
v -0.00900136027 -0.0298127998 0.00385053991
v -0.00898110028 -0.0304991994 0.0024371699
v -0.00900251977 -0.0289158002 0.00810100976
v -0.00900037028 -0.0246849004 0.0170658007
v -0.00899995957 -0.0263842009 0.0142785003
v -0.0090084197 -0.0165340006 0.0251094997
v -0.00900036003 -0.0106408 0.0281080995
v -0.00900391955 -0.00276100007 0.0298769008
v -0.00900240988 -0.0058283601 0.0294582006
v -0.00897695962 0.00267900992 0.0308526997
v -0.00899996981 0.0021891701 0.0299616009
v -1.90735001e-08 0.0162499994 -0.0281459
v -1.90735001e-08 0.0202633999 -0.0254094992
v -1.90735001e-08 0.0238242 -0.0221056007
v -1.90735001e-08 0.0268527996 -0.0183079001
v -1.90735001e-08 0.0292815007 -0.0141011998
v -1.90735001e-08 -0.0162499994 -0.0281459
v -1.92898e-08 -0.00723649003 -0.0316842012
v -1.90735001e-08 -0.00242873002 -0.0324091017
v -1.90735001e-08 0.00242873002 -0.0324091017
v -1.92898995e-08 0.00723844999 -0.0316836014
v -1.90735001e-08 -0.0310561005 -0.00957948994
v -1.90735001e-08 -0.0292815007 -0.0141011998
v -1.90735001e-08 -0.0268527996 -0.0183079001
v -1.90735001e-08 -0.0238242 -0.0221056007
v -1.90735001e-08 -0.0202633999 -0.0254094992
v -1.90735001e-08 -0.0310561005 0.00957958959
v -1.90735001e-08 -0.0321369991 0.00484387996
v -1.90735001e-08 -0.0324999988 5.24521013e-08
v -1.90735001e-08 -0.0321369991 -0.00484389998
v -1.90735001e-08 -0.0268527996 0.0183079001
v -1.90735001e-08 -0.0292815007 0.0141011998
v -1.90735001e-08 -0.0162499994 0.0281457994
v -1.90735001e-08 -0.0202633999 0.0254094992
v -1.90735001e-08 -0.0238242 0.0221056007
v -1.90735001e-08 0.0162499994 0.0281457994
v -1.90735001e-08 0.00723192981 0.0316851996
v -1.90735001e-08 0.00242873002 0.0324091017
v -1.90735001e-08 -0.00242873002 0.0324091017
v -1.90735001e-08 -0.00723192981 0.0316851996
v -1.90735001e-08 0.0268527996 0.0183079001
v -1.90735001e-08 0.0238242 0.0221056007
v -1.90735001e-08 0.0202633999 0.0254094992
v -1.90735001e-08 0.0310561005 0.00957958959
v -1.90735001e-08 0.0292815007 0.0141011998
v -1.90735001e-08 0.0310561005 -0.00957948994
v -1.90735001e-08 0.0321369991 -0.00484389998
v -1.90735001e-08 0.0324999988 5.24521013e-08
v -1.90735001e-08 0.0321369991 0.00484387996
v -0.00985419005 0.0296048 0.00152612
v -0.00985371973 0.0289066993 0.00636842009
v -0.00985372998 0.0280306004 0.00950985029
v -0.00988238025 0.0263983998 0.0133552002
v -0.00993646029 0.0225772001 0.0188861992
v -0.00994988997 0.0175222997 0.0235923007
v -0.00991468038 0.0112672001 0.0272669997
v -0.00993543956 0.00534739019 0.0289491992
v -0.00993543956 -0.00111237995 0.0294179991
v -0.00985371973 -0.00556960981 0.0290712006
v -0.0097828703 -0.010369 0.0278827995
v -0.00980988983 -0.0147441998 0.0257619005
v -0.00981026981 -0.0188216008 0.0230100006
v -0.00988836959 -0.0226213001 0.0190469008
v -0.00992375985 -0.0266001001 0.0126946
v -0.0098542003 -0.0289030001 0.00658704992
v -0.00987990014 -0.0295847002 -0.00056713901
v -0.00975948013 -0.0293770991 -0.00478328997
v -0.0098542003 -0.0280725006 -0.00952407997
v -0.00988238957 -0.0256226994 -0.0147888996
v -0.00994987041 -0.0211666003 -0.0203865003
v -0.00980983954 -0.0176698007 -0.0238505006
v -0.00983277988 -0.0144354999 -0.0259230006
v -0.00993543956 -0.00693360018 -0.0286107995
v -0.00992373005 -0.000940203026 -0.0294591002
v -0.00988235045 0.00486573996 -0.0291815996
v -0.00975948013 0.0103262998 -0.0279153008
v -0.00985214021 0.0156762991 -0.0251746997
v -0.00985207967 0.0230013002 -0.0187205002
v -0.00992377009 0.0258600991 -0.0141412001
v -0.00985372998 0.0279610995 -0.00971233007
v -0.00986885 0.0290616993 -0.00563000003
v -0.00966874976 0.0202785004 -0.0219033007
v -0.00954387989 0.0201404002 0.0221187007
v -0.00954372995 0.0148160998 0.0259878002
v -0.00951889995 0.00566418003 0.0293856002
v -0.00951416977 0.000846476993 0.0298804007
v -0.00951888971 -0.0255341996 0.0156076998
v -0.00958645996 -0.0214460008 -0.0208032001
v -0.00958636031 -0.0105168 -0.0279661007
v -0.00951432995 0.0134766996 -0.0266819
v -0.00943033956 0.0254980996 0.0156605002
v -0.0094302902 0.0236205999 0.0183704998
v -0.00943025015 -0.00245973002 0.0298221
v -0.00943030044 -0.0277197007 0.0112707997
v -0.00944438018 -0.0298640002 0.00173065998
v -0.00943027996 -0.0245967992 -0.0170414001
v -0.00943036005 -0.00574772991 -0.0293662008
v -0.00943022035 -0.00248215999 -0.0298203006
v -0.00943030044 0.000813358987 -0.0299123004
v -0.00943033956 0.00733490987 -0.0290105008
v -0.00943037961 0.0254864004 -0.0156795997
v -0.00943038985 0.0270566009 -0.0127808005
v -0.00943033025 0.0297404993 -0.00330291991
v -0.00900753029 -0.0217790008 0.0207304992
v -0.00900369976 0.00345962006 -0.0298452005
v -0.00900251046 0.0284256004 -0.00968168024
v -0.00899995957 0.0292738993 -0.00656038988
v -0.00900257006 0.0300290994 7.27439037e-05
v -0.00900026038 0.0221421998 0.0202926993
v -0.00900700968 0.0178522002 -0.0241868999
v -0.00900022965 0.0231417008 -0.0191450007
v -0.00900143012 -0.00384569005 -0.0297957994
v -0.00900286995 0.00916272961 -0.0286151003
v -0.00899995957 0.0135460002 -0.0267677009
v -0.00899995957 0.0255576 -0.0157101993
v -0.00892044976 0.0232097991 0.0205320008
v -0.00885382015 0.0268501006 0.0156929996
v -0.00896222983 0.0286052991 0.0111849001
v -0.00885380991 0.0304202009 0.00646591978
v -0.00882854965 0.0291326009 -0.0111496001
v -0.00876318011 0.0309405997 -0.00455249986
v -0.00888647977 0.0263692997 -0.0164454002
v -0.00884776004 0.0194319002 -0.0243247002
v -0.00852532964 0.0122274999 -0.0289034992
v -0.00895006023 0.0133721996 -0.0278412998
v -0.00896057021 0.00769010978 -0.0298728999
v -0.0089232102 0.00237516011 -0.0308391005
v -0.00890535954 -0.00220825989 -0.0309465006
v -0.00852521043 -0.0106218997 -0.0295314007
v -0.00895003974 -0.00906001963 -0.0295275003
v -0.00895006955 -0.0178753007 -0.0251879003
v -0.0085160099 -0.0193985999 -0.0246798005
v -0.00843020994 -0.0261914991 -0.0173620004
v -0.00892382022 -0.0249405 -0.0183656998
v -0.00885380991 -0.0276472997 -0.0142416004
v -0.00842925999 -0.0303188004 -0.00826098025
v -0.00859932043 -0.0309596006 -0.0049550999
v -0.00885380991 -0.0310613997 -0.00154485996
v -0.00886480976 -0.0309833996 0.0027970199
v -0.00860735029 -0.0302472003 0.00822522026
v -0.00891274028 -0.0288450997 0.0114807002
v -0.00893548038 -0.0250170995 0.0182018001
v -0.00883536972 -0.0204304997 0.0234837998
v -0.00887160003 -0.0146554997 0.0274381004
v -0.00893648993 -0.00835684035 0.0297838002
v -0.00892376993 -0.00234037009 0.0308845993
v -0.00888225995 0.00818771962 0.0299861003
v -0.00852590986 0.0151816001 0.0274665002
v -0.0087883696 0.0179616995 0.0254654009
v -0.00889066979 0.0310645998 -0.000539847999
v -0.00875812024 0.0310992002 0.00322662992
v -0.0199999996 0.0478673987 -0.00367532996
v -0.0201903991 0.0485463999 -0.00399369979
v -0.0199999996 0.0476332009 -0.00592298014
v -0.0203857999 0.0492619984 -0.00418539019
v -0.0205841996 0.0500000007 -0.00425000023
v -0.0214633998 0.0534818992 -0.00243702997
v -0.0215566009 0.0537735 -0.00196400005
v -0.0216112006 0.0539936982 -0.00145359
v -0.0216624998 0.0542039983 -0.00069411099
v -0.0207799003 0.0507379994 -0.00418539019
v -0.0209669005 0.0514536016 -0.00399369979
v -0.0216537993 0.0534814 -0.00862391014
v -0.0211401004 0.0521249995 -0.00368064991
v -0.0212948993 0.0527318008 -0.00325566996
v -0.0213971008 0.0531364009 -0.00287403003
v -0.0215950999 0.0283349995 -0.045947399
v -0.0215333998 0.0286806002 -0.0454263017
v -0.0214578994 0.0289300997 -0.0449295007
v -0.0216537993 0.0326678008 -0.0432133004
v -0.0213641003 0.0291050002 -0.0444019996
v -0.0212948993 0.0291853994 -0.0440393016
v -0.0211401004 0.0292499997 -0.0433012992
v -0.0209669005 0.0291853994 -0.0425633006
v -0.0205841996 0.0286806002 -0.0411763005
v -0.0203857999 0.0282556992 -0.0405693986
v -0.0199999996 0.0289459992 -0.0382900983
v -0.0207799003 0.0289936997 -0.0418476984
v -0.0201903991 0.0277318005 -0.0400456004
v -0.0199999996 0.0271095 -0.0396117009
v -0.0216537993 0.0345431007 -0.0417300984
v -0.0199999996 0.0331225991 -0.0347403996
v -0.0215980001 0.0372378007 -0.0390565991
v -0.0199999996 0.0368672013 -0.0307376999
v -0.0216537993 0.0432284996 -0.0326485001
v -0.0216537993 0.041730199 -0.0345431007
v -0.0216537993 0.0457331985 -0.0290364008
v -0.0199999996 0.0401310995 -0.0263342001
v -0.0199999996 0.0428716987 -0.0215873998
v -0.0216537993 0.0479367003 -0.0252330005
v -0.0216537993 0.0513845012 -0.0171539001
v -0.0216537993 0.0498245992 -0.0212634001
v -0.0199999996 0.0450532995 -0.0165590998
v -0.0216537993 0.0526060984 -0.0129314996
v -0.0199999996 0.0466473997 -0.0113148
v -0.0131599 0.0465073995 -0.0337866992
v -0.0212823991 0.0449483991 -0.0322205015
v -0.0209468007 0.0453662015 -0.0317672007
v -0.0104914997 0.0465955995 -0.0348718986
v -0.00749995001 0.0483294018 -0.0338417999
v -0.00747183012 0.0457614996 -0.0372608006
v -0.0139154 0.0336367004 -0.0463646017
v -0.0107914004 0.0346666984 -0.0466490984
v -0.00749995001 0.0338417999 -0.0483294018
v -0.00749472994 0.0372245982 -0.0457835011
v -0.00749995001 0.0283374004 -0.0517493002
v -0.0209468007 0.0258034002 -0.049020499
v -0.00749995001 0.0285806004 -0.0515982993
v -0.0209468007 0.0296928007 -0.0467671007
v -0.0211871993 0.0322380997 -0.0449686013
v -0.00749995001 0.0100582 -0.0581362993
v -0.0209468007 0.00881887041 -0.0546904989
v -0.00749995001 0.0109225996 -0.0579373017
v -0.0209468007 0.0132237999 -0.0537955016
v -0.00749995001 0.0163733996 -0.056682501
v -0.0209468007 0.0153607996 -0.0531772003
v -0.00749995001 0.0170217007 -0.0564559996
v -0.0209468007 0.0175416991 -0.0525461994
v -0.00749995001 0.0224910993 -0.0545450002
v -0.0209468007 0.0211092997 -0.0511921011
v -0.00749995001 0.02293 -0.0543350987
v -0.0209468007 0.0217441991 -0.0509511009
v -0.00749995001 -0.0093042301 -0.0582617
v -0.0212366991 -0.0090622101 -0.0545726009
v -0.00749995001 -0.00782429986 -0.0584154017
v -0.0209468007 -0.00462668994 -0.0552034006
v -0.00749995001 -0.0028585 -0.0589306988
v -0.0209468007 -0.00268200994 -0.055287201
v -0.00749995001 -0.00157097995 -0.0589223988
v -0.0209468007 -0.000135869996 -0.0553966984
v -0.00749995001 0.00362171 -0.0588886999
v -0.0209468007 0.00339937001 -0.0552618988
v -0.00749995001 0.00470159994 -0.0587624982
v -0.0209468007 0.00435583992 -0.0552253984
v -0.00749995001 -0.0276645999 -0.0521120988
v -0.0213032998 -0.0259904005 -0.0488138013
v -0.00749995001 -0.0257684998 -0.0529888012
v -0.0209468007 -0.0219937991 -0.0508438013
v -0.00749995001 -0.0217825007 -0.0548316985
v -0.0209468007 -0.0204370003 -0.0514434986
v -0.00749995001 -0.0199916996 -0.0554316007
v -0.0209468007 -0.0177992992 -0.0524595007
v -0.00749995001 -0.0156376995 -0.0568899997
v -0.0214117002 -0.0146433003 -0.0532586016
v -0.00749995001 -0.0139877005 -0.0572472997
v -0.0209468007 -0.0134875998 -0.0537299998
v -0.00749995001 -0.043045301 -0.0403496996
v -0.0209468007 -0.0402791016 -0.0380318016
v -0.00749995001 -0.0411004983 -0.0422083996
v -0.0213032998 -0.0370206013 -0.0410821997
v -0.00749995001 -0.0383604988 -0.0448272005
v -0.0209468007 -0.0359929986 -0.0420596004
v -0.00749995001 -0.0363828018 -0.0463396013
v -0.0209468007 -0.0336030982 -0.0440416001
v -0.00749995001 -0.0332129002 -0.0487638004
v -0.0209468007 -0.0311612003 -0.0457524993
v -0.00749995001 -0.0312528014 -0.0499465987
v -0.0213006008 -0.0299004 -0.0465243012
v -0.00749995001 -0.0537898988 -0.0242414996
v -0.0213034004 -0.0502124988 -0.0231727008
v -0.00749995001 -0.0522747003 -0.0271635
v -0.0209468007 -0.0482601002 -0.0271990001
v -0.00749995001 -0.0508068018 -0.0299944002
v -0.0209468007 -0.0476751998 -0.0281447992
v -0.00749995001 -0.0490915999 -0.0325658992
v -0.0212329999 -0.0458498001 -0.0309549998
v -0.00749995001 -0.0472108983 -0.0353856012
v -0.0209468007 -0.044292599 -0.0331986994
v -0.00749995001 -0.0453528017 -0.0375998989
v -0.0212313998 -0.0431975983 -0.0345620997
v -0.00749995001 -0.0587409995 -0.00552232005
v -0.0213732999 -0.0549613014 -0.0059529799
v -0.00749967992 -0.057782799 -0.0119244996
v -0.0209468007 -0.0544149987 -0.0103839999
v -0.0209468007 -0.0542256013 -0.0111963004
v -0.00749995001 -0.0568368994 -0.0155007001
v -0.0213025007 -0.0533137992 -0.0146966996
v -0.00749995001 -0.0561240017 -0.0181961004
v -0.0209468007 -0.0526533984 -0.0170711
v -0.00749995001 -0.054866299 -0.0214536004
v -0.0209468007 -0.0520213991 -0.0190418009
v -0.00749995001 -0.0573653989 0.0137916002
v -0.0209468007 -0.0540947989 0.0119407997
v -0.00749995001 -0.0581744015 0.00937108975
v -0.0209468007 -0.0548847988 0.00751572009
v -0.00749995001 -0.058531899 0.00741714006
v -0.0209468007 -0.0549377985 0.0069623501
v -0.00749995001 -0.0588368997 0.00313441991
v -0.0209468007 -0.0553134009 0.00304120011
v -0.00749995001 -0.0589923002 0.000953131006
v -0.0209468007 -0.0553442016 0.000894361001
v -0.00749995001 -0.0588335991 -0.00313694007
v -0.0213013999 -0.0552866012 -0.00138795003
v -0.00749995001 -0.0498112999 0.0316202007
v -0.0212338995 -0.0448919013 0.0323293991
v -0.0209468007 -0.047460001 0.0285720993
v -0.00749995001 -0.0523015 0.0271751992
v -0.0209468007 -0.0496203005 0.0246303994
v -0.00749995001 -0.0529786013 0.0259665996
v -0.0209468007 -0.0497336015 0.0243765991
v -0.00749995001 -0.0548882 0.0214597993
v -0.0212360006 -0.0513690002 0.0205307007
v -0.00749995001 -0.0555067994 0.0199998002
v -0.0209468007 -0.0520753004 0.0187637005
v -0.00749995001 -0.0568532012 0.0155026
v -0.0212335996 -0.0528600998 0.0163186006
v -0.00749995001 -0.0491221994 0.0325842015
v -0.0209468007 -0.0431983992 0.0346136987
v -0.00749995001 -0.0460430011 0.0368922018
v -0.0209468007 -0.0422183983 0.0358668007
v -0.00749995001 -0.0453860015 0.0376257002
v -0.0212979 -0.0391079001 0.0391029008
v -0.00749995001 -0.0368922986 0.0460431017
v -0.0213700999 -0.0358080007 0.0421205014
v -0.00750117004 -0.0417382009 0.0416966006
v -0.00750066992 -0.0137833003 0.057366401
v -0.0209468007 -0.0119407 0.0540946983
v -0.0209468007 -0.0162870996 0.052948501
v -0.00749997003 -0.0199992005 0.0555070005
v -0.0209468007 -0.0205262993 0.051453799
v -0.00750039984 -0.0259729009 0.0529747009
v -0.0209468007 -0.0246303007 0.0496203005
v -0.0074996599 -0.0316096991 0.0498186983
v -0.0213041008 -0.0284867007 0.0473998003
v -0.0209468007 -0.0296684001 0.0467378013
v -0.00749995001 -0.036417 0.0463826992
v -0.0209468007 -0.0323259011 0.0449873991
v -0.00749995001 0.0055223098 0.0587409995
v -0.0212353002 0.00592452008 0.0550022013
v -0.00749995001 0.00470585981 0.0587727018
v -0.0209468007 0.00145327998 0.0553779006
v -0.00749995001 -0.000953165989 0.0589923002
v -0.0209468007 -0.000894304016 0.0553442016
v -0.00749995001 -0.00156842999 0.0589484014
v -0.0209468007 -0.00304122991 0.0553134009
v -0.00749995001 -0.00741714006 0.058531899
v -0.0209468007 -0.00696229981 0.0549377985
v -0.00749995001 -0.0078269504 0.0584569015
v -0.0209468007 -0.00751572987 0.0548846982
v -0.00749995001 0.0242414996 0.0537898988
v -0.0213038996 0.0231420007 0.0502272993
v -0.00749995001 0.0229186993 0.0543005988
v -0.0209468007 0.0190418996 0.0520213991
v -0.00749995001 0.0181961004 0.0561240017
v -0.0209468007 0.0170709994 0.0526534989
v -0.00749995001 0.0170188993 0.0564353988
v -0.0209468007 0.0147615997 0.053394001
v -0.00749995001 0.0119311996 0.0577809997
v -0.0212836992 0.0111728003 0.0541376993
v -0.00749995001 0.0109249996 0.0579316989
v -0.0209468007 0.0103840996 0.0544149987
v -0.00749995001 0.0403496996 0.043045301
v -0.0213038009 0.0379568003 0.0402191989
v -0.00749995001 0.0388031006 0.0443431996
v -0.0209468007 0.0346410014 0.0432299003
v -0.00749995001 0.0353855006 0.0472108983
v -0.0209468007 0.0331985988 0.0442924984
v -0.00749995001 0.0338726006 0.0482201017
v -0.0212974008 0.0309912991 0.0458051004
v -0.00749995001 0.0299944002 0.0508068018
v -0.0213500001 0.0280895997 0.0475814007
v -0.00749995001 0.0285577998 0.0515518002
v -0.0209468007 0.0271990001 0.0482601002
v -0.00749995001 0.0521120988 0.0276645999
v -0.0209468007 0.048893299 0.0260435995
v -0.00749995001 0.0507582016 0.0299079996
v -0.0209468007 0.0466209017 0.0299217999
v -0.00749995001 0.0487638004 0.0332127996
v -0.0209468007 0.0457524993 0.0311612003
v -0.00749995001 0.0472938009 0.0351351015
v -0.0212303009 0.0439975001 0.0335372016
v -0.00749995001 0.0448270999 0.0383604988
v -0.0209468007 0.0420596004 0.0359929986
v -0.00749995001 0.0432936996 0.039965
v -0.0209468007 0.041172199 0.0370630994
v -0.00749995001 0.0582617 0.00930421986
v -0.0212353002 0.0545684993 0.00908648036
v -0.00749995001 0.0575798005 0.0124527998
v -0.0209468007 0.0537299998 0.0134875001
v -0.00749995001 0.0568898991 0.0156376995
v -0.0209468007 0.0533808991 0.0146725001
v -0.00749995001 0.0559303984 0.0185023993
v -0.0213709995 0.052367501 0.0177206006
v -0.00749995001 0.0548317991 0.0217825994
v -0.0214220993 0.0513317995 0.0203722995
v -0.00749995001 0.0536479987 0.0243427996
v -0.0209468007 0.0508438013 0.0219937991
v -0.00749995001 0.0581362993 -0.0100582
v -0.0213034991 0.0545995012 -0.00878318958
v -0.00749995001 0.0585802011 -0.00626129983
v -0.0209468007 0.0552253984 -0.00435585016
v -0.00749995001 0.0588886999 -0.00362176006
v -0.0209468007 0.0552618988 -0.00339931995
v -0.00749995001 0.058912199 5.29289025e-07
v -0.0212343 0.0553205013 0.000102095997
v -0.00749995001 0.0589306988 0.00285844994
v -0.0209468007 0.055287201 0.00268201996
v -0.00749995001 0.0585775003 0.00626211986
v -0.0209468007 0.0552034006 0.00462668017
v -0.00749995001 0.0517493002 -0.0283374004
v -0.0212359 0.0489611998 -0.0257498994
v -0.00750056002 0.054549899 -0.0224760994
v -0.0209468007 0.0509511009 -0.0217441991
v -0.0209468007 0.0511921011 -0.0211092997
v -0.00749995001 0.0559380986 -0.0185039006
v -0.0213031992 0.0524420999 -0.0175541006
v -0.00749995001 0.056682501 -0.0163735002
v -0.0209468007 0.0531772003 -0.0153607996
v -0.00749995001 0.0575851016 -0.0124527998
v -0.0213709995 0.0536696017 -0.01327
v -0.00749995001 0.050769899 -0.0299139004
v -0.0212431997 0.0466682017 -0.0297037996
v -0.0214866996 0.0175340995 -0.0522381999
v -0.0213500001 -0.00456234999 -0.0550144985
v -0.0214859992 -0.0219583996 -0.050539501
v -0.0214869995 -0.0334077999 -0.0438190997
v -0.0215307008 -0.0477022007 -0.0275206994
v -0.0213422999 -0.0518224984 -0.0190462992
v -0.0214866009 -0.0541460998 -0.0102223
v -0.0214156993 -0.0550756007 0.00304563995
v -0.0213425998 -0.0546969995 0.00752008986
v -0.0214859005 -0.041933801 0.035748899
v -0.0214862004 -0.0205316003 0.0511353016
v -0.0214865003 -0.00312519004 0.0550138988
v -0.0214159992 0.00145282003 0.0551403016
v -0.0215307008 0.0139803998 0.053266
v -0.0212743003 0.0189571008 0.0518982001
v -0.0214930996 0.034410201 0.0430230983
v -0.0214859992 0.0464257002 0.0296828002
v -0.0215544999 0.053426899 0.0132307997
v -0.0214153994 0.0549589992 0.00470555015
v -0.0213422999 0.0550387986 -0.00436859019
v -0.0214868002 0.0506367013 -0.0217301007
v -0.0216537993 -0.0328602009 -0.0430678986
v -0.0216291007 -0.0278124008 -0.0464877002
v -0.0216669999 -0.0271269009 -0.0469807982
v -0.0216537993 -0.0491942018 -0.0226838998
v -0.0216537993 -0.0471931994 -0.0265976992
v -0.0216688998 -0.0495862998 -0.0228646994
v -0.0216537993 -0.0537298992 -0.00668032002
v -0.0216537993 -0.0532119982 -0.0101546003
v -0.0216841009 -0.0537917987 -0.00801885966
v -0.0216537993 -0.0536713004 0.00734954001
v -0.0215841997 -0.0539591983 0.00156502996
v -0.0216636006 -0.0541660003 0.000841367
v -0.0216537993 -0.0412850007 0.0350737981
v -0.0216537993 -0.0439926982 0.031611301
v -0.0216841009 -0.0428426005 0.0335018001
v -0.0216537993 -0.0326450989 0.0431841984
v -0.0216537993 -0.0350737981 0.0412851013
v -0.0216841009 -0.0335018001 0.0428426005
v -0.0216537993 -0.0200724993 0.0503163002
v -0.0215386003 -0.0251841005 0.0475513004
v -0.0216651 -0.0277024992 0.0465964004
v -0.0216537993 -0.00734956982 0.0536713004
v -0.0216537993 -0.0116766999 0.0528987981
v -0.0216847993 -0.00923135038 0.0538919009
v -0.0216537993 -0.00297400006 0.0540906005
v -0.0216841009 -0.00518643996 0.0541383997
v -0.0216537993 0.0455901995 0.0292603001
v -0.0216537993 0.0430678017 0.0328602009
v -0.0216841009 0.0445408002 0.0312086008
v -0.0216841009 0.0491142012 -0.0233592
v -0.0214006007 0.0295857992 -0.0465696007
v -0.0216821991 0.0317662992 -0.0444961004
v -0.0216688998 0.0254340991 -0.0483187996
v -0.0216368996 0.0263531003 -0.0473301001
v -0.0216685999 0.0267974995 -0.0471525006
v -0.0216713995 0.0271249991 -0.0469819009
v -0.0216685999 0.0274369996 -0.0467832014
v -0.0216706004 0.0277824998 -0.0465179011
v -0.0216685999 -0.0274363998 -0.0467834994
v -0.0216685999 -0.0267968997 -0.0471527018
v -0.0216684993 -0.0263935998 -0.0473195016
v -0.0216713995 -0.0542499982 5.24521013e-08
v -0.0216685999 -0.0542339012 -0.000369615998
v -0.0216703992 -0.0541766994 -0.000802058028
v -0.0216537993 -0.0263532009 0.0473301001
v -0.0216685999 -0.0267974995 0.0471525006
v -0.0216688998 0.0267882999 0.0475313999
v -0.0216700006 0.0269609001 0.0470672995
v -0.0216565002 0.0264094993 0.0473151989
v -0.0216537993 0.0338751003 0.0422741994
v -0.0215345006 0.0285879001 0.0455867983
v -0.0216688998 0.0305780992 0.045239199
v -0.0216537993 0.0278124008 0.0464877002
v -0.0216685999 0.0274363998 0.0467834994
v -0.0216537993 0.053438399 0.00888615008
v -0.0216688998 0.0544131994 0.00456045987
v -0.0216603 0.0542018004 0.000705744023
v -0.0216713995 0.0542499982 5.24521013e-08
v -0.0216540005 0.0546448007 0.000134014001
v -0.0216927007 0.0444989018 -0.0317597017
v -0.0216537993 0.0371909998 0.0393886007
v -0.0216688998 0.0374873988 0.0397025011
v -0.0216537993 0.0210737996 0.0498587005
v -0.0216537993 0.0186209008 0.0508713014
v -0.0216556992 0.0198120009 0.0510646999
v -0.0216537993 -0.0485231988 0.0240857992
v -0.0216537993 -0.0503161997 0.0200724993
v -0.0216540005 -0.0507148989 0.0202315003
v -0.0214090999 -0.0494269989 0.0245060995
v -0.0216537993 -0.00888613984 -0.053438399
v -0.0216537993 -0.00452439999 -0.0539828986
v -0.0216811001 -0.00712883985 -0.0542208999
v -0.0216240007 0.0484672002 -0.0255121998
v -0.0216502007 0.0542334989 -0.00649796985
v -0.0216540005 0.0538618006 0.00895654038
v -0.0216537993 0.0525421016 0.0131893996
v -0.0216537993 0.0512997992 0.0174058005
v -0.0216841009 0.0507511012 0.0195496008
v -0.0216537993 0.0497196987 0.0215076003
v -0.0214246996 0.0486566983 0.0259569008
v -0.0216537993 0.0478123985 0.0254678
v -0.0216240007 0.0435445011 0.0332239009
v -0.0214936994 0.0409374982 0.0368655995
v -0.0216537993 0.0402618982 0.0362436995
v -0.0216537993 0.0144352 0.0522135012
v -0.0216537993 0.0101544997 0.0532119982
v -0.0216537993 0.00580694014 0.0538601018
v -0.0216889009 0.00495627988 0.0544041991
v -0.0216537993 0.00142115005 0.0541535988
v -0.0213519 -0.00752157019 0.054686401
v -0.0213421006 -0.0118749002 0.0539199002
v -0.0216537993 -0.015927 0.0517779998
v -0.0215703007 -0.0160681009 0.0525377989
v -0.0216688998 -0.0242778007 0.0489099994
v -0.0214246996 -0.0245498996 0.0493816994
v -0.0216713995 -0.0271249991 0.0469819009
v -0.0216345992 -0.0313926004 0.0449840017
v -0.0216537993 -0.0383054987 0.0383055992
v -0.0216390006 -0.0456289984 0.0300615001
v -0.0213513002 -0.0473069996 0.0284484997
v -0.0216537993 -0.046410799 0.0279403999
v -0.0216537993 -0.0517779998 0.015927
v -0.0216240007 -0.0523510017 0.0161032993
v -0.0214242004 -0.0538579002 0.0118592
v -0.0216537993 -0.0528987981 0.0116766999
v -0.0216540005 -0.0540965013 0.00740781007
v -0.0216688998 -0.0545534007 0.000782631978
v -0.0216685999 -0.0542340018 0.000368885987
v -0.0216537993 -0.0522135012 -0.0144352
v -0.0216540005 -0.0512744002 -0.0187684
v -0.0216537993 -0.0508713014 -0.0186209008
v -0.0216537993 -0.0448813997 -0.0303361993
v -0.0216540005 -0.0426090993 -0.0341435
v -0.0216537993 -0.0422741994 -0.0338752009
v -0.0214945003 -0.0400377996 -0.0378387012
v -0.0216537993 -0.0393886007 -0.0371909998
v -0.0216537993 -0.0362436995 -0.0402618982
v -0.0216688998 -0.0365325995 -0.0405827984
v -0.0216688998 -0.0294934995 -0.0459536016
v -0.0216688998 -0.0256708004 -0.0481934994
v -0.0216537993 -0.0210842006 -0.0498827994
v -0.0216026008 -0.0256239995 -0.0475125983
v -0.0216537993 -0.0174058005 -0.0512997992
v -0.0216211993 -0.0177993998 -0.051899001
v -0.0216537993 -0.0131893996 -0.052542001
v -0.0216537993 -0.000132866 -0.0541720986
v -0.0216899998 0.00305656996 -0.0544683002
v -0.0215703007 -0.000223552997 -0.0549396016
v -0.0214242991 0.00436537014 -0.0549749993
v -0.0216537993 0.00425953977 -0.0540045016
v -0.0216537993 0.00862389989 -0.0534814
v -0.0214868002 0.00866222009 -0.0544172004
v -0.0216537993 0.0129314996 -0.0526061989
v -0.0216841009 0.0151145998 -0.0522436984
v -0.0215703007 0.0130289001 -0.0533728004
v -0.0216537993 0.0171539001 -0.0513845012
v -0.0215611998 0.0215945002 -0.0506111011
v -0.0216537993 0.0210874993 -0.0498914011
v -0.0214157999 0.0256414991 -0.0488375984
v -0.00674080988 0.037194401 -0.0447298996
v -0.00680423016 0.0392132998 -0.0456952006
v -0.00548755983 0.0392149016 -0.0431843996
v -0.00613425998 0.0417893007 -0.044941701
v -0.00511112018 0.0407453999 -0.0417965017
v -0.00511112018 0.0417965017 -0.0407453999
v -0.00596180977 0.0433354005 -0.0438642018
v -0.00534739019 0.0427884012 -0.0396638997
v -0.0060374802 0.0445442982 -0.0424576998
v -0.00645845989 0.045469299 -0.0403517
v -0.00581362005 0.0436942019 -0.0385814011
v -0.00672317017 0.0447193012 -0.0372116007
v -0.00883986987 0.0458268002 -0.0353020988
v -0.0114556001 0.0462225005 -0.0339151993
v -0.0137748001 0.0459933989 -0.0332655013
v -0.00905254018 0.0351575986 -0.0458907001
v -0.0117162997 0.0338158011 -0.0462231003
v -0.0137748001 0.0332655013 -0.0459933989
v -0.0215563998 -0.0285883006 0.0455863997
v -0.0216112006 -0.0282556992 0.0460330993
v -0.0214569997 -0.0289303008 0.0449290015
v -0.0213140007 -0.0291758999 0.0441357009
v -0.0211401004 -0.0292499997 0.0433012992
v -0.0209669005 -0.0291853994 0.0425633006
v -0.0205841996 -0.0286806002 0.0411763005
v -0.0203857999 -0.0282556992 0.0405694991
v -0.0199999996 -0.0289459992 0.0382900983
v -0.0207799003 -0.0289936997 0.0418476015
v -0.0201903991 -0.0277318005 0.0400456004
v -0.0199999996 -0.0271090008 0.0396114998
v -0.0209669005 -0.0514536016 0.00399367977
v -0.0211401004 -0.0521249995 0.0036806399
v -0.0207799003 -0.0507379994 0.00418548984
v -0.0199999996 -0.0478673987 0.00367530994
v -0.0201903991 -0.0485463999 0.00399367977
v -0.0199999996 -0.0476332009 0.0059229699
v -0.0203857999 -0.0492619984 0.00418548984
v -0.0205841996 -0.0500000007 0.00424998021
v -0.0212948993 -0.0527318008 0.00325565995
v -0.0213958994 -0.0531364009 0.00287402002
v -0.0215102006 -0.0535875 0.00228617992
v -0.0199999996 -0.0331225991 0.0347403996
v -0.0199999996 -0.0368672013 0.0307378005
v -0.0199999996 -0.0401310995 0.0263343006
v -0.0199999996 -0.0428716987 0.0215873998
v -0.0199999996 -0.0450532995 0.0165590998
v -0.0199999996 -0.0466473997 0.0113148
v -0.0216112006 -0.0257380009 0.0474867001
v -0.0216112006 0.0257380009 0.0474867001
v -0.0215565003 0.0251854993 0.0475513004
v -0.0214837994 0.0246306993 0.0475351997
v -0.0213971995 0.0240800995 0.0474545993
v -0.0212948993 0.0235463995 0.0472948998
v -0.0211401004 0.0228749998 0.0469819009
v -0.0209669005 0.0222682003 0.0465570018
v -0.0205841996 0.0213194005 0.0454263017
v -0.0203857999 0.0210062992 0.0447549
v -0.0199999996 0.0186871998 0.0442130007
v -0.0207799003 0.0217442997 0.0460330993
v -0.0201903991 0.0208145995 0.0440393016
v -0.0199999996 0.0207499992 0.0432832018
v -0.0201903991 -0.0208145995 0.0440393016
v -0.0199999996 -0.0186871998 0.0442130007
v -0.0199999996 -0.0207508001 0.0432920009
v -0.0203857999 -0.0210062992 0.0447549
v -0.0205841996 -0.0213194005 0.0454263017
v -0.0207799003 -0.0217442997 0.0460330993
v -0.0209669005 -0.0222682003 0.0465570018
v -0.0211401004 -0.0228749998 0.0469819009
v -0.0213156007 -0.0236412995 0.0473367013
v -0.0214568991 -0.0244440008 0.0475188009
v -0.0199999996 0.0135247996 0.0460551009
v -0.0199999996 0.00818607956 0.0472967997
v -0.0199999996 0.00274059991 0.0479216985
v -0.0199999996 -0.00274059991 0.0479216985
v -0.0199999996 -0.00818607956 0.0472967997
v -0.0199999996 -0.0135247996 0.0460551009
v -0.0216112006 0.0282556992 0.0460330993
v -0.0216112006 0.0539936982 0.00145356997
v -0.0215566009 0.0537735 0.00196397002
v -0.0214837007 0.0534818992 0.00243704999
v -0.0213971008 0.0531364009 0.00287395995
v -0.0212948993 0.0527318008 0.00325565995
v -0.0211401004 0.0521249995 0.0036806399
v -0.0209669005 0.0514536016 0.00399367977
v -0.0205841996 0.0500000007 0.00424998021
v -0.0203857999 0.0492619984 0.00418548984
v -0.0199999996 0.0476332009 0.0059229699
v -0.0207799003 0.0507379994 0.00418548984
v -0.0201903991 0.0485463999 0.00399367977
v -0.0199999996 0.0478592999 0.00367154996
v -0.0201903991 0.0277318005 0.0400456004
v -0.0199999996 0.0289459992 0.0382900983
v -0.0199999996 0.0271163993 0.0396167003
v -0.0203857999 0.0282556992 0.0405694991
v -0.0205841996 0.0286806002 0.0411763005
v -0.0207799003 0.0289936997 0.0418476015
v -0.0209669005 0.0291853994 0.0425633006
v -0.0213971995 0.0290569998 0.0445809998
v -0.0214837994 0.0288513992 0.0450982004
v -0.0211401004 0.0292499997 0.0433012992
v -0.0212948993 0.0291853994 0.0440393016
v -0.0199999996 0.0466473997 0.0113148
v -0.0199999996 0.0450532995 0.0165590998
v -0.0199999996 0.0428716987 0.0215873998
v -0.0199999996 0.0401310995 0.0263343006
v -0.0199999996 0.0368672013 0.0307378005
v -0.0199999996 0.0331225991 0.0347403996
v -0.0215101 -0.0248128995 -0.0475511998
v -0.0213971995 -0.0240800995 -0.0474545993
v -0.0212948993 -0.0235463995 -0.0472948998
v -0.0211401004 -0.0228749998 -0.0469819009
v -0.0209669005 -0.0222682003 -0.0465570018
v -0.0205841996 -0.0213194005 -0.0454263017
v -0.0203857999 -0.0210062992 -0.0447547995
v -0.0199999996 -0.0186871998 -0.0442130007
v -0.0207799003 -0.0217442997 -0.0460330993
v -0.0201903991 -0.0208145995 -0.0440393016
v -0.0199999996 -0.0207499992 -0.0432832018
v -0.0199999996 0.0207508001 -0.0432921015
v -0.0201903991 0.0208145995 -0.0440393016
v -0.0199999996 0.0186871998 -0.0442130007
v -0.0203857999 0.0210062992 -0.0447547995
v -0.0205841996 0.0213194005 -0.0454263017
v -0.0216112006 0.0257380009 -0.0474867001
v -0.0215546992 0.0251854993 -0.047543101
v -0.0207799003 0.0217442997 -0.0460330993
v -0.0209669005 0.0222682003 -0.0465570018
v -0.0211401004 0.0228749998 -0.0469819009
v -0.0213159993 0.0236405004 -0.0473363996
v -0.0214575995 0.0244440008 -0.0475188009
v -0.0199999996 -0.0135247996 -0.0460551009
v -0.0199999996 -0.00818607956 -0.0472967997
v -0.0199999996 -0.00274059991 -0.0479216985
v -0.0199999996 0.00274059991 -0.0479216985
v -0.0199999996 0.00818607956 -0.0472967997
v -0.0199999996 0.0135247996 -0.0460551009
v -1.90735001e-08 0.0485818982 0.00529234996
v -1.90735001e-08 0.0500000007 0.00550001021
v -1.90735001e-08 0.0572771989 0.0223958995
v -1.90735001e-08 0.0614128001 -0.00327320001
v -1.90735001e-08 0.054965701 -0.00231553009
v -1.90735001e-08 0.0607170016 -0.00978238042
v -1.90735001e-08 0.0485818982 -0.00529236021
v -1.90735001e-08 0.0305000003 -0.0433012992
v -1.90735001e-08 0.0512488 -0.0339972004
v -1.90735001e-08 0.050477501 -0.00545823993
v -1.90735001e-08 0.0545721985 -0.0283572003
v -1.90735001e-08 0.0523156002 -0.00496573001
v -1.90735001e-08 0.0572771989 -0.0223958995
v -1.90735001e-08 0.0593332015 -0.0161808003
v -1.90735001e-08 0.0538742989 -0.00387431006
v -1.90735001e-08 0.0607170016 0.00978237018
v -1.90735001e-08 0.0544882007 0.00314265001
v -1.90735001e-08 0.0614128001 0.00327317999
v -1.90735001e-08 0.0552924015 0.00141805003
v -1.90735001e-08 0.0615000017 5.24521013e-08
v -1.90735001e-08 0.0554581992 -0.000477499998
v -1.90735001e-08 0.0457868017 -0.00353534007
v -1.90735001e-08 0.0468573011 -0.00448824
v -1.90735001e-08 0.0455118008 0.00314265001
v -1.90735001e-08 0.0468573011 0.00448821997
v -1.90735001e-08 0.0514180996 0.00529234996
v -1.90735001e-08 0.0593332015 0.0161808003
v -1.90735001e-08 0.0531427003 0.00448821997
v -1.90735001e-08 0.0447076 0.00141805003
v -1.90735001e-08 0.0445417985 -0.000477499998
v -1.90735001e-08 0.0450343005 -0.00231553009
v -1.90735001e-08 0.0379777998 -0.0483728983
v -1.90735001e-08 0.0326208994 -0.0521356985
v -1.90735001e-08 0.0429042988 -0.0440621004
v -1.90735001e-08 0.0473448001 -0.0392520018
v -3.83031988e-08 0.0289434008 -0.0471635982
v -1.67215006e-07 0.0302469004 -0.0451225005
v -5.59333984e-08 0.0265420992 -0.0486869998
v -1.90735001e-08 0.0268943999 -0.0553077012
v -1.90735001e-08 0.0245225001 -0.0378430001
v -3.08871023e-07 0.0272802003 -0.0381845012
v -4.22979014e-07 0.0300357006 -0.0408474989
v -1.90735001e-08 0.0202369001 -0.0405513011
v -1.00186e-07 0.0217087995 -0.0387680009
v -1.90735001e-08 0.0205118004 -0.0464438982
v -1.90735001e-08 0.0198317003 -0.0451823995
v -1.90735001e-08 0.0218573008 -0.0477894992
v -1.90735001e-08 0.0195418 -0.0437787995
v -1.90735001e-08 0.0197075997 -0.0418832004
v -1.90735001e-08 0.0145955998 -0.0597429983
v -1.90735001e-08 0.0208631996 -0.057853099
v -1.90735001e-08 0.0235818997 -0.0485935993
v -1.90735001e-08 -0.00490684994 -0.0613038987
v -1.90735001e-08 0.00163715996 -0.0614782013
v -1.90735001e-08 0.00816261955 -0.0609559007
v -1.90735001e-08 -0.0200343002 -0.0456168018
v -1.90735001e-08 -0.0239126999 -0.0566607006
v -1.90735001e-08 -0.0177545995 -0.0588814989
v -1.90735001e-08 -0.0113952998 -0.0604351014
v -1.90735001e-08 -0.0211257003 -0.0471755005
v -1.90735001e-08 -0.0226844009 -0.0482669994
v -3.62266981e-08 -0.0244616996 -0.0487947986
v -1.90735001e-08 -0.0202369001 -0.0405513011
v -1.90735001e-08 -0.0197075997 -0.0418832004
v -1.90735001e-08 -0.0195418 -0.0437787995
v -7.32003969e-08 -0.0272805002 -0.0484182015
v -1.90735001e-08 -0.0297998991 -0.0537979007
v -1.90735001e-08 -0.0353493989 -0.0503255986
v -1.16957999e-07 -0.0297679007 -0.0461497009
v -1.90735001e-08 -0.0304582007 -0.0437787995
v -3.08979992e-07 -0.0274535008 -0.0382652991
v -1.90735001e-08 -0.0245225001 -0.0378430001
v -3.06926999e-08 -0.0227195006 -0.0382746011
v -1.90735001e-08 -0.0211257003 -0.039427001
v -4.2305399e-07 -0.0301165003 -0.0410207994
v -1.90735001e-08 -0.0472499989 -0.00476319017
v -1.90735001e-08 -0.0404984988 -0.0462830998
v -1.90735001e-08 -0.0529856011 -0.0312214997
v -1.90735001e-08 -0.0493667983 -0.0366766006
v -1.90735001e-08 -0.0451885983 -0.0417161994
v -1.90735001e-08 -0.0447076 0.00141805003
v -1.90735001e-08 -0.0445836 -0.000955051975
v -1.90735001e-08 -0.0450343005 -0.00231553009
v -1.90735001e-08 -0.0461256988 -0.00387431006
v -1.90735001e-08 -0.0455118008 0.00314265001
v -1.90735001e-08 -0.0485818982 0.00529234996
v -1.90735001e-08 -0.0500000007 -0.00550002977
v -1.90735001e-08 -0.0514180996 -0.00529236021
v -1.90735001e-08 -0.056003999 -0.0254124999
v -1.90735001e-08 -0.0583879985 -0.0193156991
v -1.90735001e-08 -0.0531427003 0.00448821997
v -1.90735001e-08 -0.0514180996 0.00529234996
v -1.90735001e-08 -0.0583879985 0.0193157997
v -1.90735001e-08 -0.0468573011 0.00448821997
v -1.90735001e-08 -0.0485818982 -0.00529236021
v -1.90735001e-08 -0.0544882007 -0.00314266002
v -1.90735001e-08 -0.0611516014 -0.00653702999
v -1.90735001e-08 -0.0531427003 -0.00448824
v -1.90735001e-08 -0.0601103008 -0.0130000999
v -1.90735001e-08 -0.0601103008 0.0130000999
v -1.90735001e-08 -0.0544882007 0.00314265001
v -1.90735001e-08 -0.0611516014 0.00653700996
v -1.90735001e-08 -0.0553133003 -0.00117927999
v -1.90735001e-08 -0.0615000017 5.24521013e-08
v -1.90735001e-08 -0.0552924015 0.00141805003
v -1.90735001e-08 -0.0529856011 0.0312213991
v -1.90735001e-08 -0.056003999 0.0254124999
v -1.90735001e-08 -0.0304163992 0.0442564003
v -1.90735001e-08 -0.0353493989 0.0503255986
v -1.90735001e-08 -0.0404984988 0.0462830998
v -1.90735001e-08 -0.0451885983 0.0417161994
v -1.90735001e-08 -0.0493667983 0.0366766006
v -1.90735001e-08 -0.0177545995 0.0588814989
v -1.90735001e-08 -0.0239126999 0.0566607006
v -1.90735001e-08 -0.0297998991 0.0537979007
v -1.90735001e-08 0.000781417009 0.0544315986
v -1.90735001e-08 0.00189455005 0.0540627986
v -1.90735001e-08 0.00163715996 0.0614782013
v -1.90735001e-08 -0.00353349 0.0527098998
v -1.90735001e-08 -0.0113952998 0.0604351014
v -1.90735001e-08 -0.00490684994 0.0613038987
v -1.90735001e-08 -0.00189455005 0.0540627986
v -1.90735001e-08 0.0145955998 0.0597429983
v -1.90735001e-08 0.00816261955 0.0609559007
v -1.90735001e-08 -0.00039070801 0.0544658005
v -1.90735001e-08 8.74242028e-17 0.0544999987
v -1.90735001e-08 0.0304163992 0.0442564003
v -1.90735001e-08 0.0208631996 0.0578529984
v -1.90735001e-08 0.0326208994 0.0521356016
v -1.90735001e-08 0.0268943999 0.0553077012
v -1.90735001e-08 0.0379777998 0.0483728983
v -1.90735001e-08 0.0429042988 0.0440621004
v -1.90735001e-08 0.0545721985 0.0283572003
v -1.90735001e-08 0.0512488 0.0339972004
v -1.90735001e-08 0.0473448001 0.0392520018
v -1.72432991e-07 0.0258824993 0.0487845987
v -4.42319994e-08 0.0281188004 0.0478555001
v -1.90735001e-08 0.0205118004 0.0464438982
v -5.30056994e-08 0.0221513007 0.0480692014
v -1.90735001e-08 0.0240448993 0.0487176999
v -1.43909006e-07 0.0297679007 0.0461498015
v -1.90735001e-08 0.0195418 0.0428236984
v -1.90735001e-08 0.0197075997 0.0447194017
v -5.93352979e-07 0.0305036008 0.0428077988
v -1.90735001e-08 0.0205118004 0.0401585996
v -1.90735001e-08 0.0273155998 0.038335599
v -1.90735001e-08 0.0254775006 0.0378431007
v -1.90735001e-08 0.0297631007 0.0405512005
v -1.90735001e-08 0.0288743004 0.039427001
v -1.90735001e-08 0.0235818997 0.0380088985
v -1.90735001e-08 0.0218573008 0.0388130993
v -1.44002001e-07 -0.0298510008 0.0460059009
v -4.42560015e-08 -0.0282129999 0.0477895997
v -5.43380025e-08 -0.0264842007 0.0486177988
v -1.90735001e-08 -0.0245225001 0.0487595014
v -5.29234967e-08 -0.0222952999 0.0481523015
v -1.90735001e-08 -0.0205118004 0.0464438982
v -1.90735001e-08 -0.0198317003 0.0451823995
v -1.90735001e-08 -0.0195418 0.0437787995
v -1.90735001e-08 -0.0195835996 0.0423462018
v -1.90735001e-08 -0.0202369001 0.0405512005
v -1.90735001e-08 -0.0247612 0.0378639996
v -1.90735001e-08 -0.0273155998 0.038335599
v -1.90735001e-08 -0.0294882003 0.0401585996
v -1.97709005e-06 -0.0304562002 0.0422381982
v -1.90735001e-08 -0.0211257003 0.039427001
v -1.90735001e-08 -0.0226844009 0.038335599
v 1.72332008e-07 -0.00160652003 0.0456585996
v -1.90735001e-08 -0.00367215998 0.0474288017
v -1.90735001e-08 -0.00444873003 0.0501953997
v -1.90735001e-08 0.00400114013 0.0518657006
v -1.90735001e-08 0.00312170992 0.0468783006
v -2.20345996e-07 0.000922025996 0.0455721989
v -1.90735001e-08 7.40817994e-17 0.0454999991
v -1.90735001e-08 0.00441505993 0.0494198985
v -0.00547923986 0.0625 5.24521013e-08
v -0.000999946962 0.0624114014 -0.0033263599
v -0.00547923986 0.0621459 -0.00664336002
v -0.000999946962 0.0620578006 -0.00663394015
v -0.00547923986 0.0610877015 -0.0132114002
v -0.000999946962 0.0617043003 -0.00994153041
v -0.000999939977 0.0602979995 -0.0164439008
v -0.00547923986 0.0593373999 -0.0196298007
v -0.000999946962 0.0592533015 -0.0196020007
v -0.00547923986 0.0569146983 -0.0258258004
v -0.000999946962 0.0582084991 -0.0227600001
v -0.000999946962 0.0568340011 -0.0257891994
v -0.00547923986 0.0538471006 -0.031729199
v -0.000999946962 0.0554594994 -0.0288183
v -0.000999946962 0.0537707992 -0.0316841006
v -0.00547923986 0.0501695015 -0.0372730009
v -0.000999946962 0.052082099 -0.03455
v -0.000999949058 0.048114799 -0.0398899987
v -0.00547923986 0.0459234007 -0.0423945002
v -0.000999946962 0.0458583012 -0.0423344001
v -0.00547923986 0.0411569998 -0.047035601
v -0.000999946962 0.0436020009 -0.0447784998
v -0.00099994801 0.0385953002 -0.0491595007
v -0.00547923986 0.0359242 -0.0511440001
v -0.000999953016 0.0331516005 -0.0529831015
v -0.00547923986 0.0302843992 -0.0546726994
v -0.000999932992 0.0273314007 -0.0562071986
v -0.00547923986 0.0243014991 -0.0575819984
v -0.00099993695 0.0212019999 -0.0587938987
v -0.00547923986 0.0180431996 -0.0598388016
v -0.000999946962 0.0148328999 -0.0607143007
v -0.00547923986 0.0115804998 -0.0614177994
v -0.00099996198 0.00829606969 -0.0619469993
v -0.00547923986 0.00498662982 -0.0623007007
v -0.000999946962 0.00166377996 -0.0624779016
v -0.00547923986 -0.00166377996 -0.0624779016
v -0.000999953016 -0.00498622982 -0.0623008013
v -0.00547923986 -0.00829534978 -0.0619470999
v -0.000999946962 -0.0115804998 -0.0614177994
v -0.00547923986 -0.0148328999 -0.0607143007
v -0.000999953947 -0.0180427991 -0.0598389991
v -0.00547923986 -0.0212024003 -0.0587937012
v -0.00099992496 -0.0243018009 -0.057581801
v -0.00547923986 -0.0273317005 -0.0562070012
v -0.000999946962 -0.0302843992 -0.0546726994
v -0.00547923986 -0.0331512988 -0.0529833995
v -0.000999946962 -0.0331043005 -0.0529082008
v -0.00547923986 -0.0385953002 -0.0491595007
v -0.000999954995 -0.0359245017 -0.051143799
v -0.000999946962 -0.0411569998 -0.047035601
v -0.00547923986 -0.0436020009 -0.0447784998
v -0.000999929034 -0.0459231995 -0.0423947014
v -0.00547923986 -0.0481146015 -0.0398901999
v -0.000999958022 -0.0501694009 -0.0372731015
v -0.00547923986 -0.052082099 -0.03455
v -0.000999949989 -0.053847 -0.0317294002
v -0.00547923986 -0.0554594994 -0.0288183
v -0.000999946962 -0.0569146983 -0.0258258004
v -0.00547923986 -0.0582084991 -0.0227600001
v -0.000999949058 -0.0593372993 -0.0196298994
v -0.00547923986 -0.0602979995 -0.0164439008
v -0.000999946031 -0.0610877015 -0.0132114999
v -0.00547923986 -0.0617043003 -0.00994153041
v -0.000999946962 -0.0621459 -0.00664336002
v -0.00547923986 -0.0624114014 -0.0033263599
v -0.000999949989 -0.0625 1.81485991e-08
v -0.00547923986 -0.0624114014 0.00332634989
v -0.000999946962 -0.0623230003 0.00332170003
v -0.00547923986 -0.0617043003 0.00994150992
v -0.000999946962 -0.0621459 0.00664334977
v -0.000999946962 -0.0616168007 0.00992732029
v -0.00547923986 -0.0602979995 0.0164439008
v -0.000999946962 -0.0610877015 0.0132114002
v -0.000999946962 -0.0602125004 0.0164206997
v -0.00547923986 -0.0582084991 0.0227601007
v -0.000999946962 -0.0593373999 0.0196298007
v -0.000999946962 -0.0581259988 0.0227278005
v -0.00547923986 -0.0554594994 0.0288183
v -0.000999946962 -0.0569146983 0.0258258004
v -0.000999946962 -0.0553808995 0.0287774
v -0.00547923986 -0.052082099 0.03455
v -0.000999946962 -0.0538471006 0.031729199
v -0.000999939977 -0.0501693003 0.0372731984
v -0.00547923986 -0.0481146015 0.0398901999
v -0.000999946962 -0.0480463989 0.0398336984
v -0.00547923986 -0.0436020009 0.0447784998
v -0.000999946962 -0.0459234007 0.0423945002
v -0.000999941025 -0.0411569998 0.047035601
v -0.00547923986 -0.0385953002 0.0491595007
v -0.000999946962 -0.0359242 0.0511438996
v -0.00547923986 -0.0331512988 0.0529835001
v -0.000999946962 -0.0331043005 0.0529083982
v -0.00547923986 -0.0273317005 0.0562070012
v -0.000999949058 -0.0302840993 0.0546728
v -0.000999946962 -0.0243014991 0.0575819984
v -0.00547923986 -0.0212024003 0.0587937012
v -0.000999922981 -0.0180428997 0.0598389991
v -0.00547923986 -0.0148328999 0.0607144013
v -0.000999912038 -0.0115801003 0.0614179
v -0.00547923986 -0.00829534978 0.0619469993
v -0.000999946962 -0.00498662982 0.0623007007
v -0.00547923986 -0.00166377996 0.0624779016
v -0.000999946962 0.00166376994 0.0624779016
v -0.00547923986 0.00498662982 0.0623007007
v -0.000999941025 0.00829572976 0.0619469993
v -0.00547923986 0.0115804998 0.0614177994
v -0.000999946962 0.0148328999 0.0607144013
v -0.00547923986 0.0180431996 0.0598388016
v -0.000999929034 0.0212028008 0.0587936006
v -0.00547923986 0.0243014991 0.0575819984
v -0.000999968033 0.0273313001 0.0562071986
v -0.00547923986 0.0302843992 0.0546726994
v -0.000999946962 0.0331512988 0.0529835001
v -0.00547923986 0.0359242 0.0511438996
v -0.000999946962 0.0358733013 0.0510714985
v -0.00547923986 0.0411569998 0.047035601
v -0.000999946962 0.0385953002 0.0491595007
v -0.000999943004 0.0436020009 0.0447784998
v -0.00547923986 0.0459234007 0.0423945002
v -0.000999946962 0.0481146015 0.0398901999
v -0.00547923986 0.0501695015 0.0372730009
v -0.000999931013 0.0520819984 0.0345502011
v -0.00547923986 0.0538471006 0.031729199
v -0.000999960001 0.0554595999 0.0288181994
v -0.00547923986 0.0569146983 0.0258258004
v -0.000999946962 0.0582084991 0.0227601007
v -0.00547923986 0.0593373999 0.0196298007
v -0.000999943004 0.0602979995 0.0164439008
v -0.00547923986 0.0610877015 0.0132114002
v -0.000999946962 0.0610010996 0.0131927002
v -0.00547923986 0.0621459 0.00664334977
v -0.000999946962 0.0617043003 0.00994150992
v -0.000999946962 0.0624114014 0.00332634989
v -0.000999946962 0.0625 5.24521013e-08
v -0.0215566009 -0.0537735 -0.00196398003
v -0.0216112006 -0.0539936982 -0.00145359
v -0.0214837007 -0.0534818992 -0.00243706
v -0.0213971008 -0.0531364009 -0.00287397997
v -0.0212948993 -0.0527318008 -0.00325566996
v -0.0211401004 -0.0521249995 -0.00368064991
v -0.0209669005 -0.0514536016 -0.00399369979
v -0.0205841996 -0.0500000007 -0.00425000023
v -0.0203857999 -0.0492619984 -0.00418539019
v -0.0199999996 -0.0476332009 -0.00592298014
v -0.0207799003 -0.0507379994 -0.00418539019
v -0.0201903991 -0.0485463999 -0.00399369979
v -0.0199999996 -0.0478592999 -0.00367156998
v -0.0199999996 -0.0271166991 -0.0396167003
v -0.0201903991 -0.0277318005 -0.0400456004
v -0.0199999996 -0.0289459992 -0.0382900983
v -0.0203857999 -0.0282556992 -0.0405693986
v -0.0205841996 -0.0286806002 -0.0411763005
v -0.0207799003 -0.0289936997 -0.0418476984
v -0.0209669005 -0.0291853994 -0.0425633006
v -0.0211401004 -0.0292499997 -0.0433012992
v -0.0212948993 -0.0291853994 -0.0440393016
v -0.0215086006 -0.0287660006 -0.0452622995
v -0.0215757992 -0.0284822006 -0.0457377993
v -0.0216112006 -0.0282556992 -0.0460330993
v -0.0213980004 -0.0290571004 -0.0445806012
v -0.0199999996 -0.0466473997 -0.0113148
v -0.0199999996 -0.0450532995 -0.0165590998
v -0.0199999996 -0.0428716987 -0.0215873998
v -0.0199999996 -0.0401310995 -0.0263342001
v -0.0199999996 -0.0368672013 -0.0307376999
v -0.0199999996 -0.0331225991 -0.0347403996
v -0.0199999996 -0.0467442982 0.00273184991
v -0.0199999996 -0.0472682007 0.00325565995
v -0.0199999996 -0.0257380009 0.0391158015
v -0.0199999996 -0.0472682007 -0.00325566996
v -0.0199999996 -0.0467442982 -0.00273186993
v -0.0199999996 -0.0264535993 -0.0393075012
v -0.0199999996 -0.0264535993 0.0393075012
v -0.0199999996 -0.0257380009 -0.0391158983
v -0.0199999996 0.0250000004 0.0390512012
v -0.0199999996 0.0322282016 0.0102883996
v -0.0199999996 0.0242619999 0.0391158015
v -0.0199999996 0.0294422004 0.0166631006
v -0.0199999996 0.0254111998 0.0223332997
v -0.0199999996 0.0217004009 0.0260124002
v -0.0199999996 0.0235463995 0.0393075012
v -0.0199999996 0.0174157005 0.0290034004
v -0.0199999996 0.0228749998 0.0396207012
v -0.0199999996 0.0222682003 0.0400456004
v -0.0199999996 0.0111148003 0.0319526009
v -0.0199999996 0.0217442997 0.0405694991
v -0.0199999996 0.0213194005 0.0411763005
v -0.0199999996 0.0264535993 -0.0393075012
v -0.0199999996 -0.0285454001 0.0181566998
v -0.0199999996 -0.0316557996 0.0119337998
v -0.0199999996 -0.046319399 0.00212496007
v -0.0199999996 -0.0460062996 0.00145356997
v -0.0199999996 -0.0334275998 0.00520621985
v -0.0199999996 -0.0458145998 0.000737958006
v -0.0199999996 -0.0457499996 5.24521013e-08
v -0.0199999996 -0.0337857008 -0.00174154004
v -0.0199999996 -0.0458145998 -0.000737971975
v -0.0199999996 -0.0460062996 -0.00145359
v -0.0199999996 -0.0327151008 -0.00861568004
v -0.0199999996 -0.046319399 -0.00212497008
v -0.0199999996 0.0208145995 0.0425633006
v -0.0199999996 0.00434379 0.0335505009
v -0.0199999996 0.0210062992 0.0418476015
v -0.0199999996 -0.000872222008 0.0338642001
v -0.0199999996 0.0257380009 0.0391158015
v -0.0199999996 0.0264535993 0.0393075012
v -0.0199999996 0.0472682007 0.00325565995
v -0.0199999996 0.0467442982 0.00273184991
v -0.0199999996 0.046319399 0.00212496007
v -0.0199999996 0.033471901 0.0052130702
v -0.0199999996 0.0460062996 0.00145356997
v -0.0199999996 0.0338305011 -7.10132975e-09
v -0.0199999996 0.0458145998 0.000737958006
v -0.0199999996 0.0457499996 5.24521013e-08
v -0.0199999996 0.0458145998 -0.000737971975
v -0.0199999996 0.0331152007 -0.00692010997
v -0.0199999996 0.0460062996 -0.00145359
v -0.0199999996 0.046319399 -0.00212497008
v -0.0199999996 0.0257380009 -0.0391158983
v -0.0199999996 0.0472682007 -0.00325566996
v -0.0199999996 0.0275729001 -0.0196020994
v -0.0199999996 0.0467442982 -0.00273186993
v -0.0199999996 0.0309995003 -0.0135474997
v -0.0199999996 0.0229802001 -0.0248277001
v -0.0199999996 0.0250000004 -0.0390512012
v -0.0199999996 0.0242619999 -0.0391158983
v -0.0199999996 0.0174157005 -0.0290034004
v -0.0199999996 0.0235463995 -0.0393075012
v -0.0199999996 0.0228749998 -0.0396207012
v -0.0199999996 0.0111148003 -0.0319526009
v -0.0199999996 -0.0210062992 0.0418476015
v -0.0199999996 -0.0208145995 0.0425633006
v -0.0199999996 -0.0242277998 0.0236118007
v -0.0199999996 -0.0250000004 0.0390512012
v -0.0199999996 -0.0242619999 0.0391158015
v -0.0199999996 -0.0188857 0.0280684009
v -0.0199999996 -0.0235463995 0.0393075012
v -0.0199999996 -0.0228749998 0.0396207012
v -0.0199999996 -0.0127448998 0.0313379988
v -0.0199999996 -0.0222682003 0.0400456004
v -0.0199999996 -0.0217442997 0.0405694991
v -0.0199999996 -0.00606516981 0.0332823992
v -0.0199999996 -0.0213194005 0.0411763005
v -0.0199999996 0.0222682003 -0.0400456004
v -0.0199999996 0.0217442997 -0.0405693986
v -0.0199999996 0.0213194005 -0.0411763005
v -0.0199999996 0.0210062992 -0.0418476984
v -0.0199999996 0.00434379 -0.0335505009
v -0.0199999996 -0.0302610006 -0.0151255
v -0.0199999996 -0.0265271999 -0.0209956001
v -0.0199999996 -0.0250000004 -0.0390512012
v -0.0199999996 -0.0242619999 -0.0391158983
v -0.0199999996 -0.0216716006 -0.0259777997
v -0.0199999996 -0.0235463995 -0.0393075012
v -0.0199999996 -0.0228749998 -0.0396207012
v -0.0199999996 -0.0158996005 -0.0298615005
v -0.0199999996 -0.0222682003 -0.0400456004
v -0.0199999996 -0.0217442997 -0.0405693986
v -0.0199999996 -0.00945514999 -0.0324824005
v -0.0199999996 -0.0213194005 -0.0411763005
v -0.0199999996 -0.0210062992 -0.0418476984
v -0.0199999996 -0.00261088996 -0.0337296017
v -0.0199999996 -0.0208145995 -0.0425633006
v -0.0199999996 0.0208145995 -0.0425633006
v -0.0309541002 0.0196081996 -0.00980073959
v -0.0531212017 0.0173042994 -0.00999074988
v -0.0528257005 0.0184845999 -0.00765652023
v -0.0528257005 0.0200075991 5.24521013e-08
v -0.0309541002 0.0218921006 -0.00112849998
v -0.0528257005 0.0198363997 -0.00261146994
v -0.0309541002 0.0216600001 -0.0033734499
v -0.0531323999 0.0192993004 -0.00517380005
v -0.0309541002 0.0211983006 -0.00558263995
v -0.0528257005 0.0187649 -0.00683075981
v -0.0309541002 0.0205119997 -0.00773270009
v -0.0531219989 0.00999028981 -0.0173045993
v -0.0528257005 0.0121799 -0.0158731006
v -0.0309541002 0.0122373002 -0.0181875005
v -0.0309539996 0.0184966996 -0.0117645999
v -0.0531244986 0.0158511009 -0.0121652996
v -0.0309555996 0.0171902999 -0.0136021003
v -0.0532560982 0.0141168004 -0.0141249998
v -0.0309541002 0.0156989004 -0.0152997002
v -0.0528257005 0.0128354998 -0.0152981002
v -0.0309548005 0.0140415002 -0.0168334004
v -0.0309541002 0.0103024002 -0.0193492994
v -0.0531238988 0.00765149016 -0.0184579007
v -0.0309382994 0.0082353102 -0.0203182008
v -0.0531280003 0.00517102005 -0.0193003993
v -0.0309541002 0.0061266399 -0.0210475009
v -0.0309504997 0.00392764993 -0.0215662997
v -0.0528257005 0.00346685993 -0.0196662992
v -0.0528257005 0.00261152 -0.0198365003
v -0.0309541002 0.00169177004 -0.0218557995
v -0.0528257005 9.28264002e-17 -0.0200075991
v -0.0309541002 -0.000564422982 -0.0219138004
v -0.0528257005 -0.00261152 -0.0198365003
v -0.0309541002 -0.00281464006 -0.0217397008
v -0.0528257005 -0.00346685993 -0.0196662992
v -0.0309541002 -0.0038014201 -0.0215598997
v -0.0531267002 -0.00517194998 -0.0193002
v -0.0309541002 -0.00503501017 -0.0213351008
v -0.0309541002 -0.00720201991 -0.0207042005
v -0.0528257005 -0.00683077006 -0.0187649
v -0.0309541002 -0.00749222981 -0.0205862001
v -0.0531290993 -0.00763886981 -0.0184633005
v -0.0309541002 -0.00929267984 -0.0198539998
v -0.0531237982 -0.00999148004 -0.0173038002
v -0.0309541002 -0.0112848002 -0.0187932998
v -0.0531328991 -0.0121668 -0.0158492997
v -0.0309541002 -0.0131574003 -0.0175333992
v -0.0528257005 -0.0128354998 -0.0152981002
v -0.0309541002 -0.0140720997 -0.0167702995
v -0.0531250983 -0.0141291004 -0.0141286999
v -0.0309541002 -0.0148903998 -0.0160875991
v -0.0309541002 -0.0164656993 -0.0144712003
v -0.0528257005 -0.0152981002 -0.0128356004
v -0.0309541002 -0.0167768002 -0.0140781999
v -0.0531299002 -0.0158475991 -0.0121694002
v -0.0309541002 -0.0178663004 -0.0127015999
v -0.0531251989 -0.0173049998 -0.00998928957
v -0.0309541002 -0.0190776996 -0.0107969996
v -0.0531332009 -0.0184620991 -0.00764096016
v -0.0309541002 -0.0200867001 -0.00877839979
v -0.0528257005 -0.0187649 -0.00683075981
v -0.0309541002 -0.0205732994 -0.00748771988
v -0.0531249009 -0.0193004999 -0.00517173996
v -0.0309541002 -0.0208828002 -0.00666648988
v -0.0309541002 -0.0214575995 -0.00448400015
v -0.0528257005 -0.0196662992 -0.00346690998
v -0.0309541002 -0.0215636995 -0.00380271999
v -0.0531305 -0.0198091995 -0.00261367997
v -0.0309541002 -0.0218049008 -0.00225395989
v -0.0533802994 -0.0199589003 4.23122037e-06
v -0.0309541002 -0.0219211001 5.24521013e-08
v -0.0531327017 -0.0198091008 0.00261645997
v -0.0309541002 -0.0218049008 0.0022539401
v -0.0528257005 -0.0196662992 0.00346689997
v -0.0309541002 -0.0214575995 0.00448398991
v -0.0531248003 -0.0193004999 0.00517133996
v -0.0309541002 -0.0208828002 0.00666658999
v -0.0528257005 -0.0187649 0.00683073979
v -0.0309541002 -0.0205732994 0.0074877101
v -0.0531310998 -0.0184613001 0.00764319999
v -0.0309541002 -0.0200867001 0.00877838954
v -0.0309171993 -0.0190696996 0.0108201001
v -0.0528257005 -0.0173271 0.0100039002
v -0.0531321988 -0.0158453993 0.0121729998
v -0.0309541002 -0.0178663004 0.0127015999
v -0.0528257005 -0.0152981002 0.0128356004
v -0.0309542008 -0.0112851001 0.0187931005
v -0.0531237982 -0.00999157038 0.0173038002
v -0.0528257005 -0.0121799 0.0158731006
v -0.0309541002 -0.0164659992 0.0144709004
v -0.0531251989 -0.0141292997 0.0141286002
v -0.0309541002 -0.0148903998 0.0160875991
v -0.0528257005 -0.0128354998 0.0152981002
v -0.0309541002 -0.0140720997 0.0167702995
v -0.0309541002 -0.0131574003 0.0175333992
v -0.0309541002 -0.000564422982 0.0219138004
v -0.0528257005 9.83796012e-17 0.0200076997
v -0.0528257005 -0.00261152 0.0198365003
v -0.0309541002 -0.00929267984 0.0198539998
v -0.0531300008 -0.00763917016 0.0184630994
v -0.0309541002 -0.00749222981 0.0205862001
v -0.0528257005 -0.00683077006 0.0187649
v -0.0309541002 -0.00720201991 0.0207042992
v -0.0531264991 -0.00517207989 0.0193002
v -0.0309541002 -0.00503501017 0.0213351008
v -0.0528257005 -0.00346685993 0.0196662005
v -0.0309541002 -0.0038014201 0.0215598997
v -0.0309541002 -0.00281464006 0.0217397008
v -0.0309542008 0.0103024002 0.0193492007
v -0.0531218983 0.00999020971 0.0173045993
v -0.0533782989 0.00765019981 0.0184336007
v -0.0309541002 0.00169177004 0.0218557995
v -0.0528257005 0.00261152 0.0198365003
v -0.0309541002 0.00393004017 0.0215659998
v -0.0528257005 0.00346685993 0.0196662005
v -0.0531277992 0.00517110992 0.0193003006
v -0.0309541002 0.0061266399 0.0210475009
v -0.0309459995 0.00824755989 0.0203118008
v -0.0309542008 0.0184966009 0.0117648002
v -0.0531213991 0.0173042007 0.00999096967
v -0.053126201 0.0158501007 0.0121665997
v -0.0309541002 0.0122373002 0.0181875005
v -0.0533813015 0.0121630002 0.0158251002
v -0.0309513994 0.0140397996 0.0168348998
v -0.0531245992 0.0141300997 0.0141276997
v -0.0309541002 0.0156989004 0.0152997002
v -0.0309551004 0.0171895009 0.0136032999
v -0.0531267002 0.0198096 0.00261393003
v -0.0309541002 0.0218921006 0.00112848997
v -0.0309541002 0.0219211001 5.24521013e-08
v -0.0309541002 0.0196081996 0.00980084017
v -0.0531218015 0.0184617005 0.0076439199
v -0.0309535991 0.0205064993 0.00774453022
v -0.0530088991 0.0193105005 0.00517361006
v -0.0309541002 0.0211983006 0.00558261992
v -0.0309590995 0.0216601007 0.00336732995
v -0.0149999997 0.00400000019 0.0500000007
v -0.000499983027 0.00400000019 0.0500000007
v -0.0149999997 0.00393923 0.0506945997
v -0.000499983027 0.00393923 0.0506945997
v -0.0149999997 0.00375876995 0.0513680987
v -0.000499983027 0.00375876995 0.0513680987
v -0.0149999997 0.00346409995 0.0520000011
v -0.000499983027 0.00346409995 0.0520000011
v -0.0149999997 0.00306418003 0.0525710993
v -0.000499983027 0.00306418003 0.0525710993
v -0.0149999997 0.00257114996 0.053064201
v -0.000499983027 0.00257114996 0.053064201
v -0.0149999997 0.00200000009 0.0534640998
v -0.000499983027 0.00200000009 0.0534640998
v -0.0149999997 0.00136808003 0.0537588
v -0.000499983027 0.00136808003 0.0537588
v -0.0150054004 0.000636918005 0.0539522991
v -0.000500395021 0.000692585018 0.0539395995
v -0.0149999997 8.9014699e-17 0.0540000014
v -0.000499983027 9.07493961e-17 0.0540000014
v -0.0149999997 -0.000694593007 0.0539393015
v -0.000499983027 -0.000694593007 0.0539393015
v -0.0149999997 -0.00136808003 0.0537588
v -0.000499983027 -0.00136808003 0.0537588
v -0.0149999997 -0.00200000009 0.0534640998
v -0.000499983027 -0.00200000009 0.0534640998
v -0.0149999997 -0.00257114996 0.053064201
v -0.000499983027 -0.00257114996 0.053064201
v -0.0149999997 -0.00306418003 0.0525710993
v -0.000499983027 -0.00306418003 0.0525710993
v -0.0149999997 -0.00346409995 0.0520000011
v -0.000499983027 -0.00346409995 0.0520000011
v -0.0149999997 -0.00375876995 0.0513680987
v -0.000499983027 -0.00375876995 0.0513680987
v -0.0149999997 -0.00393923 0.0506945997
v -0.000499983027 -0.00393923 0.0506945997
v -0.0149999997 -0.00400000019 0.0500000007
v -0.000499983027 -0.00400000019 0.0500000007
v -0.0149999997 -0.00393923 0.0493054017
v -0.000499983027 -0.00393923 0.0493054017
v -0.0149999997 -0.00375876995 0.0486319996
v -0.000499983027 -0.00375876995 0.0486319996
v -0.0149999997 -0.00346409995 0.0480000004
v -0.000499983027 -0.00346409995 0.0480000004
v -0.0149999997 -0.00306418003 0.0474288985
v -0.000499983027 -0.00306418003 0.0474288985
v -0.0149999997 -0.00257114996 0.0469358005
v -0.000499983027 -0.00257114996 0.0469358005
v -0.0149999997 -0.00200000009 0.0465359017
v -0.000499983027 -0.00200000009 0.0465359017
v -0.0149999997 -0.00136808003 0.0462412015
v -0.000499983027 -0.00136808003 0.0462412015
v -0.0150054004 -0.000636927027 0.0460476987
v -0.000500395021 -0.000692588976 0.0460603982
v -0.0149999997 8.78128983e-17 0.0460001007
v -0.000499983027 8.95475953e-17 0.0460001007
v -0.0149999997 0.000694593007 0.0460607
v -0.000499983027 0.000694593007 0.0460607
v -0.0149999997 0.00136808003 0.0462412015
v -0.000499983027 0.00136808003 0.0462412015
v -0.0149999997 0.00200000009 0.0465359017
v -0.000499983027 0.00200000009 0.0465359017
v -0.0149999997 0.00257114996 0.0469358005
v -0.000499983027 0.00257114996 0.0469358005
v -0.0149999997 0.00306418003 0.0474288985
v -0.000499983027 0.00306418003 0.0474288985
v -0.0149999997 0.00346409995 0.0480000004
v -0.000499983027 0.00346409995 0.0480000004
v -0.0149999997 0.00375876995 0.0486319996
v -0.000499983027 0.00375876995 0.0486319996
v -0.0149999997 0.00393923 0.0493054017
v -0.000499983027 0.00393923 0.0493054017
v -0.0174033996 8.70847014e-17 0.0500000007
v -0.00125005003 -0.0271249991 0.0396207012
v -0.00125005003 -0.0264535993 0.0393075012
v -0.00125005003 -0.0257380009 0.0391158015
v -0.00125005003 -0.0250000004 0.0390512012
v -0.00125005003 -0.0242619999 0.0391158015
v -0.00125005003 -0.0235463995 0.0393075012
v -0.00125005003 -0.0228749998 0.0396207012
v -0.00125005003 -0.0222682003 0.0400456004
v -0.00125005003 -0.0217442997 0.0405694991
v -0.00125005003 -0.0213194005 0.0411763005
v -0.00125005003 -0.0210062992 0.0418476015
v -0.00125005003 -0.0208145995 0.0425633006
v -0.00125005003 -0.0235463995 0.0472948998
v -0.00125005003 -0.0228749998 0.0469819009
v -0.00125005003 -0.0222682003 0.0465570018
v -0.00125005003 -0.0217442997 0.0460330993
v -0.00125005003 -0.0213194005 0.0454263017
v -0.00125005003 -0.0210062992 0.0447549
v -0.00125005003 -0.0208145995 0.0440393016
v -0.00125005003 -0.0207499992 0.0433012992
v -0.00125005003 -0.0242619999 0.0474867001
v -0.00125005003 -0.0250000004 0.0475513004
v -0.00125005003 -0.0257380009 0.0474867001
v -0.00125005003 -0.0264535993 0.0472948998
v -0.00125005003 -0.0271249991 0.0469819009
v -0.00125005003 -0.0277318005 0.0465570018
v -0.00125005003 -0.0282556992 0.0460330993
v -0.00125005003 -0.0286806002 0.0454263017
v -0.00125005003 -0.0289936997 0.0447549
v -0.00125005003 -0.0277318005 0.0400456004
v -0.00125005003 -0.0282556992 0.0405694991
v -0.00125005003 -0.0286806002 0.0411763005
v -0.00125005003 -0.0289936997 0.0418476015
v -0.00125005003 -0.0291853994 0.0425633006
v -0.00125005003 -0.0292499997 0.0433012992
v -0.00125005003 -0.0291853994 0.0440393016
v -0.00125005003 0.0207499992 0.0433012992
v -0.00125005003 0.0208145995 0.0425633006
v -0.00125005003 0.0210062992 0.0418476015
v -0.00125005003 0.0213194005 0.0411763005
v -0.00125005003 0.0217442997 0.0405694991
v -0.00125005003 0.0222682003 0.0400456004
v -0.00125005003 0.0228749998 0.0396207012
v -0.00125005003 0.0235463995 0.0393075012
v -0.00125005003 0.0242619999 0.0391158015
v -0.00125005003 0.0250000004 0.0390512012
v -0.00125005003 0.0257380009 0.0391158015
v -0.00125005003 0.0264535993 0.0393075012
v -0.00125005003 0.0291853994 0.0440393016
v -0.00125005003 0.0292499997 0.0433012992
v -0.00125005003 0.0291853994 0.0425633006
v -0.00125005003 0.0289936997 0.0418476015
v -0.00125005003 0.0286806002 0.0411763005
v -0.00125005003 0.0282556992 0.0405694991
v -0.00125005003 0.0277318005 0.0400456004
v -0.00125005003 0.0271249991 0.0396207012
v -0.00125005003 0.0289936997 0.0447549
v -0.00125005003 0.0286806002 0.0454263017
v -0.00125005003 0.0282556992 0.0460330993
v -0.00125005003 0.0277318005 0.0465570018
v -0.00125005003 0.0271249991 0.0469819009
v -0.00125005003 0.0257380009 0.0474867001
v -0.00125005003 0.0264535993 0.0472948998
v -0.00125005003 0.0250000004 0.0475513004
v -0.00125005003 0.0242619999 0.0474867001
v -0.00125005003 0.0208145995 0.0440393016
v -0.00125005003 0.0210062992 0.0447549
v -0.00125005003 0.0213194005 0.0454263017
v -0.00125005003 0.0217442997 0.0460330993
v -0.00125005003 0.0222682003 0.0465570018
v -0.00125005003 0.0228749998 0.0469819009
v -0.00125005003 0.0235463995 0.0472948998
v -0.00125005003 0.0478749983 0.0036806399
v -0.00125005003 0.0472682007 0.00325565995
v -0.00125005003 0.0467442982 0.00273184991
v -0.00125005003 0.046319399 0.00212496007
v -0.00125005003 0.0460062996 0.00145356997
v -0.00125005003 0.0458145998 0.000737958006
v -0.00125005003 0.0457499996 5.24521013e-08
v -0.00125005003 0.0458145998 -0.000737971975
v -0.00125005003 0.0460062996 -0.00145359
v -0.00125005003 0.046319399 -0.00212497008
v -0.00125005003 0.0467442982 -0.00273186993
v -0.00125005003 0.0472682007 -0.00325566996
v -0.00125005003 0.0478749983 -0.00368064991
v -0.00125005003 0.0485463999 -0.00399369979
v -0.00125005003 0.0492619984 -0.00418539019
v -0.00125005003 0.0500000007 -0.00425000023
v -0.00125005003 0.0507379994 -0.00418539019
v -0.00125005003 0.0514536016 -0.00399369979
v -0.00125005003 0.0521249995 -0.00368064991
v -0.00125005003 0.0527318008 -0.00325566996
v -0.00125005003 0.0532556996 -0.00273186993
v -0.00125005003 0.0536805987 -0.00212497008
v -0.00125005003 0.0539936982 -0.00145359
v -0.00125005003 0.0541854016 -0.000737971975
v -0.00125005003 0.0542499982 5.24521013e-08
v -0.00125005003 0.0541854016 0.000737958006
v -0.00125005003 0.0539936982 0.00145356997
v -0.00125005003 0.0536805987 0.00212496007
v -0.00125005003 0.0532556996 0.00273184991
v -0.00125005003 0.0485463999 0.00399367977
v -0.00125005003 0.0492619984 0.00418548984
v -0.00125005003 0.0500000007 0.00424998021
v -0.00125005003 0.0507379994 0.00418548984
v -0.00125005003 0.0514536016 0.00399367977
v -0.00125005003 0.0521249995 0.0036806399
v -0.00125005003 0.0527318008 0.00325565995
v -0.00125005003 0.0271249991 -0.0396207012
v -0.00125005003 0.0264535993 -0.0393075012
v -0.00125005003 0.0257380009 -0.0391158983
v -0.00125005003 0.0250000004 -0.0390512012
v -0.00125005003 0.0242619999 -0.0391158983
v -0.00125005003 0.0235463995 -0.0393075012
v -0.00125005003 0.0228749998 -0.0396207012
v -0.00125005003 0.0222682003 -0.0400456004
v -0.00125005003 0.0217442997 -0.0405693986
v -0.00125005003 0.0213194005 -0.0411763005
v -0.00125005003 0.0210062992 -0.0418476984
v -0.00125005003 0.0208145995 -0.0425633006
v -0.00125005003 0.0235463995 -0.0472948998
v -0.00125005003 0.0228749998 -0.0469819009
v -0.00125005003 0.0222682003 -0.0465570018
v -0.00125005003 0.0217442997 -0.0460330993
v -0.00125005003 0.0213194005 -0.0454263017
v -0.00125005003 0.0210062992 -0.0447547995
v -0.00125005003 0.0208145995 -0.0440393016
v -0.00125005003 0.0207499992 -0.0433012992
v -0.00125005003 0.0242619999 -0.0474867001
v -0.00125005003 0.0250000004 -0.0475511998
v -0.00125005003 0.0257380009 -0.0474867001
v -0.00125005003 0.0264535993 -0.0472948998
v -0.00125005003 0.0271249991 -0.0469819009
v -0.00125005003 0.0277318005 -0.0465570018
v -0.00125005003 0.0282556992 -0.0460330993
v -0.00125005003 0.0286806002 -0.0454263017
v -0.00125005003 0.0289936997 -0.0447547995
v -0.00125005003 0.0277318005 -0.0400456004
v -0.00125005003 0.0282556992 -0.0405693986
v -0.00125005003 0.0286806002 -0.0411763005
v -0.00125005003 0.0289936997 -0.0418476984
v -0.00125005003 0.0291853994 -0.0425633006
v -0.00125005003 0.0292499997 -0.0433012992
v -0.00125005003 0.0291853994 -0.0440393016
v -0.00125005003 -0.0207499992 -0.0433012992
v -0.00125005003 -0.0208145995 -0.0425633006
v -0.00125005003 -0.0210062992 -0.0418476984
v -0.00125005003 -0.0213194005 -0.0411763005
v -0.00125005003 -0.0217442997 -0.0405693986
v -0.00125005003 -0.0222682003 -0.0400456004
v -0.00125005003 -0.0228749998 -0.0396207012
v -0.00125005003 -0.0235463995 -0.0393075012
v -0.00125005003 -0.0242619999 -0.0391158983
v -0.00125005003 -0.0250000004 -0.0390512012
v -0.00125005003 -0.0257380009 -0.0391158983
v -0.00125005003 -0.0264535993 -0.0393075012
v -0.00125005003 -0.0291853994 -0.0440393016
v -0.00125005003 -0.0292499997 -0.0433012992
v -0.00125005003 -0.0291853994 -0.0425633006
v -0.00125005003 -0.0289936997 -0.0418476984
v -0.00125005003 -0.0286806002 -0.0411763005
v -0.00125005003 -0.0282556992 -0.0405693986
v -0.00125005003 -0.0277318005 -0.0400456004
v -0.00125005003 -0.0271249991 -0.0396207012
v -0.00125005003 -0.0289936997 -0.0447547995
v -0.00125005003 -0.0286806002 -0.0454263017
v -0.00125005003 -0.0282556992 -0.0460330993
v -0.00125005003 -0.0277318005 -0.0465570018
v -0.00125005003 -0.0271249991 -0.0469819009
v -0.00125005003 -0.0264535993 -0.0472948998
v -0.00125005003 -0.0257380009 -0.0474867001
v -0.00125005003 -0.0250000004 -0.0475511998
v -0.00125005003 -0.0242619999 -0.0474867001
v -0.00125005003 -0.0208145995 -0.0440393016
v -0.00125005003 -0.0210062992 -0.0447547995
v -0.00125005003 -0.0213194005 -0.0454263017
v -0.00125005003 -0.0217442997 -0.0460330993
v -0.00125005003 -0.0222682003 -0.0465570018
v -0.00125005003 -0.0228749998 -0.0469819009
v -0.00125005003 -0.0235463995 -0.0472948998
v -0.00125005003 -0.0478749983 -0.00368064991
v -0.00125005003 -0.0472682007 -0.00325566996
v -0.00125005003 -0.0467442982 -0.00273186993
v -0.00125005003 -0.046319399 -0.00212497008
v -0.00125005003 -0.0460062996 -0.00145359
v -0.00125005003 -0.0458145998 -0.000737971975
v -0.00125005003 -0.0457499996 5.24521013e-08
v -0.00125005003 -0.0458145998 0.000737958006
v -0.00125005003 -0.0460062996 0.00145356997
v -0.00125005003 -0.046319399 0.00212496007
v -0.00125005003 -0.0467442982 0.00273184991
v -0.00125005003 -0.0472682007 0.00325565995
v -0.00125005003 -0.0527318008 0.00325565995
v -0.00125005003 -0.0521249995 0.0036806399
v -0.00125005003 -0.0514536016 0.00399367977
v -0.00125005003 -0.0507379994 0.00418548984
v -0.00125005003 -0.0500000007 0.00424998021
v -0.00125005003 -0.0492619984 0.00418548984
v -0.00125005003 -0.0485463999 0.00399367977
v -0.00125005003 -0.0478749983 0.0036806399
v -0.00125005003 -0.0532556996 0.00273184991
v -0.00125005003 -0.0536805987 0.00212496007
v -0.00125005003 -0.0539936982 0.00145356997
v -0.00125005003 -0.0541854016 0.000737958006
v -0.00125005003 -0.0542499982 5.24521013e-08
v -0.00125005003 -0.0541854016 -0.000737971975
v -0.00125005003 -0.0539936982 -0.00145359
v -0.00125005003 -0.0536805987 -0.00212497008
v -0.00125005003 -0.0532556996 -0.00273186993
v -0.00125005003 -0.0485463999 -0.00399369979
v -0.00125005003 -0.0492619984 -0.00418539019
v -0.00125005003 -0.0500000007 -0.00425000023
v -0.00125005003 -0.0507379994 -0.00418539019
v -0.00125005003 -0.0514536016 -0.00399369979
v -0.00125005003 -0.0521249995 -0.00368064991
v -0.00125005003 -0.0527318008 -0.00325566996
v -0.0290066991 -0.0221368 -0.00228829007
v -0.0290066991 -0.0217841994 -0.00455230987
v -0.0290066991 -0.0212006997 -0.00676805014
v -0.0290066991 -0.0203923993 -0.00891202968
v -0.0290066991 -0.0193680003 -0.0109615996
v -0.0290066991 -0.0181383006 -0.0128948996
v -0.0290066991 -0.0167162996 -0.0146915
v -0.0290066991 -0.0151171004 -0.0163324997
v -0.0290066991 -0.0133576002 -0.0178002995
v -0.0290066991 -0.0114566004 -0.0190794002
v -0.0290066991 -0.0094341198 -0.0201561991
v -0.0290066991 -0.00731163984 -0.0210193992
v -0.0290066991 -0.0051116501 -0.0216598008
v -0.0290066991 -0.00285747997 -0.0220705997
v -0.0290066991 -0.000573014026 -0.0222474001
v -0.0290066991 0.00171751995 -0.0221884008
v -0.0290066991 0.00398985017 -0.0218941998
v -0.0290066991 0.00621988997 -0.0213680007
v -0.0290066991 0.00838399958 -0.0206151996
v -0.0290066991 0.0104591995 -0.0196439009
v -0.0290066991 0.0124236001 -0.0184643008
v -0.0290066991 0.0142563004 -0.017089
v -0.0290066991 0.0159377996 -0.0155325998
v -0.0290066991 0.0174503997 -0.0138114998
v -0.0290066991 0.018778 -0.0119439997
v -0.0290066991 0.0199065991 -0.00994998962
v -0.0290066991 0.0208241995 -0.00785048027
v -0.0290066991 0.0215210002 -0.00566763012
v -0.0290066991 0.0219896995 -0.00342483004
v -0.0290066991 0.0222252999 -0.00114566996
v -0.0290066991 0.0222252999 0.00114565005
v -0.0290066991 0.0219896995 0.00342482002
v -0.0290066991 0.0215210002 0.00566761987
v -0.0290066991 0.0208241995 0.00785045978
v -0.0290066991 0.0199065991 0.00994997006
v -0.0290066991 0.018778 0.0119441003
v -0.0290066991 0.0174503997 0.0138114998
v -0.0290066991 0.0159377996 0.0155325001
v -0.0290066991 0.0142563004 0.0170891006
v -0.0290066991 0.0124236001 0.0184643008
v -0.0290066991 0.0104591995 0.0196438003
v -0.0290066991 0.00838399958 0.0206151996
v -0.0290066991 0.00621988997 0.0213680007
v -0.0290066991 0.00398985017 0.0218940992
v -0.0290066991 0.00171751995 0.0221884008
v -0.0290066991 -0.000573014026 0.0222474001
v -0.0290066991 -0.00285747997 0.0220705997
v -0.0290066991 -0.0051116501 0.0216598008
v -0.0290066991 -0.00731163984 0.0210193992
v -0.0290066991 -0.0094341198 0.0201561991
v -0.0290066991 -0.0114566004 0.0190794002
v -0.0290066991 -0.0133576002 0.0178002995
v -0.0290066991 -0.0151171004 0.0163323991
v -0.0290066991 -0.0167162996 0.0146915
v -0.0290066991 -0.0181383006 0.0128948996
v -0.0290066991 -0.0193680003 0.0109615996
v -0.0290066991 -0.0203923993 0.00891202036
v -0.0290066991 -0.0212006997 0.00676803989
v -0.0290066991 -0.0217841994 0.00455230009
v -0.0290066991 -0.0221368 0.00228827004
v -0.0290066991 -0.0222548004 5.24521013e-08
v -0.0271403994 -0.0227821004 0.0023549099
v -0.0271403994 -0.0224191993 0.00468498003
v -0.0271403994 -0.0218186993 0.00696532987
v -0.0271403994 -0.0209867992 0.0091717802
v -0.0271403994 -0.0199325997 0.0112811001
v -0.0271403994 -0.0186669994 0.0132708
v -0.0271403994 -0.0172035005 0.0151196998
v -0.0271403994 -0.0155576998 0.0168085992
v -0.0271403994 -0.0137470001 0.0183191001
v -0.0271403994 -0.0117905 0.0196355004
v -0.0271403994 -0.00970910955 0.0207438003
v -0.0271403994 -0.00752475997 0.0216320995
v -0.0271403994 -0.00526065007 0.0222910997
v -0.0271403994 -0.00294077001 0.0227138009
v -0.0271403994 -0.000589717005 0.0228959005
v -0.0271403994 0.00176758994 0.0228352007
v -0.0271403994 0.00410615001 0.0225323997
v -0.0271403994 0.00640119007 0.0219906997
v -0.0271403994 0.00862837955 0.0212161001
v -0.0271403994 0.0107640997 0.0202163998
v -0.0271403994 0.0127857001 0.0190025009
v -0.0271403994 0.0146717997 0.0175870992
v -0.0271403994 0.0164023992 0.0159853008
v -0.0271403994 0.0179590993 0.0142141003
v -0.0271403994 0.0193253998 0.0122921998
v -0.0271403994 0.0204869006 0.0102399997
v -0.0271403994 0.0214312002 0.00807921961
v -0.0271403994 0.0221483 0.00583284022
v -0.0271403994 0.0226306003 0.00352459005
v -0.0271403994 0.0228730999 0.00117903005
v -0.0271403994 0.0228730999 -0.00117904996
v -0.0271403994 0.0226306003 -0.00352461007
v -0.0271403994 0.0221483 -0.00583285978
v -0.0271403994 0.0214312002 -0.0080792401
v -0.0271403994 0.0204869006 -0.0102399997
v -0.0271403994 0.0193253998 -0.0122921998
v -0.0271403994 0.0179590993 -0.0142141003
v -0.0271403994 0.0164023992 -0.0159853008
v -0.0271403994 0.0146717997 -0.0175870992
v -0.0271403994 0.0127857001 -0.0190025009
v -0.0271403994 0.0107640997 -0.0202163998
v -0.0271403994 0.00862837955 -0.0212159995
v -0.0271403994 0.00640119007 -0.0219906997
v -0.0271403994 0.00410615001 -0.0225323997
v -0.0271403994 0.00176758994 -0.0228352007
v -0.0271403994 -0.000589717005 -0.0228959005
v -0.0271403994 -0.00294077001 -0.0227138009
v -0.0271403994 -0.00526065007 -0.0222910997
v -0.0271403994 -0.00752475997 -0.0216320008
v -0.0271403994 -0.00970910955 -0.0207436997
v -0.0271403994 -0.0117905 -0.0196355004
v -0.0271403994 -0.0137470001 -0.0183191001
v -0.0271403994 -0.0155576998 -0.0168085992
v -0.0271403994 -0.0172035005 -0.0151196998
v -0.0271403994 -0.0186669994 -0.0132708
v -0.0271403994 -0.0199325997 -0.0112811001
v -0.0271403994 -0.0209867992 -0.00917179044
v -0.0271403994 -0.0218186993 -0.00696523022
v -0.0271403994 -0.0224191993 -0.00468498981
v -0.0271403994 -0.0227821004 -0.00235492992
v -0.0271403994 -0.0229035001 5.24521013e-08
v -0.0254059006 -0.0237232 0.00245219003
v -0.0254059006 -0.0233453009 0.00487845019
v -0.0254059006 -0.0227199998 0.00725298002
v -0.0254059006 -0.0218538009 0.00955061987
v -0.0254059006 -0.0207560007 0.0117471004
v -0.0254059006 -0.0194380991 0.0138189001
v -0.0254059006 -0.0179142002 0.0157443993
v -0.0254059006 -0.0162004009 0.0175027996
v -0.0254059006 -0.0143149002 0.0190757997
v -0.0254059006 -0.0122776004 0.0204466004
v -0.0254059006 -0.0101102004 0.0216007009
v -0.0254059006 -0.00783560984 0.0225256998
v -0.0254059006 -0.00547796022 0.0232120007
v -0.0254059006 -0.00306225009 0.0236521997
v -0.0254059006 -0.000614078017 0.0238416996
v -0.0254059006 0.00184060005 0.0237785
v -0.0254059006 0.00427578017 0.0234632008
v -0.0254059006 0.00666562002 0.0228991993
v -0.0254059006 0.00898480974 0.0220925007
v -0.0254059006 0.0112087997 0.0210516006
v -0.0254059006 0.0133138997 0.0197874997
v -0.0254059006 0.0152778998 0.0183137003
v -0.0254059006 0.0170798991 0.0166456997
v -0.0254059006 0.0187008996 0.0148013001
v -0.0254059006 0.0201236997 0.0127999997
v -0.0254059006 0.0213332009 0.0106629999
v -0.0254059006 0.0223165005 0.00841301028
v -0.0254059006 0.0230631996 0.00607377011
v -0.0254059006 0.0235654991 0.00367027009
v -0.0254059006 0.0238179993 0.00122779002
v -0.0254059006 0.0238179993 -0.00122780004
v -0.0254059006 0.0235654991 -0.0036702801
v -0.0254059006 0.0230631996 -0.00607377989
v -0.0254059006 0.0223165005 -0.00841301959
v -0.0254059006 0.0213332009 -0.0106629999
v -0.0254059006 0.0201236997 -0.0127999997
v -0.0254059006 0.0187008996 -0.0148013001
v -0.0254059006 0.0170798991 -0.0166456997
v -0.0254059006 0.0152778998 -0.0183135998
v -0.0254059006 0.0133138997 -0.0197874997
v -0.0254059006 0.0112087997 -0.0210516006
v -0.0254059006 0.00898480974 -0.0220924001
v -0.0254059006 0.00666562002 -0.0228991993
v -0.0254059006 0.00427578017 -0.0234632008
v -0.0254059006 0.00184060005 -0.0237785
v -0.0254059006 -0.000614078017 -0.0238416996
v -0.0254059006 -0.00306225009 -0.0236520991
v -0.0254059006 -0.00547796022 -0.0232120007
v -0.0254059006 -0.00783560984 -0.0225256998
v -0.0254059006 -0.0101102004 -0.0216007009
v -0.0254059006 -0.0122776004 -0.0204466004
v -0.0254059006 -0.0143149002 -0.0190757997
v -0.0254059006 -0.0162004009 -0.0175029002
v -0.0254059006 -0.0179142002 -0.0157443993
v -0.0254059006 -0.0194380991 -0.0138189001
v -0.0254059006 -0.0207560007 -0.0117471004
v -0.0254059006 -0.0218538009 -0.00955064036
v -0.0254059006 -0.0227199998 -0.00725300005
v -0.0254059006 -0.0233453009 -0.00487847021
v -0.0254059006 -0.0237232 -0.00245220005
v -0.0254059006 -0.0238496009 5.24521013e-08
v -0.0238501001 -0.0249346998 0.00257747993
v -0.0238501001 -0.0245375 0.00512759993
v -0.0238501001 -0.0238802005 0.00762336981
v -0.0238501001 -0.0229697991 0.0100384001
v -0.0238501001 -0.0218158998 0.0123469001
v -0.0238501001 -0.0204307996 0.0145245995
v -0.0238501001 -0.0188289993 0.0165484007
v -0.0238501001 -0.0170277003 0.0183966998
v -0.0238501001 -0.0150458999 0.0200500004
v -0.0238501001 -0.0129046002 0.0214907005
v -0.0238501001 -0.0106264995 0.0227036998
v -0.0238501001 -0.00823574979 0.0236760005
v -0.0238501001 -0.00575770997 0.0243973006
v -0.0238501001 -0.0032186301 0.0248601008
v -0.0238501001 -0.000645436987 0.0250592995
v -0.0238501001 0.00193459995 0.0249927994
v -0.0238501001 0.00449413015 0.0246613994
v -0.0238501001 0.00700601982 0.0240685996
v -0.0238501001 0.00944363978 0.0232206993
v -0.0238501001 0.0117811998 0.0221266001
v -0.0238501001 0.0139937997 0.0207979996
v -0.0238501001 0.0160581004 0.0192488991
v -0.0238501001 0.0179522 0.0174956992
v -0.0238501001 0.0196560007 0.0155571001
v -0.0238501001 0.0211513992 0.0134536996
v -0.0238501001 0.0224226005 0.0112074995
v -0.0238501001 0.0234561004 0.00884263963
v -0.0238501001 0.0242410004 0.00638394989
v -0.0238501001 0.0247689001 0.00385766011
v -0.0238501001 0.0250342991 0.00129049004
v -0.0238501001 0.0250342991 -0.00129039004
v -0.0238501001 0.0247689001 -0.0038576799
v -0.0238501001 0.0242410004 -0.00638396014
v -0.0238501001 0.0234561004 -0.00884264987
v -0.0238501001 0.0224226005 -0.0112074995
v -0.0238501001 0.0211513992 -0.0134536996
v -0.0238501001 0.0196560007 -0.0155571001
v -0.0238501001 0.0179522 -0.0174956992
v -0.0238501001 0.0160581004 -0.0192488991
v -0.0238501001 0.0139937997 -0.0207979009
v -0.0238501001 0.0117811998 -0.0221266001
v -0.0238501001 0.00944363978 -0.0232206006
v -0.0238501001 0.00700601982 -0.0240685008
v -0.0238501001 0.00449413015 -0.0246613994
v -0.0238501001 0.00193459995 -0.0249927994
v -0.0238501001 -0.000645436987 -0.0250592008
v -0.0238501001 -0.0032186301 -0.0248601008
v -0.0238501001 -0.00575770997 -0.0243973006
v -0.0238501001 -0.00823574979 -0.0236760005
v -0.0238501001 -0.0106264995 -0.0227036998
v -0.0238501001 -0.0129046002 -0.0214907993
v -0.0238501001 -0.0150458999 -0.0200500004
v -0.0238501001 -0.0170277003 -0.0183966998
v -0.0238501001 -0.0188289993 -0.0165483002
v -0.0238501001 -0.0204307996 -0.0145245995
v -0.0238501001 -0.0218158998 -0.0123469001
v -0.0238501001 -0.0229697991 -0.0100384001
v -0.0238501001 -0.0238802005 -0.00762338005
v -0.0238501001 -0.0245375 -0.00512761995
v -0.0238501001 -0.0249346998 -0.00257748994
v -0.0238501001 -0.0250675008 5.24521013e-08
v -0.0225153007 -0.0263836998 0.00272720004
v -0.0225153007 -0.0259633996 0.00542563014
v -0.0225153007 -0.0252679009 0.0080664698
v -0.0225153007 -0.0243046004 0.0106217004
v -0.0225153007 -0.0230836999 0.0130644003
v -0.0225153007 -0.0216179993 0.0153687997
v -0.0225153007 -0.0199232008 0.0175100006
v -0.0225153007 -0.0180172008 0.0194656998
v -0.0225153007 -0.0159201995 0.0212150998
v -0.0225153007 -0.0136545002 0.0227396004
v -0.0225153007 -0.0112439999 0.0240231007
v -0.0225153007 -0.0087143397 0.0250518993
v -0.0225153007 -0.00609230017 0.0258150995
v -0.0225153007 -0.00340566994 0.0263046995
v -0.0225153007 -0.000682944024 0.0265154
v -0.0225153007 0.00204702001 0.0264452007
v -0.0225153007 0.00475529023 0.0260945
v -0.0225153007 0.00741314981 0.0254672002
v -0.0225153007 0.00999242999 0.0245699994
v -0.0225153007 0.0124658002 0.0234124009
v -0.0225153007 0.0148069998 0.0220065992
v -0.0225153007 0.0169913005 0.0203674007
v -0.0225153007 0.0189954005 0.0185123999
v -0.0225153007 0.0207982007 0.0164611991
v -0.0225153007 0.0223804992 0.0142353997
v -0.0225153007 0.0237256009 0.0118589001
v -0.0225153007 0.0248192009 0.0093564298
v -0.0225153007 0.0256497003 0.00675493013
v -0.0225153007 0.0262083001 0.00408178009
v -0.0225153007 0.0264890995 0.00136548001
v -0.0225153007 0.0264890995 -0.00136549002
v -0.0225153007 0.0262083001 -0.00408178987
v -0.0225153007 0.0256497003 -0.00675493991
v -0.0225153007 0.0248192009 -0.00935645029
v -0.0225153007 0.0237256009 -0.0118589001
v -0.0225153007 0.0223804992 -0.0142353997
v -0.0225153007 0.0207982007 -0.0164611991
v -0.0225153007 0.0189954005 -0.0185123999
v -0.0225153007 0.0169913005 -0.0203674994
v -0.0225153007 0.0148069998 -0.0220065992
v -0.0225153007 0.0124658002 -0.0234124009
v -0.0225153007 0.00999242999 -0.0245701
v -0.0225153007 0.00741314981 -0.0254672002
v -0.0225153007 0.00475529023 -0.0260945
v -0.0225153007 0.00204702001 -0.0264451001
v -0.0225153007 -0.000682944024 -0.0265154
v -0.0225153007 -0.00340566994 -0.0263046995
v -0.0225153007 -0.00609230017 -0.0258150995
v -0.0225153007 -0.0087143397 -0.0250518993
v -0.0225153007 -0.0112439999 -0.0240231007
v -0.0225153007 -0.0136545002 -0.0227396004
v -0.0225153007 -0.0159201995 -0.0212150998
v -0.0225153007 -0.0180172008 -0.0194658004
v -0.0225153007 -0.0199232008 -0.0175100006
v -0.0225153007 -0.0216179993 -0.0153687997
v -0.0225153007 -0.0230836999 -0.0130644999
v -0.0225153007 -0.0243046004 -0.0106217004
v -0.0225153007 -0.0252679009 -0.00806635991
v -0.0225153007 -0.0259633996 -0.00542563992
v -0.0225153007 -0.0263836998 -0.00272722007
v -0.0225153007 -0.0265242998 5.24521013e-08
v -0.0214374997 -0.0280309003 0.00289754989
v -0.0214374997 -0.0275844 0.0057643
v -0.0214374997 -0.0268454999 0.00857000984
v -0.0214374997 -0.0258220006 0.0112848999
v -0.0214374997 -0.0245248992 0.0138801998
v -0.0214374997 -0.0229676999 0.0163282994
v -0.0214374997 -0.0211670995 0.0186033007
v -0.0214374997 -0.0191421006 0.0206811
v -0.0214374997 -0.0169142 0.0225396995
v -0.0214374997 -0.0145070003 0.0241593998
v -0.0214374997 -0.0119460002 0.0255229007
v -0.0214374997 -0.00925840996 0.0266159009
v -0.0214374997 -0.00647266023 0.0274269003
v -0.0214374997 -0.00361829996 0.0279469993
v -0.0214374997 -0.000725582999 0.0281709004
v -0.0214374997 0.00217482005 0.0280962996
v -0.0214374997 0.00505218003 0.0277236998
v -0.0214374997 0.00787597988 0.0270572007
v -0.0214374997 0.0106162997 0.0261039995
v -0.0214374997 0.0132440999 0.0248741005
v -0.0214374997 0.0157315005 0.0233804993
v -0.0214374997 0.0180520993 0.0216390006
v -0.0214374997 0.0201814007 0.0196682997
v -0.0214374997 0.0220966991 0.0174889006
v -0.0214374997 0.0237777997 0.0151242996
v -0.0214374997 0.0252068993 0.0125992
v -0.0214374997 0.0263687 0.00994068012
v -0.0214374997 0.0272511002 0.0071766898
v -0.0214374997 0.0278446004 0.00433665002
v -0.0214374997 0.0281428993 0.00145071
v -0.0214374997 0.0281428993 -0.00145072001
v -0.0214374997 0.0278446004 -0.0043366598
v -0.0214374997 0.0272511002 -0.00717670005
v -0.0214374997 0.0263687 -0.00994069036
v -0.0214374997 0.0252068993 -0.0125992
v -0.0214374997 0.0237777997 -0.0151242996
v -0.0214374997 0.0220966991 -0.0174889006
v -0.0214374997 0.0201814007 -0.0196682997
v -0.0214374997 0.0180520993 -0.0216390993
v -0.0214374997 0.0157315005 -0.0233804993
v -0.0214374997 0.0132440999 -0.0248741992
v -0.0214374997 0.0106162997 -0.0261039995
v -0.0214374997 0.00787597988 -0.0270572007
v -0.0214374997 0.00505218003 -0.0277236998
v -0.0214374997 0.00217482005 -0.0280962996
v -0.0214374997 -0.000725582999 -0.0281709004
v -0.0214374997 -0.00361829996 -0.0279469993
v -0.0214374997 -0.00647266023 -0.0274267998
v -0.0214374997 -0.00925840996 -0.0266159009
v -0.0214374997 -0.0119460002 -0.0255229007
v -0.0214374997 -0.0145070003 -0.0241593998
v -0.0214374997 -0.0169142 -0.0225396995
v -0.0214374997 -0.0191421006 -0.0206811
v -0.0214374997 -0.0211670995 -0.0186033007
v -0.0214374997 -0.0229676999 -0.0163282994
v -0.0214374997 -0.0245248992 -0.0138801001
v -0.0214374997 -0.0258220006 -0.0112848999
v -0.0214374997 -0.0268454999 -0.00857002009
v -0.0214374997 -0.0275844 -0.00576430978
v -0.0214374997 -0.0280309003 -0.00289756991
v -0.0214374997 -0.0281802993 5.24521013e-08
v -0.0206461996 -0.0298317 0.00308364001
v -0.0206461996 -0.0293565001 0.00613468001
v -0.0206461996 -0.0285701994 0.00912064034
v -0.0206461996 -0.0274809003 0.0120099001
v -0.0206461996 -0.0261004008 0.0147719001
v -0.0206492003 -0.0234808996 0.0187068004
v -0.0206492003 -0.0191581007 0.0231141001
v -0.0206461996 -0.015439 0.0257114992
v -0.0206492003 -0.0112215998 0.0278455
v -0.0206461996 -0.00688849017 0.0291888006
v -0.0206461996 -0.00385074993 0.0297423992
v -0.0206461996 -0.000772196974 0.0299807005
v -0.0206461996 0.00231454009 0.0299012009
v -0.0206492003 0.00698863016 0.0291968007
v -0.0206492003 0.0128132002 0.0271499995
v -0.0206461996 0.0167420991 0.0248825997
v -0.0206492003 0.0204626992 0.0219675992
v -0.0206461996 0.0235162992 0.0186123997
v -0.0206461996 0.0253053997 0.0160958003
v -0.0206461996 0.0268262997 0.0134086004
v -0.0206461996 0.0280627999 0.0105793001
v -0.0206461996 0.0290018003 0.00763778994
v -0.0206461996 0.0296333991 0.0046152398
v -0.0206461996 0.0299509 0.00154393003
v -0.0206461996 0.0299509 -0.00154383003
v -0.0206461996 0.0296333991 -0.00461525004
v -0.0206461996 0.0290018003 -0.00763780996
v -0.0206461996 0.0280627999 -0.0105793001
v -0.0206461996 0.0268262997 -0.0134086004
v -0.0206461996 0.0253053997 -0.0160958003
v -0.0206492003 0.0224871002 -0.0198903009
v -0.0206461996 0.0192118008 -0.0230292995
v -0.0206492003 0.0153721999 -0.0257874001
v -0.0206492003 0.00977321994 -0.0283863004
v -0.0206461996 0.00537675014 -0.0295046996
v -0.0206461996 0.00231454009 -0.0299012009
v -0.0206492003 -0.00241209008 -0.0299245995
v -0.0206492003 -0.00848232023 -0.0287983995
v -0.0206492003 -0.0141938003 -0.0264544003
v -0.0206492003 -0.0193047002 -0.0229918994
v -0.0206461996 -0.0225268994 -0.0197982993
v -0.0206461996 -0.0244431999 -0.0173771996
v -0.0206461996 -0.0261004008 -0.0147719001
v -0.0206461996 -0.0274809003 -0.0120099001
v -0.0206461996 -0.0285701994 -0.00912064966
v -0.0206461996 -0.0293565001 -0.00613470003
v -0.0206461996 -0.0298317 -0.00308365002
v -0.0206461996 -0.0299906991 5.24521013e-08
v -0.0201625992 -0.0314844996 0.00490360986
v -0.0201625992 -0.0298156999 0.0112400996
v -0.0201625992 -0.0268860999 0.0171013009
v -0.0201625992 -0.0228195004 0.0222392995
v -0.0201625992 -0.0177878998 0.0264369007
v -0.0201625992 -0.0120040998 0.0295164995
v -0.0201635994 -0.00552666001 0.0314599983
v -0.0201625992 -0.000821521971 0.0318958014
v -0.0201635994 0.00430322997 0.0316504985
v -0.0201625992 0.0104687 0.0300952997
v -0.0201625992 0.0164033994 0.0273176003
v -0.0201625992 0.0216444004 0.0233846009
v -0.0201625992 0.0250183996 0.0198014006
v -0.0201625992 0.0277308002 0.0156945996
v -0.0201625992 0.0298552997 0.0112551004
v -0.0201625992 0.0311903004 0.00651782006
v -0.0201625992 0.0318640992 0.00164251996
v -0.0201625992 0.0316951983 -0.00327629992
v -0.0201625992 0.0303547997 -0.00969034992
v -0.0201625992 0.0277308002 -0.0156945996
v -0.0201625992 0.0239340998 -0.0210350994
v -0.0201625992 0.0191252995 -0.0254861005
v -0.0201625992 0.0135075999 -0.0288593005
v -0.0201625992 0.00891736988 -0.0306349006
v -0.0201625992 0.00409128983 -0.0316003002
v -0.0201625992 -0.000821521971 -0.0318958014
v -0.0201625992 -0.0057126102 -0.0313478
v -0.0201625992 -0.0120040998 -0.0295164995
v -0.0201625992 -0.0177878998 -0.0264369007
v -0.0201625992 -0.0216731001 -0.0234156009
v -0.0201625992 -0.0249851998 -0.0197751001
v -0.0201625992 -0.0277676005 -0.0157153998
v -0.0201625992 -0.0298156999 -0.0112400996
v -0.0201625992 -0.0312316995 -0.00652654003
v -0.0201625992 -0.0318217985 -0.00164027
v -0.0201181006 0.038126301 -0.0387286991
v -0.0158118997 0.0436092988 -0.0348775014
v -0.0119914999 0.0444337986 -0.0355006009
v -0.0170335006 0.0350630991 -0.0429609008
v -0.0188983008 0.0414130017 -0.0359041989
v -0.0189549997 0.0360704996 -0.0412253998
v -0.00759122008 0.0399097987 -0.0416923016
v -0.00869449042 0.0379098989 -0.0432740003
v -0.0112185003 0.0358530991 -0.0443742014
v -0.0144073004 0.0349478014 -0.0440713018
v -0.0092843296 0.0436769016 -0.0372835994
v -0.0078110001 0.0422510989 -0.0392675996
v -0.0565569997 -0.00199993001 0.0240780003
v -0.0576188006 -0.00200027996 0.0259355996
v -0.0576188006 -0.00638261996 0.0252043996
v -0.0576188006 0.00200027996 0.0259355996
v -0.0565573983 0.00199989998 0.0240781009
v -0.0576188006 0.00638261996 0.0252043996
v -0.0544506013 -0.00529087987 0.0198248997
v -0.0547155999 -0.00235291012 0.0208397005
v -0.0564902015 -3.78687983e-17 0.0240452997
v -0.0547320992 -3.75958022e-17 0.0209999997
v -0.0547320992 0.0027411601 0.0208202992
v -0.0547320992 0.00515189022 0.0203409009
v -0.0576188006 -0.0245912001 -0.00844222959
v -0.0544479005 -0.0189055 -0.00796805043
v -0.0547320992 -0.0202843994 -0.00543517992
v -0.0576188006 -0.0256453995 -0.0042794398
v -0.0576188006 -0.0205176994 -0.0159696005
v -0.0547320992 -0.0148491999 -0.0148492996
v -0.0547320992 -0.0166603997 -0.0127839996
v -0.0576188006 -0.0228662994 -0.0123746004
v -0.0544438995 -0.0178047996 -0.0101878997
v -0.0576188006 -0.0176093001 -0.0191289
v -0.0544559993 -0.0125054 -0.0162755996
v -0.0576188006 -0.0142206997 -0.0217664
v -0.0576188006 -0.00638261996 -0.0252043996
v -0.0547291003 -0.00274686003 -0.0208132006
v -0.0547320992 -0.00543519994 -0.0202845
v -0.0576188006 -0.0104441 -0.0238100998
v -0.0544474013 -0.00789282005 -0.0189370997
v -0.0544434004 -0.0102222003 -0.0177838001
v -0.0576188006 -0.00214705989 -0.0259112008
v -0.0576188006 0.00638261996 -0.0252043996
v -0.0544504002 0.0052912198 -0.0198244005
v -0.0576188006 0.00214705989 -0.0259112008
v -0.0547163002 0.00238838 -0.0208525993
v -0.0547320992 -8.72417995e-17 -0.0209999997
v -0.0547320992 0.0080363499 -0.0194015
v -0.0576188006 0.0104441 -0.0238100998
v -0.0544559993 0.0102414005 -0.0177867003
v -0.0576188006 0.0142206997 -0.0217664
v -0.0576188006 0.0205176994 -0.0159696005
v -0.0544526018 0.0162757002 -0.0124968002
v -0.0576188006 0.0176093001 -0.0191289
v -0.0544961989 0.0144336997 -0.0147121996
v -0.0545708016 0.0126924003 -0.0163853001
v -0.0544540994 0.0177487992 -0.010299
v -0.0576188006 0.0228662994 -0.0123746004
v -0.0547320992 0.0194015 -0.0080363201
v -0.0576188006 0.0245912001 -0.00844222959
v -0.0576188006 0.0256453995 -0.0042794398
v -0.0545543991 0.0205076002 -0.00285742991
v -0.0544430986 0.0198398009 -0.00520918984
v -0.0545814 0.0207398999 -3.50813002e-06
v -0.0576188006 0.0260000005 5.24521013e-08
v -0.0547320992 0.0208202992 0.00274102995
v -0.0576188006 0.0256453995 0.00427943002
v -0.0547320992 0.0202843994 0.0054351599
v -0.0576188006 0.0245912001 0.00844222028
v -0.0576188006 0.0205176994 0.0159696005
v -0.0544538982 0.0162893999 0.0124794003
v -0.0576188006 0.0228662994 0.0123746004
v -0.0544438995 0.0178047996 0.0101878997
v -0.0544434004 0.0189229008 0.00791709032
v -0.0547320992 0.0148491999 0.0148491999
v -0.0576188006 0.0176093001 0.0191289
v -0.0547320992 0.0127839996 0.0166603997
v -0.0576188006 0.0142206997 0.0217664
v -0.0576188006 0.0104441 0.0238100998
v -0.0545689985 0.00799307972 0.0191207994
v -0.0544434004 0.0102222003 0.0177839007
v -0.0544539988 -0.00781773962 0.0189725999
v -0.0576188006 -0.0104441 0.0238100998
v -0.0544539988 -0.0102143995 0.0177992005
v -0.0576188006 -0.0142206997 0.0217664
v -0.0576188006 -0.0205176994 0.0159696005
v -0.0544526018 -0.0162757002 0.0124968002
v -0.0576188006 -0.0176093001 0.0191289
v -0.0544360988 -0.0143774999 0.0146243004
v -0.0545708984 -0.0126924003 0.0163854007
v -0.0547320992 -0.0181865003 0.0104999999
v -0.0576188006 -0.0228662994 0.0123746004
v -0.0547320992 -0.0194015 0.00803630985
v -0.0576188006 -0.0245912001 0.00844222028
v -0.0576188006 -0.0256453995 0.00427943002
v -0.0547320992 -0.0206793994 0.00344973011
v -0.0544430986 -0.0198398009 0.00520918984
v -0.0547320992 -0.0208202992 -0.00274104998
v -0.0576188006 -0.0260000005 5.24521013e-08
v -0.0545814 -0.0207398999 3.56507985e-06
v -0.0547320992 -0.0208202992 0.00274102995
v -0.0598017015 0.000516712025 0.0259948
v -0.0596981011 0.00200000009 0.0259229001
v -0.0700000003 0.00214705989 0.0259111002
v -0.0597834997 -0.000964384992 0.0259821005
v -0.0700000003 -0.00214705989 0.0259111002
v -0.0596981011 -0.00200000009 0.0259229001
v -0.0700000003 -0.00638261996 0.0252043996
v -0.0700000003 -0.0104441 0.0238100998
v -0.0700000003 -0.0142206997 0.0217664
v -0.0700000003 -0.0176093001 0.0191289
v -0.0700000003 -0.0205176994 0.0159696005
v -0.0700000003 -0.0228662994 0.0123746004
v -0.0700000003 -0.0245912001 0.00844222028
v -0.0700000003 -0.0256453995 0.00427943002
v -0.0700000003 -0.0260000005 5.24521013e-08
v -0.0700000003 -0.0256453995 -0.0042794398
v -0.0700000003 -0.0245912001 -0.00844222959
v -0.0700000003 -0.0228662994 -0.0123746004
v -0.0700000003 -0.0205176994 -0.0159696005
v -0.0700000003 -0.0176093001 -0.0191289
v -0.0700000003 -0.0142206997 -0.0217664
v -0.0700000003 -0.0104441 -0.0238100998
v -0.0700000003 -0.00638261996 -0.0252043996
v -0.0700000003 -0.00214705989 -0.0259112008
v -0.0700000003 0.00214705989 -0.0259112008
v -0.0700000003 0.00638261996 -0.0252043996
v -0.0700000003 0.0104441 -0.0238100998
v -0.0700000003 0.0142206997 -0.0217664
v -0.0700000003 0.0176093001 -0.0191289
v -0.0700000003 0.0205176994 -0.0159696005
v -0.0700000003 0.0228662994 -0.0123746004
v -0.0700000003 0.0245912001 -0.00844222959
v -0.0700000003 0.0256453995 -0.0042794398
v -0.0700000003 0.0260000005 5.24521013e-08
v -0.0700000003 0.0256453995 0.00427943002
v -0.0700000003 0.0245912001 0.00844222028
v -0.0700000003 0.0228662994 0.0123746004
v -0.0700000003 0.0205176994 0.0159696005
v -0.0700000003 0.0176093001 0.0191289
v -0.0700000003 0.0142206997 0.0217664
v -0.0700000003 0.0104441 0.0238100998
v -0.0700000003 0.00638261996 0.0252043996
v -0.0542212017 0.0144308005 0.0143843004
v -0.0539610982 0.00267478009 0.0199817009
v -0.0528257005 -3.46142992e-17 0.0200076997
v -0.0528257005 -4.46100986e-17 -0.0200075991
v -0.0536353998 -0.00262220996 -0.0198970009
v -0.0536352992 0.0198969003 -0.00262213009
v -0.0536472984 0.0185502004 -0.00767335994
v -0.0536472984 0.0122282999 -0.0159204006
v -0.0539617985 0.00260950997 -0.0199954007
v -0.0536472984 -0.0122282999 0.0159204006
v -0.0536471009 -0.00262995996 0.0199015997
v -0.0536378995 -0.0173765998 0.0100431005
v -0.0541313998 0.0199471992 0.0039817798
v -0.0539485998 -6.57443961e-05 -0.0201568007
v -0.0542213991 -0.00529795 -0.0196745992
v -0.0542110018 -0.0200178996 -0.00399276009
v -0.0542129017 -0.0201913994 0.00269571994
v -0.0542181991 -0.0188044999 0.00784091
v -0.0536377989 0.0200701002 -9.18398018e-06
v -0.0542218015 0.00777328014 -0.0188347008
v -0.0542158 -0.0153416004 -0.0134687005
v -0.0536378995 9.30368969e-06 0.0200701002
v -0.0542216003 0.00529813999 0.0196746998
v -0.0564902015 -3.75530006e-17 0.0240452997
v -0.00941015966 0.0295230001 -0.0266548004
v -0.00949002989 0.0279395003 -0.0283102002
v -0.00917007029 0.0262707993 -0.0298651997

# 0 UV coordinates

# 4146 vertex normals
vn -0.407889992 -0.719106972 -0.562592983
vn -0.519041002 -0.694280028 -0.498569995
vn -0.553659022 -0.685109019 -0.473378986
vn -0.652624011 -0.64458102 -0.398241997
vn -0.682636976 -0.63032198 -0.369731009
vn -0.766364992 -0.575296998 -0.285863996
vn -0.790943027 -0.556348979 -0.254725009
vn -0.850309014 -0.496398985 -0.174823999
vn -0.875066996 -0.465618998 -0.132124007
vn -0.894007027 -0.437090993 -0.0985044017
vn -0.932960987 -0.359925985 -0.00604742998
vn -0.93482101 -0.35511899 -0.00112416002
vn -0.96191901 -0.244837001 0.121518999
vn -0.964980006 -0.216508999 0.148110002
vn -0.961911023 -0.121535003 0.244859993
vn -0.957809985 -0.0885758027 0.273411989
vn -0.932685971 0.00531134987 0.360650003
vn -0.924624026 0.0295179002 0.379734993
vn -0.875365973 0.132900998 0.464834988
vn -0.874310017 0.134928003 0.466237009
vn -0.807052016 0.235614002 0.541436017
vn -0.79094398 0.254720986 0.556348979
vn -0.712311029 0.34324801 0.612204015
vn -0.682621002 0.369740993 0.630333006
vn -0.588110983 0.450084001 0.671975017
vn -0.553678989 0.473358005 0.685106993
vn -0.441635996 0.545807004 0.712077022
vn -0.40792799 0.56259501 0.719084024
vn -0.249961004 0.635737002 0.730314016
vn -0.251257986 0.635159016 0.730372012
vn -0.0842541009 0.688448012 0.720376015
vn -0.0842031017 0.688462973 0.720367014
vn 0.0842451006 0.720376015 0.688448012
vn 0.0841936991 0.720367014 0.688463986
vn 0.249953002 0.730379999 0.635663986
vn 0.25001201 0.730382025 0.635637999
vn 0.408234 0.718200982 0.563499987
vn 0.408174992 0.718207002 0.563534975
vn 0.554042995 0.684195995 0.474249989
vn 0.554060996 0.684190989 0.474236012
vn 0.683028996 0.629401028 0.370573997
vn 0.684735 0.62856698 0.368836999
vn 0.791173995 0.555652976 0.255524009
vn 0.804279029 0.543245018 0.240874007
vn 0.884476006 0.451294005 0.118473001
vn 0.875362992 0.464841008 0.132901996
vn 0.932958007 0.359935999 0.00604014983
vn 0.938907981 0.344040006 -0.00936396979
vn 0.964374006 0.226799995 -0.136179
vn 0.962246001 0.243974999 -0.120658003
vn 0.964317024 0.141918004 -0.223499
vn 0.962653995 0.119571999 -0.242897004
vn 0.946222007 0.0381451994 -0.321262002
vn 0.933426976 -0.00726707 -0.358693987
vn 0.87578702 -0.134108007 -0.46369499
vn 0.907761991 -0.0677011982 -0.413987011
vn -0.382618994 -0.721760988 -0.576770008
vn -0.249989003 -0.730382025 -0.635648012
vn -0.250021011 -0.730379999 -0.635636985
vn -0.0842240974 -0.720371008 -0.688455999
vn -0.0841701031 -0.720367014 -0.688467026
vn 0.0842168033 -0.688459992 -0.720368028
vn 0.0841749981 -0.688467979 -0.720364988
vn 0.25 -0.635645986 -0.730379999
vn 0.250014007 -0.635640979 -0.730378985
vn 0.408178985 -0.563533008 -0.718207002
vn 0.408192992 -0.563525975 -0.718204021
vn 0.554077029 -0.474225998 -0.684184015
vn 0.554023027 -0.474260986 -0.684204996
vn 0.682995975 -0.370602995 -0.629419982
vn 0.683062971 -0.370546997 -0.629379988
vn 0.774752021 -0.275507987 -0.569082975
vn 0.791631997 -0.256727993 -0.554445982
vn 0.850188971 -0.173960999 -0.496906012
vn 1 0 0
vn 0.00221477007 0.994328022 -0.106330998
vn -0.0115365004 0.99713701 -0.0747253969
vn -0.00263637002 0.977409005 -0.211339995
vn -0.00864423998 0.974891007 -0.222515002
vn 0.00518542994 0.910356998 -0.413792014
vn -0.0124655999 0.930800021 -0.365316987
vn 0.00541792018 0.94945699 -0.313852012
vn -0.00934306998 0.861388028 -0.507861972
vn -0.0039756801 0.866021991 -0.499989986
vn 0.00262874993 0.803303003 -0.595565021
vn -0.0114925001 0.781777024 -0.623452008
vn -0.0110564996 0.680139005 -0.73299998
vn 0.0060122502 0.734206975 -0.67889899
vn 0.00168163003 0.658223987 -0.752821028
vn -0.00193614 0.575084984 -0.818091989
vn -0.00900719967 0.563288987 -0.826210976
vn 0.00491312006 0.388357997 -0.921495974
vn -0.0124503998 0.433858007 -0.900895
vn 0.00557551021 0.484890997 -0.874557018
vn -0.00840361975 0.288493991 -0.957445025
vn -0.00463780994 0.294753999 -0.955561996
vn 0.00308330008 0.186284006 -0.982491016
vn -0.0117087997 0.149027005 -0.988763988
vn -0.0107412003 0 -0.999942005
vn 0.00592980999 0.0805163011 -0.99673599
vn 0.00115538004 -0.0270332992 -0.999634027
vn -0.00125177996 -0.132180005 -0.991225004
vn -0.00937610958 -0.149030998 -0.988788009
vn -0.0123733999 -0.294734001 -0.955498993
vn 0.00573768979 -0.236906007 -0.971516013
vn 0.00489690993 -0.340202004 -0.940339983
vn -0.00746119022 -0.43721801 -0.899325013
vn -0.0052629998 -0.433885992 -0.900952995
vn 0.0035230699 -0.530229986 -0.847846985
vn -0.0120296003 -0.563270986 -0.826184988
vn 0.000587644987 -0.698539972 -0.715570986
vn -0.0102751004 -0.680145025 -0.733006001
vn 0.00605564006 -0.617700994 -0.786390007
vn -0.000597593025 -0.769288003 -0.638902009
vn -0.00968370028 -0.781791985 -0.623463988
vn 0.00429752003 -0.887621999 -0.460552007
vn -0.0122943996 -0.865963995 -0.499956012
vn 0.00578868994 -0.833521008 -0.552456975
vn -0.00657506986 -0.931307018 -0.364176005
vn -0.00590060977 -0.930855989 -0.365339011
vn 0.00395154022 -0.964599013 -0.263691008
vn -0.0121769002 -0.974855006 -0.222506002
vn 0.00610519014 -0.987282991 -0.158852994
vn -0.0103222998 -0.997151017 -0.0747264028
vn 0 -0.998583019 -0.0532220006
vn 0 -0.998583019 0.0532201007
vn -0.0103227003 -0.997151017 0.0747245029
vn 0.00389515003 -0.964644015 0.263527989
vn -0.0121726999 -0.974855006 0.222506002
vn 0.00610445021 -0.987284005 0.158849001
vn -0.00577381998 -0.931333005 0.364122987
vn -0.00649834005 -0.930851996 0.365337998
vn -0.0122945001 -0.865963995 0.499956012
vn 0.00424918998 -0.887567997 0.460657001
vn 0.00607240992 -0.832998991 0.553241014
vn -0.0136270002 -0.768849015 0.639285028
vn -0.00108355004 -0.781827986 0.623493016
vn 0.000582255016 -0.697872996 0.716220975
vn -0.0105801998 -0.680128992 0.733016014
vn 0.00352042005 -0.529841006 0.848089993
vn -0.0119906999 -0.563287973 0.826173007
vn 0.00604635989 -0.618017018 0.786141992
vn -0.0049175499 -0.437368006 0.899268985
vn -0.00707830023 -0.433881015 0.900942028
vn -0.0120404996 -0.294735998 0.955502987
vn 0.0045367498 -0.340034992 0.940401971
vn 0.00592262018 -0.235872 0.971765995
vn -0.0122632999 -0.132838994 0.991061985
vn -0.00163954997 -0.149037004 0.98882997
vn 0.00116460002 -0.0266292002 0.999644995
vn -0.0109834997 0 0.999939978
vn 0.00310183992 0.186317995 0.982484996
vn -0.0117081003 0.149027005 0.988763988
vn 0.0062256502 0.0793336034 0.996828973
vn -0.00411008019 0.288614988 0.957436979
vn -0.00762308994 0.294748008 0.955543995
vn -0.0124147004 0.433858007 0.900896013
vn 0.00490419986 0.38855499 0.921413004
vn 0.00575414021 0.485139996 0.874417007
vn -0.0112800999 0.574681997 0.818298995
vn -0.00243862998 0.563327014 0.82622999
vn 0.00164949999 0.657797992 0.753192008
vn -0.0107177002 0.680127978 0.733015001
vn -0.0115067996 0.781777024 0.623452008
vn 0.00591782015 0.734362006 0.678731978
vn 0.00265056989 0.802985013 0.595993996
vn -0.00338599994 0.861461997 0.50781101
vn -0.00810896978 0.86600101 0.499976993
vn -0.0124674002 0.930800974 0.365314007
vn 0.00513100019 0.910417974 0.413657993
vn -0.00317875994 0.974927008 0.222500995
vn 0.00218708999 0.994306982 0.106532
vn -0.0114045003 0.997138977 0.0747236013
vn 0.00632474991 0.999979973 -0.000220221002
vn -1 -3.36481003e-06 -8.27865006e-06
vn -0.999974012 -0.00662815012 -0.00271815993
vn 0.998377025 -0.0271194 -0.0500872992
vn 0.998458028 -0.0230553001 -0.0505008996
vn 0.999264002 0.0142564001 0.0356119014
vn 0.999440014 0.0151837999 0.0298229009
vn 0.999805987 0.0125467004 0.0151749998
vn 0.99991399 0.00951407012 0.00904715993
vn 0.99910599 0.0348469988 0.0239336994
vn 0.999377012 0.0318900011 0.0151342005
vn 0.999550998 0.0283074006 0.00978691969
vn 0.999199986 0.0390894003 0.00841064006
vn 0.999482989 0.0316107012 0.00581421005
vn 0.998480022 0.0551105998 -0.00101243996
vn 0.999608994 0.0279607009 0.00074825302
vn 0.998637021 0.0511176996 -0.0105130998
vn -0.999994993 -0.0028093399 0.00156574999
vn -0.999978006 -0.00188709004 0.00639630016
vn -1 -0.000557041029 0.000470764004
vn 0.999671996 -0.000360080012 -0.0256136004
vn 0.99971199 -0.00392170018 -0.0236568991
vn 0.706152022 -0.307222009 0.637938023
vn 0.706149995 -0.398871988 0.585023999
vn 0.706160009 -0.398862988 0.585017979
vn 0.706157982 -0.48159501 0.519043982
vn 0.706151009 -0.481602013 0.519047022
vn 0.706149995 -0.55358398 0.441471994
vn 0.706130028 -0.553604007 0.441478014
vn 0.706131995 -0.613218009 0.354036003
vn 0.706148982 -0.613200009 0.354032993
vn 0.706147015 -0.659117997 0.258688003
vn 0.706152022 0.307222009 0.637938023
vn 0.537494004 0.308138996 0.784951985
vn 0.706266999 0.208672002 0.676492989
vn 0.706018984 0.105547003 0.700282991
vn 0.706134021 0.105576999 0.700163007
vn 0.706134975 0 0.708077013
vn 0.706135988 -0.105530001 0.700169027
vn 0.705920994 -0.10565 0.700366974
vn 0.706273973 -0.208670005 0.676487029
vn 0.537545025 -0.308140993 0.784916997
vn 0.706008971 0.659228027 0.258787006
vn 0.706147015 0.659120977 0.258682996
vn 0.706148982 0.613204002 0.354027003
vn 0.706131995 0.613215029 0.35404101
vn 0.706129014 0.553599 0.441484988
vn 0.706148982 0.553588986 0.441466004
vn 0.706151009 0.481599987 0.519050002
vn 0.706157982 0.481597006 0.519042015
vn 0.706160009 0.398865998 0.585016012
vn 0.706149995 0.398867995 0.585026026
vn 0.706146002 0.690313995 -0.157561004
vn 0.706139982 0.690320015 -0.157560006
vn 0.706140995 0.706090987 -0.0529143997
vn 0.706140995 0.706090987 0.0529130995
vn 0.706142008 0.690331995 0.157495007
vn 0.705974996 0.690478981 0.157600001
vn 0.706129014 0.553599 -0.441484988
vn 0.706131995 0.613218009 -0.354036003
vn 0.706148982 0.613200009 -0.354032993
vn 0.706147015 0.659117997 -0.258688003
vn 0.706148028 0.659116983 -0.258688003
vn 0.706152022 0.307222009 -0.637938023
vn 0.706151009 0.398858994 -0.585031986
vn 0.706125021 0.398882002 -0.585047007
vn 0.706126988 0.481626004 -0.519057989
vn 0.706151009 0.481602013 -0.519047022
vn 0.706148982 0.553588986 -0.441466004
vn 0.706152022 -0.307222009 -0.637938023
vn 0.537274003 -0.308131009 -0.785106003
vn 0.706130028 -0.208711997 -0.676624
vn 0.706130028 -0.105531 -0.700174987
vn 0.706135988 -0.105531998 -0.700168014
vn 0.706134975 0 -0.708077013
vn 0.706135988 0.105530001 -0.700169027
vn 0.706130028 0.105532996 -0.700173974
vn 0.706130028 0.208711997 -0.676624
vn 0.537274003 0.308131009 -0.785106003
vn 0.706129014 -0.553599 -0.441484988
vn 0.706148982 -0.553588986 -0.441466004
vn 0.706151009 -0.481608987 -0.519039989
vn 0.706126988 -0.481617987 -0.519065022
vn 0.706125021 -0.398874015 -0.585053027
vn 0.706149995 -0.398867995 -0.585026026
vn 0.706148028 -0.659116983 -0.258688003
vn 0.706147015 -0.659117997 -0.258688986
vn 0.706148982 -0.613204002 -0.354027003
vn 0.706131995 -0.613215029 -0.35404101
vn 0.706133008 -0.659133971 0.258688003
vn 0.706135988 -0.690322995 0.157563001
vn 0.706139982 -0.690319002 0.157563999
vn 0.706140995 -0.706090987 0.0529130995
vn 0.706140995 -0.706090987 -0.0529143997
vn 0.706139982 -0.690319002 -0.157562003
vn 0.706144989 -0.690313995 -0.157559007
vn 0.985630989 -0.167170003 -0.0241975002
vn 0.995052993 -0.0955960974 -0.0270320997
vn 0.995243013 -0.0938420966 -0.0261678994
vn 0.991648972 -0.121204004 -0.0440586992
vn 0.987744987 -0.132761002 -0.0820655972
vn 0.998885989 -0.0355802998 -0.0309868008
vn 0.996764004 -0.0561768003 -0.0574939996
vn 0.996237993 -0.0396560989 -0.0770488977
vn 0.998180985 -0.0242183991 -0.0552123003
vn 0.994580984 -0.0316293985 -0.0990326032
vn 0.995633006 -0.00675744005 -0.0931098983
vn 0.998991013 0.00180018996 -0.0448694006
vn 0.984385014 0.0315238982 -0.173186004
vn 0.971975982 0.0976563022 -0.213835999
vn 0.996361971 0.0522943996 -0.0672840998
vn 0.99810499 0.0343602002 -0.0510471016
vn 0.998462021 0.0288557 -0.0473429002
vn 0.993170977 0.0963070989 -0.0658560991
vn 0.99980402 0.0193892997 0.00407595979
vn 0.997788012 0.063105002 -0.0209106002
vn 0.986836016 0.160620004 -0.0188500993
vn 0.99171102 0.123793997 0.0344204009
vn 0.991384029 0.126480997 0.0340685993
vn 0.999328971 0.0351473019 -0.0102944998
vn 0.992051005 0.116039999 0.0486821011
vn 0.994130015 0.0901653022 0.0597959012
vn 0.999563992 0.0217090994 0.0200085007
vn 0.978321016 0.124651 0.165377006
vn 0.974038005 0.0880521983 0.208557993
vn 0.997331977 0.0234363005 0.0691419989
vn 0.979809999 0.0261418 0.198211998
vn 0.997448981 -0.0068600201 0.0710481033
vn 0.995552003 -0.0115662999 0.0935041979
vn 0.970259011 -0.0751912966 0.230094999
vn 0.976604998 -0.0844009966 0.197785005
vn 0.98962599 -0.0625215992 0.129348993
vn 0.991301 -0.0959945992 0.0900363028
vn 0.985307992 -0.137516007 0.101273999
vn 0.996985018 -0.069556497 0.0343892984
vn 0.981644988 -0.177855 0.0688470975
vn 0.991280019 -0.131215006 0.0121048996
vn 0.986253977 -0.164903998 0.0104951002
vn 0.952947974 0.0860396996 -0.290666997
vn 0.96697402 0.142336994 0.211429
vn 0.945949018 -0.212099001 0.245344996
vn 0.950845003 -0.206117004 0.231103003
vn 0.971266985 -0.228860006 0.0653001964
vn 0.869727015 -0.337534994 -0.360062987
vn 0.64962697 -0.446907014 -0.615028024
vn 0.87252897 -0.243810996 -0.423377991
vn 0.772736013 -0.176005006 -0.609836996
vn 0.819734991 -0.0414570011 -0.571241021
vn 0.854677975 0.437819988 -0.278995991
vn 0.794984996 0.479236007 0.37192899
vn 0.806665003 0.399316996 0.435703009
vn 0.893188 0.162456006 0.419312
vn 0.751667023 -0.290336996 0.592199981
vn 0.770416975 -0.528025985 -0.357275009
vn 0.744273007 -0.548986018 -0.380356997
vn 0.651332974 -0.565796018 -0.505608976
vn 0.745680988 -0.0673490986 -0.662890971
vn 0.672097981 0.0300914999 -0.739849985
vn 0.725540996 0.066597499 -0.684948981
vn 0.614317 0.709617019 -0.34504801
vn 0.753916025 0.617513001 -0.224251002
vn 0.757543027 0.649580002 -0.0646151975
vn 0.780502975 0.494828999 0.382046014
vn 0.645089984 0.195730999 0.738611996
vn 0.756691992 0.090173997 0.647521973
vn 0.756033003 0.090121299 0.648299992
vn 0.633551002 0.0216185991 0.773398995
vn 0.744437993 -0.0371726006 0.666656017
vn 0.700444996 -0.176148996 0.691627979
vn 0.724493027 -0.579545975 0.373144001
vn 0.633635998 -0.680248976 0.36846599
vn 0.728262007 -0.623552024 0.284285992
vn 0.755913973 -0.652908981 0.0480014011
vn 0.468692005 -0.342496008 -0.814262986
vn 0.595483005 -0.246990994 -0.764458001
vn 0.503005028 -0.85543102 -0.123379998
vn 0.441938013 -0.884451985 -0.149786994
vn 0.457625002 -0.856465995 -0.238842994
vn 0.441931993 -0.862608016 -0.246179
vn 0.459598005 -0.818756998 -0.344103992
vn 0.489641011 -0.807035983 -0.330067009
vn 0.446415007 -0.800391972 -0.40010801
vn 0.446913987 0.152014002 -0.881567001
vn 0.458292991 0.219996005 -0.861144006
vn 0.545848012 0.599411011 -0.585453987
vn 0.396432996 0.721123993 -0.568172991
vn 0.467880994 0.845884025 -0.256062001
vn 0.356476009 0.914192021 -0.192816004
vn 0.505383015 0.853606999 -0.126267999
vn 0.429773003 0.902495027 0.0282557998
vn 0.487342 0.871361017 0.0568149015
vn 0.466540992 0.855138004 0.226007998
vn 0.370774001 0.87766999 0.303680986
vn 0.521350026 0.774751008 0.357708991
vn 0.489701986 0.787599981 0.37400201
vn 0.44649601 0.777103007 0.443567991
vn 0.491457999 -0.101159997 0.86500603
vn 0.441536993 -0.142214999 0.885900021
vn 0.446943998 -0.839456022 0.309118986
vn 0.459369987 -0.857192993 0.232806996
vn 0.458582014 -0.857641995 0.232709005
vn 0.413147986 -0.89221102 0.182395995
vn 0.467896998 -0.883633971 0.0162368007
vn 0.370745987 -0.92719698 -0.0534062013
vn 0.420920014 -0.671060026 -0.610330999
vn 0.497482002 -0.509940028 -0.701763988
vn 0.347929001 0.253360987 -0.902637005
vn 0.379512012 0.401675999 -0.833442986
vn 0.275323004 0.435678005 -0.856961012
vn 0.498088002 0.485056013 -0.718769014
vn 0.178486004 0.630607009 -0.755298972
vn 0.418985993 0.711870015 -0.563641012
vn 0.419281006 0.704478025 0.572637022
vn 0.117154002 0.717625976 0.686504006
vn 0.401338995 0.589461982 0.70104301
vn 0.304055989 0.590412974 0.747637987
vn 0.474202007 0.477382988 0.739754975
vn 0.265982002 0.43246001 0.861528993
vn 0.436879992 0.41871801 0.796123028
vn 0.147830993 0.346385002 0.926370978
vn 0.371230006 0.250351012 0.894155025
vn 0.340893 -0.495193005 0.799108982
vn 0.509621024 -0.511900008 0.691552997
vn 0.413744986 -0.679871023 0.605467975
vn 0.394614995 -0.737542987 0.548004985
vn -0.0262192003 0.999481022 -0.0186982993
vn 0.206357002 0.960946977 0.184386
vn -0.0501943007 0.828981996 0.557018995
vn 0.00439033005 0.219404995 0.975624025
vn 0.356433004 0.128674001 0.925418019
vn 0.0318103991 0.0279086996 0.999104023
vn -0.195019007 0.00657036994 0.980777979
vn -0.00264249998 -0.21085 0.977514982
vn 0.383345991 -0.280050993 0.880123019
vn 0.257420987 -0.369574994 0.892831981
vn 0.201765001 -0.380506992 0.902499974
vn 0.207672 -0.502608001 0.839200974
vn -0.0316255987 -0.689593017 0.723505974
vn 0.173445001 -0.805553019 0.566568971
vn 0.176401004 -0.865505993 0.468809009
vn -0.216434002 -0.881648004 0.419348001
vn -0.216538996 -0.970017016 0.110349998
vn 0.173994005 -0.86116302 -0.477622986
vn 0.176368997 -0.809112012 -0.560563982
vn -0.0851820037 -0.798883021 -0.595423996
vn -0.0900869966 -0.65772903 -0.747847974
vn 0.0591016002 -0.503858984 -0.861761987
vn 0.355141014 -0.37402299 -0.856727004
vn -0.165129006 -0.185225993 -0.968722999
vn 0.389411986 -0.0937232003 -0.916283011
vn 0.104353003 0.0201639999 -0.994336009
vn 0.138988003 0.0168328993 -0.990150988
vn 0.217491001 0.132115006 -0.967079997
vn 0.0651383027 0.852020979 -0.519439995
vn 0.311859995 0.851028025 -0.422486991
vn -0.216549993 0.903388023 -0.370130986
vn 0.957216024 -0.191979006 -0.216521993
vn 0.986546993 -0.0381137989 -0.158976004
vn 0.996827006 -0.0638568029 -0.0475295
vn 0.800903976 -0.483758003 -0.352890015
vn 0.991028011 -0.113004997 -0.0713642985
vn 0.836959004 -0.502870023 -0.215919003
vn 0.991279006 -0.112986997 -0.0678298026
vn 0.998737991 -0.0451163016 -0.0220580995
vn 0.818964005 -0.534456015 -0.208938003
vn 0.478305995 -0.857945979 -0.187487006
vn 0.839838028 -0.512842 -0.177944005
vn 0.995383024 -0.0950084999 -0.0136706
vn 0.992989004 -0.115281001 -0.0261211991
vn 0.350686014 -0.874796987 0.334289014
vn 0.487794012 -0.841271996 0.233064994
vn 0.52493602 -0.822184026 0.220125005
vn 0.585102022 -0.716004014 0.380780011
vn 0.480434 -0.749334991 0.455718994
vn 0.527127981 -0.755741 0.388577014
vn 0.986451983 -0.162954003 0.0189405009
vn 0.980763018 -0.190522 0.0424956009
vn 0.477506995 -0.573871017 0.665325999
vn 0.427307993 -0.565706015 0.705254972
vn 0.986832023 -0.156287 0.0416686013
vn 0.727072001 -0.547609985 0.414112985
vn 0.215142995 -0.405010998 0.888638973
vn 0.217908993 -0.352519989 0.910080016
vn 0.994593024 -0.0849820003 0.0596950985
vn 0.954730988 -0.209929004 0.210757002
vn 0.945065975 -0.251944989 0.208265007
vn 0.771628022 -0.215404004 0.59849
vn 0.725072026 -0.181755006 0.664255023
vn 0.998273015 -0.0289834999 0.0510878004
vn 0.523006976 -0.0412483998 0.851329982
vn 0.520826995 -0.0179766007 0.853473008
vn 0.538513005 -0.0224382002 0.842317998
vn 0.479084998 0.0306650009 0.877233028
vn 0.215077996 0.30507499 0.927722991
vn 0.218392998 0.373005986 0.901759982
vn 0.999478996 0.00116165006 0.0322535001
vn 0.519109011 0.364089012 0.773281991
vn 0.516119003 0.380571008 0.767323971
vn 0.996428013 0.000881253975 0.0844421014
vn 0.994395971 0.0151835997 0.104625002
vn 0.998179972 0.0128683997 0.0589081012
vn 0.752090991 0.350748003 0.557973027
vn 0.714294016 0.396005988 0.577030003
vn 0.998085022 0.0354835987 0.0506705008
vn 0.723801017 0.582430005 0.369982004
vn 0.546922028 0.771600008 0.324822009
vn 0.518826008 0.801968992 0.296083003
vn 0.736073017 0.656453013 0.165123999
vn 0.478909999 0.875680983 0.0618738011
vn 0.468520999 0.883305013 -0.0161509998
vn 0.997101009 0.0632814988 0.0422549993
vn 0.990579009 0.121596999 0.0629931986
vn 0.464222997 0.885595977 -0.0147316996
vn 0.417391986 0.90675801 -0.0597870015
vn 0.245229006 0.942619979 -0.226563007
vn 0.247650996 0.922441006 -0.296263009
vn 0.664714992 0.735472977 -0.131274998
vn 0.497462004 0.812713981 -0.303359002
vn 0.495278001 0.809189022 -0.316087991
vn 0.897396982 0.429551005 -0.100819997
vn 0.978375971 0.202025995 -0.0443472005
vn 0.687978983 0.609027982 -0.394677013
vn 0.645310998 0.620302975 -0.445867002
vn 0.997916996 0.0582473017 -0.0277293008
vn 0.996882021 0.0699734986 -0.0364803001
vn 0.656488001 0.42898199 -0.620482028
vn 0.442452997 0.423337996 -0.790582001
vn 0.498122007 0.369590998 -0.784395993
vn 0.990598023 0.087773703 -0.104932003
vn 0.984794021 0.102314003 -0.140398994
vn 0.775152981 0.227491006 -0.589394987
vn 0.651618004 0.205188006 -0.730269015
vn 0.709321022 0.127216995 -0.693310022
vn 0.994394004 0.0457471982 -0.0953311995
vn 0.68276602 0.00259366003 -0.73063302
vn 0.467702001 -0.232929006 -0.852642
vn 0.49486801 -0.260800004 -0.828908026
vn 0.215729997 -0.449449986 -0.866864979
vn 0.219279006 -0.510923982 -0.831188023
vn 0.996461987 0.0100296 -0.083443597
vn 0.451402009 -0.492828012 -0.743879974
vn 0.450204998 -0.510442972 -0.732641995
vn 0.768725991 -0.238133997 -0.593591988
vn 0.716328979 -0.297223985 -0.631291986
vn 0.992349982 -0.0368307009 -0.117838003
vn 0.596351981 -0.595448017 -0.538336992
vn 0.598326981 -0.592199981 -0.539725006
vn 0.477789015 -0.755874991 -0.447627991
vn 0.477385014 -0.757992983 -0.444465995
vn 0.418473989 -0.907288015 0.0413267016
vn 0.382860988 -0.922496974 0.0491650999
vn 0.248365998 -0.957672 0.145526007
vn 0.993780017 -0.111176997 -0.00639704987
vn 0.995591998 -0.0872815996 0.0343276002
vn 0.990235984 -0.127737999 0.0558223017
vn 0.584430993 -0.453754008 0.672716975
vn 0.994210005 -0.0968722031 0.0465069003
vn 0.715489984 -0.313715011 0.62422502
vn 0.783973992 -0.321444005 0.531091988
vn 0.991266012 -0.0916564018 0.0948240012
vn 0.988270998 -0.0887876973 0.124245003
vn 0.848939002 -0.154074997 0.505533993
vn 0.998578012 -0.0195723996 0.0495789014
vn 0.823796988 -0.0957854018 0.558734
vn 0.997274995 -0.0292115994 0.0677404031
vn 0.685736001 0.117279999 0.71833998
vn 0.715408027 0.192937002 0.671540022
vn 0.787721992 0.119999997 0.604229987
vn 0.996910989 0.00204257993 0.0785084963
vn 0.99415499 -0.0229022 0.105503999
vn 0.206046999 0.620001972 0.757061005
vn 0.207571998 0.582153976 0.786136985
vn 0.789828002 0.213415995 0.574999988
vn 0.173932999 0.844063997 0.507250011
vn 0.175944 0.798887014 0.57517302
vn 0.998142004 0.0183706004 0.0580905005
vn 0.799668014 0.382301003 0.463009
vn 0.661716998 0.579675972 0.475506991
vn 0.616409004 0.626221001 0.477373987
vn 0.501769006 0.755792022 0.420720011
vn 0.490561008 0.795917988 0.354773998
vn 0.886147976 0.332327992 0.322953999
vn 0.893944025 0.306169003 0.327298999
vn 0.998233974 0.0354382992 0.0476698987
vn 0.234822005 0.965617001 0.111548997
vn 0.239259005 0.950836003 0.196634993
vn 0.00355307991 0.972481012 0.232956007
vn 0.0123848999 0.955865026 0.293543994
vn 0.989167988 0.122977003 0.0801481009
vn 0.899515986 0.429565012 0.0796526
vn 0.899649978 0.429230988 0.0799475014
vn 0.972634017 0.232336 -0.00170912
vn 0.982349992 0.186985999 0.0050038998
vn 0.99277401 0.116489001 -0.0288107991
vn 0.835841 0.478237987 -0.269553989
vn 0.583429992 0.577880025 -0.570670009
vn 0.405907989 0.583128989 -0.703704
vn 0.771628022 0.472961009 -0.425321013
vn 0.465947986 0.534124017 -0.705410004
vn 0.997677982 0.0543013997 -0.0411094017
vn 0.986580014 0.113564998 -0.117312998
vn 0.715359986 0.124289997 -0.68761301
vn 0.600557983 0.0649449006 -0.796939015
vn 0.479200006 -0.0636857972 -0.87539202
vn 0.47746101 -0.0743087977 -0.875504971
vn 0.999215007 0.0126651004 -0.0375333019
vn 0.996303976 0.0134164002 -0.0848445967
vn 0.683495998 -0.124884002 -0.719192028
vn 0.992541015 -0.0354127996 -0.116655
vn 0.796092987 -0.302235007 -0.524299979
vn 0.981342971 -0.116287 -0.153109998
vn 0.979880989 -0.166824996 -0.109559998
vn 0.299499005 -0.943552017 -0.141452998
vn 0.981391013 -0.191691995 -0.0111867003
vn 0.475533009 -0.863704026 -0.166982993
vn 0.980445027 -0.194055006 -0.0327243991
vn 0.442766011 -0.896606982 -0.00735943997
vn 0.28865099 -0.95607698 -0.0509565994
vn -0.965730011 -0.258152008 0.0269025005
vn -0.966117024 -0.256770015 0.0262103006
vn -0.965924025 -0.25742799 0.0268702004
vn 0.89576 0.434976012 -0.0917090029
vn 0.946447015 0.321871996 -0.0252276007
vn -0.965135992 -0.260107011 0.0292636007
vn -0.964634001 -0.262066007 0.0283311997
vn -0.965853989 -0.257371992 0.0297458004
vn 0.952775002 0.29458499 -0.0737475976
vn 0.904747009 0.390067011 -0.171116993
vn 0.949542999 0.197687998 -0.243489996
vn -0.964271009 -0.150601 0.217947006
vn -0.963127971 -0.152302995 0.221782997
vn -0.964269996 -0.151020005 0.217662007
vn -0.964837015 -0.150555998 0.215458006
vn -0.965296984 -0.150572002 0.213377997
vn -0.965927005 -0.151966006 0.209505007
vn -0.965606987 -0.153834999 0.209611997
vn -0.966114998 -0.151087999 0.209270999
vn -0.966401994 -0.150125995 0.208636001
vn -0.965564013 -0.150893003 0.211939007
vn -0.965907991 -0.151804999 0.209704995
vn -0.965906978 -0.160600007 0.203055993
vn -0.966687977 -0.165760994 0.195033997
vn -0.96588397 -0.172047004 0.193566993
vn -0.965817988 -0.189298004 0.177093998
vn -0.965955019 -0.202921003 0.160481006
vn -0.965713024 -0.189873993 0.177048996
vn -0.967391014 -0.208146006 0.144327
vn -0.965261996 -0.209910005 0.155588001
vn -0.966243982 -0.223113 0.128815994
vn -0.966322005 -0.222665995 0.129005
vn -0.965484023 -0.243509993 0.0924322009
vn -0.966723979 -0.234685004 0.101819001
vn -0.965584993 -0.234874994 0.111708
vn -0.966700017 -0.245829999 0.0711214989
vn -0.965919018 -0.247655004 0.0752791017
vn -0.965813994 -0.254045993 0.0516177006
vn -0.966612995 -0.252061009 0.0460853986
vn -0.965346992 -0.259276986 0.0296863001
vn -0.965515018 -0.258579999 0.0302815009
vn -0.258161992 0.79807502 -0.544452012
vn -0.257070005 0.781391025 -0.568632007
vn -0.247615993 0.773706019 -0.583151996
vn -0.257905006 0.565990984 -0.783032
vn -0.248941004 0.582656026 -0.773653984
vn -0.262297988 0.509136975 -0.819743991
vn -0.260134012 0.484057009 -0.835475981
vn -0.253017008 0.510567009 -0.821768999
vn -0.259811014 0.540767014 -0.800042987
vn -0.258836001 0.560535014 -0.786641002
vn -0.261020988 0.216539994 -0.940733016
vn -0.258657992 0.192340001 -0.946626008
vn -0.253239006 0.217023 -0.942746997
vn -0.261871994 0.268247992 -0.927074015
vn -0.261503994 0.318354994 -0.91118902
vn -0.259368986 0.268409014 -0.927730978
vn -0.253203005 0.319103986 -0.913268983
vn -0.260289997 0.342628986 -0.902692974
vn -0.260015994 0.416653991 -0.871086001
vn -0.257577002 0.342958003 -0.903346002
vn -0.256229013 0.416999996 -0.872042
vn -0.25543499 0.415253013 -0.873108029
vn -0.259712011 -0.0997307971 -0.960523009
vn -0.257463992 -0.119530998 -0.958866
vn -0.253567994 -0.0998502001 -0.962149978
vn -0.261808991 -0.0415524989 -0.964224994
vn -0.261444986 0.00625560014 -0.96519798
vn -0.257544011 -0.0415374003 -0.96537298
vn -0.252986997 0.00626318017 -0.967449009
vn -0.260800987 0.0367910005 -0.964690983
vn -0.260497004 0.112103 -0.958944023
vn -0.255100995 0.0368495993 -0.966211975
vn -0.255477995 0.112259001 -0.960274994
vn -0.256516993 0.115015998 -0.959671974
vn -0.258671999 -0.405427992 -0.876765013
vn -0.25663501 -0.419393986 -0.870773971
vn -0.253986001 -0.405896008 -0.877918005
vn -0.261651009 -0.346958995 -0.900642991
vn -0.261298001 -0.306585997 -0.915274978
vn -0.256026 -0.347465008 -0.902063012
vn -0.252867013 -0.307291001 -0.917403996
vn -0.261198014 -0.272891015 -0.925908029
vn -0.260888994 -0.204364002 -0.943489015
vn -0.252811998 -0.276481003 -0.927169979
vn -0.254824996 -0.204684004 -0.945075989
vn -0.25751999 -0.196998999 -0.945977986
vn -0.257737011 -0.667580009 -0.698504984
vn -0.256058007 -0.675410986 -0.69155997
vn -0.254536003 -0.668177009 -0.699108005
vn -0.261400014 -0.616075993 -0.743048012
vn -0.26106301 -0.586390972 -0.76680702
vn -0.254806012 -0.617282987 -0.744336009
vn -0.252833992 -0.587746978 -0.768523991
vn -0.261527002 -0.553851008 -0.790476024
vn -0.261177987 -0.498724997 -0.826474011
vn -0.25100401 -0.55566299 -0.792613029
vn -0.254301995 -0.499704003 -0.828025997
vn -0.258396 -0.488267004 -0.833562016
vn -0.256810009 -0.857975006 -0.444889992
vn -0.255825013 -0.860765994 -0.440041006
vn -0.255100012 -0.858383 -0.445086986
vn -0.261043996 -0.821027994 -0.50770998
vn -0.260729998 -0.803138018 -0.535713971
vn -0.25387001 -0.822745025 -0.508566976
vn -0.252965003 -0.804859996 -0.536850989
vn -0.261738002 -0.77691102 -0.572628021
vn -0.261375993 -0.739408016 -0.62045002
vn -0.249421 -0.779802978 -0.574193001
vn -0.253841996 -0.740939021 -0.621749997
vn -0.259171993 -0.728550017 -0.634069979
vn -0.256018013 -0.956022978 -0.143088996
vn -0.255798995 -0.956167996 -0.142510995
vn -0.260598004 -0.940216005 -0.219275996
vn -0.260298014 -0.933431029 -0.246883005
vn -0.253275007 -0.942124009 -0.219668999
vn -0.253138989 -0.935267985 -0.247375995
vn -0.261848986 -0.918977022 -0.294815004
vn -0.261480987 -0.900425017 -0.347653002
vn -0.248206005 -0.922438979 -0.295805007
vn -0.253410012 -0.902433991 -0.348419994
vn -0.259862006 -0.892588973 -0.368452013
vn -0.255284995 -0.951072991 0.174043
vn -0.256229997 -0.951569974 0.169884995
vn -0.256590009 -0.950731993 0.173980996
vn -0.260030001 -0.961198986 0.0920924991
vn -0.259777993 -0.963229001 0.0686030015
vn -0.252994001 -0.963059008 0.0922584981
vn -0.253322989 -0.964936972 0.0687246993
vn -0.261864007 -0.965004981 0.0138448998
vn -0.261496991 -0.964478016 -0.0374303013
vn -0.247231007 -0.968855977 0.0139451995
vn -0.253194988 -0.966687977 -0.0375173986
vn -0.260446995 -0.963329017 -0.064531602
vn -0.261310995 -0.806080997 0.530990005
vn -0.254657 -0.84365499 0.472647995
vn -0.256895006 -0.847510993 0.464466989
vn -0.257474005 -0.843012989 0.472267002
vn -0.259373009 -0.881788015 0.393923998
vn -0.259160995 -0.889299989 0.376803011
vn -0.252997994 -0.883316994 0.394641995
vn -0.253704011 -0.890625 0.377388
vn -0.26177901 -0.910192013 0.320969999
vn -0.261417001 -0.924678028 0.276823014
vn -0.246585995 -0.913963974 0.32227999
vn -0.252988011 -0.926826 0.277471006
vn -0.260924011 -0.933449984 0.246151999
vn -0.252878994 -0.787097991 0.562609017
vn -0.246250004 -0.763504982 0.59701103
vn -0.261240989 -0.785299003 0.561300993
vn -0.261590004 -0.76030302 0.594567001
vn -0.254114985 -0.720416009 0.645310998
vn -0.253295988 -0.71103102 0.655954003
vn -0.254110008 -0.645752013 0.720022023
vn -0.258363992 -0.654990971 0.710093975
vn -0.258358985 -0.719498992 0.644649029
vn -0.260861009 -0.246166006 0.933462977
vn -0.252907008 -0.277298987 0.926900029
vn -0.26177901 -0.320944995 0.910201013
vn -0.253650993 -0.377503991 0.890591025
vn -0.259312987 -0.393936992 0.881798983
vn -0.257465988 -0.472086012 0.843116999
vn -0.253805012 -0.464888006 0.84821099
vn -0.261339992 -0.530671 0.806281984
vn -0.26097399 -0.561331987 0.785365999
vn -0.246196002 -0.533150971 0.809405982
vn -0.252817988 -0.562488019 0.787204027
vn -0.261537999 -0.59434098 0.760497987
vn -0.261440992 0.037459299 0.964492023
vn -0.258863986 0.0642699003 0.963773012
vn -0.253131986 0.0375103988 0.966704011
vn -0.261869013 -0.0138676995 0.965004027
vn -0.261500001 -0.0686457008 0.962759018
vn -0.259523988 -0.0138333002 0.965637982
vn -0.253322989 -0.0687182993 0.964937985
vn -0.260031015 -0.0920806006 0.961199999
vn -0.259775013 -0.173804 0.949899018
vn -0.257649988 -0.0921956003 0.96183002
vn -0.256592989 -0.174037993 0.950721025
vn -0.254905999 -0.169946 0.951915026
vn -0.260170996 0.347761005 0.900762975
vn -0.25762099 0.368420988 0.893251002
vn -0.253412992 0.348432004 0.902427971
vn -0.261848986 0.294726998 0.91900599
vn -0.261482 0.246822998 0.933116019
vn -0.257634997 0.295028001 0.92009902
vn -0.253069013 0.247369006 0.935288012
vn -0.260583013 0.219308004 0.940213025
vn -0.260264009 0.143009007 0.954887986
vn -0.255053014 0.221946001 0.941110015
vn -0.255795985 0.143215001 0.956063986
vn -0.256081998 0.142458007 0.956099987
vn -0.259104997 0.62084502 0.739875972
vn -0.256725997 0.63439399 0.72913301
vn -0.253789991 0.621747971 0.740958989
vn -0.261739999 0.572467983 0.777028024
vn -0.261382014 0.535629988 0.802981973
vn -0.255991012 0.573772013 0.777980983
vn -0.252983987 0.536843002 0.804858983
vn -0.261031985 0.507438004 0.821200013
vn -0.260711998 0.444402993 0.857050002
vn -0.252725989 0.511497974 0.821280003
vn -0.255097002 0.445098996 0.858377993
vn -0.257108986 0.43986699 0.860472023
vn -0.258170992 0.827149987 0.499170005
vn -0.256112009 0.834020972 0.488687992
vn -0.254256994 0.82802999 0.499718994
vn -0.261521995 0.790470004 0.553861976
vn -0.261177987 0.766782999 0.586369991
vn -0.254718989 0.792106986 0.554692984
vn -0.252900004 0.768519998 0.58772397
vn -0.261399001 0.742833972 0.616334975
vn -0.261056989 0.697851002 0.666974008
vn -0.250912994 0.745104015 0.617950022
vn -0.254496992 0.699127972 0.668170989
vn -0.258024007 0.691218972 0.675010979
vn -0.257196993 0.944459021 0.204567
vn -0.255795985 0.946426988 0.19709
vn -0.254821986 0.945071995 0.204707995
vn -0.261211991 0.92593199 0.272798985
vn -0.260886997 0.915389001 0.306594998
vn -0.253737986 0.927899003 0.273169011
vn -0.252959996 0.917384982 0.307271004
vn -0.261563987 0.900750995 0.346745998
vn -0.261287987 0.876142979 0.405093998
vn -0.249018997 0.904838979 0.345335007
vn -0.253986001 0.877906978 0.405918986
vn -0.258839011 0.870244026 0.419138998
vn -0.256350994 0.960047007 -0.112226002
vn -0.255775005 0.959861994 -0.115084998
vn -0.255477995 0.960276008 -0.112258002
vn -0.260800004 0.964690983 -0.0368005
vn -0.260500997 0.965453029 -0.00625331979
vn -0.253086001 0.966737986 -0.0369578004
vn -0.253042012 0.967435002 -0.00626740977
vn -0.261812001 0.964219987 0.0416480005
vn -0.261447012 0.960061014 0.0996392965
vn -0.247929007 0.967881024 0.0416789018
vn -0.253565997 0.962149978 0.0998547971
vn -0.259568006 0.958285987 0.119636998
vn -0.255584002 0.87231499 -0.41682601
vn -0.256231993 0.872924984 -0.415147007
vn -0.260255009 0.90269798 -0.342642993
vn -0.260015011 0.911554992 -0.318527997
vn -0.252727985 0.904552996 -0.343383014
vn -0.253261 0.913250983 -0.319112003
vn -0.261871994 0.927097023 -0.268166989
vn -0.261503994 0.940602005 -0.216527998
vn -0.246891007 0.93086201 -0.269335002
vn -0.253322005 0.942726016 -0.217015997
vn -0.260197997 0.946232975 -0.192196995
vn -0.259766996 0.790176988 -0.555104971
vn -0.25940299 0.820330024 -0.50967598
vn -0.247896999 0.802851021 -0.542196989
vn -0.253053993 0.821750998 -0.510577023
vn -0.260726005 0.835345984 -0.483960986
vn -0.47407499 0.312449992 -0.823181987
vn -0.428943992 -0.0388921984 -0.902493
vn -0.482077003 -0.314952999 -0.817560971
vn -0.478282988 -0.503934026 -0.719232023
vn -0.463313997 -0.753723979 -0.466089994
vn -0.420637012 -0.843819976 -0.333214998
vn -0.484001994 -0.852198005 -0.198749006
vn -0.452201009 -0.89182502 0.0127950003
vn -0.426178008 -0.900515974 0.0862784013
vn -0.482279986 -0.690066993 0.539641976
vn -0.471769989 -0.359645009 0.805040002
vn -0.473434001 -0.0839966983 0.876815021
vn -0.451759011 -0.0128193004 0.892048001
vn -0.481507987 0.220966995 0.848129988
vn -0.400768012 0.279785007 0.87241298
vn -0.485372007 0.518592 0.703900993
vn -0.482470006 0.71734798 0.502627015
vn -0.513109982 0.823333025 0.242570996
vn -0.447266012 0.889056027 0.0976364017
vn -0.425651014 0.904229999 -0.0344939008
vn -0.484315008 0.817951024 -0.310474992
vn -0.498899996 0.487767994 0.716365993
vn -0.999384999 0.0312249009 0.0159646999
vn -0.993215024 0.115019999 0.0171460006
vn -0.888431013 0.457789004 -0.0334600993
vn -0.993215024 0.0916095003 -0.0716378018
vn -0.993215978 0.0716300011 -0.0916064978
vn -0.893971026 0.197449997 -0.402280986
vn -0.998396993 0.00994622987 -0.0557157993
vn -0.993216991 0.0110905999 -0.115745999
vn -0.993214011 -0.0952484012 -0.0667380989
vn -0.993214011 -0.10503 0.0499527007
vn -0.442485988 0.489253014 -0.751556993
vn -0.80004698 0.355897009 -0.482971996
vn -0.997985005 -0.0393644013 0.0497706011
vn -0.979317009 -0.131375998 0.153879002
vn 0.990118027 -0.0816773027 0.113995999
vn -0.91188997 -0.227801993 0.341412008
vn 0.752327025 -0.356799006 -0.55380398
vn 0.998854995 -0.0183342993 -0.0441900007
vn 0.991052985 0.132789001 0.0134538002
vn 0.959513009 -0.140725002 0.243991002
vn 0.980428994 -0.100336 0.169386998
vn -0.999567986 -0.0282323007 -0.00819354039
vn -0.991540015 -0.0842486024 -0.0987457037
vn -0.970481992 -0.103616998 -0.217778996
vn -0.999974012 0.00564053981 0.00441046013
vn -0.999790013 -0.0204744004 -0.00111484004
vn -0.943430007 -0.330294997 0.0290617999
vn -0.998645008 0.0494894013 -0.0161086004
vn -0.999116004 0.0378211997 0.0183409993
vn -0.996208012 -0.0682438985 0.0539708994
vn -0.837378025 0.457302004 -0.299454987
vn -0.262614012 0.798560977 -0.541603982
vn -0.997394979 -0.0592764989 0.0411021002
vn -0.999051988 -0.0219765007 0.0375760011
vn -0.999384999 -0.0230224002 -0.0264551006
vn -0.886098027 0.315638006 0.339417011
vn -0.999994993 -0.00116048998 -0.0028113299
vn -0.773766994 0.230161995 0.590179026
vn -1 0.000507635006 -0.000226792996
vn -0.970969975 -0.207909003 0.118280999
vn -0.864422023 -0.465564013 0.189802006
vn -0.998808026 0.00604736013 0.0484384
vn -0.804964006 -0.078034699 -0.588168979
vn -0.815405011 0.501425982 -0.289288014
vn -0.865076005 0.427689999 -0.262153
vn -0.991384029 0.115226999 -0.0622927994
vn -0.970453024 -0.211053997 0.116948001
vn -0.991558015 -0.112195 0.065002203
vn -0.969026983 0.227751002 -0.0954833031
vn -0.816062987 0.513621986 -0.26501599
vn -0.475784004 0.800921977 -0.36353001
vn -0.934592009 -0.332569003 0.126237005
vn -0.97745502 0.199784994 -0.0683256984
vn -0.954840004 0.285712004 -0.0815424994
vn -0.460180998 0.822117984 -0.335195005
vn -0.253273994 0.928902984 -0.27016899
vn -0.955088019 0.280512005 -0.0955009982
vn -0.969348013 0.236011997 -0.0682810992
vn -0.908258021 0.412209004 -0.0717739016
vn -0.969254017 0.238674 -0.0598390996
vn -0.999935985 0.0110748997 -0.00225022994
vn -0.999942005 0.0105389003 -0.00206058007
vn -0.87469101 0.481481999 -0.0555858985
vn -0.422486991 0.901543021 -0.0934055001
vn -0.999733984 0.0229982994 -0.00199678005
vn -0.908441007 0.417180002 -0.0263896994
vn -0.84967798 0.527149022 -0.0127001004
vn -0.398864001 0.915749013 -0.0480782017
vn -0.457031995 0.888626993 0.0382658988
vn -0.398297012 0.91553098 0.0562326014
vn -0.84928 0.52788198 0.00805077981
vn -0.908658028 0.417118996 0.0187621005
vn -0.999940991 0.0105272001 -0.0028154701
vn -0.863946021 0.497215003 0.0798379034
vn -0.911023974 0.408753008 0.0543630011
vn -0.99999398 -0.00110372005 0.00325117004
vn -1 -0.000544301001 -0.000113376998
vn -0.993351996 0.109885998 0.0343163982
vn -0.86382103 0.498789012 0.0708732009
vn -0.502125978 0.842866004 0.193509996
vn -0.934580982 -0.341248006 -0.100542001
vn -0.993552029 0.110283002 0.0263246
vn -0.944442987 0.309168011 0.111552
vn -0.460669011 0.859458983 0.221617997
vn -0.951286972 0.292959988 0.0960566029
vn -0.993214011 -0.108525001 -0.0418048985
vn -0.464549005 0.797832012 0.384263009
vn -0.47982201 0.791356981 0.378847003
vn -0.973378003 0.206889004 0.0986488014
vn -0.959612012 0.249984995 0.129042
vn -0.93462503 -0.320409 -0.154320002
vn -0.934585989 -0.306930006 -0.179841995
vn -0.978087008 0.183064997 0.0991657972
vn -0.973488986 0.202938005 0.105521001
vn -0.460292995 0.764972985 0.450495988
vn -0.472694993 0.760318995 0.44550401
vn -0.968999028 0.208776996 0.132108003
vn -0.81339097 0.466338992 0.347741008
vn -0.437431991 0.747482002 0.499924004
vn -0.489154011 0.671355009 0.556786001
vn -0.451507002 0.674372017 0.58426398
vn -0.813121021 0.459152013 0.357789993
vn -0.985101998 0.121189997 0.12201
vn -0.995805025 0.0666839033 0.0626567975
vn -0.934566975 -0.273867995 -0.227115005
vn -0.999384999 -0.0250911005 -0.0245015994
vn -0.985019982 0.136591002 0.105256997
vn -0.886047006 0.320470005 0.334991008
vn -0.488685995 0.638191998 0.594892025
vn -0.489185989 0.556838989 0.671288013
vn -0.998201013 -0.0374926999 -0.0467879996
vn -0.96697098 0.159387007 0.198901996
vn -0.883377016 0.264328986 0.387008011
vn -0.424427986 0.556735992 0.714076996
vn -0.92237401 0.213709995 0.321797013
vn -0.882740021 0.243166 0.402043998
vn -0.999998987 -0.000607875001 -0.00100505003
vn -0.989118993 -0.0649913996 -0.131986007
vn -0.999405026 -0.0152479997 -0.0309373997
vn -0.999954998 -0.00575002981 -0.00761339022
vn -0.89182502 0.203053996 0.404247999
vn -0.909910977 0.188993007 0.369246989
vn -0.412629008 0.426580012 0.804840028
vn -0.406724006 0.336255014 0.849416971
vn -0.99999398 -0.00107343995 -0.00334758009
vn -0.991468012 0.0268954001 0.127542004
vn -0.799019992 0.197290003 0.568017006
vn -0.47093001 0.256273001 0.844126999
vn -0.52521199 0.259831995 0.810333014
vn -0.991204977 0.0300619006 0.128879994
vn -0.996396005 -0.0125072002 -0.0838946998
vn -0.994136989 0.0305112004 0.103735998
vn -0.865281999 0.0776325986 0.495238006
vn -0.850907028 0.0777370036 0.519532979
vn -0.403854996 0.145061001 0.903249025
vn -0.997398019 -0.0048135398 -0.0719306991
vn -0.833505988 0.0506540015 0.550184011
vn -0.451368988 0.0457444005 0.891164005
vn -0.483640999 -0.0125374002 0.875177026
vn -0.46934101 -0.0171331 0.882851005
vn -0.930833995 0.00425314996 0.365417004
vn -0.971988976 -0.00662234984 0.234934002
vn -0.978299975 0.0049604401 -0.207135007
vn -0.934616029 0.00510249007 -0.355623007
vn -0.436960995 -0.0858258009 0.89537698
vn -0.443295985 -0.0800746009 0.892791986
vn -0.864234984 -0.0636304989 0.499047995
vn -0.967013001 -0.0153106004 0.25426501
vn -0.995818973 0.00574768987 -0.0911715999
vn -0.82181102 -0.100593999 0.56081003
vn -0.432276994 -0.157315001 0.887911975
vn -0.421305001 -0.159392998 0.892802
vn -0.995773017 0.0234200004 -0.0888130963
vn -0.994059026 -0.0369343013 0.102385998
vn -0.874355018 -0.108337 0.473040015
vn -0.58971101 -0.223686993 0.776018977
vn -0.425368011 -0.230774999 0.875102997
vn -0.484301001 -0.290941 0.825110018
vn -0.592463017 -0.251639009 0.765287995
vn -0.967912018 -0.0917479023 0.233941004
vn -0.994113028 -0.0335775986 0.103014998
vn -0.97873199 0.0682196021 -0.193467006
vn -0.464536995 -0.360159993 0.809005976
vn -0.911939979 -0.175760001 0.370775014
vn -0.999871016 0.0082172798 -0.0138085
vn 0.988111019 -0.0777316988 0.132643998
vn -0.999324024 -0.0213395003 0.0299449004
vn -0.912431002 -0.201074004 0.356424004
vn -0.891755998 -0.224977002 0.392628014
vn -0.46171701 -0.410106003 0.786530972
vn -0.988120973 0.0857698992 -0.127518997
vn -0.997986019 -0.0321432985 0.0546948984
vn -0.623054028 -0.456912011 0.634850979
vn -0.262582004 -0.530780017 0.805805981
vn -0.618308008 -0.453388989 0.641977012
vn -0.95578903 -0.198164999 0.217251003
vn -0.934540987 0.241212994 -0.261629999
vn -0.961126029 -0.192764997 0.197681993
vn -0.953908026 -0.213605002 0.210788995
vn -0.934678018 0.261366993 -0.240964994
vn -0.978071988 -0.148295999 0.146228001
vn -0.953782022 -0.201330006 0.223085001
vn -0.475452989 -0.659465015 0.582280993
vn -0.954249024 -0.238352001 0.180547997
vn -0.867923975 -0.405508995 0.286828011
vn -0.432565987 -0.69739902 0.571420014
vn -0.435267001 -0.758419991 0.485119998
vn -0.85582 -0.427174985 0.291707993
vn -0.999586999 0.0144707998 -0.0248125996
vn -0.999586999 -0.0240093991 0.0158155002
vn -0.999020994 -0.0387948006 0.0212609004
vn -0.971139014 -0.213708997 0.105908997
vn -0.914187014 -0.351211011 0.202271
vn -0.431683004 -0.791785002 0.432117999
vn -0.444157004 -0.785695016 0.430590004
vn -0.435021013 -0.81637001 0.379864007
vn -0.440943003 -0.819480002 0.366088986
vn -1 0.000524347997 -0.000184888006
vn -0.998763025 -0.0482906997 0.0118712001
vn -0.864175975 -0.469911993 0.179952994
vn -0.816312015 -0.544649005 0.192334995
vn -0.25543499 -0.911449015 0.322510988
vn -0.463052988 -0.860518992 0.212341994
vn -0.814800978 -0.557353973 0.159548
vn -0.973423004 -0.226390004 0.0345690995
vn -0.998764992 -0.0480450988 0.0126697002
vn -1 0.000547315984 -9.77138989e-05
vn -0.973268986 -0.221116006 0.0620944016
vn -0.890838027 -0.448888987 0.0700483024
vn -0.460399985 -0.873140991 0.160179004
vn -0.421640009 -0.892648995 0.159365997
vn -0.999998987 0.000758299022 0.00144205999
vn -0.999906003 0.0136836004 0.00130528002
vn -0.938814998 -0.343454003 0.0257975999
vn -0.890487015 -0.451936007 0.0527843013
vn -0.429803014 -0.899091005 0.083090499
vn -0.450049996 -0.888934016 0.0851574987
vn 0.999570012 -0.0285796002 -0.00651093991
vn 0.998431027 -0.0558728985 -0.00377418008
vn -0.999903977 0.0132662002 0.0040588202
vn -0.896329999 -0.443383992 -0.00201097992
vn -0.372853011 -0.927248001 0.0345166996
vn -0.910974979 -0.412187994 -0.0150269996
vn -0.954850972 -0.296115994 -0.0239819996
vn -0.999983013 0.00539044989 0.00218655006
vn -0.978955984 0.203673005 0.0127218002
vn -0.948991001 -0.31339401 -0.0346450992
vn -0.476868987 -0.865621984 -0.152625993
vn -0.934601009 0.346401006 0.0807956979
vn -0.97744 -0.203985006 -0.0547879003
vn -0.954715014 -0.282967001 -0.0919207036
vn -0.454775006 -0.872034013 -0.180932
vn -0.429410994 -0.859974027 -0.275774002
vn -0.359798998 -0.883602023 -0.29965201
vn -0.889581978 -0.434520006 -0.140844002
vn -0.954972982 -0.289970994 -0.0627970994
vn -1 0.000529449026 0.000169777006
vn -0.891238987 -0.41960299 -0.172123
vn -0.885307014 -0.43105799 -0.174412996
vn -0.999383986 0.0310164001 0.0164168999
vn -1 0.000513945997 0.000212148007
vn -0.885773003 -0.420491993 -0.196447998
vn -0.499561012 -0.76128 -0.413390011
vn -0.978690982 0.174646005 0.107993998
vn -0.989466012 -0.121586002 -0.0785693973
vn -0.449588001 -0.769302011 -0.45392099
vn -0.252665013 -0.779459 -0.573239982
vn -0.863029003 -0.406798005 -0.299495012
vn -0.869754016 -0.398878992 -0.29055801
vn -0.992223024 -0.106911004 -0.0637464002
vn -1 0.000447663013 0.000329803996
vn -0.490695 -0.64656502 -0.584100008
vn -0.862779975 -0.396773994 -0.313338012
vn -0.985234022 -0.117642 -0.124397002
vn -1 0.000419448013 0.000365023006
vn -0.999384999 0.0245009009 0.0250908993
vn -0.985089004 -0.133745998 -0.108218998
vn -0.885783017 -0.312617004 -0.343014002
vn -0.489547014 -0.623867989 -0.609206021
vn -0.999384999 0.0223864 0.0269945003
vn -0.885677993 -0.308144003 -0.347306997
vn -0.357910991 -0.575348973 -0.735441029
vn -0.480349988 -0.559885025 -0.67512399
vn -0.356902003 -0.558542013 -0.748766005
vn -0.885057986 -0.253877014 -0.390152007
vn -0.965794027 -0.157295004 -0.206156
vn -0.999994993 0.00186578999 0.00244536996
vn -0.599404991 0.450284004 0.661783993
vn -0.993624985 0.0455579013 0.103116997
vn -1 0.000496672001 0.000847658026
vn -0.884464025 -0.235891998 -0.40259099
vn -0.885510981 -0.235227004 -0.400673985
vn -0.475760013 -0.36421299 -0.800625026
vn -0.885794997 -0.215938002 -0.410777003
vn -0.999976993 0.00497807004 0.00455386005
vn -0.929008007 0.162983999 0.332235008
vn -0.978721976 0.0737567991 0.191477001
vn -0.998896003 -0.0149157997 -0.0445551984
vn -0.959451973 -0.115272 -0.257223994
vn -0.616716981 -0.262627989 -0.742083013
vn -0.482163012 -0.314904004 -0.817529023
vn -0.614045978 -0.277516007 -0.738873005
vn -0.968828022 -0.0409324989 -0.244329005
vn -0.998872995 -0.013417 -0.0455385
vn -0.971804976 -0.0480806008 -0.230830997
vn -0.996991992 -0.0439245999 -0.0638502985
vn -0.843591988 -0.0978626981 -0.527993023
vn -0.413361013 -0.196384996 -0.889137983
vn -0.434994996 -0.0988444015 -0.894990981
vn -0.996967018 0.00334964995 0.0777549967
vn -0.988497972 0.00280464999 0.151207
vn -0.978223979 -0.00589830987 -0.207469001
vn -0.875411987 -0.036123801 -0.482024997
vn -0.589743018 -0.0159999002 -0.807433009
vn -0.429174989 -0.0388271995 -0.90238601
vn -0.463584989 0.0337679982 -0.885408998
vn -0.463586003 0.0337673016 -0.885407984
vn -0.592388988 0.0126210004 -0.805553019
vn -0.91120702 0.0258128997 -0.411139995
vn -0.996252 -0.00329814991 0.0864325017
vn -0.993537009 -0.0135081001 0.112704001
vn -0.984022021 0.0372686982 -0.174101993
vn -0.921082973 0.0369293988 -0.387609988
vn -0.459989011 0.107727997 -0.881365001
vn -0.473123997 0.104837 -0.874736011
vn -0.934543014 -0.0708556026 0.348724991
vn -0.984241009 0.0286813006 -0.174493
vn -0.993157029 0.00885573961 -0.116447002
vn -0.589640975 0.177200004 -0.787988007
vn -0.484427005 0.174192995 -0.857313991
vn -0.993214011 -0.0323223993 0.111717001
vn -0.966491997 0.079415001 -0.244103998
vn -0.592530012 0.207055002 -0.778482974
vn -0.483170986 0.243350998 -0.841027021
vn -0.483258009 0.243312001 -0.84098798
vn -0.516858995 0.303849012 -0.800333023
vn -0.511323988 0.311562002 -0.800921977
vn -0.966880023 0.0794430971 -0.242550999
vn -0.994306028 0.0433750004 -0.0973376036
vn -0.934662998 -0.126168996 0.332394004
vn -0.998296976 -0.0228885002 0.0536510013
vn -0.994009972 0.0341042988 -0.103831001
vn -0.91002202 0.193388999 -0.366688997
vn -0.517304003 0.359021008 -0.776853025
vn -0.447486997 0.384099007 -0.807604015
vn -0.999379992 -0.0227380004 0.0268872995
vn -0.999203026 0.0238339994 -0.0320159011
vn -0.999938011 -0.00719700987 0.00844790973
vn -0.908896983 0.214121997 -0.357852012
vn -0.925167024 0.191889003 -0.327484012
vn -0.454521 0.445338011 -0.771417022
vn -0.443495989 0.449317008 -0.775515974
vn -0.784624994 0.247217 0.568548977
vn -0.869431973 0.190634996 0.455790997
vn -0.881720006 0.0940786004 0.462298006
vn -0.953782022 -0.0359411016 0.29834199
vn -0.968222976 -0.176840007 0.176840007
vn -0.95548898 -0.0893685967 0.281165004
vn -0.956062973 -0.287916005 0.0552036986
vn -0.961417019 -0.23206 0.147736996
vn -0.922353983 -0.386061996 -0.0148039004
vn -0.916105986 -0.395911008 -0.0632868037
vn -0.846596003 -0.497128993 -0.190101996
vn -0.790386975 -0.577449977 -0.204547003
vn -0.704254985 -0.528286994 -0.474276006
vn -0.465463012 -0.833638012 -0.297307014
vn -0.447815001 -0.582486987 -0.678358972
vn -0.179095 -0.842054009 -0.508792996
vn -0.159612998 -0.602228999 -0.782203972
vn -0.697795987 0.499244004 0.51365
vn -0.450827003 0.296072006 0.842078984
vn -0.434794009 0.733842015 0.521948993
vn -0.0972592011 0.528007984 0.84365201
vn -0.102146 0.683757007 0.722525001
vn -0.956492007 0.165307 -0.240409002
vn -0.94353497 0.186739996 -0.273624986
vn -0.960915029 0.157765001 -0.227491006
vn -0.962776005 0.155018002 -0.221432999
vn -0.964572012 0.153340995 -0.214679003
vn -0.964932978 0.153339997 -0.213049993
vn -0.965918005 0.152015999 -0.209508002
vn -0.965606987 0.153834999 -0.209611997
vn -0.966122985 0.151060998 -0.209252998
vn -0.966414988 0.150083005 -0.208608001
vn -0.965080976 0.260733008 -0.0252266005
vn -0.965424001 0.259366006 -0.0262007006
vn -0.965730011 0.258150995 -0.0269019008
vn -0.966117978 0.256767005 -0.0262084994
vn -0.965923011 0.257432014 -0.0268757008
vn -0.964518011 0.262903988 -0.0242330991
vn -0.964358985 0.263500005 -0.0240822006
vn -0.965278029 0.260067999 -0.0245455001
vn 0.936706007 -0.340968996 0.0795093998
vn -0.965295017 0.153760999 -0.211099997
vn -0.965526998 0.154370993 -0.209586993
vn -0.965523005 0.160348997 -0.205068007
vn -0.966735005 0.165646002 -0.194898993
vn -0.965528011 0.176440999 -0.191375002
vn -0.966497004 0.188713998 -0.173982993
vn -0.966096997 0.188534006 -0.176385
vn -0.965705991 0.204529002 -0.159940004
vn -0.96667397 0.205671996 -0.152447
vn -0.965456009 0.217599005 -0.143336996
vn -0.966642022 0.221817002 -0.128065005
vn -0.965764999 0.227494001 -0.124674998
vn -0.965999007 0.237186 -0.102903999
vn -0.966611028 0.233961001 -0.104525
vn -0.965556026 0.251592994 -0.0663463995
vn -0.966731012 0.244737998 -0.0743924007
vn -0.965499997 0.245581999 -0.0865939036
vn -0.966400027 0.253042012 -0.0451762006
vn -0.966179013 0.253668994 -0.0463793017
vn -0.965757012 0.257968009 -0.0276919995
vn -0.965668976 0.258347988 -0.0272118002
vn 0.899635971 -0.165144995 0.404206008
vn -0.94826299 -0.137003005 -0.286404997
vn -0.956266999 -0.125612006 -0.264151007
vn -0.960496008 -0.118565999 -0.251773
vn -0.962185979 -0.115245 -0.246813998
vn -0.963548005 -0.112035997 -0.242945999
vn -0.964293003 -0.109879002 -0.240970001
vn -0.964874983 -0.107615001 -0.239657
vn -0.965920985 -0.105430998 -0.236392006
vn -0.965601981 -0.104589 -0.238064006
vn -0.966120005 -0.105681002 -0.235464007
vn -0.966409028 -0.105612002 -0.234305993
vn -0.965731978 0.105772004 -0.237009004
vn -0.966120005 0.105681002 -0.235464007
vn -0.965920985 0.105430998 -0.236392006
vn -0.965633988 0.104672998 -0.237896994
vn -0.965614021 0.104795001 -0.237923995
vn -0.965336025 0.106216997 -0.238422006
vn -0.964931011 0.107871003 -0.239314005
vn -0.964442015 0.109449998 -0.240565002
vn -0.965588987 0.106562003 -0.237238005
vn 0.937371016 -0.0886240974 0.336870015
vn -0.965258002 -0.105602004 -0.239007995
vn -0.965471029 -0.104120001 -0.238796994
vn -0.965472996 -0.0993978009 -0.240794003
vn -0.966715991 -0.0859875008 -0.240969002
vn -0.96559602 -0.0383445993 -0.257205993
vn -0.966296017 -0.0584775992 -0.250701994
vn -0.966264009 -0.0583450012 -0.250858992
vn -0.965610981 -0.0793870986 -0.247574002
vn -0.966722012 -0.0291664004 -0.254162014
vn -0.96548003 -0.0173920002 -0.25989601
vn -0.965892017 0 -0.258944005
vn -0.966731012 0.00366977998 -0.255769014
vn -0.966602981 0.0292176008 -0.254608989
vn -0.965830982 0.0247203 -0.257991999
vn -0.966700017 0.0579730012 -0.249259993
vn -0.965462029 0.0457874984 -0.256487995
vn -0.966387987 0.0854932964 -0.242455006
vn -0.966189981 0.0866532028 -0.242835
vn -0.965654016 0.0662529022 -0.251242995
vn 0.878291011 0.298597991 0.37342301
vn -0.943319023 -0.330520004 -0.0300935991
vn -0.953082025 -0.301416993 -0.0279753003
vn -0.958522022 -0.283719003 -0.0271949004
vn -0.960990012 -0.275242001 -0.0272029005
vn -0.962656975 -0.269315004 -0.0275717992
vn -0.963720977 -0.265428007 -0.0281274002
vn -0.964537978 -0.262345999 -0.0289856009
vn -0.965923011 -0.257432014 -0.0268757008
vn -0.965610027 -0.258437008 -0.0284064002
vn -0.966117978 -0.256767005 -0.0262084994
vn -0.966407001 -0.255728006 -0.0256884005
vn -0.965740025 -0.152338997 -0.210095003
vn -0.966122985 -0.151060998 -0.209252998
vn -0.965918005 -0.152015999 -0.209508002
vn -0.965496004 -0.154483005 -0.209648997
vn -0.965565979 -0.154581994 -0.209252
vn -0.965236008 -0.154376999 -0.210920006
vn 0.869531989 0.391378999 0.301225007
vn -0.96478802 -0.154433995 -0.212919995
vn -0.964087009 -0.154971004 -0.215687007
vn -0.966094971 -0.152388006 -0.208417997
vn 0.94867599 0.216538996 0.230489999
vn -0.965074003 -0.260266989 -0.0299043003
vn -0.965273023 -0.259467989 -0.0304003004
vn -0.966663003 -0.251875013 -0.0460514016
vn -0.965516984 -0.242938995 -0.0935828984
vn -0.966538012 -0.246068001 -0.0724989027
vn -0.966062009 -0.247143999 -0.0751234964
vn -0.965726972 -0.254106998 -0.0529301018
vn -0.966733992 -0.234651998 -0.101804003
vn -0.966121018 -0.223514006 -0.129044995
vn -0.96646899 -0.221551001 -0.129814997
vn -0.965534985 -0.234493002 -0.112939
vn -0.966681004 -0.205651 -0.152430996
vn -0.965691984 -0.212678 -0.149018005
vn -0.966633022 -0.187062994 -0.175007999
vn -0.965457022 -0.200568005 -0.166327998
vn -0.966639996 -0.168146998 -0.193219006
vn -0.96597302 -0.167499006 -0.197079003
vn -0.965780973 -0.185561001 -0.181201994
vn -0.959654987 0.121555999 0.253547013
vn -0.962590992 0.116012998 0.244865
vn -0.963971019 0.112718999 0.240945995
vn -0.964631021 0.110784002 0.239196002
vn -0.965135992 0.108805001 0.238064006
vn -0.965930998 0.105456002 0.236341
vn -0.965601981 0.104589 0.238064006
vn -0.966111004 0.105682999 0.235499993
vn -0.966409028 0.105612002 0.234307006
vn -0.965731978 -0.105772004 0.237011001
vn -0.966111004 -0.105682999 0.235499993
vn -0.965930998 -0.105456002 0.236341
vn 0.921312988 0.131555006 -0.36589101
vn -0.965517998 -0.107680999 0.237022996
vn -0.965225995 -0.109219998 0.237507999
vn -0.964743018 -0.111117996 0.238588005
vn -0.963427007 -0.114827 0.242120996
vn -0.963639975 -0.114370003 0.241491005
vn 0.955911994 0.116421998 -0.269589007
vn -0.965451002 0.107143 0.237536997
vn -0.965744972 0.105107002 0.237255007
vn -0.965719998 0.0933092982 0.242236003
vn -0.966666996 0.0860498995 0.241144001
vn -0.965456009 0.0736413002 0.249944001
vn -0.966651022 0.0580151007 0.249440998
vn -0.965749025 0.0529116988 0.254025012
vn -0.966023028 0.0294658002 0.256770998
vn -0.966582 0.0317590013 0.254384011
vn -0.965547979 -0.00992261991 0.260035992
vn -0.966732979 0 0.255787998
vn -0.965506017 0.0112066995 0.260138988
vn -0.966426015 -0.0305771008 0.255118012
vn -0.966157019 -0.0294087008 0.256274015
vn -0.965672016 -0.0517235994 0.254563987
vn -0.966691971 -0.057980001 0.249290004
vn -0.965460002 -0.0724140033 0.250286013
vn -0.966618001 -0.086112 0.241318002
vn -0.965806007 -0.0920056999 0.242391005
vn -0.965839982 -0.105218001 0.236816004
vn -0.965705991 -0.106379002 0.236844003
vn 1 4.30188993e-05 3.56853998e-05
vn 1 -6.66707001e-06 -1.06359005e-06
vn 1 -2.99558997e-06 5.40793008e-06
vn -1 -0.000121573001 -0.000133138004
vn 1 -0.000214587999 -5.15166976e-05
vn -1 -0.000245347997 -0.000211024002
vn -1 6.00851999e-05 -9.50801987e-05
vn -1 0 0
vn 1 1.26486993e-05 6.24044969e-06
vn 1 -1.00896996e-05 1.47641003e-06
vn 1 -1.29463006e-05 1.27700991e-06
vn 1 3.98508018e-06 8.19505931e-06
vn 1 4.86870022e-06 7.78126014e-06
vn 1 1.70605995e-06 2.11601982e-05
vn -1 0.000115559997 -0.000115559
vn -1 -1.03739994e-05 -1.64160992e-05
vn -1 1.70205985e-05 1.34565989e-05
vn -1 0.000222977993 -0.000174100001
vn 1 3.97636977e-05 -2.97080987e-05
vn -1 7.40687974e-05 4.02941987e-05
vn -1 -3.77102992e-06 -1.70741987e-05
vn -1 1.2033599e-05 1.71860993e-05
vn -1 -7.93282961e-05 -0.000113294998
vn -1 -0.000199233997 -0.000134178001
vn 1 -6.17434989e-06 -0.000396810996
vn 1 -7.45240977e-05 0.000278947002
vn -1 0.000213973995 -0.000140570002
vn -1 -3.44742011e-06 -4.97744986e-06
vn -1 1.98527996e-05 -2.59848985e-05
vn -1 -1.12016996e-05 1.46616003e-05
vn -1 3.55626003e-06 -1.61017997e-05
vn -0.999992013 0.00394036993 0.000892586017
vn 1 -7.76213928e-05 1.75508994e-05
vn 1 -7.88362959e-05 -2.13275998e-05
vn 1 0.000209699007 0.000109776003
vn 1 0.000113287002 -5.93045988e-05
vn 1 -3.38296999e-08 7.39909964e-08
vn 1 -2.13245013e-08 -6.85328994e-09
vn 1 3.38323005e-08 7.39968016e-08
vn 1 2.13074998e-08 -6.84784984e-09
vn -0.0197720993 0.998387992 -0.0532109998
vn 0.0197721999 0.994140983 -0.106271997
vn 0.0197442006 0.987075984 -0.159032002
vn -0.0591683984 0.99259299 -0.106105998
vn 0.0197719 0.977212012 -0.211343005
vn -0.0197710991 0.964578986 -0.263051987
vn 0.0197685994 0.949213982 -0.314011008
vn 0.0197400991 0.93115598 -0.364086986
vn -0.0591538996 0.947731972 -0.313535005
vn 0.0197710991 0.910462022 -0.413118988
vn 0.0197429992 0.887179971 -0.461001992
vn -0.059163399 0.909039021 -0.412490994
vn 0.0197819993 0.861380994 -0.507574975
vn 0.0197548997 0.833150983 -0.552693009
vn -0.0591702983 0.860047996 -0.506770015
vn 0.0197755992 0.802554011 -0.596251011
vn -0.0197684001 0.769680023 -0.638123989
vn 0.0197714008 0.734633029 -0.678176999
vn 0.0197432991 0.697494984 -0.716318011
vn -0.0591711998 0.733488023 -0.677121997
vn 0.0197678003 0.658384025 -0.752422988
vn -0.0197724998 0.617408991 -0.786392987
vn 0.0197784007 0.574672997 -0.818144023
vn -0.0197637007 0.530310988 -0.847572982
vn 0.0197739992 0.484463006 -0.874588013
vn -0.0197799001 0.437220991 -0.899136007
vn 0.0197679009 0.388738006 -0.921136022
vn -0.0197737999 0.339170992 -0.940517008
vn 0.0197695997 0.288628012 -0.957237005
vn -0.0197630003 0.237287 -0.971238971
vn 0.0197752006 0.185267001 -0.98248899
vn -0.0197720993 0.132697999 -0.990958989
vn 0.0197707992 0.0797822997 -0.996616006
vn -0.0197768994 0.0266219992 -0.999450028
vn 0.0197755992 -0.0266203005 -0.999450028
vn -0.0197643004 -0.0797765031 -0.996617019
vn 0.0197753999 -0.132692993 -0.990960002
vn -0.0197796002 -0.185260996 -0.982490003
vn 0.0197592992 -0.237281993 -0.971239984
vn -0.0197756998 -0.288632989 -0.957235992
vn 0.0197739992 -0.339170009 -0.940517008
vn -0.0197717994 -0.388743013 -0.921133995
vn 0.0197743997 -0.437225997 -0.899134994
vn -0.0197716001 -0.484461993 -0.874589026
vn 0.0197732002 -0.530323982 -0.847564995
vn 0.0197452009 -0.574670017 -0.818147004
vn -0.0591894984 -0.529471993 -0.846260011
vn 0.0197689999 -0.617412984 -0.78639102
vn -0.0197676998 -0.658384025 -0.752422988
vn 0.0197719 -0.697492003 -0.716319025
vn -0.0197720993 -0.734631002 -0.678178012
vn 0.0197682008 -0.769677997 -0.638126016
vn -0.0197765995 -0.802551985 -0.596253991
vn 0.0197685994 -0.833148003 -0.55269599
vn -0.0197749007 -0.861384988 -0.507568002
vn 0.0197720006 -0.887178004 -0.461003989
vn -0.0197768994 -0.910458982 -0.413125992
vn 0.0197660998 -0.931155026 -0.364086986
vn -0.0197717994 -0.949211001 -0.314018011
vn 0.0197726004 -0.964577973 -0.263054997
vn -0.0197719 -0.977212012 -0.211343005
vn 0.0197730009 -0.987074971 -0.159033
vn -0.0197721999 -0.994140983 -0.106271997
vn 0.0197719 -0.998387992 -0.0532113016
vn -0.0197716001 -0.999804974 0
vn 0.0197714008 -0.998387992 0.0532113984
vn 0.0197426006 -0.994140983 0.106271997
vn -0.0591675006 -0.996833026 0.0531291999
vn 0.0197748002 -0.987074971 0.159034997
vn 0.0197478998 -0.977213025 0.211343005
vn -0.0591702983 -0.985539019 0.158782005
vn 0.0197687 -0.964579999 0.263047993
vn 0.0197400004 -0.949213982 0.314013004
vn -0.0591594018 -0.963077009 0.262647003
vn 0.0197752994 -0.931155026 0.364086002
vn 0.0197477993 -0.910456002 0.413132995
vn -0.0591700003 -0.929705024 0.36352101
vn 0.0197758991 -0.887175024 0.461008012
vn 0.0197484009 -0.861384988 0.507568002
vn -0.059178099 -0.885801017 0.460276991
vn 0.0197704993 -0.833148003 0.55269599
vn -0.0197764002 -0.802551985 0.596253991
vn 0.0197672006 -0.769677997 0.638126016
vn 0.0197388995 -0.734632015 0.678179026
vn -0.0591619015 -0.768482029 0.637130976
vn 0.0197723992 -0.697495997 0.716315985
vn -0.0197713003 -0.658384025 0.752422988
vn 0.0197705999 -0.617407024 0.786395013
vn -0.0197707992 -0.574681997 0.818138003
vn 0.0197732002 -0.530323982 0.847563982
vn 0.0197452996 -0.484448999 0.874597013
vn -0.0591440015 -0.529471993 0.846262991
vn 0.0197739005 -0.437216997 0.899138987
vn -0.0197692998 -0.388743997 0.921133995
vn 0.0197729003 -0.339170009 0.940517008
vn -0.0197628997 -0.288648993 0.957230985
vn 0.0197870992 -0.237279996 0.971239984
vn -0.0197682995 -0.185243994 0.982493997
vn 0.0197679009 -0.132692993 0.990960002
vn -0.0197665002 -0.0797765031 0.996617019
vn 0.0197768994 -0.0266220998 0.999450028
vn -0.0197768006 0.0266219992 0.999450028
vn 0.0197701994 0.079781197 0.996616006
vn -0.0197691992 0.132697999 0.990958989
vn 0.0197655 0.185245007 0.982493997
vn -0.0197887998 0.237287 0.971238017
vn 0.0197618008 0.288650006 0.957230985
vn -0.0197737999 0.339170992 0.940517008
vn 0.0197640993 0.38874501 0.921132982
vn -0.0197768006 0.437220991 0.899136007
vn 0.0197630003 0.484445006 0.87459898
vn -0.0197845995 0.530310988 0.847572029
vn 0.0197707992 0.574681997 0.818138003
vn 0.0197429005 0.617410004 0.786394
vn -0.0591676012 0.573786974 0.816865027
vn 0.0197679009 0.658384025 0.752421975
vn -0.0197736006 0.697494984 0.716316998
vn 0.0197717007 0.734631002 0.678179026
vn -0.0197672006 0.769680023 0.638123989
vn 0.0197755992 0.802550972 0.596256018
vn -0.0197697002 0.833150029 0.552693009
vn 0.0197774004 0.861386001 0.507565975
vn -0.0197694004 0.887179017 0.461001009
vn 0.0197708998 0.910456002 0.413132012
vn -0.0197756998 0.931155026 0.364086986
vn 0.0197691005 0.949213028 0.314013004
vn -0.0197717007 0.964578986 0.263051987
vn 0.0197714008 0.977212012 0.211343005
vn 0.0197435003 0.987075984 0.159032002
vn -0.0591692999 0.97569102 0.211013004
vn 0.0197721999 0.994140983 0.106271997
vn -0.0197714008 0.998387992 0.0532119982
vn 0 0.999646008 0.0266207997
vn 0 0.999646008 -0.0266197994
vn -0.871369004 -0.408158988 -0.272253007
vn -0.863650024 0.389517009 -0.319976002
vn -0.860421002 0.392293006 -0.325240999
vn -0.868074 0.366737992 -0.334589988
vn -0.866132021 0.334026009 -0.371809006
vn -0.855356991 0.35700801 -0.375378996
vn -0.841762006 0.376614988 -0.386777997
vn -0.85917902 0.364273012 -0.359326988
vn -0.866084993 0.301461995 -0.398770005
vn -0.860104978 0.316394001 -0.400144011
vn -0.86214 0.312884986 -0.398521006
vn -0.871201992 0.487603992 -0.0570016988
vn -0.860516012 0.508701026 -0.0271122009
vn -0.871201992 0.487603992 -0.0569992997
vn -0.860646009 0.502721012 -0.0809957013
vn -0.871057987 0.478661001 -0.110188
vn -0.860818982 0.490981996 -0.133897007
vn -0.870871007 0.463999987 -0.162132993
vn -0.870872021 0.464033008 -0.162036002
vn -0.861024022 0.473645002 -0.185197994
vn -0.870679021 0.443758994 -0.212121993
vn -0.861298025 0.450863004 -0.234280005
vn -0.870370984 0.418240011 -0.259864002
vn -0.870371997 0.418242991 -0.259856999
vn -0.861606002 0.42297101 -0.280589998
vn -0.869107008 0.392035007 -0.301598012
vn -0.866645992 0.26463601 -0.42295599
vn -0.865383029 0.264454991 -0.425646991
vn -0.86778897 0.168577999 -0.467465013
vn -0.863785028 0.166199997 -0.475659996
vn -0.867311001 0.214783996 -0.449043006
vn -0.867241979 0.217730001 -0.447755992
vn -0.864611983 0.216754004 -0.453280985
vn -0.866683006 0.263204008 -0.423774987
vn -0.86875701 0.0657301024 -0.490857005
vn -0.861986995 0.0588609017 -0.503500998
vn -0.868429005 0.111218996 -0.483179003
vn -0.868296981 0.117728002 -0.481871992
vn -0.862911999 0.113369003 -0.492473006
vn -0.867891014 0.163846001 -0.468955994
vn -0.869548976 -0.0394049995 -0.492271006
vn -0.859960973 -0.0526814014 -0.507633984
vn -0.869360983 0.00320275011 -0.494167
vn -0.869177997 0.0131671 -0.494322985
vn -0.860997975 0.00329261995 -0.50859803
vn -0.868915021 0.0574709997 -0.491613001
vn -0.870175004 -0.142250001 -0.471763998
vn -0.85768503 -0.163308993 -0.487551004
vn -0.870100975 -0.104339004 -0.481702
vn -0.869877994 -0.091401197 -0.484726012
vn -0.858861029 -0.108419999 -0.50060302
vn -0.869754016 -0.0509644002 -0.490846992
vn -0.870635986 -0.238367006 -0.430319011
vn -0.855184972 -0.267812014 -0.443774015
vn -0.870679975 -0.206434995 -0.446431011
vn -0.870423973 -0.191416994 -0.453565001
vn -0.856474996 -0.216622993 -0.46853599
vn -0.870415986 -0.156369999 -0.466823995
vn -0.870935977 -0.32359001 -0.369809985
vn -0.852401018 -0.361281008 -0.378006011
vn -0.871086001 -0.298339993 -0.39013201
vn -0.870806992 -0.282577008 -0.4023
vn -0.853819013 -0.316237986 -0.413504988
vn -0.870904028 -0.253912985 -0.420778006
vn -0.871073008 -0.394253999 -0.29291001
vn -0.849343002 -0.439121008 -0.292899013
vn -0.871313989 -0.375914991 -0.315436006
vn -0.871020973 -0.360955 -0.333216995
vn -0.850917995 -0.40239501 -0.337664992
vn -0.871222973 -0.339165002 -0.354876995
vn -0.847703993 -0.470928013 -0.244184002
vn -0.871083021 -0.423139989 -0.249333993
vn -0.871379972 -0.43553701 -0.225841001
vn -0.860399008 -0.464080989 -0.210578993
vn -0.871345997 -0.457736999 -0.176726997
vn -0.871345997 -0.457735002 -0.176731005
vn -0.86045599 -0.483740985 -0.160031006
vn -0.871272981 -0.474482 -0.125498995
vn -0.871272981 -0.474498004 -0.125442997
vn -0.86056298 -0.497833997 -0.107666999
vn -0.871146023 -0.485610992 -0.0727137998
vn -0.860701025 -0.506226003 -0.0541146994
vn -0.870998025 -0.49091801 -0.0190526992
vn -0.870998025 -0.49091801 -0.0190519001
vn -0.860889971 -0.508790016 0
vn -0.870796025 -0.490402013 0.0349274017
vn -0.861123979 -0.505515993 0.0540388003
vn -0.870552003 -0.484037995 0.0885773972
vn -0.870552003 -0.484037995 0.0885772035
vn -0.861400008 -0.496448994 0.107368
vn -0.870263994 -0.471891999 0.141274005
vn -0.870263994 -0.471891999 0.141270995
vn -0.861719012 -0.481711 0.159356996
vn -0.869934022 -0.454084009 0.192411005
vn -0.869934976 -0.454088002 0.192399994
vn -0.862083018 -0.461479008 0.209402993
vn -0.86955601 -0.430833995 0.241358995
vn -0.86955601 -0.430828989 0.241366997
vn -0.862486005 -0.436015993 0.25692001
vn -0.869136989 -0.402354002 0.287598014
vn -0.869136989 -0.402359009 0.287589997
vn -0.862933993 -0.405622005 0.301355988
vn -0.868672013 -0.368997991 0.330529004
vn -0.868673027 -0.369064987 0.330451012
vn -0.863385022 -0.370727003 0.342238009
vn -0.868277013 -0.331113994 0.369403005
vn -0.863946974 -0.331615001 0.378980994
vn -0.867601991 -0.289094001 0.404588014
vn -0.867603004 -0.289117992 0.404569
vn -0.864548028 -0.288863003 0.411235988
vn -0.866945982 -0.243570998 0.434830993
vn -0.86510098 -0.243046001 0.438782007
vn -0.866365016 -0.194180995 0.460114986
vn -0.865758002 -0.195270002 0.460797012
vn -0.866473019 -0.144128993 0.477966011
vn -0.865635991 -0.143576995 0.479645997
vn -0.867608011 -0.0396764986 0.495662987
vn -0.864081025 -0.0357557982 0.502080977
vn -0.86709702 -0.0896568969 0.490004987
vn -0.867038012 -0.0923141986 0.489614993
vn -0.864843011 -0.0903157964 0.493851006
vn -0.868601978 0.0657662973 0.491127014
vn -0.862311006 0.0750167966 0.500791013
vn -0.868242025 0.0192549005 0.495766997
vn -0.868120015 0.0132165002 0.496178001
vn -0.86322701 0.0195732992 0.504437029
vn -0.867699027 -0.0353531986 0.495831996
vn -0.869422019 0.167606995 0.464772999
vn -0.860320985 0.183606997 0.475537002
vn -0.869202018 0.126442 0.478017002
vn -0.869027972 0.117423996 0.480627
vn -0.861348987 0.129895002 0.491126001
vn -0.868750989 0.073353 0.489787012
vn -0.870077014 0.261449993 0.417863995
vn -0.858106971 0.284922004 0.427168012
vn -0.869988024 0.226971999 0.437725991
vn -0.869771004 0.215792 0.443771005
vn -0.859241009 0.235490993 0.454147011
vn -0.869619012 0.177821994 0.460590005
vn -0.870567024 0.343268991 0.352533013
vn -0.855636001 0.374172986 0.35760501
vn -0.870591998 0.31626001 0.37689501
vn -0.870341003 0.304102987 0.387335002
vn -0.856904984 0.331344008 0.394874007
vn -0.870311975 0.273299009 0.409713
vn -0.870894015 0.409548998 0.271685004
vn -0.852914989 0.446961999 0.269742996
vn -0.87102598 0.390215993 0.298404008
vn -0.870751023 0.378544986 0.313843012
vn -0.854305983 0.41287601 0.315746009
vn -0.870831013 0.355374008 0.339650989
vn -0.871057987 0.457453996 0.178866997
vn -0.849901974 0.499659002 0.167356998
vn -0.871286988 0.445463002 0.205964997
vn -0.870995998 0.435947001 0.226530001
vn -0.851444006 0.476024985 0.220100001
vn -0.871178985 0.420352995 0.253675997
vn -0.860391021 0.503145993 0.0810642019
vn -0.871379972 0.479490995 0.103855997
vn -0.871082008 0.473834008 0.129219994
vn -0.848288 0.517534018 0.112101004
vn -0.871353984 0.465252012 0.155828997
vn -0.871303976 0.490734011 -0.0031785199
vn -0.871303976 0.490734011 -0.00317915995
vn -0.860432029 0.508844018 0.0271202996
vn -0.871362984 0.488016993 0.0506484993
vn -0.871362984 0.488016993 0.0506478995
vn -0.956927001 0.289463013 0.0224018991
vn -0.918591022 0.394261003 0.0273793992
vn -0.960772991 0.276432008 0.0223606005
vn -0.962571979 0.270065993 0.0228046998
vn -0.963739991 0.265801013 0.0235485006
vn -0.964477003 0.263033003 0.0244325008
vn -0.965020001 0.260917991 0.0256568007
vn -0.965924025 0.25742799 0.0268702004
vn -0.965609014 0.258442014 0.0284136999
vn -0.966117024 0.256770015 0.0262103006
vn -0.966407001 0.255728006 0.0256884005
vn -0.965725005 0.152388006 0.210127994
vn -0.966114998 0.151087999 0.209270999
vn -0.965927005 0.151966006 0.209505007
vn -0.965517998 0.151391998 0.211793005
vn -0.965224028 0.151127994 0.213312
vn -0.964729011 0.151198998 0.215491995
vn 0.938060999 -0.222608998 -0.265495002
vn 0.869113982 -0.336596012 -0.362414986
vn -0.963621974 0.152201995 0.219696
vn -0.964915991 0.150482997 0.215155005
vn 0.957526982 -0.174225003 -0.229755998
vn -0.965358019 0.259535015 0.0269149002
vn -0.965619028 0.25841099 0.0283544995
vn -0.965605974 0.257167995 0.0383358002
vn -0.966718018 0.251673013 0.0460143983
vn -0.965475023 0.253684998 0.0591703989
vn -0.966760993 0.243469998 0.0780730024
vn -0.965865016 0.247850001 0.0753381997
vn -0.965848029 0.239507005 0.0988646001
vn -0.966592014 0.235141993 0.102017
vn -0.965465009 0.231970996 0.118602
vn -0.966705024 0.221609995 0.127948001
vn -0.965641022 0.221035004 0.136678994
vn -0.966210008 0.207074001 0.153485999
vn -0.966363013 0.207057998 0.152545005
vn -0.96549201 0.181949005 0.186331004
vn -0.966728985 0.186801001 0.174759001
vn -0.965570986 0.196237996 0.170774996
vn -0.966654003 0.163472995 0.197123006
vn -0.965960979 0.167528003 0.197113007
vn -0.965864003 0.152335003 0.209526002
vn -0.965714991 0.151818007 0.210584
vn -1 2.21337018e-06 -1.27788996e-06
vn -1 -1.56300996e-06 9.9159297e-07
vn -1 3.48634012e-06 -4.77101992e-07
vn -1 -3.45921981e-05 8.47390984e-05
vn -1 -2.65890994e-05 6.51340961e-05
vn -1 -2.15625005e-06 -2.78055995e-06
vn -1 -2.21387995e-06 -1.27818998e-06
vn -1 1.63998993e-06 8.57673001e-07
vn -1 -1.64036999e-06 -8.57876046e-07
vn -1 2.21317009e-06 1.27778003e-06
vn -1 -3.48633012e-06 4.77101992e-07
vn -1 1.56301996e-06 -9.91598085e-07
vn -1 -2.21336018e-06 1.27787996e-06
vn -1 0 2.55578993e-06
vn -1 -7.72402018e-08 -1.84945998e-06
vn -1 0 -2.55581995e-06
vn -1 7.72396973e-08 1.84944997e-06
vn -1 4.31243006e-06 5.56102987e-06
vn -0.0890725031 0.893341005 -0.44046399
vn -0.0889953971 0.993898988 -0.0651436001
vn -0.0861938968 0.99099803 -0.10244
vn -0.0882233977 0.976976991 -0.194249004
vn -0.0872526988 0.975121975 -0.203775004
vn -0.0866800025 0.943355978 -0.320259005
vn -0.0882877037 0.948916018 -0.302924991
vn -0.0885436982 0.943204999 -0.320194989
vn -0.0860107988 0.912918985 -0.398975015
vn -0.0890811011 0.553430021 -0.828118026
vn -0.0859121978 0.867078006 -0.490707994
vn -0.0888317972 0.82822299 -0.553313017
vn -0.0864614993 0.811984003 -0.577241004
vn -0.0878100023 0.748887002 -0.656854987
vn -0.0877168998 0.74832201 -0.657510996
vn -0.0860529989 0.656880975 -0.749067008
vn -0.0886237994 0.67652899 -0.731064022
vn -0.0887826011 0.656776011 -0.748840988
vn -0.0858905986 0.598029017 -0.796859026
vn -0.0860064998 0.512871027 -0.854147017
vn -0.0886024013 0.440596014 -0.893321991
vn -0.0867741033 0.422286987 -0.902298987
vn -0.0875250027 0.320495993 -0.943198025
vn -0.088217102 0.326178014 -0.941182971
vn -0.0862582996 0.228606001 -0.969690025
vn -0.088942498 0.193985 -0.976963997
vn -0.0889440998 0.194419995 -0.976877987
vn -0.0858352035 0.128070995 -0.988044024
vn -0.0890237018 0.0651045963 -0.993900001
vn -0.0861437023 0.0256271996 -0.995953023
vn -0.088311702 -0.0651087016 -0.993963003
vn -0.0871404037 -0.0768748969 -0.993224978
vn -0.0868258029 -0.194455996 -0.977060974
vn -0.0875817984 -0.178536996 -0.98002702
vn -0.0875630975 -0.194272995 -0.977032006
vn -0.0888252035 -0.178591996 -0.979906023
vn -0.0860674977 -0.278477997 -0.95657903
vn -0.0890583992 -0.32049799 -0.94305402
vn -0.0881849974 -0.375236005 -0.922725022
vn -0.088225998 -0.319067001 -0.943616986
vn -0.0858716965 -0.375317007 -0.922909975
vn -0.0888781995 -0.440488011 -0.893347979
vn -0.0863967016 -0.468223989 -0.879375994
vn -0.0879319981 -0.553426981 -0.828243017
vn -0.0875928998 -0.556096971 -0.826488018
vn -0.0862118974 -0.656979978 -0.748962998
vn -0.0875668973 -0.638127029 -0.764935017
vn -0.0875476003 -0.656803012 -0.748962998
vn -0.0894830003 -0.638022006 -0.764801025
vn -0.0859391987 -0.713512003 -0.695352972
vn -0.0890830979 -0.749037981 -0.656511009
vn -0.0879317001 -0.781015992 -0.618290007
vn -0.0879478976 -0.74832499 -0.657476008
vn -0.0859545991 -0.781225026 -0.618303001
vn -0.0886711031 -0.828172982 -0.553413987
vn -0.0866921023 -0.840605974 -0.534663975
vn -0.0874890983 -0.893454015 -0.440551996
vn -0.0881047025 -0.891008973 -0.445354998
vn -0.0855294019 -0.943485022 -0.320187986
vn -0.0876213983 -0.932117999 -0.351395011
vn -0.0876082033 -0.943265975 -0.320270985
vn -0.0901969969 -0.931909978 -0.351294994
vn -0.0858710036 -0.963455021 -0.253735006
vn -0.0890360996 -0.976948023 -0.194023997
vn -0.087742202 -0.984278023 -0.153290004
vn -0.0877399966 -0.976875007 -0.194982007
vn -0.0861032009 -0.984417975 -0.153323993
vn -0.0883890018 -0.993946016 -0.065264903
vn -0.0870582014 -0.994881988 -0.0512818992
vn -0.0869655013 -0.994071007 0.0652642995
vn -0.0886792019 -0.994740009 0.0512772016
vn -0.0847577006 -0.977204025 0.194647998
vn -0.0877425 -0.98427701 0.153298005
vn -0.0890363008 -0.976945996 0.194032997
vn -0.0858734027 -0.963458002 0.253722012
vn -0.0889180005 -0.943095982 0.320412993
vn -0.0876213014 -0.932107985 0.351419985
vn -0.0876071006 -0.943454027 0.319718003
vn -0.0863152966 -0.932224989 0.351435989
vn -0.0881024003 -0.890995979 0.445380986
vn -0.0874812976 -0.893446028 0.440569013
vn -0.0865093991 -0.828293025 0.553577006
vn -0.0892912969 -0.839846015 0.535431027
vn -0.0839072987 -0.748863995 0.657389998
vn -0.0879319981 -0.553445995 0.828230977
vn -0.0879309028 -0.781085014 0.618201971
vn -0.0890830979 -0.749063015 0.656481981
vn -0.0859365016 -0.71351397 0.695351005
vn -0.0887247026 -0.656562984 0.749035001
vn -0.0875668973 -0.638131022 0.764931977
vn -0.0875475034 -0.656848013 0.748923004
vn -0.0865921006 -0.638180971 0.765000999
vn -0.087590903 -0.556097984 0.826488018
vn -0.0883072987 -0.0651538968 0.993960023
vn -0.0863958001 -0.468235999 0.879369974
vn -0.0888779014 -0.440495014 0.893344998
vn -0.0858725011 -0.375317007 0.922909975
vn -0.0882261023 -0.319106996 0.943602979
vn -0.0881839022 -0.375560999 0.922592998
vn -0.0890635028 -0.320493996 0.94305402
vn -0.0860697031 -0.278429002 0.956592977
vn -0.0884620994 -0.194116995 0.976981997
vn -0.0875817016 -0.178611994 0.980014026
vn -0.0875627995 -0.194443002 0.976997972
vn -0.0869409963 -0.178547993 0.980082989
vn -0.0871404037 -0.0768748969 0.993224978
vn -0.0885993987 0.440683007 0.893280029
vn -0.0861383006 0.0256271996 0.995953977
vn -0.0890214965 0.065149799 0.993897021
vn -0.0858428031 0.127929002 0.988061011
vn -0.0889666975 0.194418997 0.97687602
vn -0.0889649987 0.193981007 0.976962984
vn -0.0862641037 0.228852004 0.96963203
vn -0.0881311968 0.320814997 0.94303298
vn -0.0874945 0.326774001 0.941043973
vn -0.0867936015 0.422304004 0.902288973
vn -0.0888297036 0.828202009 0.553345025
vn -0.086006701 0.512871981 0.854146004
vn -0.0890725031 0.553309977 0.828199983
vn -0.0859163031 0.598067999 0.796827018
vn -0.0886929035 0.657320023 0.748373985
vn -0.0865302011 0.676542997 0.731302023
vn -0.0877142996 0.748889983 0.656862974
vn -0.087816298 0.748270988 0.657554984
vn -0.0864607021 0.811984003 0.57723999
vn -0.0889908001 0.993906021 0.065050602
vn -0.087127097 0.995867014 0.0256517995
vn -0.087127097 0.995867014 -0.0256491005
vn -0.0859102979 0.867061973 0.490736991
vn -0.0890671983 0.893293977 0.440559
vn -0.0860256031 0.912977993 0.398837
vn -0.0884609967 0.943255007 0.320069999
vn -0.0868481025 0.948818982 0.303645015
vn -0.0872375965 0.977012992 0.194514006
vn -0.0883160979 0.975090027 0.203468993
vn -0.0862108991 0.990993977 0.102463
vn 0 -0.996195018 -0.0871511996
vn 0 -0.965919018 -0.258846015
vn 0 -0.906310022 -0.422612995
vn 0 -0.819142997 -0.573589027
vn 0 -0.707122982 -0.707090974
vn 0 -0.573598981 -0.819136024
vn 0 -0.422637999 -0.906298995
vn 0 -0.255805999 -0.966727972
vn 0.000150665001 -0.258598 -0.965985
vn -0.000582425972 -0.074668102 -0.997207999
vn 1.03814997e-17 -0.0867761001 -0.99622798
vn -1.04113998e-17 0.0870255977 -0.996205986
vn 0 0.0870255977 -0.996205986
vn 0 0.258848995 -0.965918005
vn 0 0.422637999 -0.906298995
vn 0 0.573598981 -0.819136024
vn 0 0.707122982 -0.707090974
vn 0 0.819142997 -0.573589027
vn 0 0.906310022 -0.422612995
vn 0 0.965919018 -0.258846015
vn 0 0.996195018 -0.0871511996
vn 0 0.996195018 0.0871511996
vn 0 0.965919018 0.258846015
vn 0 0.906310022 0.422612995
vn 0 0.819142997 0.573589027
vn 0 0.707122982 0.707090974
vn 0 0.573598981 0.819136024
vn 0 0.422637999 0.906298995
vn 0 0.255809009 0.966727018
vn 0.000150583001 0.258599997 0.965985
vn -0.000582456007 0.0746669993 0.997207999
vn -1.03814997e-17 0.0867754966 0.99622798
vn 1.04113998e-17 -0.0870255977 0.996205986
vn 0 -0.0870255977 0.996205986
vn 0 -0.258848995 0.965918005
vn 0 -0.422637999 0.906298995
vn 0 -0.573598981 0.819136024
vn 0 -0.707122982 0.707090974
vn 0 -0.819142997 0.573589027
vn 0 -0.906310022 0.422612995
vn 0 -0.965919018 0.258846015
vn 0 -0.996195018 0.0871511996
vn 0.856305003 -0.498869002 -0.133686006
vn 0.856305003 -0.514505982 -0.0450110994
vn 0.856302977 -0.365209997 -0.365193993
vn 0.856302977 -0.42306599 -0.296243012
vn 0.85630399 -0.468084008 -0.218268007
vn 0.856469989 -0.137931004 -0.497426987
vn 0.856305003 -0.218280002 -0.468077004
vn 0.85630399 -0.296247989 -0.423061013
vn 0.856306016 0.133687004 -0.498865992
vn 0.854299009 0.00852461997 -0.519711018
vn 0.856302977 0.365209997 -0.365193993
vn 0.85630399 0.296247989 -0.423061013
vn 0.856305003 0.218280002 -0.468077004
vn 0.856305003 0.498869002 -0.133686006
vn 0.85630399 0.468084008 -0.218268007
vn 0.856302977 0.42306599 -0.296243012
vn 0.856305003 0.498869002 0.133686006
vn 0.856305003 0.514505982 0.0450110994
vn 0.856305003 0.514505982 -0.0450110994
vn 0.856302977 0.365209997 0.365193993
vn 0.856302977 0.42306599 0.296243012
vn 0.85630399 0.468084008 0.218268007
vn 0.856471002 0.137932003 0.497426003
vn 0.856305003 0.218280002 0.468077004
vn 0.85630399 0.296247989 0.423061013
vn 0.856306016 -0.133687004 0.498865992
vn 0.854299009 -0.00852456037 0.519711018
vn 0.856302977 -0.365209997 0.365193993
vn 0.85630399 -0.296247989 0.423061013
vn 0.856305003 -0.218280002 0.468077004
vn 0.856305003 -0.498869002 0.133686006
vn 0.85630399 -0.468084008 0.218268007
vn 0.856302977 -0.42306599 0.296243012
vn 0.856305003 -0.514505982 0.0450110994
vn 0.652064025 -0.687130988 -0.320410013
vn 0.587441027 -0.662905991 -0.464186996
vn 0.311329991 -0.671980023 -0.671949983
vn 0.375860989 -0.668888986 -0.641340017
vn 0.652023971 -0.434902012 -0.621068001
vn 0.705754995 -0.299419999 -0.642072976
vn 0.652119994 -0.196419001 -0.732228994
vn 0.703248024 -0.223582 -0.674872994
vn 0.70282203 -0.0207550991 -0.711063027
vn 0.725063026 0.000389346998 -0.68868202
vn 0.652014971 0.196261004 -0.732363999
vn 0.652023971 0.196252003 -0.732358992
vn 0.705754995 0.299419999 -0.642072976
vn 0.652023971 0.434902012 -0.621068001
vn 0.561697006 0.526692986 -0.638036013
vn 0.652067006 0.536113024 -0.536089003
vn 0.680288017 0.600386977 -0.420408994
vn 0.587432981 0.733452022 -0.342009008
vn 0.443298012 0.842315018 -0.306582004
vn 0.587414026 0.781705022 -0.209480003
vn 0.680287004 0.730157018 -0.0638770983
vn 0.652059972 0.755281985 0.0660751984
vn 0.463833988 0.855728984 0.229316995
vn 0.435346007 0.866764009 0.243297994
vn 0.652050018 0.687143028 0.32041499
vn 0.705778003 0.58030802 0.406349003
vn 0.652067006 0.536113024 0.536089003
vn 0.564684987 0.537002981 0.626704991
vn 0.701927006 0.408544987 0.583428979
vn 0.782603979 0.263099998 0.564189017
vn 0.780525982 0.162101001 0.603739977
vn 0.654111028 0.0259505007 0.755953014
vn 0.699142992 -0.00038831 0.714981973
vn 0.728065014 -0.177442998 0.662145019
vn 0.641426027 -0.324241012 0.695298016
vn 0.486404002 -0.446132988 0.751250029
vn 0.587439001 -0.464195013 0.662900984
vn 0.652055025 -0.536119998 0.536095977
vn 0.587451994 -0.662899017 0.464181989
vn 0.311230987 -0.861298025 0.401623994
vn 0.414269 -0.811164021 0.412788004
vn 0.652046025 -0.732339025 0.196251005
vn 0.68028599 -0.730157971 0.0638772026
vn 0.587445021 -0.806185007 -0.0705282986
vn 0.456405014 -0.877297997 -0.148467004
vn 0.587459981 -0.781673014 -0.209472001
vn -8.68150019e-05 0.420711994 0.907194018
vn 0 0.422704995 0.906268001
vn 0 0.258754998 0.965942979
vn 0 0.0872152969 0.996188998
vn 0 -0.0872152969 0.996188998
vn 0 -0.258754998 0.965942979
vn 0 -0.422704011 0.906268001
vn 0 -0.573523998 0.819189012
vn 0 -0.707162976 0.707050025
vn 0 -0.81911999 0.573623002
vn 0 -0.906301975 0.422630996
vn 0 -0.965928972 0.258807003
vn 0 -0.996195018 0.0871502981
vn 0 -0.422571003 -0.906329989
vn 0 -0.573523998 -0.819189012
vn 0 -0.707162976 -0.707050025
vn 0 -0.81911999 -0.573623002
vn 0 -0.906301975 -0.422630996
vn 0 -0.965928972 -0.258807003
vn 0 -0.996379972 -0.0850111023
vn 8.60922955e-05 -0.996195018 -0.0871554986
vn 2.03625021e-07 -0.996195018 0.0871554986
vn -0.00078810798 -0.258904994 -0.965902984
vn 9.64387946e-05 -0.420222998 -0.907420993
vn -0.000796395994 -0.0872152001 -0.996188998
vn 0.000444498 -0.221306995 -0.975203991
vn -0.000791653991 0.0872152001 -0.996188998
vn 0.000398670993 -0.043951299 -0.999033988
vn -0.000391353999 0.258904994 -0.965902984
vn 0 0.246735007 -0.969083011
vn 0 0.115872003 -0.993264019
vn -0.000794925028 0.422571987 -0.906328976
vn 0.000225373995 0.371205986 -0.928551018
vn -0.000758249022 0.573523998 -0.819187999
vn 0 0.555118978 -0.831771016
vn 0 0.462004989 -0.886877
vn -0.00034980601 0.707162976 -0.707050025
vn -0.000795628992 0.819118977 -0.573621988
vn 0 0.802133977 -0.597144008
vn 0 0.713530004 -0.700625002
vn -0.000799609988 0.906300008 -0.422632992
vn 0.00039651501 0.887091994 -0.461593002
vn 8.46734038e-05 0.571749985 0.820428014
vn 0 0.573523998 0.819189012
vn 0 0.707162976 0.707050025
vn 0 0.81911999 0.573623002
vn 0 0.906301022 0.422632992
vn 0 0.965928972 0.258807003
vn 0 0.996195018 0.0871530026
vn 0 0.996075988 -0.0884974003
vn 5.63497015e-05 0.996195018 -0.0871530026
vn -0.000782619987 0.965928972 -0.258807003
vn 0.000448826991 0.955316007 -0.29558599
vn 0.724429011 0.665862024 0.178408995
vn 0.680917025 0.663739026 0.309520006
vn 0.680869997 0.663752019 0.309596002
vn 0.705758989 0.580307007 0.406383991
vn 0.680884004 0.517920017 0.517836988
vn 0.64042902 0.493663996 0.588342011
vn 0.68086499 0.420053989 0.59998101
vn 0.705744028 0.299472004 0.642059982
vn 0.680818975 0.189524993 0.707507014
vn 0.644514978 0.138807997 0.75188601
vn 0.680812001 0.0638815984 0.729667008
vn 0.693583012 -0.0628278032 0.717631996
vn 0.653779984 -0.195795998 0.730913997
vn 0.673422992 -0.163690999 0.720906019
vn 0.705744982 -0.299470991 0.642059982
vn 0.68086499 -0.420053989 0.59998101
vn 0.680841029 -0.420100987 0.59997499
vn 0.705753028 -0.50099498 0.500914991
vn 0.680869997 -0.599927008 0.420123994
vn 0.703341007 -0.557627976 0.44086501
vn 0.705751002 -0.642077982 0.299416989
vn 0.682238996 -0.687036991 0.250061989
vn 0.705752015 -0.684320986 0.183355004
vn 0.705749989 -0.705765009 0.0617461987
vn 0.690651 -0.722881019 0.0210807007
vn 0.705749989 -0.705765009 -0.0617462993
vn 0.680850983 -0.70746702 -0.189556003
vn 0.703337014 -0.696160972 -0.143794999
vn 0.705744028 -0.642085016 -0.299419999
vn 0.690647006 -0.636574984 -0.343190014
vn 0.705748975 -0.580314994 -0.406390011
vn 0.68087101 -0.517929018 -0.517845988
vn 0.671658993 -0.512477994 -0.535013974
vn 0.718491018 -0.398907006 -0.569774985
vn 0.722356975 -0.292216986 -0.626744986
vn 0.67771101 -0.190380007 -0.71025598
vn 0.680034995 -0.192836002 -0.70736599
vn 0.705729008 -0.0617903993 -0.705781996
vn 0.680808008 0.0638818964 -0.729671001
vn 0.687022984 0.0523363985 -0.724749029
vn 0.716987014 0.180479005 -0.673318028
vn 0.696078002 0.303393006 -0.65071398
vn 0.692080975 0.311859012 -0.650974989
vn 0.71697998 0.399800003 -0.571051002
vn 0.696034014 0.507749975 -0.507668972
vn 0.679171026 0.540600002 -0.496466994
vn 0.718481004 0.569736004 -0.398981988
vn 0.722356975 0.626725018 -0.292259008
vn 0.677664995 0.710316002 -0.190319002
vn 0.703714013 0.676060975 -0.218467996
vn 0.705749989 0.705765009 -0.0617445
vn 0.688244998 0.725323975 -0.0149475997
vn 0.719829977 0.691510022 0.0604972988
vn -8.42103909e-05 0.996007025 0.0892783999
vn 0 0.996195018 0.0871554986
vn 0 0.906301975 0.422630996
vn 0 0.422704011 0.906268001
vn 0 -0.422688991 0.906274974
vn 0 -0.996195018 -0.0871530026
vn 0 -0.996195018 0.0871530026
vn 0 -0.906301022 0.422632992
vn 0 -0.571745992 0.820430994
vn 8.67763956e-05 -0.573523998 0.819189012
vn -6.52690971e-07 -0.422704995 0.906268001
vn -0.000801019021 -0.965928972 -0.258807003
vn 0 -0.973025024 -0.230700999
vn -0.000798813999 -0.906300008 -0.422632992
vn 0.000267677009 -0.929305017 -0.369311988
vn -0.000796783017 -0.819118977 -0.573621988
vn 0.000265320006 -0.880169988 -0.474658996
vn -0.000388885004 -0.707162976 -0.707050025
vn 0 -0.715943992 -0.698158026
vn 0 -0.802110016 -0.597176015
vn 0.000525754003 -0.512476027 -0.858702004
vn -0.000789245998 -0.573523998 -0.819187999
vn 0.000229457 -0.618390024 -0.785871029
vn -0.000403309998 -0.258904994 -0.965902984
vn 9.36363995e-06 -0.422571987 -0.906328976
vn -0.000519503024 -0.410140991 -0.912021995
vn -0.000795788015 -0.0872152001 -0.996188998
vn 0 -0.116120003 -0.993234992
vn 0 -0.247417003 -0.968909025
vn -0.000799605972 0.0872152001 -0.996188998
vn 0.00026594699 0.0289862007 -0.999580026
vn 8.40525972e-05 0.996379972 -0.0850145966
vn 0 0.996195018 -0.0871554986
vn 0 0.965928972 -0.258807003
vn 0 0.906301975 -0.422630996
vn 0 0.81911999 -0.573623002
vn 0 0.707162976 -0.707050025
vn 0 0.573523998 -0.819189012
vn 0 0.422571003 -0.906329989
vn 0 0.286727995 -0.958011985
vn -0.000799523026 0.258904994 -0.965902984
vn 0.00026752401 0.144894004 -0.989446998
vn -8.40982975e-05 0.575375974 -0.817888975
vn 0 0.573633015 -0.819112003
vn 0 0.707081974 -0.707131982
vn 0 0.819173992 -0.573544979
vn 0 0.965928018 -0.258810014
vn 0 0.996194005 -0.0871670023
vn 0 0.965928018 0.258810014
vn 0 0.819173992 0.573544979
vn 0 0.707081974 0.707131982
vn 0 0.573625028 0.819118023
vn 4.11254973e-07 0.573633015 0.819112003
vn 8.63130917e-05 0.42256999 0.906329989
vn 0 0.424524993 0.905416012
vn 0 0.0872151032 0.996190012
vn 0 -0.0872154981 0.996188998
vn 0 -0.258753985 0.965942979
vn 0 -0.422571987 0.906328976
vn 0 -0.573633015 0.819112003
vn 0 -0.686221004 0.727392972
vn -0.000802692026 -0.70708102 0.707131982
vn 0.000268503005 -0.784422994 0.620225012
vn -0.000801255985 -0.819173992 0.573544979
vn 0.000265614013 -0.851203024 0.524836004
vn -0.000796650012 -0.906300008 0.422634989
vn 0 -0.91821599 0.396081001
vn 0 -0.963729024 0.266882002
vn -0.000323187007 -0.965929985 0.258805007
vn -0.000719578005 -0.996195018 0.0871530026
vn 0 -0.997812986 0.0661002994
vn -0.000662820006 -0.996194005 -0.087166898
vn 0 -0.997678995 -0.0680980012
vn -0.000367605011 -0.965929985 -0.258805007
vn -0.000796997978 -0.906298995 -0.422634989
vn 0 -0.918220997 -0.39606899
vn 0 -0.963383019 -0.268128991
vn -0.000800687005 -0.819173992 -0.573544979
vn 0.000265323004 -0.851206005 -0.524830997
vn 8.43330927e-05 0.424524009 -0.905417025
vn 0 0.258906007 -0.965902984
vn 0 0.0870554 -0.996203005
vn 0 -0.0870558023 -0.996203005
vn 0 -0.25890401 -0.965902984
vn 0 -0.422573 -0.906328976
vn 0 -0.573633015 -0.819112003
vn 0 -0.686250985 -0.727364004
vn -0.000801604998 -0.70708102 -0.707131982
vn 0.000268815988 -0.784393013 -0.620263994
vn -8.69694049e-05 -0.420709014 -0.907195985
vn 0 -0.422704995 -0.906268001
vn 0 -0.258754998 -0.965942979
vn 0 -0.0872152969 -0.996188998
vn 0 0.0872152969 -0.996188998
vn 0 0.258754998 -0.965942979
vn 0 0.422704011 -0.906268001
vn 0 0.707082987 -0.707131028
vn 0 0.819172978 -0.573547006
vn 0 0.996195018 -0.0871493965
vn 0 0.422571003 0.906329989
vn 0 0.906329989 0.42256999
vn 0 0.965918005 0.258848011
vn 0 0.996379972 0.0850118995
vn 8.60577929e-05 0.996195018 0.0871554986
vn 2.38257002e-07 0.996195018 -0.0871554986
vn -0.000781918003 0.258904994 0.965902984
vn 9.54429997e-05 0.420248002 0.907409012
vn -0.000799403002 0.0870554969 0.996203005
vn 0.000445126003 0.221525997 0.975153983
vn -0.000397430005 -0.0870556012 0.996203005
vn 0.000698615971 0.0328015983 0.999462008
vn -0.000391482987 -0.258904994 0.965902984
vn 0 -0.246739 0.969081998
vn 0 -0.101520002 0.994832993
vn -0.000794925028 -0.422571987 0.906328976
vn 0.000226257005 -0.371161014 0.928569019
vn -0.000791901024 -0.573523998 0.819187999
vn 0 -0.537171006 0.843473017
vn 0 -0.462004989 0.886877
vn -0.000398202013 -0.707162976 0.707050025
vn 9.77914078e-06 -0.609057009 0.793127
vn -0.000778799003 -0.819118977 0.573621988
vn 0.000128615007 -0.718300998 0.695731997
vn -0.00080093398 -0.906328976 0.422571987
vn 0 -0.893643022 0.448778003
vn 0 -0.833392978 0.552681983
vn 7.95125961e-05 -0.571857989 -0.820352972
vn 0 -0.707082987 -0.707131028
vn 0 -0.819172978 -0.573547006
vn 0 -0.906301022 -0.422632992
vn 0 -0.976278007 0.216518998
vn -0.00080455601 -0.965918005 0.258848011
vn 0.000266882009 -0.949207008 0.314651012
vn -8.41559013e-05 -0.996007025 -0.0892771035
vn 0 -0.996195018 -0.0871554986
vn 0 -0.422704011 -0.906268001
vn 0 0.422616988 -0.906307995
vn 0 0.996195018 -0.0871530026
vn 0 0.906301022 -0.422632992
vn 0 0.571853995 -0.820354998
vn 8.14848972e-05 0.573523998 -0.819189012
vn -3.77089009e-06 0.422704995 -0.906268001
vn -0.000801987015 0.965918005 0.258848011
vn 0 0.973029971 0.230680004
vn -0.000399537996 0.906328976 0.422571987
vn 0.00050048402 0.919692993 0.392637998
vn -0.00079508702 0.819118977 0.573623002
vn 0.000528924982 0.858717024 0.512449026
vn -0.000389097986 0.707162976 0.707050025
vn 0 0.715937972 0.698163986
vn 0 0.793437004 0.608651996
vn -0.000789245998 0.573523998 0.819187999
vn 0.000229683006 0.618399978 0.785863996
vn -0.000791669008 0.422571987 0.906328976
vn 2.47291996e-06 0.461892992 0.886936009
vn -6.91452033e-06 0.537546992 0.843234003
vn -0.000400821009 0.258904994 0.965902984
vn 1.16499996e-05 0.382151991 0.924099028
vn -0.000778921007 0.0870554969 0.996203005
vn 0.000129911001 0.243401006 0.969926
vn -0.000802133 -0.0870554969 0.996203005
vn 0.000440152013 0.0474620014 0.998872995
vn 8.40030916e-05 -0.996379972 0.0850158036
vn 0 -0.996195018 0.0871554986
vn 0 -0.965918005 0.258848011
vn 0 -0.906329989 0.42256999
vn 0 -0.422571003 0.906329989
vn 0 -0.286727995 0.958011985
vn -0.000799523026 -0.258904994 0.965902984
vn 0.000399095996 -0.130673006 0.991424978
vn -8.41816e-05 -0.575376987 0.817888021
vn 0 -0.707081974 0.707131982
vn 0 -0.819173992 0.573544979
vn 0 -0.965928018 0.258810014
vn 0 -0.996194005 -0.0871670023
vn 0 -0.965928018 -0.258810014
vn 0 -0.819173992 -0.573544979
vn 0 -0.707081974 -0.707131982
vn 0 -0.573624015 -0.819118023
vn 0 0.422573 -0.906328976
vn 0 0.25890401 -0.965902984
vn 0 0.0870558023 -0.996203005
vn 0 -0.0870554 -0.996203005
vn 0 -0.258906007 -0.965902984
vn 0 -0.424526989 -0.905414999
vn 8.63755049e-05 -0.422571003 -0.906329989
vn 4.29749008e-07 -0.573633015 -0.819112003
vn -0.000802674971 0.70708102 -0.707131982
vn 0 0.686222017 -0.727392018
vn -0.000799336005 0.819173992 -0.573544979
vn 0.000401383004 0.793281972 -0.608853996
vn -0.000777882 0.906298995 -0.422634989
vn 0.000439179013 0.888868988 -0.45816201
vn -0.000389997993 0.965929985 -0.258805007
vn 0.000126293002 0.961507976 -0.274776012
vn -0.000792112027 0.996192992 -0.087166898
vn 0.000222218994 0.989803016 -0.142443001
vn -0.000792331004 0.996195018 0.0871530026
vn 0 0.999053001 0.0435132012
vn 0 0.999055982 -0.043440301
vn -0.000399695011 0.965929985 0.258805007
vn 1.19487995e-05 0.991369009 0.131099999
vn -0.000797012006 0.906300008 0.422634989
vn 0 0.918220997 0.396068007
vn 0 0.962737978 0.270435989
vn -0.000800687005 0.819173992 0.573544979
vn 0.000265346986 0.851207018 0.524829984
vn 8.42458976e-05 -0.424520999 0.905417979
vn 0 -0.42256999 0.906329989
vn 0 -0.0872151032 0.996190012
vn 0 -0.0872149989 0.996190012
vn 0 0.0872154981 0.996188998
vn 0 0.258753985 0.965942979
vn 0 0.422571987 0.906328976
vn 0 0.573633015 0.819112003
vn 0 0.686249018 0.727366984
vn -0.00080167799 0.70708102 0.707131982
vn 0.000268814008 0.784393013 0.620263994
vn 0.680850983 0.70746702 0.189556003
vn 0.640430987 0.721700013 0.262674987
vn 0.680854023 0.663793027 0.309543014
vn 0.680840015 0.51789403 0.517920971
vn 0.705742002 0.406323999 0.580368996
vn 0.68086499 0.309592009 0.66375798
vn 0.680827022 0.30954501 0.663820028
vn 0.705735981 0.183320999 0.684346974
vn 0.680851996 0.0638782978 0.729631007
vn 0.680821002 0.0638274997 0.729663014
vn 0.705729008 -0.0617903993 0.705781996
vn 0.680845022 -0.189519003 0.707482994
vn 0.680827022 -0.189555004 0.707490981
vn 0.705744028 -0.299472004 0.642059982
vn 0.680841982 -0.420100987 0.59997499
vn 0.705753982 -0.50099498 0.500914991
vn 0.703342021 -0.557627976 0.44086501
vn 0.705752015 -0.642077029 0.299418986
vn 0.672379017 -0.703263998 0.230923995
vn 0.695649981 -0.693904996 0.185921997
vn 0.718787014 -0.692584991 0.0605913997
vn 0.694415987 -0.716835022 -0.0627129972
vn 0.704789996 -0.708121002 -0.0428608991
vn 0.705751002 -0.684322 -0.183355004
vn 0.687816024 -0.686726987 -0.235190004
vn 0.718490005 -0.630366027 -0.293956995
vn 0.722347021 -0.566446006 -0.396678001
vn 0.677682996 -0.520015001 -0.519931972
vn 0.686693013 -0.522619009 -0.505294979
vn 0.716980994 -0.399800003 -0.571051002
vn 0.696044028 -0.303407013 -0.650744021
vn 0.679176986 -0.281639993 -0.677788973
vn 0.718478978 -0.180080995 -0.671832979
vn 0.722347975 -0.0603119992 -0.688894987
vn 0.677613974 0.0641395971 -0.732614994
vn 0.703696012 0.0259322003 -0.710026979
vn 0.705731988 0.183429003 -0.684322
vn 0.687829018 0.235168993 -0.686721981
vn 0.718493998 0.293913007 -0.630382001
vn 0.722361982 0.396600991 -0.566482008
vn 0.677630007 0.520049989 -0.51996702
vn 0.680055976 0.516157985 -0.520677984
vn 0.705748975 0.580314994 -0.406390011
vn 0.680845976 0.663798988 -0.309545994
vn 0.680844009 0.663803995 -0.309543014
vn 0.705748975 0.684324026 -0.183355004
vn 0.680849016 0.729637027 -0.0638348013
vn 0.680848002 0.72963798 -0.0638338029
vn 0.705749989 0.705765009 0.0617462993
vn 0.705748975 -0.68432498 -0.183354005
vn 0.680841029 -0.663802028 -0.309552014
vn 0.680850983 -0.663801014 -0.309531987
vn 0.705748975 -0.580353022 -0.406334996
vn 0.680836022 -0.517892003 -0.517929018
vn 0.680859029 -0.517904997 -0.517885029
vn 0.705757022 -0.406392992 -0.580303013
vn 0.680839002 -0.309505999 -0.663824975
vn 0.680849016 -0.309518009 -0.663810015
vn 0.705735981 -0.183427006 -0.684318006
vn 0.680804014 -0.0637653992 -0.729685009
vn 0.703346014 -0.102996998 -0.703346014
vn 0.705761015 0.0616744012 -0.705761015
vn 0.690629005 0.104787998 -0.715577006
vn 0.705735981 0.183428004 -0.684318006
vn 0.680853009 0.309498996 -0.663814008
vn 0.680842996 0.309520006 -0.663815022
vn 0.705756009 0.406392992 -0.580304027
vn 0.68086803 0.517871022 -0.517907977
vn 0.680845976 0.517912984 -0.51789403
vn 0.705748975 0.580353022 -0.406334996
vn 0.680854023 0.663793027 -0.309543014
vn 0.680845976 0.663806021 -0.309533
vn 0.705748022 0.684324026 -0.183357
vn 0.680850029 0.729635 -0.0638431013
vn 0.680846989 0.729638994 -0.0638379008
vn 0.705748975 0.705766022 0.0617446005
vn 0.680850029 0.707467973 0.189557999
vn 0.680845976 0.70747 0.189565003
vn 0.705748022 0.642081022 0.299418986
vn 0.680855989 0.599977016 0.420074999
vn 0.703336 0.605001986 0.373216987
vn 0.705744982 0.500943005 0.500979006
vn 0.690661013 0.480812997 0.540190995
vn 0.705756009 0.406392992 0.580304027
vn 0.680837989 0.309504986 0.663827002
vn 0.680849016 0.309518009 0.663810015
vn 0.705752015 0.183318004 0.684331
vn 0.680869997 0.0638767034 0.729613006
vn 0.680853009 0.0638478026 0.72963202
vn 0.705762982 -0.0617876984 0.705748975
vn 0.680881977 -0.189510003 0.707449973
vn 0.680850029 -0.189570993 0.70746398
vn 0.705744028 -0.299378008 0.64210403
vn 0.680824995 -0.420154989 0.599955022
vn 0.680857003 -0.420093 0.599963009
vn 0.705753982 -0.500936985 0.500972986
vn 0.680841982 -0.599987984 0.420082003
vn 0.680850983 -0.599970996 0.420091003
vn 0.705748022 -0.642080009 0.299421996
vn 0.680842996 -0.707475007 0.189557001
vn 0.680849016 -0.70746702 0.189565003
vn 0.705749989 -0.705765009 0.0617445
vn 0.680846989 -0.72963798 -0.0638433993
vn 0.680850029 -0.729636014 -0.0638376996
vn 0.711522996 -0.678722024 -0.181853995
vn 0.738108993 -0.611464977 -0.285142988
vn 0.720577002 -0.567992985 -0.397682995
vn 0.647575974 -0.538797975 -0.538833976
vn 0.633948028 -0.537427008 -0.556132019
vn 0.71153003 -0.402990013 -0.575607002
vn 0.738094985 -0.285198003 -0.611455977
vn 0.72054702 -0.179422006 -0.669790983
vn 0.647644997 -0.0664530024 -0.759038985
vn 0.673986018 -0.0907289013 -0.733151972
vn 0.705762982 0.061787501 -0.705748975
vn 0.680881977 0.189510003 -0.707450986
vn 0.656011999 0.235696003 -0.717004001
vn 0.711534977 0.297013015 -0.636789978
vn 0.738093019 0.38695699 -0.552706003
vn 0.720565021 0.490283012 -0.490316004
vn 0.647589028 0.624201 -0.437036991
vn 0.702166021 0.549134016 -0.453227013
vn 0.705751002 0.642077982 -0.299416989
vn 0.690648019 0.672079027 -0.267049015
vn 0.680849016 0.729636014 -0.0638357028
vn 0.705748022 0.705766976 0.0617463998
vn 0.680839002 0.707471013 0.189588994
vn 0.703343987 0.696156025 0.143787995
vn 0.705761015 0.642090023 0.299369991
vn 0.690640986 0.636573017 0.343205005
vn 0.705739975 0.580322981 0.406394988
vn 0.680858016 0.517937005 0.517854989
vn 0.680832028 0.517921984 0.517903984
vn 0.680839002 0.309504986 0.663825989
vn 0.680860996 0.309531987 0.663791001
vn 0.705752015 0.183423996 0.684302986
vn 0.680822015 0.0637637004 0.729668021
vn 0.656050026 0.0237885993 0.754342973
vn 0.711502016 -0.0611725003 0.700016022
vn 0.738104999 -0.174678996 0.651681006
vn 0.720580995 -0.293000013 0.628422976
vn 0.64763999 -0.436995 0.624177992
vn 0.680611014 -0.392470002 0.618656993
vn 0.716978014 -0.492960989 0.492882013
vn 0.696053028 -0.588119984 0.411855996
vn 0.679144025 -0.618610024 0.39507699
vn 0.718491971 -0.630384028 0.293913007
vn 0.722357988 -0.667950988 0.178997993
vn 0.677659988 -0.732577026 0.0640901029
vn 0.703711987 -0.70372802 0.0977607965
vn 0.705749989 -0.705765009 -0.0617445
vn 0.678507984 -0.721807003 -0.136457995
vn 0.705748975 -0.684324026 -0.183355004
vn 0.680841982 -0.663802981 -0.309547991
vn 0.703339994 -0.660613 -0.262493014
vn 0.705753028 -0.580349982 -0.406334013
vn 0.690641999 -0.567312002 -0.448520988
vn 0.705740988 -0.500946999 -0.500980973
vn 0.680831015 -0.420071989 -0.600006998
vn 0.687048972 -0.425756007 -0.588809013
vn 0.716980994 -0.294663996 -0.631753027
vn 0.696029007 -0.185790002 -0.693561018
vn 0.685597003 -0.169471994 -0.70798099
vn 0.705762982 -0.061787501 -0.705748975
vn 0.680845022 0.063878797 -0.729636014
vn 0.65605098 0.107570998 -0.747011006
vn 0.711512029 0.181820005 -0.678743005
vn 0.738102019 0.28519401 -0.611449003
vn 0.720564008 0.397675008 -0.568015993
vn 0.647569001 0.538802028 -0.538838983
vn 0.633944988 0.556093991 -0.537469029
vn 0.711543977 0.575585008 -0.402998
vn 0.738107979 0.611464977 -0.285142988
vn 0.720561028 0.669767022 -0.179454997
vn 0.647581995 0.75909698 -0.0664101988
vn 0.673978984 0.733157992 -0.0907310024
vn 0.705748022 0.705766976 0.0617446005
vn 0.680837989 0.707471013 0.189588994
vn 0.67168498 0.711309016 0.207071006
vn 0.718482971 0.630392015 0.293918014
vn 0.722338021 0.566453993 0.396683007
vn 0.677667975 0.520026028 0.519941986
vn 0.650673985 0.511682987 0.561074018
vn 0.711543977 0.402981997 0.575595975
vn 0.738111019 0.285100996 0.611482024
vn 0.720591009 0.179514006 0.669718981
vn 0.647552013 0.0663381964 0.759127975
vn 0.680640996 0.0970048979 0.726167023
vn 0.71698302 -0.0606856011 0.694444001
vn 0.696024001 -0.185898006 0.693535984
vn 0.685595989 -0.207231 0.697862983
vn 0.705760002 -0.299371004 0.642090023
vn 0.680831015 -0.420121998 0.59997201
vn 0.705740988 -0.501003981 0.500923991
vn 0.680859029 -0.599934995 0.420130014
vn 0.680836976 -0.599973977 0.420109004
vn 0.705748022 -0.642102003 0.299374998
vn 0.680855989 -0.707454979 0.189584002
vn 0.680844009 -0.707471013 0.189566001
vn 0.705748022 -0.705766976 0.0617463998
vn 0.680850029 -0.729636014 -0.063834697
vn 0.680849016 -0.729637027 -0.0638357028
vn 0.705748022 -0.684324026 -0.183357
vn 0.680850029 -0.663802028 -0.309531003
vn 0.680859029 -0.517904997 -0.517885983
vn 0.705756009 -0.406392992 -0.580304027
vn 0.680837989 -0.309504986 -0.663827002
vn 0.705735981 -0.183428004 -0.684318006
vn 0.680803001 -0.0637651011 -0.729685009
vn 0.64042902 0 -0.768016994
vn 0.680804014 0.0637653992 -0.729685009
vn 0.705735981 0.183427006 -0.684318006
vn 0.680853009 0.309500992 -0.663814008
vn 0.705757022 0.406392992 -0.580303013
vn 0.680868983 0.517870009 -0.517907023
vn 0.680845976 0.517913997 -0.51789403
vn 0.680854976 0.663791001 -0.309545994
vn 0.680845022 0.663806021 -0.309534013
vn 0.705748975 0.68432498 -0.183354005
vn 0.680850983 0.729633987 -0.063842997
vn 0.644527018 0.764557004 -0.00614965009
vn 0.680849016 0.729637027 0.0638329014
vn 0.693610013 0.695809007 0.186431006
vn 0.653769016 0.685792029 0.31980601
vn 0.673448026 0.681504011 0.28639099
vn 0.705748975 0.580353022 0.406334996
vn 0.680836022 0.517892003 0.517929018
vn 0.680859029 0.517904997 0.517885029
vn 0.705757022 0.406392992 0.580303013
vn 0.680839002 0.309505999 0.663825989
vn 0.705752015 0.183317006 0.684331
vn 0.680869997 0.0638770014 0.729613006
vn 0.703346014 0.102996998 0.703346014
vn 0.705756009 -0.0617880002 0.705756009
vn 0.690665007 -0.104782999 0.715542972
vn 0.705752015 -0.183318004 0.684331
vn 0.680853009 -0.309498996 0.663814008
vn 0.703338981 -0.262466997 0.660624981
vn 0.705748975 -0.406397998 0.580309987
vn 0.69066298 -0.448513001 0.567292988
vn 0.705748022 -0.642081022 0.299418986
vn 0.680845022 -0.70747298 0.189558998
vn 0.703339994 -0.674786985 0.223552004
vn 0.705748975 -0.705766022 0.0617446005
vn 0.665646017 -0.745249987 -0.0389620997
vn 0.680850029 -0.729635 -0.0638431013
vn 0.706633985 -0.698571026 -0.112549998
vn 0.706628978 -0.698575974 -0.112549998
vn 0.706631005 -0.682651997 -0.186169997
vn 0.706629992 -0.68265301 -0.186169997
vn 0.706634998 -0.658993006 -0.257672012
vn 0.706641018 -0.658987999 -0.257667989
vn 0.706643999 -0.627861977 -0.326256007
vn 0.706632018 -0.62787497 -0.326258004
vn 0.706641972 -0.589626014 -0.391149014
vn 0.706629992 -0.589639008 -0.391153008
vn 0.706637979 -0.544714987 -0.451606989
vn 0.706629992 -0.544718981 -0.451613009
vn 0.706641972 -0.493622988 -0.506945014
vn 0.706629992 -0.493629009 -0.506955981
vn 0.706629992 -0.436955988 -0.556545973
vn 0.706659019 -0.436931998 -0.556528986
vn 0.706649005 -0.375295013 -0.599834025
vn 0.706623018 -0.375322014 -0.599847972
vn 0.706628978 -0.375322014 -0.599840999
vn 0.706628978 -0.309435993 -0.636336982
vn 0.706628978 -0.309437007 -0.636336982
vn 0.706614971 -0.240042999 -0.665638983
vn 0.706605971 -0.240043998 -0.665647984
vn 0.706622005 -0.167934 -0.687373996
vn 0.706615984 -0.167934 -0.687380016
vn 0.706623018 -0.0939102992 -0.701330006
vn 0.706615984 -0.0939090997 -0.701337993
vn 0.706637979 -0.0188379008 -0.707324028
vn 0.706646025 -0.01884 -0.707315981
vn 0.706646025 0.0564486012 -0.705312014
vn 0.706596017 0.0564679988 -0.705361009
vn 0.706623018 0.131108001 -0.695338011
vn 0.706592023 0.131123006 -0.695366979
vn 0.706592023 0.204291999 -0.677489996
vn 0.706638992 0.204264 -0.677448988
vn 0.706622005 0.275121003 -0.651915014
vn 0.706646025 0.275117993 -0.65188998
vn 0.706633985 0.342859 -0.618964016
vn 0.706611991 0.342875004 -0.618978977
vn 0.706628025 0.406708986 -0.579020023
vn 0.706628978 0.406708986 -0.579020023
vn 0.706628025 0.465954006 -0.532507002
vn 0.706628025 0.465952992 -0.532507002
vn 0.706628978 0.519915998 -0.479961991
vn 0.706632018 0.519913018 -0.479959995
vn 0.706628025 0.519917011 -0.479961008
vn 0.706637979 0.567975998 -0.42197901
vn 0.706624985 0.567988992 -0.421983004
vn 0.706610978 0.609640002 -0.359221011
vn 0.706625998 0.609624982 -0.359216988
vn 0.706631005 0.609616995 -0.359221011
vn 0.706631005 0.644348025 -0.292382985
vn 0.706632972 0.644347012 -0.292380989
vn 0.706615984 0.644366026 -0.292378992
vn 0.706619024 0.671787977 -0.222238004
vn 0.706643999 0.67176199 -0.222237006
vn 0.706631005 0.671778023 -0.222232997
vn 0.706632018 0.691591978 -0.149570003
vn 0.706636012 0.691588998 -0.149570003
vn 0.706632972 0.703571975 -0.0752118975
vn 0.706628978 0.703576028 -0.0752111003
vn 0.707006991 0.706956029 -0.0188257992
vn 0.707006991 0.706956029 -0.0188257005
vn 0.707006991 0.706956029 0.0188264009
vn 0.706628978 0.703576028 0.0752122998
vn 0.706632972 0.703571975 0.0752106011
vn 0.706636012 0.691588998 0.149569005
vn 0.706632018 0.691592991 0.149571002
vn 0.706632018 0.691591978 0.149571002
vn 0.706631005 0.67177701 0.222233996
vn 0.706632972 0.671775997 0.222232997
vn 0.706633985 0.644345999 0.292380989
vn 0.706628025 0.644349992 0.292385012
vn 0.706622005 0.609628022 0.359219015
vn 0.706629992 0.609623015 0.359212995
vn 0.706637025 0.567977011 0.42197901
vn 0.706632018 0.567979991 0.421983987
vn 0.706632018 0.519913971 0.479959995
vn 0.706628978 0.519915998 0.479961991
vn 0.706628978 0.465952992 0.532507002
vn 0.706628978 0.406708986 0.579020023
vn 0.706655025 0.406699985 0.578993976
vn 0.706655979 0.342848003 0.618943989
vn 0.706614971 0.342857003 0.618987024
vn 0.706629992 0.275126994 0.651903987
vn 0.706641018 0.27511999 0.651894987
vn 0.706627011 0.204282001 0.677456975
vn 0.706632972 0.204282001 0.677450001
vn 0.706632972 0.131101996 0.69532901
vn 0.706619978 0.131108001 0.695340991
vn 0.706605017 0.0564519987 0.705353022
vn 0.706645012 0.056460999 0.705311
vn 0.706646025 -0.0188376997 0.707315981
vn 0.706637025 -0.0188407991 0.707325995
vn 0.706637025 -0.0939050987 0.701318026
vn 0.706641018 -0.0939057991 0.701313019
vn 0.706622005 -0.167934 0.687373996
vn 0.706632018 -0.167928994 0.687364995
vn 0.706618011 -0.240042001 0.665636003
vn 0.706610024 -0.240046993 0.665642023
vn 0.706610978 -0.309444994 0.636353016
vn 0.706641018 -0.309423 0.636330009
vn 0.706628025 -0.375304013 0.599853992
vn 0.706659019 -0.375303 0.599816978
vn 0.706651986 -0.375310004 0.599820971
vn 0.706650972 -0.436939001 0.556532979
vn 0.706637979 -0.436944008 0.556545019
vn 0.706637979 -0.493625998 0.506947994
vn 0.706628978 -0.493634999 0.506953001
vn 0.706628978 -0.544719994 0.451615006
vn 0.706633985 -0.544718027 0.451608986
vn 0.706646025 -0.54470402 0.451606989
vn 0.706632972 -0.589636028 0.391151011
vn 0.706640005 -0.589628994 0.391149014
vn 0.706638992 -0.62786901 0.326254994
vn 0.706625998 -0.627882004 0.326258004
vn 0.706643999 -0.627861023 0.326258987
vn 0.706641018 -0.658985972 0.257674009
vn 0.706622005 -0.659006 0.257674992
vn 0.706620991 -0.659007013 0.257674992
vn 0.706623971 -0.68265897 0.186171994
vn 0.706631005 -0.68265301 0.186166003
vn 0.706628978 -0.682654977 0.186165005
vn 0.706629992 -0.69857502 0.112549998
vn 0.706627011 -0.698578 0.112548999
vn 0.706632972 -0.698571026 0.112552002
vn 0.706632018 -0.706578016 0.0376592018
vn 0.706631005 -0.70657903 0.0376598015
vn 0.706628978 -0.70658201 0.0376584008
vn 0.706629992 -0.706580997 -0.0376591012
vn 0.706632018 -0.706578016 -0.0376584008
vn -0.168661997 -0.973932981 -0.151684999
vn -0.16866 -0.973933995 -0.151678994
vn -0.168662995 -0.953173995 -0.251022995
vn -0.168669 -0.953172028 -0.251026988
vn -0.168674007 -0.922317028 -0.347678006
vn -0.168661997 -0.922309995 -0.34770301
vn -0.168659002 -0.922312021 -0.347698003
vn -0.16866 -0.881676018 -0.440683007
vn -0.168667004 -0.881672025 -0.440688014
vn -0.168679997 -0.831683993 -0.529007018
vn -0.168662995 -0.83169502 -0.528995991
vn -0.168665007 -0.772893012 -0.611708999
vn -0.168642998 -0.772880971 -0.61172998
vn -0.168668002 -0.772819996 -0.611801028
vn -0.168668002 -0.705891013 -0.687945008
vn -0.168651998 -0.705902994 -0.687937021
vn -0.168651998 -0.631416023 -0.756882012
vn -0.168659002 -0.631425023 -0.756873012
vn -0.168669999 -0.631408989 -0.756883025
vn -0.168671995 -0.550248981 -0.817786992
vn -0.168678001 -0.550243974 -0.817789018
vn -0.168678999 -0.463229001 -0.870037973
vn -0.168657005 -0.463248998 -0.870032012
vn -0.168657005 -0.371311992 -0.913061976
vn -0.168677002 -0.371329993 -0.913051009
vn -0.168680996 -0.371306002 -0.913060009
vn -0.168681994 -0.275483996 -0.946390986
vn -0.168651 -0.275510997 -0.946388006
vn -0.168651 -0.176733002 -0.969702005
vn -0.168641001 -0.176716998 -0.969707012
vn -0.168670997 -0.176658005 -0.969712019
vn -0.168669999 -0.0760506988 -0.982734025
vn -0.168657005 -0.0760629997 -0.982735991
vn -0.168657005 0.0253844 -0.985347986
vn -0.168622002 0.0253545009 -0.98535502
vn -0.168620005 0.126837999 -0.977486014
vn -0.168935001 0.126557007 -0.977468014
vn -0.169056997 0.226344004 -0.95926398
vn -0.168687999 0.226043001 -0.959399998
vn -0.168695003 0.323307991 -0.931136012
vn -0.168056995 0.323877007 -0.931053996
vn -0.169377998 0.417791009 -0.89261502
vn -0.168675005 0.417290986 -0.892982006
vn -0.168678999 0.507426977 -0.84502399
vn -0.168645993 0.507404983 -0.845044017
vn -0.168647006 0.591630995 -0.788372993
vn -0.168645993 0.591629982 -0.788372993
vn -0.168709993 0.669532001 -0.723370016
vn -0.168633997 0.669492006 -0.723424971
vn -0.168636993 0.740423977 -0.650641024
vn -0.168735996 0.740354002 -0.650695026
vn -0.168595999 0.803369999 -0.571115017
vn -0.16866 0.80339402 -0.571062028
vn -0.168640003 0.857814014 -0.485505998
vn -0.168674007 0.857824028 -0.485477
vn -0.168670997 0.90318501 -0.394722998
vn -0.168671995 0.903186023 -0.394722015
vn -0.168668002 0.938989997 -0.299748987
vn -0.16866 0.938988984 -0.299755991
vn -0.168659002 0.964832008 -0.201625004
vn -0.168658003 0.980450988 -0.101347998
vn -0.168656006 0.980450988 -0.101350002
vn -0.168819994 0.985319972 -0.0253775008
vn -0.154311001 0.988022029 0
vn -0.168819994 0.985319972 0.0253801998
vn -0.168656006 0.980450988 0.101347998
vn -0.168477997 0.980497003 0.101195
vn -0.168787003 0.964811027 0.201620996
vn -0.168658003 0.964856029 0.201514006
vn -0.168653995 0.938768029 0.300449997
vn -0.169492006 0.938854992 0.299706012
vn -0.168837994 0.903159022 0.394712001
vn -0.168645993 0.903258026 0.39456901
vn -0.168644994 0.857815027 0.485500991
vn -0.168668002 0.857822001 0.485482007
vn -0.168684006 0.803340971 0.571129978
vn -0.168614 0.803385973 0.571087003
vn -0.168679997 0.740360975 0.650700986
vn -0.168636993 0.740392029 0.650677979
vn -0.168632001 0.669290006 0.72361201
vn -0.169064 0.669517994 0.72329998
vn -0.168891996 0.591573 0.788363993
vn -0.168644994 0.59177202 0.788267016
vn -0.168645993 0.507408023 0.84504199
vn -0.168674007 0.507426977 0.845025003
vn -0.168677002 0.417842001 0.892723978
vn -0.169035003 0.41753 0.892802
vn -0.168419003 0.323855996 0.930994987
vn -0.168691993 0.323612988 0.931029975
vn -0.168690994 0.226357996 0.959325016
vn -0.168623 0.226419002 0.959322989
vn -0.168623 0.126563996 0.977521002
vn -0.168622002 0.0253545009 0.98535502
vn -0.168657005 0.0253844 0.985347986
vn -0.168657005 -0.0760508999 0.982737005
vn -0.168670997 -0.0760627985 0.982733011
vn -0.168670997 -0.176658005 0.969712019
vn -0.168641001 -0.176716998 0.969707012
vn -0.168651 -0.176733002 0.969702005
vn -0.168651 -0.275485009 0.946395993
vn -0.168624997 -0.275465012 0.946406007
vn -0.168623999 -0.371630996 0.912937999
vn -0.168677002 -0.371329993 0.913051009
vn -0.168657005 -0.371311992 0.913061976
vn -0.168657005 -0.463259995 0.870025992
vn -0.168693006 -0.463227987 0.870036006
vn -0.168676004 -0.550248981 0.817785978
vn -0.168671995 -0.550246 0.817789018
vn -0.168669999 -0.631408989 0.756883025
vn -0.168659002 -0.631425023 0.756873012
vn -0.168651998 -0.631416023 0.756882012
vn -0.168651998 -0.70589298 0.687946975
vn -0.168675005 -0.705904007 0.687929988
vn -0.168649003 -0.772880971 0.61172998
vn -0.168665007 -0.772886992 0.611716986
vn -0.168660998 -0.831847012 0.528756976
vn -0.169001997 -0.831637979 0.528976977
vn -0.170230001 -0.881434023 0.440562993
vn -0.168648005 -0.881070971 0.441895008
vn -0.168659002 -0.922312021 0.347698987
vn -0.168661997 -0.922309995 0.34770301
vn -0.168651998 -0.922303975 0.347723991
vn -0.168653995 -0.953175008 0.251022995
vn -0.168662995 -0.953176022 0.251015007
vn -0.16866 -0.973932981 0.151684999
vn -0.168658003 -0.973932981 0.151686996
vn -0.168656006 -0.984368026 0.0507416017
vn -0.168654993 -0.984368026 0.0507426001
vn -0.168654993 -0.984368026 -0.0507390015
vn -0.168656006 -0.984368026 -0.0507398993
vn -0.168658003 -0.973932981 -0.151691005
vn -0.327915013 -0.933453977 0.145381004
vn -0.327917993 -0.933453023 0.145377994
vn -0.327917993 -0.913556993 0.240588993
vn -0.32791999 -0.913556993 0.240586996
vn -0.327921003 -0.883975029 0.333250999
vn -0.32791701 -0.883975029 0.333254993
vn -0.327915996 -0.845031023 0.422367007
vn -0.327912003 -0.84503001 0.422371
vn -0.32791099 -0.797120988 0.507022977
vn -0.327919006 -0.797123015 0.50701499
vn -0.327919006 -0.740755022 0.586302996
vn -0.327910006 -0.740751982 0.586311996
vn -0.327908009 -0.676554978 0.659354985
vn -0.327937007 -0.676566005 0.65933001
vn -0.327939004 -0.605175972 0.725408971
vn -0.327901989 -0.605158985 0.725440025
vn -0.327901006 -0.527383983 0.783802986
vn -0.32791099 -0.52738899 0.783794999
vn -0.32791099 -0.443978995 0.833881021
vn -0.32794401 -0.443998992 0.833857
vn -0.327944994 -0.355892986 0.87509501
vn -0.327942014 -0.355890989 0.87509799
vn -0.327942997 -0.264032006 0.907050014
vn -0.327912986 -0.264010012 0.907068014
vn -0.327912986 -0.169372007 0.92940098
vn -0.327888995 -0.169352993 0.929413021
vn -0.327888012 -0.0728906989 0.941900015
vn -0.32792899 -0.0729262978 0.941883028
vn -0.327930003 0.0243292991 0.944388986
vn -0.327951998 0.0243085995 0.944380999
vn -0.327951998 0.121301003 0.936873972
vn -0.327948987 0.121303998 0.936874986
vn -0.327948987 0.216949001 0.919447005
vn -0.327879995 0.217014998 0.919456005
vn -0.327879995 0.310386986 0.892274976
vn -0.327933997 0.31033501 0.892273009
vn -0.327933997 0.400472999 0.855616987
vn -0.327910006 0.400496006 0.85561502
vn -0.327910006 0.486339003 0.809907019
vn -0.32792899 0.486321002 0.809909999
vn -0.32792899 0.567004979 0.755623996
vn -0.327897996 0.567035019 0.755616009
vn -0.327899009 0.641740024 0.693291008
vn -0.327921987 0.641719997 0.693298995
vn -0.327921003 0.709590971 0.623656988
vn -0.327915013 0.709596992 0.623654008
vn -0.327915013 0.769954979 0.547394991
vn -0.327903003 0.76996398 0.547388017
vn -0.327904999 0.822172999 0.465306014
vn -0.327921003 0.822161019 0.465315998
vn -0.327921003 0.865647018 0.378316998
vn -0.327906996 0.865656018 0.378307998
vn -0.327910006 0.899966002 0.287292004
vn -0.327921003 0.899959028 0.287299991
vn -0.32791999 0.924730003 0.193244994
vn -0.327914 0.924732983 0.193240002
vn -0.32791701 0.939700007 0.0971357971
vn -0.32791701 0.939698994 0.0971366018
vn -0.327917993 0.944706023 0
vn -0.327917993 0.939698994 -0.0971357971
vn -0.32791701 0.939700007 -0.0971366018
vn -0.327914 0.924732029 -0.193244994
vn -0.32791999 0.924731016 -0.193239003
vn -0.327921987 0.899962008 -0.287290007
vn -0.327910006 0.899963021 -0.287301004
vn -0.327906996 0.865651011 -0.378318995
vn -0.327921003 0.865652025 -0.378306001
vn -0.327921003 0.822156012 -0.465324014
vn -0.327932 0.822157979 -0.465314001
vn -0.32793501 0.769966006 -0.54736799
vn -0.327915013 0.769960999 -0.547385991
vn -0.327914 0.709592998 -0.623659015
vn -0.327921003 0.709595025 -0.623652995
vn -0.327921003 0.641708016 -0.693310022
vn -0.327939004 0.641716003 -0.693295002
vn -0.327941 0.567034006 -0.755596995
vn -0.32792899 0.567027986 -0.755607009
vn -0.327930003 0.486335993 -0.809900999
vn -0.327910006 0.486324012 -0.809916019
vn -0.327910006 0.400476992 -0.855624974
vn -0.327885985 0.400460988 -0.855641007
vn -0.327883989 0.310386986 -0.892274022
vn -0.327881008 0.310384005 -0.892275989
vn -0.327879012 0.216953993 -0.919471025
vn -0.327948004 0.217008993 -0.919432998
vn -0.327948987 0.121301003 -0.936874986
vn -0.327951998 0.121303998 -0.936873972
vn -0.327953011 0.0243289992 -0.944380999
vn -0.327930003 0.0243088007 -0.944388986
vn -0.327930003 -0.0728896037 -0.941886008
vn -0.327888995 -0.0729274005 -0.941896975
vn -0.327888995 -0.169373006 -0.929409027
vn -0.327912003 -0.169350997 -0.929404974
vn -0.327912986 -0.264034986 -0.907060027
vn -0.327890992 -0.264055997 -0.907061994
vn -0.327892005 -0.35589999 -0.875111997
vn -0.327894986 -0.355897009 -0.87511301
vn -0.327897012 -0.443980992 -0.833885014
vn -0.32791099 -0.443967998 -0.833886981
vn -0.32791099 -0.527381003 -0.783800006
vn -0.327901006 -0.527391016 -0.783797979
vn -0.327901989 -0.605184019 -0.725418985
vn -0.327939004 -0.605150998 -0.725430012
vn -0.327937007 -0.676548004 -0.659348011
vn -0.327908009 -0.676572978 -0.659335971
vn -0.327908993 -0.740758002 -0.586305022
vn -0.327919006 -0.740750015 -0.586310029
vn -0.32791999 -0.797119021 -0.50702101
vn -0.32791099 -0.797124982 -0.507016003
vn -0.327912003 -0.845031977 -0.42236799
vn -0.327915996 -0.845028996 -0.422371
vn -0.32791701 -0.883975983 -0.333250999
vn -0.327901989 -0.883985996 -0.333240986
vn -0.327906996 -0.913560987 -0.240590006
vn -0.327917993 -0.913555026 -0.240599006
vn -0.327917993 -0.933453023 -0.145380005
vn -0.327915013 -0.933453977 -0.145377994
vn -0.327917993 -0.943454027 -0.0486300997
vn -0.327919006 -0.943453014 -0.0486315005
vn -0.327919006 -0.943453014 0.0486325994
vn -0.327917993 -0.943454027 0.0486340001
vn -0.478379995 -0.867693007 0.135135993
vn -0.478377998 -0.86769402 0.135138005
vn -0.478376001 -0.849201024 0.223638996
vn -0.478372991 -0.849201977 0.223640993
vn -0.478370011 -0.821704984 0.309778988
vn -0.478376001 -0.82170397 0.309772015
vn -0.478374988 -0.78549999 0.392616004
vn -0.478376001 -0.78549999 0.39261499
vn -0.478374988 -0.740969002 0.471298009
vn -0.478363007 -0.740969002 0.471311003
vn -0.478359997 -0.688574016 0.545011997
vn -0.478395998 -0.688579023 0.544973016
vn -0.478399009 -0.628899992 0.612878025
vn -0.478359997 -0.628889978 0.612918019
vn -0.478356987 -0.562530994 0.674338996
vn -0.478376001 -0.562538028 0.674319983
vn -0.478376001 -0.490235001 0.728577971
vn -0.478368998 -0.490231991 0.728583992
vn -0.478368998 -0.412726998 0.77512598
vn -0.478367001 -0.412726015 0.775128007
vn -0.478365988 -0.330825001 0.813462019
vn -0.478372991 -0.330828995 0.813455999
vn -0.478372008 -0.245410994 0.843168974
vn -0.478399992 -0.245432004 0.84314698
vn -0.478401005 -0.157417998 0.863916993
vn -0.478424013 -0.157436997 0.863901019
vn -0.478424996 -0.0677871034 0.87550801
vn -0.478376001 -0.0677433982 0.875539005
vn -0.478374988 0.0225964002 0.877865016
vn -0.478377014 0.0225952994 0.877864003
vn -0.478377014 0.11276 0.870885015
vn -0.478372991 0.112763003 0.870886981
vn -0.478372991 0.201723993 0.854673028
vn -0.478403986 0.201692 0.854663014
vn -0.478404999 0.28847 0.829406023
vn -0.478379995 0.288495988 0.82941097
vn -0.478379995 0.372280985 0.795336008
vn -0.478397995 0.372262001 0.795333982
vn -0.478397012 0.452057987 0.752848029
vn -0.478383005 0.452071995 0.752848029
vn -0.478383005 0.52708298 0.702377021
vn -0.478399992 0.527064025 0.702378988
vn -0.478397995 0.596504986 0.644450009
vn -0.478401005 0.596503019 0.644451022
vn -0.478399009 0.659597993 0.57971102
vn -0.478392988 0.659604013 0.579708993
vn -0.478390992 0.715713024 0.508818984
vn -0.478390008 0.764238 0.432532996
vn -0.478370994 0.764254987 0.432523012
vn -0.478372991 0.804672003 0.351657003
vn -0.478386015 0.804660022 0.351666003
vn -0.478385001 0.836556017 0.267060012
vn -0.478377998 0.836561978 0.267055005
vn -0.478379011 0.859586 0.179626003
vn -0.478386998 0.85957998 0.179633006
vn -0.478385001 0.873495996 0.0902931988
vn -0.478383988 0.873497009 0.0902922004
vn -0.478381991 0.878152013 0
vn -0.478383988 0.873497009 -0.0902933031
vn -0.478385001 0.873495996 -0.0902922004
vn -0.478388011 0.859580994 -0.179625005
vn -0.478379011 0.859583974 -0.179634005
vn -0.478377998 0.836560011 -0.267060995
vn -0.478385001 0.836558998 -0.267053008
vn -0.478386998 0.804665029 -0.351653993
vn -0.478372991 0.804666996 -0.351669014
vn -0.478370994 0.764247 -0.432538003
vn -0.478388995 0.764245987 -0.432518005
vn -0.478390992 0.715713024 -0.508818984
vn -0.478392005 0.659600973 -0.579714
vn -0.478399009 0.659601986 -0.579707026
vn -0.478401005 0.596503973 -0.644448996
vn -0.478365004 0.596493006 -0.644487023
vn -0.478363007 0.527089 -0.702386022
vn -0.478383005 0.527096987 -0.702365994
vn -0.478383005 0.452060997 -0.752855003
vn -0.478395998 0.452068001 -0.752842009
vn -0.478397012 0.37224099 -0.795345008
vn -0.478381008 0.372231007 -0.795359015
vn -0.478381008 0.288513988 -0.829403996
vn -0.478403002 0.288529992 -0.829385996
vn -0.478404999 0.201719999 -0.854655981
vn -0.478374004 0.201695994 -0.854680002
vn -0.478372991 0.11276 -0.870886981
vn -0.478377014 0.112763003 -0.870885015
vn -0.478377014 0.0225964002 -0.877864003
vn -0.478374988 0.0225952994 -0.877865016
vn -0.478374988 -0.067789197 -0.875535011
vn -0.478377998 -0.0677857026 -0.875533998
vn -0.478377998 -0.157420993 -0.863928974
vn -0.478399992 -0.157398 -0.863920987
vn -0.478399992 -0.245447993 -0.843141973
vn -0.478417993 -0.245428994 -0.84313798
vn -0.478415996 -0.330814987 -0.813436985
vn -0.478408992 -0.330821991 -0.813437998
vn -0.478408992 -0.412681997 -0.775125027
vn -0.478368998 -0.412725002 -0.775126994
vn -0.478368998 -0.490238011 -0.728581011
vn -0.478376001 -0.490229994 -0.728581011
vn -0.478377014 -0.562524021 -0.674331009
vn -0.478356987 -0.562545002 -0.674327016
vn -0.478359014 -0.628916025 -0.612892985
vn -0.478397995 -0.628875017 -0.612904012
vn -0.478397012 -0.688557982 -0.545000017
vn -0.478359997 -0.688593984 -0.544984996
vn -0.478363007 -0.740975022 -0.471300989
vn -0.478374988 -0.740962982 -0.471307993
vn -0.478376001 -0.785498977 -0.392616004
vn -0.478374988 -0.78549999 -0.39261499
vn -0.478376001 -0.82170701 -0.309763014
vn -0.478386015 -0.821699023 -0.309769988
vn -0.478385001 -0.849192977 -0.223647997
vn -0.478376001 -0.84920001 -0.223640993
vn -0.478377998 -0.86769402 -0.135135993
vn -0.478379995 -0.867691994 -0.135138005
vn -0.478381008 -0.876987994 -0.0452055
vn -0.478381008 -0.876987994 -0.0452062003
vn -0.478381008 -0.876987994 0.0452077985
vn -0.478381008 -0.876987994 0.0452083983
vn -0.615913987 -0.778428972 0.121235996
vn -0.61591202 -0.778429985 0.121238999
vn -0.61591202 -0.761838973 0.200634003
vn -0.615911007 -0.761838973 0.200635999
vn -0.615909994 -0.737172008 0.277904987
vn -0.615920007 -0.737169027 0.27789399
vn -0.615921974 -0.704684019 0.352221012
vn -0.615908027 -0.704688013 0.352239013
vn -0.615907013 -0.664740026 0.422823995
vn -0.615915 -0.664739013 0.422812998
vn -0.615916014 -0.617747009 0.488913
vn -0.615920007 -0.617747009 0.488909006
vn -0.615921021 -0.564182997 0.549853981
vn -0.615912974 -0.564181983 0.549863994
vn -0.615912974 -0.504666984 0.604948997
vn -0.615917981 -0.504667997 0.604942977
vn -0.615917981 -0.439794987 0.653623998
vn -0.61591202 -0.439792007 0.653632998
vn -0.61591202 -0.370263994 0.695381999
vn -0.61589998 -0.370258003 0.695397019
vn -0.615899026 -0.296797991 0.729780018
vn -0.615890026 -0.296792001 0.729789972
vn -0.615889013 -0.220192 0.756437004
vn -0.615889013 -0.141249001 0.775067985
vn -0.61590302 -0.141260996 0.775053978
vn -0.61590302 -0.0607749 0.785474002
vn -0.615934014 -0.0608039014 0.785448015
vn -0.615935028 0.0202703997 0.787536025
vn -0.615900993 0.0203050002 0.787562013
vn -0.61589998 0.101163998 0.781301975
vn -0.61590302 0.101161003 0.781300008
vn -0.61590302 0.180948004 0.766761005
vn -0.615924001 0.180923 0.766749024
vn -0.615925014 0.258814007 0.744077981
vn -0.615909994 0.258832008 0.744084001
vn -0.615909994 0.333970994 0.713524997
vn -0.615907013 0.333974004 0.713526011
vn -0.615907013 0.405568987 0.675405025
vn -0.615922987 0.40554899 0.675402999
vn -0.615922987 0.472844988 0.630124986
vn -0.615903974 0.472869009 0.630124986
vn -0.615903974 0.535149992 0.578167021
vn -0.615891993 0.535166025 0.578166008
vn -0.615893006 0.591764987 0.520087004
vn -0.615895987 0.591760993 0.520087004
vn -0.615898013 0.642099023 0.456485003
vn -0.615904987 0.642090976 0.456488013
vn -0.615906 0.685634017 0.388027996
vn -0.615913987 0.685625017 0.388031989
vn -0.615913987 0.721884012 0.315490007
vn -0.615911007 0.721886992 0.315488011
vn -0.615911007 0.750503004 0.239582002
vn -0.61591202 0.75050199 0.239582002
vn -0.61591202 0.771156013 0.161154002
vn -0.61590898 0.771158993 0.161152005
vn -0.615909994 0.783640981 0.0810040012
vn -0.615911007 0.783640027 0.0810049996
vn -0.615911007 0.787815988 0
vn -0.615907013 0.783643007 -0.0810042024
vn -0.615909994 0.783640981 -0.0810014009
vn -0.61590898 0.77115798 -0.161155
vn -0.61591202 0.771157026 -0.161152005
vn -0.61591202 0.75050199 -0.239581004
vn -0.615911007 0.75050199 -0.239582002
vn -0.615911007 0.721885979 -0.315490007
vn -0.615913987 0.721885026 -0.315488011
vn -0.615913987 0.68562901 -0.388024986
vn -0.615906 0.685630023 -0.388034999
vn -0.615904987 0.642094016 -0.456481993
vn -0.615898013 0.642095029 -0.456490993
vn -0.615895987 0.59176302 -0.520084977
vn -0.615893006 0.59176302 -0.520088971
vn -0.61589098 0.535136998 -0.578193009
vn -0.615930974 0.535144985 -0.578143001
vn -0.615934014 0.472864002 -0.630098999
vn -0.615893006 0.472851008 -0.630149007
vn -0.615891993 0.405575007 -0.675415993
vn -0.615907013 0.405582011 -0.675397992
vn -0.615906 0.333941013 -0.713542998
vn -0.615911007 0.333943009 -0.713537991
vn -0.615911007 0.258852005 -0.744076014
vn -0.615889013 0.258837014 -0.744099021
vn -0.615888 0.180950001 -0.766771972
vn -0.615902007 0.180960998 -0.766758025
vn -0.61590302 0.101163998 -0.781300008
vn -0.61589998 0.101161003 -0.781302989
vn -0.61589998 0.0202711001 -0.78756398
vn -0.615897 0.0202686992 -0.787566006
vn -0.615897 -0.0608133003 -0.785476029
vn -0.615939975 -0.0607673004 -0.785445988
vn -0.615942001 -0.141204 -0.77503401
vn -0.615889013 -0.141262993 -0.775065005
vn -0.615889013 -0.220192 -0.756437004
vn -0.615889013 -0.296801001 -0.729786992
vn -0.615899026 -0.296790004 -0.729784012
vn -0.615899026 -0.370269001 -0.695390999
vn -0.61591202 -0.37025401 -0.695388019
vn -0.615911007 -0.439797997 -0.653629005
vn -0.615917981 -0.439788997 -0.653627992
vn -0.615917981 -0.504664004 -0.604946017
vn -0.615912974 -0.504670978 -0.604945004
vn -0.615912974 -0.56418699 -0.549858987
vn -0.615894973 -0.564208984 -0.549856007
vn -0.615895987 -0.617758989 -0.488923013
vn -0.615915 -0.617735982 -0.48892799
vn -0.615915 -0.664734006 -0.422820002
vn -0.615907013 -0.66474402 -0.422816992
vn -0.615907013 -0.704694986 -0.352225989
vn -0.615921974 -0.704677999 -0.352234006
vn -0.615920007 -0.737165987 -0.277902007
vn -0.615911007 -0.737176001 -0.277895987
vn -0.615911007 -0.761839986 -0.200634003
vn -0.61591202 -0.761838019 -0.200635001
vn -0.61591202 -0.778430998 -0.121235996
vn -0.615913987 -0.778428018 -0.121238001
vn -0.61591202 -0.786769986 -0.0405557007
vn -0.615911007 -0.786770999 -0.0405545011
vn -0.615911007 -0.786770999 0.0405577011
vn -0.61591202 -0.786769986 0.0405563004
vn -0.73684001 -0.668012977 0.104041003
vn -0.736844003 -0.668009996 0.104037002
vn -0.736845016 -0.65377003 0.172175005
vn -0.736846983 -0.653768003 0.172171995
vn -0.736850023 -0.632600009 0.238473997
vn -0.736837983 -0.632606983 0.23849
vn -0.736836016 -0.604731977 0.302275985
vn -0.736844003 -0.604728997 0.302264988
vn -0.736844003 -0.570446014 0.362838
vn -0.736850977 -0.570443988 0.362827986
vn -0.736853004 -0.530116022 0.419553995
vn -0.736827016 -0.530120015 0.41959399
vn -0.736823976 -0.484167993 0.471881002
vn -0.73684299 -0.484167993 0.471850991
vn -0.736844003 -0.433082998 0.519133985
vn -0.736845016 -0.433084011 0.519132018
vn -0.736845016 -0.377407014 0.560913026
vn -0.736837983 -0.377404004 0.560925007
vn -0.736837029 -0.317737013 0.596754014
vn -0.736854017 -0.317743987 0.596728981
vn -0.73685497 -0.254682004 0.626244009
vn -0.736855984 -0.254682988 0.626242995
vn -0.736855984 -0.188949004 0.649107993
vn -0.73684001 -0.188936993 0.649129987
vn -0.73684001 -0.121223003 0.665109992
vn -0.736823976 -0.121209003 0.665130019
vn -0.736823976 -0.0521816015 0.67406702
vn -0.736822009 -0.0521788001 0.674071014
vn -0.736820996 0.0174252 0.675863028
vn -0.736859024 0.0173819996 0.67582202
vn -0.736859977 0.0868081972 0.670449018
vn -0.736847997 0.0868228972 0.670459986
vn -0.736847997 0.155259997 0.657989025
vn -0.736819983 0.155296996 0.658011973
vn -0.736819983 0.222124994 0.638557971
vn -0.736828983 0.222112 0.63855201
vn -0.736829996 0.286605 0.612322986
vn -0.736837983 0.28659299 0.612318993
vn -0.736838996 0.348028004 0.579608023
vn -0.736831009 0.348040015 0.579611003
vn -0.736831009 0.405797005 0.540748
vn -0.736835003 0.405791998 0.540746987
vn -0.736835003 0.45924899 0.496149987
vn -0.736847997 0.459230006 0.496149004
vn -0.736846983 0.507808983 0.44630301
vn -0.736846983 0.50780803 0.44630301
vn -0.736846983 0.551002979 0.391730011
vn -0.736837029 0.551018 0.391727
vn -0.736837983 0.588374972 0.332993001
vn -0.736850023 0.588356972 0.332998991
vn -0.73684901 0.619481027 0.270734012
vn -0.736836016 0.619499981 0.270725995
vn -0.736837029 0.644048989 0.205599993
vn -0.736841977 0.644043028 0.205603004
vn -0.736841977 0.661768973 0.138292998
vn -0.736838996 0.661773026 0.138290003
vn -0.736841023 0.672483027 0.0695146993
vn -0.736841977 0.672482014 0.069515802
vn -0.736841977 0.676065028 0
vn -0.736845016 0.672478974 -0.0695111006
vn -0.736841023 0.672483027 -0.0695160031
vn -0.736838996 0.661773026 -0.138292998
vn -0.736841977 0.661769986 -0.138289005
vn -0.736841977 0.644043982 -0.205597997
vn -0.736837029 0.644047976 -0.205605
vn -0.736836016 0.619494021 -0.270738989
vn -0.73684901 0.619486988 -0.270720989
vn -0.736850977 0.588362992 -0.332985997
vn -0.736837983 0.588367999 -0.333005011
vn -0.736837029 0.55101198 -0.391736001
vn -0.736846983 0.551008999 -0.39172101
vn -0.736846983 0.507808983 -0.44630301
vn -0.736847997 0.45923999 -0.49613899
vn -0.736835003 0.459239006 -0.496158987
vn -0.73683399 0.405775011 -0.540759981
vn -0.736853004 0.405779988 -0.540731013
vn -0.73685497 0.348042011 -0.579578996
vn -0.736838996 0.348035991 -0.579603016
vn -0.736837983 0.286576003 -0.61232698
vn -0.73685497 0.286585003 -0.612302005
vn -0.73685497 0.222112 -0.638522029
vn -0.736846983 0.222105995 -0.638534009
vn -0.736846983 0.155289993 -0.657983005
vn -0.736846983 0.0868099034 -0.670462012
vn -0.736832976 0.0867960006 -0.670480013
vn -0.736832023 0.0173937008 -0.675852001
vn -0.73684901 0.0174119007 -0.675832987
vn -0.736850023 -0.0521484017 -0.674041986
vn -0.736823976 -0.0521784984 -0.674067974
vn -0.736823976 -0.121225998 -0.665127993
vn -0.73684001 -0.121206 -0.665113986
vn -0.73684001 -0.188953996 -0.64912498
vn -0.736855984 -0.188932002 -0.649112999
vn -0.736855984 -0.254682004 -0.626242995
vn -0.73685497 -0.254682988 -0.626244009
vn -0.736854017 -0.317728013 -0.596737027
vn -0.736837029 -0.317752987 -0.596744001
vn -0.736837029 -0.377411008 -0.56092
vn -0.736845016 -0.377400011 -0.560917974
vn -0.736845016 -0.433082014 -0.519132972
vn -0.736844003 -0.433084011 -0.519132972
vn -0.73684299 -0.484167993 -0.471850991
vn -0.736844003 -0.48416701 -0.471850991
vn -0.736844003 -0.530111015 -0.419575006
vn -0.73685199 -0.530098975 -0.419577003
vn -0.736850977 -0.570439994 -0.362834007
vn -0.736845016 -0.570450008 -0.36283201
vn -0.736844003 -0.604725003 -0.302271992
vn -0.736837029 -0.60473597 -0.302267998
vn -0.736837983 -0.63261199 -0.238479003
vn -0.73684001 -0.63260901 -0.238480002
vn -0.73684001 -0.653774977 -0.172176003
vn -0.736845016 -0.653769016 -0.172179997
vn -0.736844003 -0.668008983 -0.104041003
vn -0.73684001 -0.66801399 -0.104037002
vn -0.736841023 -0.675168991 -0.0348019004
vn -0.736841977 -0.675167978 -0.0348026007
vn -0.736841977 -0.675167978 0.0348034985
vn -0.736841977 -0.675168991 0.0348040983
vn -0.837796986 -0.539478004 0.0840189978
vn -0.837794006 -0.539481997 0.0840238035
vn -0.837792993 -0.52798599 0.139046997
vn -0.837791979 -0.510890007 0.192604005
vn -0.837795973 -0.510886014 0.192596003
vn -0.837795973 -0.488373995 0.244106993
vn -0.83780098 -0.488370001 0.244096994
vn -0.837803006 -0.460682988 0.293015003
vn -0.837795019 -0.460687011 0.293029994
vn -0.837795019 -0.428110987 0.338853002
vn -0.83780098 -0.428108007 0.338840991
vn -0.837801993 -0.391003996 0.381056994
vn -0.837797999 -0.391005009 0.381063998
vn -0.837797999 -0.349752992 0.419245005
vn -0.837795019 -0.349752992 0.419250995
vn -0.837795019 -0.304785997 0.452995002
vn -0.837804019 -0.304787993 0.452977985
vn -0.837804973 -0.256606013 0.481909007
vn -0.837786019 -0.256597996 0.481945992
vn -0.837785006 -0.205689996 0.505774021
vn -0.837787986 -0.205691993 0.505768001
vn -0.837787986 -0.152586997 0.524240971
vn -0.83780998 -0.152603999 0.524200976
vn -0.837810993 -0.0978802964 0.537114978
vn -0.837803006 -0.0978732035 0.537127972
vn -0.837803006 -0.0421367995 0.544344008
vn -0.837796986 -0.0421290994 0.544354022
vn -0.837796986 0.0140378997 0.545800984
vn -0.837792993 0.0140431998 0.545807004
vn -0.837792993 0.0701185986 0.541467011
vn -0.837804973 0.0701012984 0.541450977
vn -0.837804019 0.125409007 0.531372011
vn -0.837795973 0.125422001 0.531382024
vn -0.837795973 0.179371998 0.515676975
vn -0.837794006 0.179374993 0.515680015
vn -0.837794006 0.231448993 0.494502008
vn -0.837799013 0.231441006 0.494498014
vn -0.837799013 0.281066 0.468075007
vn -0.837787986 0.281087011 0.468082994
vn -0.837787986 0.327717006 0.43670699
vn -0.837795019 0.327704012 0.43670401
vn -0.837795019 0.370873988 0.400689989
vn -0.837801993 0.37086001 0.400687993
vn -0.83780098 0.410099 0.360428005
vn -0.837792993 0.410115004 0.360428005
vn -0.837792993 0.444997013 0.31635499
vn -0.837800026 0.444983006 0.316356003
vn -0.837800026 0.475152999 0.268927008
vn -0.837787986 0.475174993 0.268923014
vn -0.837788999 0.50030601 0.218638003
vn -0.83780098 0.500285029 0.218643993
vn -0.837800026 0.520116985 0.166041002
vn -0.837796986 0.520123005 0.166039005
vn -0.837795973 0.534439027 0.111680999
vn -0.837796986 0.534438014 0.111680999
vn -0.837795973 0.543088973 0.0561402999
vn -0.837795019 0.543089986 0.0561395995
vn -0.837795973 0.54598403 0
vn -0.837795019 0.543089986 -0.0561404005
vn -0.837795973 0.543088973 -0.0561394989
vn -0.837795973 0.534438014 -0.111680999
vn -0.837795973 0.534439027 -0.111680999
vn -0.837796986 0.520121992 -0.166042998
vn -0.837800026 0.520119011 -0.166038007
vn -0.83780098 0.500289977 -0.218630999
vn -0.837790012 0.50029999 -0.218650997
vn -0.837787986 0.47516799 -0.268936008
vn -0.837799013 0.475160003 -0.268914998
vn -0.837800026 0.444988012 -0.316349
vn -0.837792993 0.444990993 -0.316361994
vn -0.837792993 0.410108 -0.360435992
vn -0.83780098 0.410106003 -0.360419989
vn -0.837801993 0.370867014 -0.400682002
vn -0.837795019 0.370867014 -0.400696009
vn -0.837795019 0.327710986 -0.43669799
vn -0.837787986 0.327710003 -0.436711013
vn -0.837787986 0.281075001 -0.468089998
vn -0.837799013 0.281078994 -0.468068987
vn -0.837799013 0.231445998 -0.494495004
vn -0.837795019 0.231444001 -0.494504005
vn -0.837794006 0.179372996 -0.515681028
vn -0.837795973 0.179373994 -0.515676975
vn -0.837795973 0.125412002 -0.531385005
vn -0.837804019 0.125419006 -0.531369984
vn -0.837804973 0.0700929016 -0.541451991
vn -0.837810993 0.070100002 -0.541441023
vn -0.837812006 0.0140612004 -0.54577899
vn -0.837796986 0.0140429996 -0.545800984
vn -0.837796986 -0.0421376005 -0.544354022
vn -0.837803006 -0.0421282984 -0.544345021
vn -0.837803006 -0.0978823006 -0.537126005
vn -0.837792993 -0.0978977978 -0.537138999
vn -0.837792993 -0.152584001 -0.524232984
vn -0.837787986 -0.152593002 -0.524239004
vn -0.837788999 -0.205688 -0.505769014
vn -0.837785006 -0.205694005 -0.505771995
vn -0.837786019 -0.25661999 -0.481936008
vn -0.837804019 -0.256585002 -0.481920987
vn -0.837804019 -0.304778993 -0.452982992
vn -0.837795973 -0.30479601 -0.452987999
vn -0.837795019 -0.349756002 -0.419248998
vn -0.837797999 -0.349750012 -0.419248015
vn -0.837797999 -0.39100799 -0.381060988
vn -0.83780098 -0.391000986 -0.381060988
vn -0.83780098 -0.428103 -0.338847011
vn -0.837795019 -0.42811501 -0.338845998
vn -0.837795019 -0.460693002 -0.293022007
vn -0.837792993 -0.460696012 -0.293020993
vn -0.837792993 -0.488377988 -0.244109005
vn -0.837795973 -0.488373011 -0.244110003
vn -0.837795973 -0.510887027 -0.192592993
vn -0.837797999 -0.510882974 -0.192595005
vn -0.837797999 -0.52797699 -0.139051005
vn -0.837792993 -0.52798599 -0.139046997
vn -0.837794006 -0.539483011 -0.0840198025
vn -0.837796986 -0.539476991 -0.0840231031
vn -0.837795973 -0.545258999 -0.0281061996
vn -0.837795973 -0.545260012 -0.0281057991
vn -0.837795973 -0.545260012 0.0281074997
vn -0.837795973 -0.545258999 0.0281070005
vn -0.916097999 -0.396176994 0.0617041998
vn -0.916100025 -0.396174014 0.0617012009
vn -0.916100025 -0.387728989 0.102109998
vn -0.916100979 -0.375173986 0.141434997
vn -0.916100979 -0.358644009 0.179257005
vn -0.916097999 -0.358648002 0.179263994
vn -0.916097999 -0.338313997 0.215192005
vn -0.911130011 -0.343371987 0.227898002
vn -0.922097027 -0.303420007 0.240152001
vn -0.90991199 -0.297060013 0.289507985
vn -0.90861398 -0.298159003 0.292441994
vn -0.922096014 -0.247885004 0.297140986
vn -0.90990901 -0.231566995 0.344155997
vn -0.915961981 -0.229259998 0.329324007
vn -0.916100979 -0.188429996 0.353911996
vn -0.911137998 -0.186574996 0.367448002
vn -0.922100008 -0.145776004 0.358442992
vn -0.909914017 -0.115942001 0.398265004
vn -0.915953994 -0.118248999 0.383466005
vn -0.916091979 -0.0718790963 0.394472003
vn -0.916099012 -0.0718870014 0.394454986
vn -0.916099012 -0.0309382994 0.399756998
vn -0.916101992 -0.0309430994 0.399749011
vn -0.916103005 0.0103125004 0.400812
vn -0.916095018 0.0103251003 0.400828004
vn -0.916095018 0.0514824986 0.397641987
vn -0.911126971 0.0608467013 0.407609999
vn -0.922096014 0.0888916999 0.376612991
vn -0.90991199 0.136276007 0.391775995
vn -0.90861702 0.138462007 0.394010007
vn -0.922098994 0.164030999 0.350468993
vn -0.90990603 0.213552997 0.355621994
vn -0.915968001 0.201078996 0.347232014
vn -0.916106999 0.240643993 0.320686013
vn -0.911137998 0.253704995 0.324748009
vn -0.922097981 0.26284501 0.283984989
vn -0.90990299 0.311589986 0.27384001
vn -0.915960014 0.297167987 0.269645005
vn -0.916099012 0.326784015 0.232324004
vn -0.916095018 0.326795012 0.232324004
vn -0.916095972 0.348951012 0.197486997
vn -0.916100025 0.348940998 0.197488993
vn -0.916100025 0.367395997 0.160567001
vn -0.916099012 0.367399007 0.160566002
vn -0.916099012 0.381962001 0.121933997
vn -0.916100025 0.381958008 0.121935003
vn -0.916100025 0.392471999 0.0820147023
vn -0.916099012 0.392475009 0.0820135996
vn -0.916099012 0.398826987 0.0412270017
vn -0.916099012 0.398826003 0.0412275009
vn -0.916099012 0.400952011 0
vn -0.916097999 0.398828 -0.0412271991
vn -0.916099012 0.398826987 -0.0412259996
vn -0.916099012 0.392475009 -0.0820150971
vn -0.916100025 0.392473012 -0.0820131972
vn -0.916100025 0.381958991 -0.121932998
vn -0.916099012 0.381960988 -0.121936001
vn -0.916099012 0.367397994 -0.160567999
vn -0.916100025 0.36739701 -0.160565004
vn -0.916100025 0.348944008 -0.197483003
vn -0.916095972 0.348948002 -0.197493002
vn -0.916095018 0.326790988 -0.232328996
vn -0.911134005 0.331182003 -0.245260999
vn -0.922096014 0.290663004 -0.255448014
vn -0.909901023 0.281776011 -0.304439008
vn -0.915962994 0.277206987 -0.290118009
vn -0.916101992 0.240649998 -0.320692986
vn -0.911131978 0.240899995 -0.334372997
vn -0.922096014 0.199212998 -0.331741989
vn -0.90990901 0.175836995 -0.37569499
vn -0.908618987 0.175831005 -0.378807992
vn -0.922100008 0.127127007 -0.365473002
vn -0.909915984 0.0952851996 -0.403701007
vn -0.915953994 0.0983503014 -0.389045
vn -0.916092992 0.0514830984 -0.397646993
vn -0.916095018 0.051486101 -0.397641987
vn -0.916095018 0.0103129996 -0.400828987
vn -0.911136985 0.00261015003 -0.41209501
vn -0.922100008 -0.0298580006 -0.385798991
vn -0.90990603 -0.074378103 -0.408093005
vn -0.90862 -0.0761806965 -0.410618007
vn -0.922100008 -0.108144 -0.371533006
vn -0.909910977 -0.156268999 -0.384243011
vn -0.908618987 -0.158559993 -0.386355013
vn -0.922100008 -0.181851998 -0.341556996
vn -0.90990901 -0.231565997 -0.344154
vn -0.90861702 -0.234242007 -0.345753998
vn -0.922097027 -0.247883007 -0.297138989
vn -0.909905016 -0.29707101 -0.289519012
vn -0.91595602 -0.282898992 -0.284590989
vn -0.916095972 -0.314397991 -0.248841003
vn -0.916095972 -0.338322997 -0.215186998
vn -0.916103005 -0.338303 -0.215187997
vn -0.916103005 -0.358637005 -0.179261997
vn -0.916100979 -0.358642012 -0.179260999
vn -0.916100979 -0.375173986 -0.141434997
vn -0.916100025 -0.387728989 -0.102109998
vn -0.916100025 -0.396174014 -0.0617037006
vn -0.916097999 -0.396178007 -0.0617017001
vn -0.916099012 -0.400420994 -0.0206400007
vn -0.916099012 -0.40042001 -0.0206403006
vn -0.916099012 -0.40042001 0.0206407998
vn -0.916099012 -0.400420994 0.0206410997
vn -0.969502985 -0.242161006 0.0377148986
vn -0.963644981 -0.258376002 0.0680446029
vn -0.963644981 -0.258376986 0.0680449978
vn -0.969501972 -0.229328007 0.0864531994
vn -0.963644028 -0.238996997 0.119457997
vn -0.963644981 -0.238995999 0.119456999
vn -0.970335007 -0.201587006 0.133463994
vn -0.960240006 -0.218906999 0.173260003
vn -0.971692026 -0.168663993 0.165430993
vn -0.960241973 -0.178834006 0.214366004
vn -0.970178008 -0.138265997 0.199092999
vn -0.96232897 -0.123297997 0.242324993
vn -0.96685499 -0.119995996 0.225371003
vn -0.966315985 -0.0755999982 0.246004
vn -0.965261996 -0.0752303973 0.250218987
vn -0.971835971 -0.0422516018 0.231840998
vn -0.967342019 -0.0195618998 0.252718002
vn -0.96945399 -0.0224124007 0.244244993
vn -0.969502985 0.00631099008 0.244997993
vn -0.967312992 0.0119318999 0.253304005
vn -0.972667992 0.0339960009 0.229698002
vn -0.962404013 0.066585198 0.263332993
vn -0.971692979 0.0783267021 0.222884998
vn -0.96024102 0.118343003 0.252846003
vn -0.970178008 0.121707 0.209626004
vn -0.96232897 0.167205006 0.214395002
vn -0.966853976 0.153253004 0.204220995
vn -0.966315985 0.190759003 0.172756001
vn -0.969367027 0.178819001 0.168382004
vn -0.969503999 0.199744001 0.142001003
vn -0.965847015 0.216214001 0.142799005
vn -0.969502985 0.213288993 0.120714001
vn -0.963645995 0.244824007 0.106996
vn -0.969365001 0.221561 0.106027998
vn -0.969502985 0.233472005 0.0745330006
vn -0.965844989 0.249405995 0.0702842996
vn -0.969501972 0.239899993 0.0501307994
vn -0.963644981 0.265769005 0.0274730995
vn -0.969365001 0.243313998 0.0336248986
vn -0.969502985 0.245080993 0
vn -0.965846002 0.258964986 -0.00889129005
vn -0.969502985 0.243781 -0.0251991991
vn -0.963645995 0.261534989 -0.0546515994
vn -0.963644981 0.261537999 -0.0546535999
vn -0.969501972 0.233474001 -0.0745335966
vn -0.963644028 0.244828999 -0.106999002
vn -0.963644981 0.244826004 -0.106996
vn -0.969502985 0.213288993 -0.120714001
vn -0.962330997 0.218627006 -0.161623999
vn -0.96685499 0.208096996 -0.147939995
vn -0.966316998 0.177610993 -0.186242998
vn -0.963644028 0.181494996 -0.196087003
vn -0.970335007 0.141545996 -0.195997
vn -0.960240006 0.143717006 -0.239341006
vn -0.971689999 0.0994698033 -0.214297995
vn -0.964920998 0.0947168022 -0.244857997
vn -0.970875978 0.0584493987 -0.232343003
vn -0.965847015 0.0508234985 -0.254079998
vn -0.969502985 0.0314701013 -0.243052006
vn -0.96232897 0.00194922998 -0.271881014
vn -0.973295987 0.0137833003 -0.229138002
vn -0.964676023 -0.0293323994 -0.261799991
vn -0.971692979 -0.0430946015 -0.232283995
vn -0.960241973 -0.0780240968 -0.268045008
vn -0.971692979 -0.089696601 -0.218558997
vn -0.960238993 -0.131209001 -0.246425003
vn -0.971692026 -0.132511005 -0.195592001
vn -0.964922011 -0.161162004 -0.207250997
vn -0.970875978 -0.169101 -0.169719994
vn -0.965846002 -0.191663995 -0.174373001
vn -0.969501972 -0.192172006 -0.152100995
vn -0.963644981 -0.225443006 -0.143399999
vn -0.969363987 -0.202609003 -0.138862997
vn -0.969501972 -0.219224006 -0.109575003
vn -0.965844989 -0.235617995 -0.107830003
vn -0.969501972 -0.229328007 -0.0864531994
vn -0.963644981 -0.258376986 -0.0680447966
vn -0.969365001 -0.235240996 -0.070667699
vn -0.969502985 -0.242162004 -0.0377149992
vn -0.965846002 -0.257248998 -0.0310663003
vn -0.969502985 -0.244756997 -0.0126163997
vn -0.963644981 -0.266831994 0.0137548
vn -0.963644981 -0.266831011 0.0137544004
vn -0.996563017 -0.0801099017 0.0210973993
vn -0.996563017 -0.0801097006 0.0210973006
vn -0.996563017 -0.0741005018 0.0370377004
vn -0.996563017 -0.0741010979 0.0370383002
vn -0.996563017 -0.0649581999 0.0514131002
vn -0.996563017 -0.0649572015 0.0514115989
vn -0.996563017 -0.0530675016 0.0636112988
vn -0.996563017 -0.0530683994 0.0636133999
vn -0.996563017 -0.0389339998 0.0731239021
vn -0.996563017 -0.0389337987 0.0731230974
vn -0.996568978 -0.0239288993 0.079226099
vn -0.996313989 -0.0239761993 0.0823687017
vn -0.996167004 -0.00785318017 0.0871198997
vn -0.996582985 -0.00919681042 0.0820873976
vn -0.996590972 0.00374616007 0.0824213997
vn -0.996308029 0.00515360013 0.0856911018
vn -0.996116996 0.0216876995 0.0853217021
vn -0.996563017 0.0190280993 0.0806280971
vn -0.996563017 0.0351178013 0.0750311017
vn -0.996563017 0.0497238003 0.0662603974
vn -0.997246981 0.0424459018 0.0608029999
vn -0.996379018 0.0598612987 0.0603782982
vn -0.996780992 0.0583664998 0.0549600013
vn -0.995576978 0.0783938989 0.0517756008
vn -0.996563017 0.0675183982 0.0479997993
vn -0.996582985 0.0745067969 0.0356550999
vn -0.995886981 0.0830269977 0.0362850018
vn -0.996780992 0.0771647021 0.0217455998
vn -0.996379018 0.0825807974 0.0202373993
vn -0.996963024 0.0771462023 0.0106613003
vn -0.996155977 0.0873899013 0.00601166999
vn -0.996780992 0.0801225007 -0.0027509199
vn -0.995886981 0.0901279002 -0.00931646954
vn -0.997112989 0.074321799 -0.0155311003
vn -0.995886981 0.0863168985 -0.0275554992
vn -0.997112989 0.0695734993 -0.0304055996
vn -0.995886981 0.0788549036 -0.0446286984
vn -0.997112989 0.0618828982 -0.0439935997
vn -0.995886981 0.0680591017 -0.0598157011
vn -0.997112989 0.0515753999 -0.0557221994
vn -0.995886981 0.0543844998 -0.0724724978
vn -0.997112989 0.0390866995 -0.0650938004
vn -0.995886981 0.0384101011 -0.0820636973
vn -0.996780992 0.0289236009 -0.0747722015
vn -0.995576978 0.0184281003 -0.0921270028
vn -0.996563017 0.0190277006 -0.0806265026
vn -0.996582985 0.00495958002 -0.0824496001
vn -0.995886028 0.00233284011 -0.090580903
vn -0.996780992 -0.00892672967 -0.079673402
vn -0.995886981 -0.0162442997 -0.0891416967
vn -0.997112989 -0.0212207008 -0.0729020983
vn -0.995886981 -0.0341347009 -0.083933197
vn -0.997112989 -0.0356841013 -0.0670188963
vn -0.995886981 -0.0505814999 -0.0751750991
vn -0.996780992 -0.0492138006 -0.0632876009
vn -0.995576978 -0.0694926009 -0.0632233024
vn -0.996563017 -0.0593257993 -0.0578178018
vn -0.996582985 -0.0681312978 -0.0466955006
vn -0.995886981 -0.0764523968 -0.0486289002
vn -0.996780992 -0.0728982016 -0.0333614983
vn -0.995886981 -0.0847833976 -0.0319621004
vn -0.996780992 -0.0767801031 -0.0230652001
vn -0.995576978 -0.0932696015 -0.0112635
vn -0.996563017 -0.0818540975 -0.0127483997
vn -0.996563017 -0.0827314034 0.00426456006
vn -0.996563017 -0.0827314034 0.00426458009
vn -0.258753002 0.683017015 -0.68303299
vn -0.258818001 0.682991982 -0.683034003
vn -0.258787006 0.682980001 -0.68305701
vn -0.258758008 0.683022022 -0.683026016
vn -0.258816987 0.683016002 -0.683009982
vn -0.258774012 0.683016002 -0.683027029
vn -0.258819997 0.682987988 -0.683036983
vn -0.258774996 0.683014989 -0.683027029
vn -0.258848995 0.683022976 -0.682991028
vn -0.258827001 0.682995975 -0.683027029
vn -0.258823007 0.683021009 -0.683003008
vn -0.258837998 0.683004975 -0.683013022
vn -0.258832991 0.683010995 -0.683009028
vn -0.258825004 0.682991982 -0.683031023
vn -0.258834004 0.682982981 -0.683036983
vn -0.258846998 0.683045983 -0.68296802
vn -0.258843005 0.68305099 -0.682964981
vn -0.258778989 0.68305397 -0.682986021
vn -0.258818001 0.683013022 -0.683013022
vn -0.258823007 0.683010995 -0.683013022
vn -0.258801013 0.682971001 -0.683061004
vn -0.258852005 0.682969987 -0.683043003
vn -0.258870006 0.683004975 -0.683001995
vn -0.258816004 0.683009028 -0.683018029
vn -0.258812994 0.683001995 -0.683026016
vn -0.258836001 0.683003008 -0.683016002
vn -0.258828014 0.682996988 -0.683026016
vn -0.258828998 0.683018982 -0.683001995
vn -0.258868009 0.683031023 -0.682976007
vn -0.258839995 0.683009982 -0.683008015
vn -0.355423003 -0.172738001 -0.918605983
vn -0.483292013 -0.223174006 -0.846535981
vn -0.606531978 -0.443282008 -0.660014987
vn -0.581548989 -0.349139988 -0.734780014
vn -0.715467989 -0.166336998 -0.678555012
vn -0.820397973 -0.171111003 -0.54558903
vn -0.851540983 -0.213823006 -0.478704005
vn -0.877278984 -0.0246872995 -0.479346007
vn -0.920084 0.0790385976 -0.383664995
vn -0.984127998 0.0558455996 -0.168447003
vn -0.991447985 0.0366466008 -0.125254005
vn -0.950519025 0.265426993 -0.161438003
vn -0.920080006 0.383673996 -0.0790415034
vn -0.904850006 0.399987012 0.145798996
vn -0.905839026 0.407113999 0.117104001
vn -0.80696702 0.581405997 0.103784002
vn -0.724668026 0.647255003 0.236467004
vn -0.678369999 0.632151008 0.374433994
vn -0.608425975 0.757008016 0.238238007
vn -0.481828004 0.860969007 0.163017005
vn -0.351184011 0.906741977 0.233427003
vn -0.159132004 0.863910019 0.477845997
vn -0.219628006 0.899806976 0.376975
vn -0.0673407987 0.974026978 0.216185004
vn 0.0997311994 0.965149999 0.241947994
vn 0.164887995 0.942035973 0.292198002
vn 0.205089003 0.972768009 0.107984997
vn 0.317746013 0.948036015 0.0162739996
vn 0.518091023 0.853232026 0.059806101
vn 0.496075004 0.867065012 0.0459069014
vn 0.52997601 0.834743023 -0.149428993
vn 0.65239501 0.730403006 -0.202215999
vn 0.756008983 0.632479012 -0.168586001
vn 0.669147015 0.65862 -0.344182014
vn 0.613173008 0.605659008 -0.507144988
vn 0.660646975 0.476852 -0.579791009
vn 0.809732974 0.202286005 -0.550828993
vn 0.838626027 0.140934005 -0.526160002
vn 0.619538009 0.235280007 -0.748876989
vn 0.476457 0.206553996 -0.854589999
vn 0.427473992 0.0670714006 -0.901535988
vn 0.448749006 -0.243468001 -0.859853029
vn 0.444382012 -0.218323007 -0.868826985
vn 0.205024004 -0.108002998 -0.972779989
vn 0.0646765977 -0.150538996 -0.986486018
vn -0.0287369005 -0.349952012 -0.936326981
vn -0.0440532006 -0.464358985 -0.884550989
vn -0.204747006 -0.269419998 -0.941004992
vn -0.000222561997 0.707032979 0.707180977
vn -0.000440667005 0.707819998 0.706393003
vn 0.00163340999 -0.712970018 -0.701192975
vn 0.00278660003 -0.717064023 -0.697001994
vn 0.865243018 -0.0825171024 0.494515002
vn 0.865297973 0.0825013965 0.494421989
vn 0.865971029 -0.083044298 0.493149996
vn 0.860863984 -0.0950158983 0.499884009
vn 0.868112981 -0.0208976008 0.495927006
vn 0.86570102 -0.0279642008 0.499778986
vn 0.865850985 0.0208719 0.499866009
vn 0.868786991 0.0323873013 0.494125009
vn 0.858129025 0.100148998 0.503571987
vn 0.867847979 -0.470735997 -0.158895999
vn 0.862200022 -0.491068006 -0.124352999
vn 0.866051972 -0.375889003 -0.329638004
vn 0.864790976 -0.420370996 -0.274634987
vn 0.862976015 -0.419941992 -0.280930012
vn 0.866595984 -0.456979007 -0.200453997
vn 0.858581007 -0.459930003 -0.226501003
vn 0.862915993 -0.371796012 -0.342263013
vn 0.867536008 -0.329144001 -0.372886986
vn 0.862333 -0.311001003 -0.399574012
vn 0.866473019 -0.0972734988 -0.489654988
vn 0.864327013 -0.163297996 -0.47568199
vn 0.863663971 -0.161681995 -0.477434993
vn 0.866297007 -0.237745002 -0.439325005
vn 0.859458029 -0.225649998 -0.458709002
vn 0.867428005 -0.277547002 -0.412959993
vn 0.862709999 -0.0832355991 -0.498802006
vn 0.865961015 0.0823158026 -0.493290007
vn 0.861181974 0.0977974012 -0.498800009
vn 0.867361009 0 -0.497680008
vn 0.856792986 0.0260819998 -0.515000999
vn 0.867837012 -0.0327569991 -0.495768994
vn 0.864308 0.162064999 -0.476137996
vn 0.863910019 0.163531005 -0.476357996
vn 0.866822004 0.219369993 -0.447768003
vn 0.86264199 0.240737006 -0.444853991
vn 0.865589023 0.368416995 -0.339152008
vn 0.861536026 0.381924003 -0.334500998
vn 0.867115021 0.305943996 -0.393076986
vn 0.856944025 0.337514013 -0.389528006
vn 0.867718995 0.276740015 -0.412891001
vn 0.864939988 0.417174011 -0.279004991
vn 0.863551974 0.422152996 -0.275799006
vn 0.86707902 0.44698301 -0.219955996
vn 0.862312019 0.463725001 -0.203412995
vn 0.866916001 0.48320201 -0.122360997
vn 0.857831001 0.503618002 -0.102448002
vn 0.867744029 0.470019013 -0.161562994
vn 0.862356007 0.50523001 -0.0329458006
vn 0.865239978 0.499644995 -0.0414015017
vn 0.865535975 0.499765992 0.0328763016
vn 0.863204002 0.503130972 0.0416915007
vn 0.867428005 0.488000989 0.0970702022
vn 0.862200022 0.491068006 0.124352999
vn 0.864713013 0.420484006 0.274708986
vn 0.862939 0.419735998 0.281351
vn 0.866595984 0.456979007 0.200453997
vn 0.858533978 0.459944993 0.226648003
vn 0.86767602 0.471453011 0.157702997
vn 0.865962029 0.375768006 0.330013007
vn 0.862915993 0.371796012 0.342263013
vn 0.867640018 0.32781899 0.37381199
vn 0.86213398 0.311208993 0.399841994
vn 0.866361976 0.237691 0.439226002
vn 0.859592021 0.226354003 0.458110005
vn 0.867534995 0.278486013 0.412102014
vn 0.866048992 0.0830451027 0.493014008
vn 0.866285026 0.154282004 0.475127995
vn 0.863896012 0.163537994 0.476381004
vn 0.864324987 -0.161785007 0.476200998
vn 0.863892972 -0.163540006 0.476384997
vn 0.866734982 -0.219325006 0.447957993
vn 0.862577975 -0.240787998 0.444949001
vn 0.865589023 -0.368416995 0.339152008
vn 0.861428976 -0.382268995 0.334380001
vn 0.867087007 -0.305974007 0.393115997
vn 0.856791019 -0.338234991 0.389236987
vn 0.867747009 -0.276546001 0.41296199
vn 0.864914 -0.417560011 0.278510004
vn 0.863534987 -0.422176003 0.275813997
vn 0.867164016 -0.446664989 0.220265999
vn 0.862312019 -0.463725001 0.203412995
vn 0.86679697 -0.483402014 0.122412004
vn 0.857360005 -0.504885018 0.100123003
vn 0.867744029 -0.470019013 0.161562994
vn 0.867428005 -0.488000989 -0.0970702991
vn 0.863204002 -0.503130972 -0.0416904017
vn 0.865535975 -0.499767005 -0.0328767002
vn 0.865239978 -0.499644995 0.0414027013
vn 0.862240016 -0.505447984 0.0326142013
vn 0.867428005 -0.488003999 0.0970607996
vn -0.000452795008 0.0484367982 0.998826027
vn -0.00960069988 -0.00872963015 0.999916017
vn -0.00694249012 0 0.999975979
vn -0.000329623988 -0.0570285991 0.998372018
vn -0.00572359981 0.32505101 0.945679009
vn 6.85331997e-07 -0.164594993 0.986361027
vn 0 -0.164592996 0.98636198
vn 0 -0.324694008 0.94581902
vn 0 -0.475937992 0.879478991
vn 0 -0.61421299 0.789140999
vn 0 -0.735723019 0.677281976
vn 0 -0.837172985 0.546938002
vn 0 -0.915769994 0.401703
vn 0 -0.969401002 0.245481998
vn 0 -0.996583998 0.0825811028
vn 0 -0.996585011 -0.0825788006
vn 0 -0.969401002 -0.245481998
vn 0 -0.915769994 -0.401703
vn 0 -0.837172985 -0.546938002
vn 0 -0.735723019 -0.677281976
vn 0 -0.61421299 -0.789140999
vn 0 -0.475937992 -0.879478991
vn 0 -0.324694008 -0.94581902
vn 0 -0.164594993 -0.986361027
vn 0 0 -1
vn 0 0.164594993 -0.986361027
vn 0 0.324694008 -0.94581902
vn 0 0.475937992 -0.879478991
vn 0 0.61421299 -0.789140999
vn 0 0.735723019 -0.677281976
vn 0 0.837172985 -0.546938002
vn 0 0.915769994 -0.401703
vn 0 0.969401002 -0.245481998
vn 0 0.996585011 -0.0825788006
vn 0 0.996583998 0.0825811028
vn 0 0.969401002 0.245481998
vn 0 0.915769994 0.401703
vn 0 0.837172985 0.546938002
vn 0 0.735723019 0.677281976
vn 0 0.61421299 0.789140999
vn 0 0.475937992 0.879478991
vn 0 0.324694008 0.94581902
vn 0 0.164594993 0.986361027
vn 1.23175005e-06 0.164591998 0.98636198
vn -0.00572070014 -0.324842006 0.945751011
vn 0.769933999 0.501200974 0.394968003
vn 0.734842002 0.132294998 0.665210009
vn 0.130199 0.0648526996 0.989364982
vn 0.0751810968 -0.0651791021 -0.995037019
vn 0.0751928985 0.995033979 -0.0652178973
vn 0.055564899 0.953224003 -0.297114998
vn 0.0472019985 0.683093011 -0.728805006
vn 0.109002002 0.227117002 -0.967747986
vn -0.0855942965 -0.320024014 -0.94353497
vn -0.0860574991 -0.748892009 -0.657079995
vn -0.0863592997 -0.977088988 -0.194524005
vn -0.0865726024 -0.943422019 0.320095003
vn 0.0560222007 -0.676644027 0.73417598
vn 0.0559812002 -0.218979001 0.974121988
vn 0.374707997 0.697202027 0.611149013
vn 0.376179993 0.772085011 0.512224019
vn 0.369316995 0.772246003 0.516954005
vn -0.084063001 -0.74881798 0.657423973
vn 0.37569201 0.83138901 0.409449011
vn 0.374933988 0.831463993 0.409990996
vn 0.075504303 -0.902571023 0.423869014
vn 0.0774061009 -0.818132997 0.569795012
vn 0.364677012 -0.700505018 0.613435984
vn 0.382349014 -0.576021016 0.722501993
vn 0.365788013 0.893209994 0.26148501
vn 0.179102004 0.927890003 0.327021986
vn 0.645087004 0.652622998 -0.397424012
vn 0.075577803 0.974071026 -0.213244006
vn 0.642117977 0.000762650976 -0.766605973
vn 0.642350018 -0.202118993 -0.739279985
vn 0.374249011 -0.409276992 -0.832123995
vn 0.371214002 -0.513198018 -0.77384001
vn 0.370384991 -0.77185899 -0.516767979
vn 0.376572996 -0.830224991 -0.410997987
vn 0.381258994 -0.829774022 -0.407575011
vn 0.367462993 -0.889725029 -0.270850003
vn 0.335058004 -0.94193399 0.0222849995
vn 0.339810014 -0.926651001 0.160772994
vn -0.0851081014 -0.977150023 0.194766
vn 0.336638987 -0.891380012 0.303505003
vn 0.342233986 -0.826996982 0.446040988
vn -0.085685201 -0.320033014 0.943524003
vn 0.373452991 0.369578987 0.850848973
vn 0.368158013 0.552931011 0.747479975
vn 0.56219399 0.825230002 -0.0541490018
vn 0.577524006 0.814107001 -0.0607905015
vn 0.577113986 0.792366982 -0.197723001
vn 0.643907011 0.74337101 -0.181063995
vn 0.366829991 0.867649019 -0.335590005
vn 0.380710006 0.914174974 -0.139081001
vn 0.0773380026 0.994826972 -0.0658714026
vn 0.0755394995 0.993601024 0.0839710981
vn 0.376031011 0.769824028 -0.515725017
vn 0.370076001 0.850673974 -0.373358995
vn 0.77372402 0.308384001 -0.553399026
vn 0.568704009 0.42819801 -0.702297986
vn 0.579286993 0.551696002 -0.600048006
vn 0.467467993 0.556304991 -0.687021971
vn 0.447724998 0.683206022 -0.576864004
vn 0.374749005 0.681649983 -0.628423989
vn 0.374965996 0.770528018 -0.515447974
vn 0.0800625011 0.885408998 -0.457866013
vn 0.0819009021 0.94374299 -0.320378006
vn 0.770635009 0.173565 -0.613187015
vn 0.658460975 -0.00742887007 -0.75257802
vn 0.744295001 0.0438503996 -0.666410029
vn 0.377059013 0.392067999 -0.839111984
vn 0.373515993 0.549768984 -0.747153997
vn 0.716606021 0.173637003 -0.67551899
vn 0.339058995 0.321361005 -0.884175003
vn 0.336088002 0.416330993 -0.844816029
vn 0.0800089017 0.537828028 -0.839250028
vn 0.0818751976 0.657166004 -0.749285996
vn 0.374991 0.297574013 -0.87796998
vn 0.375396013 0.126941994 -0.918129981
vn 0.77056998 -0.235429004 -0.592279017
vn 0.774321973 -0.122947 -0.620733023
vn 0.135601997 0.193389997 -0.971705973
vn 0.138197005 0.0603100993 -0.988566995
vn 0.822858989 -0.363009006 -0.437182009
vn 0.339345008 -0.284375012 -0.896646976
vn 0.335352987 -0.150732994 -0.929956019
vn 0.136099994 -0.083657302 -0.987156987
vn 0.127743006 0.064828597 -0.989686012
vn 0.0756143034 -0.194634005 -0.97795701
vn 0.0502113998 -0.218079001 -0.974638999
vn 0.373219013 -0.298388004 -0.878449023
vn 0.377429992 -0.410374999 -0.830143988
vn 0.379381001 -0.634423018 -0.673482001
vn 0.379483014 -0.515347004 -0.768381
vn 0.823534012 -0.479647994 -0.302870005
vn 0.722847998 -0.519532025 -0.455606014
vn 0.266878009 -0.63478303 -0.725139022
vn 0.822068989 -0.533730984 -0.198327005
vn -0.0863977 -0.657019019 -0.74890703
vn 0.400959015 -0.68919301 -0.603528023
vn 0.307743996 -0.771035016 -0.557493985
vn 0.542566001 -0.834537029 0.0957589969
vn 0.542392015 -0.834101021 -0.100436002
vn 0.265502006 -0.912656009 -0.310754001
vn 0.787036002 -0.596958995 0.155609995
vn 0.769550979 -0.626317978 0.124571003
vn 0.771793008 -0.635428011 0.0238167997
vn 0.817818999 -0.574792027 -0.0280585997
vn 0.721439004 -0.679171979 -0.135096997
vn -0.0859258994 -0.943498015 -0.320042998
vn 0.400586009 -0.89882499 -0.177885994
vn 0.230652004 -0.972455978 -0.0335984007
vn 0.773747027 -0.609260976 0.173543006
vn 0.770837009 -0.571339011 0.281747013
vn 0.642437994 -0.596596003 0.480984986
vn 0.64459002 -0.707777977 0.289059013
vn 0.367231011 -0.875831008 0.313145995
vn 0.376836985 -0.908681989 0.179699004
vn 0.568661988 -0.42771101 0.702628016
vn 0.579580009 -0.56616801 0.586124003
vn 0.37658301 -0.692704022 0.615098
vn 0.376031011 -0.792369008 0.480367005
vn 0.377925992 -0.407112002 0.831524014
vn 0.370893002 -0.549723983 0.748493016
vn 0.736302972 0.00496722013 0.676634014
vn 0.614480972 -0.207488 0.76115799
vn 0.377602994 -0.296398997 0.877247989
vn 0.37529701 -0.408944994 0.831815004
vn 0.079999499 -0.53779 0.839275002
vn 0.0818637013 -0.657166004 0.749287009
vn 0.374635994 -0.298411012 0.877838016
vn 0.375598013 -0.139816001 0.916175008
vn 0.651482999 -0.0506049991 0.756973982
vn 0.450426012 0.0840864033 0.888845026
vn 0.768773973 0.149138004 0.621887982
vn 0.74900502 0.224649996 0.62331599
vn 0.0818450972 -0.194537997 0.977473974
vn 0.0802778974 -0.0638075992 0.994728029
vn 0.535839021 0.235698998 0.810754001
vn 0.541647017 0.40971601 0.733996987
vn 0.774460971 0.417111993 0.475632995
vn 0.339621007 0.340819001 0.876641989
vn 0.335274994 0.142299995 0.931312025
vn 0.0771106035 0.0423839986 0.996120989
vn 0.0757908002 -0.0652213022 0.994988024
vn 0.135111004 0.193403006 0.971772015
vn 0.110302001 0.227286994 0.967561007
vn 0.606178999 0.375728995 0.700981975
vn 0.605012 0.574393988 0.551391006
vn 0.333813012 0.590470016 0.734789014
vn 0.338894993 0.693745971 0.635505021
vn 0.809575975 0.549254 0.207140997
vn 0.349361986 0.92255801 0.163808003
vn 0.714996994 0.685693979 0.136393994
vn 0.209977999 0.976099014 0.0560341999
vn 0.57653302 0.811379015 0.0962968022
vn 0.805342972 0.592199981 0.0268638991
vn 0.506470025 0.00284794997 0.86225301
vn 0.508044004 0.00625893986 0.861307979
vn 0.507192016 -0.00117641001 0.861832023
vn 0.507556975 -0.00285983994 0.861612976
vn 0.50644201 -0.00748897996 0.862241983
vn 0.000134870003 -1 0.000284765993
vn 0.000135095004 1 0.00026622499
vn -0.0111360997 0.776309013 -0.630253971
vn -0.0143163996 0.777507007 -0.628710985
vn -0.0140779996 0.777375996 -0.628879011
vn -0.0103914002 0.774143994 -0.63292402
vn -0.00509263016 0.766484976 -0.642242014
vn -0.00121101004 0.755442977 -0.655212998
vn -0.00143188995 0.735725999 -0.677277982
vn 0.00121089001 0.755411029 -0.655250013
vn 0.00477713021 0.765439987 -0.643490016
vn 0.00894320011 0.772266984 -0.635235012
vn 0.0132350996 0.776368976 -0.630140007
vn 0.0142962998 0.776992023 -0.62934798
vn 0.0110827005 0.775895 -0.630765021
vn 0.00421456993 0.774860978 -0.632116973
vn -0.00422288012 0.775017023 -0.631926
vn -0.00553828012 0.732378006 -0.680876017
vn -0.000137505005 0.712278008 -0.701897979
vn -0.000133394002 0.693076015 -0.720865011
vn 3.07864975e-05 0.746317983 -0.665588975
vn -9.92814967e-05 0.72440201 -0.689378023
vn 1.25516999e-05 0.722405016 -0.691470027
vn 0.00620005978 0.736238003 -0.676693976
vn 0.0027304301 0.679192007 -0.733955979
vn -0.000290344993 0.699891984 -0.714249015
vn 0.000511789985 0.713178992 -0.700981975
vn 0.00105619 0.646220982 -0.763149023
vn 0.00928478036 0.625310004 -0.780321002
vn 0.0113417003 0.624128997 -0.781238973
vn 0.0095253503 0.625873983 -0.77986598
vn 0.0053815702 0.632399976 -0.774622977
vn 0.000491281971 0.660324991 -0.75098002
vn -0.00111626997 0.646646976 -0.762787998
vn -0.00475087017 0.634819984 -0.77264601
vn -0.00941730011 0.627107978 -0.778874993
vn -0.0120804999 0.624482989 -0.780945003
vn -0.00976803992 0.625744998 -0.77996701
vn -0.00364765991 0.627111018 -0.778921008
vn 0.00360047002 0.626910985 -0.779083014
vn -0.00399021991 0.676463008 -0.736465991
vn 3.5834797e-05 0.686040998 -0.727563024
vn -0.000290625991 0.667437017 -0.74466598
vn -0.000515856023 0.665754974 -0.746170998

# Mesh 'shape0-lib' with 4812 faces
g shape0-lib
usemtl DefaultMaterial
f  1//1 2//1 3//1
f  2//2 1//2 4//2
f  4//3 1//3 5//3
f  4//4 5//4 6//4
f  6//5 5//5 7//5
f  6//6 7//6 8//6
f  8//7 7//7 9//7
f  8//8 9//8 10//8
f  10//9 9//9 11//9
f  10//10 11//10 12//10
f  12//11 11//11 13//11
f  12//12 13//12 14//12
f  14//13 13//13 15//13
f  14//14 15//14 16//14
f  16//15 15//15 17//15
f  16//16 17//16 18//16
f  18//17 17//17 19//17
f  18//18 19//18 20//18
f  20//19 19//19 21//19
f  20//20 21//20 22//20
f  22//21 21//21 23//21
f  23//22 21//22 24//22
f  23//23 24//23 25//23
f  25//24 24//24 26//24
f  25//25 26//25 27//25
f  27//26 26//26 28//26
f  27//27 28//27 29//27
f  29//28 28//28 30//28
f  29//29 30//29 31//29
f  29//30 31//30 32//30
f  32//31 31//31 33//31
f  32//32 33//32 34//32
f  34//33 33//33 35//33
f  34//34 35//34 36//34
f  36//35 35//35 37//35
f  36//36 37//36 38//36
f  38//37 37//37 39//37
f  38//38 39//38 40//38
f  40//39 39//39 41//39
f  40//40 41//40 42//40
f  42//41 41//41 43//41
f  42//42 43//42 44//42
f  45//43 46//43 43//43
f  43//44 46//44 44//44
f  46//45 45//45 47//45
f  47//46 45//46 48//46
f  49//47 50//47 48//47
f  48//48 50//48 47//48
f  50//49 49//49 51//49
f  51//50 49//50 52//50
f  51//51 52//51 53//51
f  53//52 52//52 54//52
f  53//53 54//53 55//53
f  55//54 54//54 56//54
f  57//55 58//55 56//55
f  56//56 58//56 55//56
f  2//57 59//57 3//57
f  3//58 59//58 60//58
f  3//59 60//59 61//59
f  61//60 60//60 62//60
f  61//61 62//61 63//61
f  63//62 62//62 64//62
f  63//63 64//63 65//63
f  65//64 64//64 66//64
f  65//65 66//65 67//65
f  67//66 66//66 68//66
f  67//67 68//67 69//67
f  69//68 68//68 70//68
f  69//69 70//69 71//69
f  71//70 70//70 72//70
f  71//71 72//71 73//71
f  73//72 72//72 74//72
f  73//73 74//73 57//73
f  57//74 74//74 58//74
f  75//75 76//75 77//75
f  77//75 78//75 75//75
f  79//75 78//75 77//75
f  77//75 80//75 79//75
f  77//75 81//75 82//75
f  77//75 83//75 81//75
f  77//75 84//75 83//75
f  85//75 84//75 77//75
f  77//75 86//75 85//75
f  87//75 86//75 77//75
f  77//75 88//75 87//75
f  77//75 76//75 88//75
f  89//76 90//76 91//76
f  91//77 90//77 92//77
f  90//78 89//78 93//78
f  90//79 93//79 94//79
f  95//80 96//80 97//80
f  97//81 96//81 94//81
f  97//82 94//82 93//82
f  96//83 95//83 98//83
f  96//84 98//84 99//84
f  99//85 98//85 100//85
f  99//86 100//86 101//86
f  102//87 103//87 101//87
f  102//88 101//88 100//88
f  102//89 104//89 103//89
f  103//90 104//90 105//90
f  103//91 105//91 106//91
f  107//92 108//92 109//92
f  109//93 108//93 106//93
f  109//94 106//94 105//94
f  108//95 107//95 110//95
f  108//96 110//96 111//96
f  111//97 110//97 112//97
f  111//98 112//98 113//98
f  114//99 115//99 113//99
f  114//100 113//100 112//100
f  114//101 116//101 115//101
f  115//102 116//102 117//102
f  115//103 117//103 118//103
f  119//104 120//104 118//104
f  119//105 118//105 117//105
f  119//106 121//106 120//106
f  120//107 121//107 122//107
f  120//108 122//108 123//108
f  122//109 124//109 123//109
f  123//110 124//110 125//110
f  126//111 127//111 128//111
f  128//112 127//112 125//112
f  128//113 125//113 124//113
f  127//114 126//114 129//114
f  127//115 129//115 130//115
f  131//116 132//116 133//116
f  133//117 132//117 130//117
f  133//118 130//118 129//118
f  132//119 131//119 134//119
f  132//120 134//120 135//120
f  135//121 134//121 136//121
f  135//122 136//122 137//122
f  137//123 136//123 138//123
f  137//124 138//124 139//124
f  138//125 140//125 139//125
f  139//126 140//126 141//126
f  139//127 141//127 142//127
f  143//128 144//128 145//128
f  145//129 144//129 142//129
f  145//130 142//130 141//130
f  144//131 143//131 146//131
f  144//132 146//132 147//132
f  148//133 149//133 147//133
f  148//134 147//134 146//134
f  148//135 150//135 149//135
f  149//136 150//136 151//136
f  149//137 151//137 152//137
f  152//138 151//138 153//138
f  152//139 153//139 154//139
f  155//140 156//140 157//140
f  157//141 156//141 154//141
f  157//142 154//142 153//142
f  156//143 155//143 158//143
f  156//144 158//144 159//144
f  160//145 161//145 159//145
f  160//146 159//146 158//146
f  160//147 162//147 161//147
f  161//148 162//148 163//148
f  161//149 163//149 164//149
f  163//150 165//150 164//150
f  164//151 165//151 166//151
f  167//152 168//152 169//152
f  169//153 168//153 166//153
f  169//154 166//154 165//154
f  168//155 167//155 170//155
f  168//156 170//156 171//156
f  172//157 173//157 171//157
f  172//158 171//158 170//158
f  172//159 174//159 173//159
f  173//160 174//160 175//160
f  173//161 175//161 176//161
f  175//162 177//162 176//162
f  176//163 177//163 178//163
f  179//164 180//164 178//164
f  179//165 178//165 177//165
f  179//166 181//166 180//166
f  180//167 181//167 182//167
f  180//168 182//168 183//168
f  184//169 185//169 183//169
f  184//170 183//170 182//170
f  185//171 186//171 187//171
f  186//172 188//172 187//172
f  187//173 188//173 92//173
f  92//174 188//174 91//174
f  189//175 190//175 191//175
f  192//176 191//176 193//176
f  194//177 195//177 196//177
f  194//178 196//178 197//178
f  198//179 199//179 200//179
f  198//180 200//180 201//180
f  202//181 201//181 203//181
f  202//182 203//182 204//182
f  202//183 204//183 205//183
f  206//184 205//184 207//184
f  206//185 207//185 208//185
f  206//186 208//186 209//186
f  209//187 208//187 210//187
f  209//188 210//188 211//188
f  209//189 211//189 212//189
f  212//190 211//190 213//190
f  214//191 213//191 215//191
f  216//192 217//192 218//192
f  218//193 217//193 219//193
f  220//194 218//194 221//194
f  220//195 221//195 197//195
f  159//196 222//196 156//196
f  156//197 222//197 154//197
f  154//198 222//198 223//198
f  154//199 223//199 152//199
f  152//200 223//200 224//200
f  152//201 224//201 149//201
f  149//202 224//202 225//202
f  149//203 225//203 147//203
f  147//204 225//204 226//204
f  147//205 226//205 144//205
f  173//206 227//206 171//206
f  171//207 227//207 228//207
f  171//208 228//208 168//208
f  168//209 228//209 166//209
f  166//210 228//210 229//210
f  166//211 229//211 164//211
f  164//211 229//211 230//211
f  164//212 230//212 161//212
f  161//213 230//213 231//213
f  161//214 231//214 159//214
f  159//215 231//215 222//215
f  185//216 232//216 183//216
f  183//217 232//217 233//217
f  183//218 233//218 180//218
f  180//219 233//219 234//219
f  180//220 234//220 178//220
f  178//221 234//221 235//221
f  178//222 235//222 176//222
f  176//223 235//223 236//223
f  176//224 236//224 173//224
f  173//225 236//225 227//225
f  94//226 237//226 90//226
f  90//227 237//227 238//227
f  90//228 238//228 92//228
f  92//228 238//228 239//228
f  92//229 239//229 187//229
f  187//229 239//229 240//229
f  187//230 240//230 185//230
f  185//231 240//231 232//231
f  101//232 241//232 99//232
f  99//233 241//233 96//233
f  96//234 241//234 242//234
f  96//235 242//235 94//235
f  94//236 242//236 237//236
f  108//237 243//237 106//237
f  106//238 243//238 103//238
f  103//239 243//239 244//239
f  103//240 244//240 101//240
f  101//241 244//241 245//241
f  101//242 245//242 241//242
f  123//243 246//243 120//243
f  120//244 246//244 247//244
f  120//245 247//245 118//245
f  118//246 247//246 115//246
f  115//247 247//247 248//247
f  115//248 248//248 113//248
f  113//248 248//248 249//248
f  113//249 249//249 111//249
f  111//250 249//250 250//250
f  111//251 250//251 108//251
f  108//252 250//252 243//252
f  130//253 251//253 127//253
f  127//254 251//254 252//254
f  127//255 252//255 125//255
f  125//256 252//256 253//256
f  125//257 253//257 123//257
f  123//258 253//258 246//258
f  135//259 254//259 132//259
f  132//260 254//260 255//260
f  132//261 255//261 130//261
f  130//262 255//262 251//262
f  226//263 256//263 144//263
f  144//264 256//264 142//264
f  142//265 256//265 257//265
f  142//266 257//266 139//266
f  139//266 257//266 258//266
f  139//267 258//267 137//267
f  137//267 258//267 259//267
f  137//268 259//268 135//268
f  135//269 259//269 254//269
f  76//270 260//270 261//270
f  76//271 261//271 88//271
f  88//272 261//272 262//272
f  88//273 262//273 263//273
f  88//274 263//274 264//274
f  88//275 264//275 87//275
f  87//276 264//276 265//276
f  87//277 265//277 266//277
f  87//278 266//278 86//278
f  86//279 266//279 267//279
f  86//280 267//280 268//280
f  86//281 268//281 85//281
f  85//282 268//282 269//282
f  85//283 270//283 271//283
f  85//284 271//284 84//284
f  84//285 271//285 272//285
f  84//286 272//286 273//286
f  84//287 273//287 274//287
f  84//288 274//288 275//288
f  84//289 275//289 83//289
f  83//290 275//290 276//290
f  83//291 276//291 277//291
f  83//292 277//292 81//292
f  81//293 277//293 278//293
f  81//294 278//294 279//294
f  81//295 279//295 280//295
f  81//296 280//296 82//296
f  82//297 280//297 281//297
f  82//298 282//298 283//298
f  82//299 283//299 77//299
f  77//300 283//300 284//300
f  77//301 284//301 80//301
f  80//302 284//302 285//302
f  80//303 285//303 286//303
f  80//304 286//304 287//304
f  80//305 287//305 79//305
f  78//306 79//306 288//306
f  78//307 288//307 289//307
f  78//308 289//308 75//308
f  75//309 289//309 290//309
f  76//310 75//310 291//310
f  76//311 291//311 260//311
f  85//312 269//312 270//312
f  82//313 281//313 282//313
f  79//314 287//314 292//314
f  79//315 292//315 288//315
f  75//316 290//316 291//316
f  264//317 293//317 265//317
f  265//318 293//318 294//318
f  265//319 294//319 266//319
f  267//320 266//320 295//320
f  268//321 267//321 296//321
f  273//322 297//322 274//322
f  280//323 279//323 298//323
f  280//324 298//324 281//324
f  282//325 299//325 283//325
f  287//326 286//326 300//326
f  263//327 301//327 264//327
f  264//328 301//328 302//328
f  264//329 302//329 293//329
f  267//330 295//330 296//330
f  268//331 296//331 303//331
f  268//332 303//332 269//332
f  274//333 297//333 304//333
f  274//334 304//334 275//334
f  276//335 275//335 305//335
f  279//336 306//336 298//336
f  283//337 299//337 307//337
f  283//338 307//338 284//338
f  284//339 307//339 308//339
f  284//340 308//340 309//340
f  284//341 309//341 285//341
f  285//342 310//342 286//342
f  289//343 288//343 311//343
f  289//344 311//344 312//344
f  289//345 312//345 290//345
f  291//346 313//346 260//346
f  266//347 294//347 197//347
f  266//348 197//348 295//348
f  260//349 190//349 261//349
f  261//350 190//350 189//350
f  261//351 189//351 262//351
f  262//352 189//352 191//352
f  262//353 191//353 263//353
f  263//354 191//354 192//354
f  263//355 192//355 301//355
f  269//356 303//356 219//356
f  269//357 219//357 270//357
f  273//358 272//358 314//358
f  273//359 314//359 297//359
f  275//360 304//360 213//360
f  275//361 213//361 211//361
f  275//362 211//362 305//362
f  276//363 305//363 210//363
f  276//364 210//364 277//364
f  278//365 277//365 208//365
f  278//366 208//366 207//366
f  278//367 207//367 279//367
f  279//368 207//368 205//368
f  279//369 205//369 306//369
f  285//370 309//370 315//370
f  285//371 315//371 310//371
f  290//372 312//372 316//372
f  290//373 316//373 291//373
f  291//374 316//374 317//374
f  291//375 317//375 313//375
f  260//376 313//376 318//376
f  260//377 318//377 190//377
f  293//378 302//378 319//378
f  294//379 293//379 195//379
f  270//380 219//380 217//380
f  270//381 217//381 271//381
f  271//382 217//382 216//382
f  271//383 216//383 272//383
f  272//384 216//384 314//384
f  297//385 314//385 214//385
f  298//386 306//386 204//386
f  298//387 204//387 203//387
f  298//388 203//388 281//388
f  281//389 203//389 201//389
f  281//390 201//390 282//390
f  282//391 201//391 299//391
f  299//392 201//392 200//392
f  299//393 200//393 199//393
f  299//394 199//394 307//394
f  287//395 300//395 320//395
f  287//396 320//396 292//396
f  288//397 292//397 321//397
f  288//398 321//398 311//398
f  305//399 211//399 210//399
f  277//400 210//400 208//400
f  306//401 205//401 204//401
f  307//402 199//402 322//402
f  307//403 322//403 308//403
f  308//404 322//404 309//404
f  309//405 322//405 315//405
f  310//406 315//406 323//406
f  310//407 323//407 286//407
f  286//408 323//408 300//408
f  300//409 323//409 324//409
f  300//410 324//410 320//410
f  292//411 320//411 321//411
f  311//412 321//412 325//412
f  311//413 325//413 312//413
f  312//414 325//414 316//414
f  313//415 317//415 318//415
f  301//416 192//416 193//416
f  301//417 193//417 302//417
f  302//418 193//418 319//418
f  293//419 319//419 195//419
f  294//420 195//420 194//420
f  294//421 194//421 197//421
f  295//422 197//422 221//422
f  295//423 221//423 296//423
f  296//424 221//424 303//424
f  303//425 221//425 218//425
f  303//426 218//426 219//426
f  297//427 214//427 215//427
f  297//428 215//428 304//428
f  304//429 215//429 213//429
f  195//430 319//430 128//430
f  326//431 128//431 319//431
f  326//432 319//432 193//432
f  327//433 129//433 326//433
f  327//434 326//434 193//434
f  131//435 327//435 328//435
f  328//436 327//436 193//436
f  328//437 193//437 191//437
f  134//438 131//438 328//438
f  136//439 134//439 329//439
f  329//440 134//440 328//440
f  329//441 328//441 191//441
f  329//442 191//442 190//442
f  146//443 143//443 330//443
f  330//444 143//444 145//444
f  330//445 145//445 331//445
f  148//446 146//446 330//446
f  150//447 148//447 332//447
f  332//448 148//448 330//448
f  318//449 317//449 331//449
f  331//450 317//450 330//450
f  151//451 333//451 153//451
f  153//452 333//452 157//452
f  317//453 316//453 330//453
f  150//454 332//454 151//454
f  155//455 334//455 158//455
f  158//456 334//456 160//456
f  325//457 321//457 332//457
f  332//458 321//458 151//458
f  151//459 321//459 333//459
f  335//460 336//460 160//460
f  160//461 336//461 162//461
f  320//462 324//462 335//462
f  162//463 337//463 163//463
f  163//464 337//464 338//464
f  163//465 338//465 165//465
f  165//466 338//466 169//466
f  167//467 339//467 170//467
f  170//468 339//468 172//468
f  336//469 323//469 337//469
f  339//470 198//470 172//470
f  172//471 198//471 174//471
f  315//472 322//472 338//472
f  338//473 322//473 340//473
f  322//474 199//474 340//474
f  198//475 341//475 174//475
f  174//476 341//476 342//476
f  198//477 201//477 341//477
f  343//478 344//478 345//478
f  345//479 206//479 184//479
f  184//480 206//480 346//480
f  346//481 206//481 347//481
f  347//482 348//482 188//482
f  188//483 348//483 91//483
f  202//484 205//484 344//484
f  344//485 205//485 345//485
f  348//486 349//486 91//486
f  91//487 349//487 89//487
f  89//488 350//488 93//488
f  93//489 350//489 97//489
f  89//490 349//490 350//490
f  350//491 351//491 97//491
f  97//492 351//492 95//492
f  349//493 351//493 350//493
f  349//494 212//494 351//494
f  95//495 352//495 98//495
f  98//496 352//496 100//496
f  213//497 214//497 351//497
f  351//498 214//498 352//498
f  353//499 354//499 105//499
f  105//500 354//500 109//500
f  109//501 354//501 107//501
f  314//502 216//502 353//502
f  353//503 216//503 354//503
f  354//504 355//504 107//504
f  107//505 355//505 110//505
f  110//506 355//506 112//506
f  354//507 216//507 355//507
f  114//508 356//508 220//508
f  117//509 357//509 119//509
f  119//510 357//510 121//510
f  121//511 358//511 122//511
f  122//512 358//512 124//512
f  218//513 220//513 356//513
f  358//514 359//514 124//514
f  124//515 359//515 128//515
f  357//516 196//516 121//516
f  121//517 196//517 358//517
f  357//518 197//518 196//518
f  128//519 326//519 126//519
f  126//520 326//520 129//520
f  129//521 327//521 133//521
f  133//522 327//522 131//522
f  360//523 331//523 140//523
f  140//524 331//524 141//524
f  331//525 145//525 141//525
f  318//526 360//526 190//526
f  360//527 318//527 331//527
f  330//528 316//528 332//528
f  157//529 333//529 155//529
f  316//530 325//530 332//530
f  334//531 155//531 335//531
f  335//532 155//532 333//532
f  321//533 320//533 333//533
f  333//534 320//534 335//534
f  334//535 335//535 160//535
f  335//536 324//536 336//536
f  162//537 336//537 337//537
f  324//538 323//538 336//538
f  169//539 338//539 167//539
f  339//540 167//540 340//540
f  340//541 167//541 338//541
f  338//542 337//542 315//542
f  315//543 337//543 323//543
f  342//544 177//544 175//544
f  342//545 175//545 174//545
f  339//546 340//546 198//546
f  182//547 181//547 343//547
f  343//548 181//548 179//548
f  340//549 199//549 198//549
f  342//550 341//550 177//550
f  177//551 344//551 179//551
f  179//552 344//552 343//552
f  343//553 345//553 182//553
f  182//554 345//554 184//554
f  344//555 177//555 202//555
f  202//556 177//556 341//556
f  202//557 341//557 201//557
f  347//558 188//558 186//558
f  347//559 186//559 346//559
f  346//560 186//560 185//560
f  346//561 185//561 184//561
f  345//562 205//562 206//562
f  206//563 209//563 347//563
f  347//564 209//564 348//564
f  212//565 349//565 348//565
f  348//566 209//566 212//566
f  212//567 213//567 351//567
f  95//568 351//568 352//568
f  100//569 353//569 102//569
f  102//570 353//570 104//570
f  100//571 352//571 353//571
f  104//572 353//572 105//572
f  214//573 314//573 352//573
f  352//574 314//574 353//574
f  355//575 356//575 112//575
f  112//576 356//576 114//576
f  114//577 220//577 116//577
f  116//578 220//578 117//578
f  216//579 218//579 355//579
f  355//580 218//580 356//580
f  220//581 357//581 117//581
f  220//582 197//582 357//582
f  358//583 196//583 359//583
f  196//584 195//584 359//584
f  359//585 195//585 128//585
f  361//586 138//586 136//586
f  190//587 361//587 329//587
f  329//588 361//588 136//588
f  190//589 360//589 361//589
f  361//590 360//590 140//590
f  361//591 140//591 138//591
f  362//592 363//592 364//592
f  364//593 363//593 365//593
f  364//594 365//594 366//594
f  367//595 368//595 369//595
f  367//596 369//596 370//596
f  371//597 372//597 373//597
f  373//598 372//598 374//598
f  373//599 374//599 367//599
f  367//600 374//600 375//600
f  367//601 375//601 376//601
f  377//602 378//602 379//602
f  377//603 379//603 380//603
f  379//604 381//604 380//604
f  380//605 381//605 382//605
f  380//606 382//606 383//606
f  380//607 383//607 384//607
f  385//608 386//608 387//608
f  385//609 387//609 388//609
f  386//610 389//610 387//610
f  387//611 389//611 390//611
f  384//612 388//612 380//612
f  380//613 388//613 387//613
f  380//614 387//614 391//614
f  391//615 387//615 392//615
f  391//616 392//616 393//616
f  393//617 392//617 394//617
f  395//618 396//618 394//618
f  394//619 396//619 393//619
f  395//620 394//620 397//620
f  397//621 394//621 398//621
f  397//622 398//622 399//622
f  397//623 399//623 400//623
f  401//624 402//624 403//624
f  403//625 402//625 399//625
f  399//626 402//626 400//626
f  401//627 403//627 404//627
f  404//628 403//628 405//628
f  404//629 405//629 373//629
f  373//630 405//630 364//630
f  373//631 364//631 366//631
f  373//632 366//632 371//632
f  406//633 407//633 408//633
f  409//634 406//634 410//634
f  410//635 411//635 409//635
f  412//636 413//636 414//636
f  414//637 413//637 415//637
f  416//638 417//638 418//638
f  418//639 417//639 419//639
f  418//640 419//640 414//640
f  414//641 419//641 420//641
f  414//642 420//642 412//642
f  421//643 422//643 423//643
f  423//644 422//644 424//644
f  423//645 424//645 425//645
f  425//646 424//646 426//646
f  425//647 426//647 427//647
f  427//648 426//648 428//648
f  427//649 428//649 429//649
f  429//650 428//650 430//650
f  429//651 430//651 431//651
f  431//652 430//652 432//652
f  431//653 432//653 416//653
f  416//654 432//654 417//654
f  433//655 434//655 435//655
f  435//656 434//656 436//656
f  435//657 436//657 437//657
f  437//658 436//658 438//658
f  437//659 438//659 439//659
f  439//660 438//660 440//660
f  439//661 440//661 441//661
f  441//662 440//662 442//662
f  441//663 442//663 443//663
f  443//664 442//664 444//664
f  443//665 444//665 421//665
f  421//666 444//666 422//666
f  445//667 446//667 447//667
f  447//668 446//668 448//668
f  447//669 448//669 449//669
f  449//670 448//670 450//670
f  449//671 450//671 451//671
f  451//672 450//672 452//672
f  451//673 452//673 453//673
f  453//674 452//674 454//674
f  453//675 454//675 455//675
f  455//676 454//676 456//676
f  455//677 456//677 433//677
f  433//678 456//678 434//678
f  457//679 458//679 459//679
f  459//680 458//680 460//680
f  459//681 460//681 461//681
f  461//682 460//682 462//682
f  461//683 462//683 463//683
f  463//684 462//684 464//684
f  463//685 464//685 465//685
f  465//686 464//686 466//686
f  465//687 466//687 467//687
f  467//688 466//688 468//688
f  467//689 468//689 445//689
f  445//690 468//690 446//690
f  469//691 470//691 471//691
f  471//692 470//692 472//692
f  471//693 472//693 473//693
f  473//694 472//694 474//694
f  473//695 474//695 475//695
f  475//696 474//696 476//696
f  475//697 476//697 477//697
f  477//698 476//698 478//698
f  477//699 478//699 479//699
f  479//700 478//700 480//700
f  479//701 480//701 457//701
f  457//702 480//702 458//702
f  481//703 482//703 483//703
f  483//704 482//704 484//704
f  483//705 484//705 485//705
f  483//706 485//706 486//706
f  486//707 485//707 487//707
f  486//708 487//708 488//708
f  488//709 487//709 489//709
f  488//710 489//710 490//710
f  490//711 489//711 491//711
f  490//712 491//712 469//712
f  469//713 491//713 470//713
f  492//714 493//714 494//714
f  494//715 493//715 495//715
f  494//716 495//716 496//716
f  496//717 495//717 497//717
f  496//718 497//718 498//718
f  498//719 497//719 499//719
f  498//720 499//720 500//720
f  500//721 499//721 501//721
f  500//722 501//722 502//722
f  502//723 501//723 503//723
f  502//724 503//724 481//724
f  481//725 503//725 482//725
f  504//726 505//726 506//726
f  504//727 506//727 507//727
f  507//728 506//728 508//728
f  507//729 508//729 509//729
f  509//730 508//730 510//730
f  509//731 510//731 511//731
f  511//732 510//732 512//732
f  511//733 512//733 513//733
f  513//734 512//734 514//734
f  513//735 514//735 515//735
f  515//736 514//736 516//736
f  515//737 516//737 492//737
f  492//738 516//738 493//738
f  505//739 504//739 517//739
f  505//740 517//740 518//740
f  518//741 517//741 519//741
f  518//742 519//742 520//742
f  520//743 519//743 521//743
f  520//744 521//744 522//744
f  523//745 524//745 525//745
f  525//746 524//746 522//746
f  525//747 522//747 521//747
f  526//748 527//748 528//748
f  526//749 528//749 529//749
f  529//750 528//750 530//750
f  529//751 530//751 531//751
f  531//752 530//752 532//752
f  531//753 532//753 533//753
f  533//754 532//754 534//754
f  533//755 534//755 535//755
f  533//756 535//756 536//756
f  536//757 535//757 537//757
f  536//758 537//758 523//758
f  523//759 537//759 524//759
f  538//760 539//760 540//760
f  540//761 539//761 541//761
f  540//762 541//762 542//762
f  542//763 541//763 543//763
f  542//764 543//764 544//764
f  544//765 543//765 545//765
f  544//766 545//766 546//766
f  546//767 545//767 547//767
f  546//768 547//768 548//768
f  548//769 547//769 549//769
f  548//770 549//770 526//770
f  526//771 549//771 527//771
f  550//772 551//772 552//772
f  552//773 551//773 553//773
f  552//774 553//774 554//774
f  554//775 553//775 555//775
f  554//776 555//776 556//776
f  556//777 555//777 557//777
f  556//778 557//778 558//778
f  558//779 557//779 559//779
f  558//780 559//780 560//780
f  560//781 559//781 561//781
f  560//782 561//782 538//782
f  538//783 561//783 539//783
f  562//784 563//784 564//784
f  564//785 563//785 565//785
f  564//786 565//786 566//786
f  566//787 565//787 567//787
f  566//788 567//788 568//788
f  568//789 567//789 569//789
f  568//790 569//790 570//790
f  570//791 569//791 571//791
f  570//792 571//792 572//792
f  572//793 571//793 573//793
f  572//794 573//794 550//794
f  550//795 573//795 551//795
f  574//796 575//796 576//796
f  576//797 575//797 577//797
f  576//798 577//798 578//798
f  578//799 577//799 579//799
f  578//800 579//800 580//800
f  580//801 579//801 581//801
f  580//802 581//802 582//802
f  582//803 581//803 583//803
f  582//804 583//804 584//804
f  584//805 583//805 585//805
f  584//806 585//806 562//806
f  562//807 585//807 563//807
f  586//808 587//808 588//808
f  588//809 587//809 589//809
f  588//810 589//810 590//810
f  590//811 589//811 591//811
f  590//812 591//812 592//812
f  592//813 591//813 593//813
f  592//814 593//814 594//814
f  594//815 593//815 595//815
f  594//816 595//816 596//816
f  596//817 595//817 597//817
f  596//818 597//818 574//818
f  574//819 597//819 575//819
f  598//820 599//820 600//820
f  600//821 599//821 601//821
f  600//822 601//822 602//822
f  602//823 601//823 603//823
f  602//824 603//824 604//824
f  604//825 603//825 605//825
f  604//826 605//826 606//826
f  606//827 605//827 607//827
f  606//828 607//828 608//828
f  608//829 607//829 609//829
f  608//830 609//830 586//830
f  586//831 609//831 587//831
f  610//832 611//832 612//832
f  612//833 611//833 613//833
f  612//834 613//834 614//834
f  612//835 614//835 615//835
f  615//836 614//836 616//836
f  615//837 616//837 617//837
f  617//838 616//838 618//838
f  617//839 618//839 619//839
f  619//840 618//840 620//840
f  619//841 620//841 598//841
f  598//842 620//842 599//842
f  410//843 406//843 408//843
f  410//844 408//844 621//844
f  621//845 408//845 622//845
f  621//846 622//846 610//846
f  610//847 622//847 611//847
f  430//848 428//848 623//848
f  438//849 436//849 624//849
f  450//850 448//850 625//850
f  466//851 464//851 626//851
f  474//852 472//852 627//852
f  470//853 491//853 628//853
f  485//854 484//854 629//854
f  501//855 499//855 630//855
f  497//856 495//856 631//856
f  518//857 520//857 632//857
f  532//858 530//858 633//858
f  547//859 545//859 634//859
f  543//860 541//860 635//860
f  559//861 557//861 636//861
f  555//862 553//862 637//862
f  567//863 565//863 638//863
f  579//864 577//864 639//864
f  591//865 589//865 640//865
f  587//866 609//866 641//866
f  603//867 601//867 642//867
f  614//868 613//868 643//868
f  644//869 645//869 646//869
f  647//870 648//870 649//870
f  650//871 651//871 652//871
f  653//872 654//872 655//872
f  656//873 657//873 658//873
f  659//874 660//874 661//874
f  662//875 663//875 664//875
f  665//876 666//876 667//876
f  668//877 665//877 669//877
f  670//878 671//878 672//878
f  400//879 402//879 673//879
f  420//880 419//880 674//880
f  420//881 674//881 675//881
f  380//882 391//882 675//882
f  676//883 677//883 678//883
f  679//884 680//884 681//884
f  681//885 377//885 380//885
f  646//886 645//886 682//886
f  646//887 683//887 684//887
f  685//888 686//888 687//888
f  663//889 688//889 664//889
f  664//890 688//890 689//890
f  690//891 691//891 692//891
f  693//892 694//892 695//892
f  695//893 694//893 696//893
f  697//894 691//894 690//894
f  698//895 699//895 700//895
f  373//896 367//896 370//896
f  370//897 701//897 702//897
f  702//898 701//898 700//898
f  395//899 703//899 396//899
f  622//900 407//900 703//900
f  408//901 407//901 622//901
f  397//902 703//902 395//902
f  675//903 681//903 380//903
f  704//904 693//904 705//904
f  705//905 638//905 563//905
f  706//906 707//906 708//906
f  551//907 708//907 637//907
f  709//908 710//908 711//908
f  709//909 711//909 712//909
f  712//910 711//910 512//910
f  713//911 714//911 715//911
f  434//912 715//912 624//912
f  611//913 622//913 716//913
f  716//914 622//914 703//914
f  716//915 703//915 673//915
f  673//916 703//916 400//916
f  400//917 703//917 397//917
f  716//918 673//918 643//918
f  716//919 643//919 611//919
f  611//920 643//920 613//920
f  673//921 402//921 401//921
f  673//922 401//922 643//922
f  643//923 401//923 616//923
f  643//924 616//924 614//924
f  620//925 618//925 616//925
f  620//926 616//926 401//926
f  620//927 401//927 404//927
f  599//928 620//928 717//928
f  717//929 620//929 404//929
f  717//930 404//930 373//930
f  373//931 370//931 717//931
f  599//932 717//932 642//932
f  599//933 642//933 601//933
f  370//934 702//934 717//934
f  717//935 702//935 642//935
f  642//936 702//936 605//936
f  642//937 605//937 603//937
f  609//938 607//938 641//938
f  641//939 607//939 605//939
f  641//940 605//940 702//940
f  641//941 702//941 699//941
f  699//942 702//942 700//942
f  587//943 641//943 718//943
f  718//944 641//944 699//944
f  718//945 699//945 698//945
f  718//946 698//946 719//946
f  718//947 719//947 640//947
f  718//948 640//948 587//948
f  587//949 640//949 589//949
f  719//950 720//950 721//950
f  719//951 721//951 640//951
f  640//952 721//952 593//952
f  640//953 593//953 591//953
f  595//954 593//954 721//954
f  722//955 721//955 720//955
f  575//956 597//956 723//956
f  723//957 597//957 595//957
f  723//958 595//958 724//958
f  724//959 595//959 721//959
f  724//960 721//960 722//960
f  724//961 670//961 672//961
f  724//962 672//962 639//962
f  724//963 639//963 723//963
f  723//964 639//964 575//964
f  575//965 639//965 577//965
f  639//966 672//966 725//966
f  639//967 725//967 581//967
f  639//968 581//968 579//968
f  585//969 583//969 726//969
f  726//970 583//970 581//970
f  726//971 581//971 725//971
f  726//972 725//972 727//972
f  727//973 725//973 672//973
f  727//974 672//974 671//974
f  727//975 704//975 705//975
f  727//976 705//976 726//976
f  726//977 705//977 563//977
f  726//978 563//978 585//978
f  638//979 565//979 563//979
f  705//980 693//980 695//980
f  705//981 695//981 638//981
f  638//982 695//982 569//982
f  638//983 569//983 567//983
f  571//984 569//984 690//984
f  690//985 569//985 695//985
f  690//986 695//986 697//986
f  697//987 695//987 696//987
f  690//988 692//988 706//988
f  690//989 706//989 708//989
f  690//990 708//990 571//990
f  571//991 708//991 551//991
f  571//992 551//992 573//992
f  637//993 553//993 551//993
f  707//994 728//994 708//994
f  708//995 728//995 636//995
f  708//996 636//996 637//996
f  637//997 636//997 555//997
f  555//998 636//998 557//998
f  729//999 636//999 728//999
f  729//1000 730//1000 731//1000
f  729//1001 731//1001 636//1001
f  636//1002 731//1002 559//1002
f  559//1003 731//1003 539//1003
f  559//1004 539//1004 561//1004
f  730//1005 732//1005 731//1005
f  731//1006 635//1006 539//1006
f  539//1007 635//1007 541//1007
f  545//1008 543//1008 634//1008
f  634//1009 543//1009 635//1009
f  634//1010 635//1010 731//1010
f  634//1011 731//1011 669//1011
f  669//1012 731//1012 732//1012
f  669//1013 732//1013 668//1013
f  549//1014 547//1014 733//1014
f  733//1015 547//1015 634//1015
f  733//1016 634//1016 667//1016
f  667//1017 634//1017 669//1017
f  669//1018 665//1018 667//1018
f  733//1019 667//1019 734//1019
f  733//1020 734//1020 549//1020
f  549//1021 734//1021 527//1021
f  667//1022 666//1022 735//1022
f  667//1023 735//1023 736//1023
f  667//1024 736//1024 734//1024
f  734//1025 736//1025 528//1025
f  734//1026 528//1026 527//1026
f  530//1027 528//1027 633//1027
f  633//1028 528//1028 736//1028
f  633//1029 736//1029 737//1029
f  737//1030 736//1030 735//1030
f  737//1031 735//1031 662//1031
f  738//1032 532//1032 633//1032
f  738//1033 633//1033 737//1033
f  664//1034 737//1034 662//1034
f  689//1035 739//1035 664//1035
f  737//1036 664//1036 740//1036
f  737//1037 740//1037 738//1037
f  738//1038 740//1038 534//1038
f  738//1039 534//1039 532//1039
f  664//1040 659//1040 661//1040
f  664//1041 661//1041 740//1041
f  534//1042 740//1042 537//1042
f  534//1043 537//1043 535//1043
f  524//1044 537//1044 740//1044
f  524//1045 740//1045 661//1045
f  661//1046 660//1046 741//1046
f  661//1047 741//1047 524//1047
f  524//1048 741//1048 522//1048
f  741//1049 656//1049 658//1049
f  741//1050 658//1050 632//1050
f  741//1051 632//1051 522//1051
f  522//1052 632//1052 520//1052
f  632//1053 658//1053 742//1053
f  632//1054 742//1054 505//1054
f  632//1055 505//1055 518//1055
f  506//1056 505//1056 743//1056
f  743//1057 505//1057 742//1057
f  742//1058 658//1058 657//1058
f  657//1059 744//1059 742//1059
f  742//1060 744//1060 709//1060
f  742//1061 709//1061 712//1061
f  742//1062 712//1062 743//1062
f  743//1063 712//1063 506//1063
f  506//1064 712//1064 508//1064
f  712//1065 512//1065 510//1065
f  712//1066 510//1066 508//1066
f  711//1067 710//1067 745//1067
f  711//1068 745//1068 746//1068
f  711//1069 746//1069 512//1069
f  512//1070 746//1070 516//1070
f  512//1071 516//1071 514//1071
f  493//1072 516//1072 747//1072
f  747//1073 516//1073 746//1073
f  747//1074 746//1074 748//1074
f  748//1075 746//1075 745//1075
f  748//1076 653//1076 749//1076
f  748//1077 749//1077 747//1077
f  747//1078 749//1078 631//1078
f  747//1079 631//1079 493//1079
f  493//1080 631//1080 495//1080
f  749//1081 653//1081 655//1081
f  749//1082 655//1082 750//1082
f  749//1083 750//1083 630//1083
f  749//1084 630//1084 631//1084
f  631//1085 630//1085 497//1085
f  497//1086 630//1086 499//1086
f  751//1087 685//1087 655//1087
f  655//1088 685//1088 687//1088
f  655//1089 687//1089 750//1089
f  630//1090 750//1090 503//1090
f  630//1091 503//1091 501//1091
f  482//1092 503//1092 750//1092
f  482//1093 750//1093 652//1093
f  652//1094 750//1094 687//1094
f  652//1095 687//1095 650//1095
f  482//1096 652//1096 629//1096
f  482//1097 629//1097 484//1097
f  652//1098 651//1098 752//1098
f  652//1099 752//1099 629//1099
f  629//1100 752//1100 487//1100
f  629//1101 487//1101 485//1101
f  491//1102 489//1102 628//1102
f  628//1103 489//1103 487//1103
f  628//1104 487//1104 753//1104
f  753//1105 487//1105 752//1105
f  753//1106 752//1106 754//1106
f  470//1107 628//1107 753//1107
f  470//1108 753//1108 649//1108
f  649//1109 753//1109 647//1109
f  647//1110 753//1110 754//1110
f  649//1111 627//1111 470//1111
f  470//1112 627//1112 472//1112
f  649//1113 648//1113 755//1113
f  649//1114 755//1114 627//1114
f  627//1115 476//1115 474//1115
f  480//1116 478//1116 476//1116
f  480//1117 476//1117 756//1117
f  756//1118 476//1118 627//1118
f  756//1119 627//1119 755//1119
f  756//1120 755//1120 757//1120
f  458//1121 480//1121 758//1121
f  758//1122 480//1122 756//1122
f  758//1123 756//1123 759//1123
f  759//1124 756//1124 757//1124
f  759//1125 760//1125 761//1125
f  759//1126 761//1126 758//1126
f  758//1127 761//1127 460//1127
f  758//1128 460//1128 458//1128
f  760//1129 644//1129 761//1129
f  761//1130 626//1130 460//1130
f  460//1131 626//1131 462//1131
f  462//1132 626//1132 464//1132
f  468//1133 466//1133 626//1133
f  468//1134 626//1134 762//1134
f  762//1135 626//1135 761//1135
f  762//1136 761//1136 646//1136
f  646//1137 761//1137 644//1137
f  646//1138 684//1138 762//1138
f  762//1139 684//1139 763//1139
f  762//1140 763//1140 468//1140
f  468//1141 763//1141 446//1141
f  448//1142 446//1142 625//1142
f  625//1143 446//1143 763//1143
f  763//1144 684//1144 764//1144
f  764//1145 684//1145 765//1145
f  763//1146 764//1146 766//1146
f  763//1147 766//1147 767//1147
f  763//1148 767//1148 625//1148
f  625//1149 767//1149 452//1149
f  625//1150 452//1150 450//1150
f  454//1151 452//1151 767//1151
f  454//1152 767//1152 768//1152
f  768//1153 767//1153 766//1153
f  768//1154 713//1154 454//1154
f  454//1155 713//1155 715//1155
f  454//1156 715//1156 434//1156
f  454//1157 434//1157 456//1157
f  624//1158 436//1158 434//1158
f  714//1159 769//1159 715//1159
f  715//1160 769//1160 770//1160
f  715//1161 770//1161 771//1161
f  715//1162 771//1162 624//1162
f  624//1163 771//1163 440//1163
f  624//1164 440//1164 438//1164
f  444//1165 442//1165 772//1165
f  772//1166 442//1166 440//1166
f  772//1167 440//1167 771//1167
f  772//1168 771//1168 770//1168
f  773//1169 770//1169 769//1169
f  773//1170 774//1170 770//1170
f  770//1171 774//1171 775//1171
f  770//1172 775//1172 772//1172
f  772//1173 775//1173 444//1173
f  444//1174 775//1174 422//1174
f  774//1175 776//1175 777//1175
f  774//1176 777//1176 775//1176
f  775//1177 777//1177 778//1177
f  775//1178 778//1178 424//1178
f  775//1179 424//1179 422//1179
f  776//1180 779//1180 777//1180
f  778//1181 777//1181 623//1181
f  778//1182 623//1182 424//1182
f  424//1183 623//1183 426//1183
f  426//1184 623//1184 428//1184
f  432//1185 430//1185 780//1185
f  780//1186 430//1186 623//1186
f  780//1187 623//1187 777//1187
f  780//1188 777//1188 781//1188
f  781//1189 777//1189 779//1189
f  781//1190 677//1190 676//1190
f  781//1191 676//1191 780//1191
f  780//1192 676//1192 782//1192
f  780//1193 782//1193 432//1193
f  432//1194 782//1194 417//1194
f  678//1195 679//1195 676//1195
f  676//1196 679//1196 681//1196
f  676//1197 681//1197 675//1197
f  676//1198 675//1198 782//1198
f  782//1199 675//1199 674//1199
f  782//1200 674//1200 417//1200
f  417//1201 674//1201 419//1201
f  415//1202 783//1202 784//1202
f  784//1203 783//1203 785//1203
f  785//1204 786//1204 784//1204
f  787//1205 786//1205 785//1205
f  788//1206 789//1206 787//1206
f  787//1207 789//1207 786//1207
f  790//1208 791//1208 788//1208
f  788//1209 791//1209 789//1209
f  791//1210 790//1210 792//1210
f  792//1211 790//1211 793//1211
f  792//1212 793//1212 794//1212
f  792//1213 794//1213 411//1213
f  411//1214 794//1214 795//1214
f  411//1215 795//1215 409//1215
f  409//1216 795//1216 796//1216
f  409//1217 796//1217 406//1217
f  406//1218 796//1218 797//1218
f  783//1219 415//1219 798//1219
f  798//1220 415//1220 413//1220
f  798//1221 413//1221 799//1221
f  799//1222 413//1222 412//1222
f  799//1223 412//1223 800//1223
f  801//1224 659//1224 802//1224
f  802//1225 659//1225 664//1225
f  659//1226 801//1226 803//1226
f  803//1227 804//1227 659//1227
f  659//1228 804//1228 805//1228
f  659//1229 805//1229 806//1229
f  807//1230 808//1230 809//1230
f  807//1231 809//1231 810//1231
f  808//1232 811//1232 809//1232
f  809//1233 811//1233 812//1233
f  813//1234 814//1234 653//1234
f  813//1235 653//1235 815//1235
f  816//1236 817//1236 818//1236
f  818//1237 817//1237 819//1237
f  818//1238 819//1238 820//1238
f  814//1239 821//1239 653//1239
f  653//1240 821//1240 822//1240
f  653//1241 822//1241 654//1241
f  654//1242 822//1242 823//1242
f  806//1243 810//1243 659//1243
f  659//1244 810//1244 809//1244
f  659//1245 809//1245 660//1245
f  660//1246 809//1246 824//1246
f  660//1247 824//1247 741//1247
f  741//1248 824//1248 656//1248
f  656//1249 824//1249 825//1249
f  656//1250 825//1250 657//1250
f  657//1251 825//1251 826//1251
f  657//1252 826//1252 744//1252
f  744//1253 826//1253 827//1253
f  744//1254 827//1254 709//1254
f  709//1255 827//1255 828//1255
f  709//1256 828//1256 710//1256
f  829//1257 748//1257 745//1257
f  829//1258 745//1258 828//1258
f  828//1259 745//1259 710//1259
f  748//1260 829//1260 653//1260
f  653//1261 829//1261 818//1261
f  653//1262 818//1262 820//1262
f  653//1263 820//1263 815//1263
f  830//1264 688//1264 663//1264
f  692//1265 831//1265 706//1265
f  706//1266 831//1266 832//1266
f  706//1267 832//1267 833//1267
f  706//1268 833//1268 834//1268
f  706//1269 834//1269 835//1269
f  706//1270 835//1270 836//1270
f  706//1271 836//1271 837//1271
f  838//1272 839//1272 840//1272
f  838//1273 840//1273 841//1273
f  839//1274 842//1274 840//1274
f  840//1275 842//1275 843//1275
f  844//1276 845//1276 846//1276
f  844//1277 847//1277 845//1277
f  845//1278 847//1278 848//1278
f  845//1279 848//1279 662//1279
f  662//1280 848//1280 849//1280
f  662//1281 849//1281 850//1281
f  850//1282 851//1282 662//1282
f  662//1283 851//1283 852//1283
f  662//1284 852//1284 663//1284
f  663//1285 852//1285 853//1285
f  837//1286 841//1286 706//1286
f  706//1287 841//1287 840//1287
f  706//1288 840//1288 707//1288
f  707//1289 840//1289 854//1289
f  730//1290 729//1290 855//1290
f  855//1291 729//1291 728//1291
f  855//1292 728//1292 854//1292
f  854//1293 728//1293 707//1293
f  730//1294 855//1294 856//1294
f  730//1295 856//1295 732//1295
f  857//1296 668//1296 856//1296
f  856//1297 668//1297 732//1297
f  858//1298 665//1298 857//1298
f  857//1299 665//1299 668//1299
f  859//1300 666//1300 858//1300
f  858//1301 666//1301 665//1301
f  845//1302 662//1302 735//1302
f  845//1303 735//1303 859//1303
f  859//1304 735//1304 666//1304
f  860//1305 696//1305 694//1305
f  700//1306 861//1306 698//1306
f  698//1307 861//1307 862//1307
f  698//1308 862//1308 863//1308
f  698//1309 863//1309 864//1309
f  698//1310 864//1310 865//1310
f  698//1311 865//1311 866//1311
f  698//1312 866//1312 867//1312
f  868//1313 869//1313 870//1313
f  868//1314 870//1314 871//1314
f  869//1315 872//1315 870//1315
f  870//1316 872//1316 873//1316
f  874//1317 875//1317 876//1317
f  874//1318 877//1318 875//1318
f  875//1319 877//1319 878//1319
f  875//1320 878//1320 693//1320
f  693//1321 878//1321 879//1321
f  693//1322 879//1322 880//1322
f  881//1323 882//1323 694//1323
f  880//1324 883//1324 693//1324
f  693//1325 883//1325 884//1325
f  693//1326 884//1326 694//1326
f  694//1327 884//1327 881//1327
f  867//1328 871//1328 698//1328
f  698//1329 871//1329 870//1329
f  698//1330 870//1330 885//1330
f  722//1331 720//1331 886//1331
f  886//1332 720//1332 719//1332
f  886//1333 719//1333 885//1333
f  885//1334 719//1334 698//1334
f  722//1335 886//1335 887//1335
f  888//1336 670//1336 887//1336
f  887//1337 670//1337 724//1337
f  887//1338 724//1338 722//1338
f  889//1339 671//1339 888//1339
f  888//1340 671//1340 670//1340
f  890//1341 727//1341 889//1341
f  889//1342 727//1342 671//1342
f  875//1343 693//1343 704//1343
f  875//1344 704//1344 890//1344
f  890//1345 704//1345 727//1345
f  765//1346 891//1346 764//1346
f  764//1347 891//1347 892//1347
f  764//1348 892//1348 893//1348
f  764//1349 893//1349 894//1349
f  764//1350 894//1350 895//1350
f  896//1351 897//1351 898//1351
f  896//1352 898//1352 899//1352
f  897//1353 900//1353 898//1353
f  898//1354 900//1354 901//1354
f  902//1355 903//1355 904//1355
f  904//1356 903//1356 905//1356
f  904//1357 905//1357 906//1357
f  907//1358 677//1358 908//1358
f  909//1359 910//1359 781//1359
f  781//1360 910//1360 911//1360
f  781//1361 911//1361 912//1361
f  912//1362 913//1362 781//1362
f  781//1363 913//1363 677//1363
f  677//1364 913//1364 908//1364
f  895//1365 899//1365 764//1365
f  764//1366 899//1366 898//1366
f  764//1367 898//1367 766//1367
f  766//1368 898//1368 914//1368
f  766//1369 914//1369 768//1369
f  768//1370 914//1370 915//1370
f  768//1371 915//1371 713//1371
f  713//1372 915//1372 916//1372
f  713//1373 916//1373 714//1373
f  917//1374 773//1374 769//1374
f  917//1375 769//1375 916//1375
f  916//1376 769//1376 714//1376
f  773//1377 917//1377 774//1377
f  774//1378 917//1378 918//1378
f  774//1379 918//1379 776//1379
f  776//1380 918//1380 919//1380
f  776//1381 919//1381 779//1381
f  779//1382 919//1382 904//1382
f  779//1383 904//1383 781//1383
f  781//1384 904//1384 906//1384
f  781//1385 906//1385 909//1385
f  920//75 921//75 922//75
f  923//75 924//75 925//75
f  926//75 927//75 928//75
f  926//75 928//75 929//75
f  929//75 928//75 930//75
f  929//75 930//75 931//75
f  931//75 930//75 932//75
f  931//75 932//75 933//75
f  931//75 933//75 934//75
f  934//75 933//75 925//75
f  934//75 925//75 924//75
f  935//75 936//75 937//75
f  936//75 938//75 937//75
f  937//75 938//75 939//75
f  939//75 938//75 940//75
f  939//75 940//75 923//75
f  923//75 940//75 924//75
f  941//75 256//75 942//75
f  942//75 256//75 927//75
f  942//75 927//75 926//75
f  943//75 944//75 255//75
f  255//75 944//75 920//75
f  921//75 945//75 922//75
f  922//75 945//75 946//75
f  946//75 945//75 947//75
f  946//75 947//75 935//75
f  935//75 947//75 936//75
f  948//75 259//75 949//75
f  949//75 259//75 258//75
f  949//75 258//75 257//75
f  949//75 257//75 950//75
f  950//75 257//75 256//75
f  950//75 256//75 941//75
f  951//75 927//75 952//75
f  951//75 953//75 927//75
f  927//75 953//75 954//75
f  927//75 954//75 928//75
f  955//1386 952//1386 956//1386
f  952//1387 955//1387 957//1387
f  952//1388 957//1388 958//1388
f  959//1389 960//1389 927//1389
f  952//1390 927//1390 956//1390
f  927//1391 960//1391 961//1391
f  962//1392 963//1392 959//1392
f  964//1393 965//1393 966//1393
f  966//1393 965//1393 967//1393
f  966//1393 967//1393 962//1393
f  962//1393 967//1393 968//1393
f  969//75 970//75 966//75
f  957//1394 971//1394 958//1394
f  958//75 971//75 966//75
f  958//75 966//75 970//75
f  972//75 973//75 966//75
f  973//75 974//75 966//75
f  966//75 974//75 969//75
f  975//75 976//75 977//75
f  975//75 977//75 978//75
f  979//1393 980//1393 975//1393
f  975//75 980//75 976//75
f  976//1395 980//1395 981//1395
f  982//1393 983//1393 984//1393
f  982//1393 984//1393 975//1393
f  976//1396 981//1396 985//1396
f  976//1397 985//1397 986//1397
f  986//1398 985//1398 987//1398
f  985//1399 988//1399 987//1399
f  989//1400 990//1400 991//1400
f  989//1393 991//1393 982//1393
f  982//1401 991//1401 992//1401
f  992//1402 993//1402 982//1402
f  994//1403 990//1403 989//1403
f  988//1404 989//1404 987//1404
f  995//75 996//75 989//75
f  989//75 996//75 987//75
f  997//75 998//75 995//75
f  995//75 998//75 999//75
f  995//75 999//75 996//75
f  1000//1393 1001//1393 995//1393
f  995//1393 1001//1393 1002//1393
f  1002//1393 1003//1393 995//1393
f  1004//1393 1000//1393 1005//1393
f  1006//75 1007//75 1008//75
f  1008//75 1007//75 1009//75
f  1010//75 1011//75 1012//75
f  1005//1393 1013//1393 1004//1393
f  995//75 1014//75 997//75
f  997//75 1014//75 1006//75
f  997//75 1006//75 1008//75
f  1015//75 1016//75 1017//75
f  1017//75 1016//75 1018//75
f  1017//75 1018//75 1009//75
f  1017//75 1009//75 1007//75
f  1010//75 1012//75 1019//75
f  1010//75 1019//75 1020//75
f  1020//75 1019//75 1021//75
f  1016//75 1015//75 1022//75
f  1016//75 1022//75 1023//75
f  1023//75 1022//75 1024//75
f  1023//75 1024//75 1021//75
f  1021//75 1024//75 1020//75
f  1025//75 1026//75 1005//75
f  1012//75 1011//75 1005//75
f  1012//75 1005//75 1026//75
f  1027//75 1028//75 1029//75
f  1029//75 1030//75 1027//75
f  1027//75 1030//75 1005//75
f  1005//75 1030//75 1031//75
f  1005//75 1031//75 1025//75
f  1032//75 1033//75 1027//75
f  1027//75 1033//75 1034//75
f  1027//75 1034//75 1028//75
f  1035//75 1036//75 1037//75
f  1032//75 1038//75 1039//75
f  1039//75 1038//75 1040//75
f  1040//75 1038//75 1041//75
f  1042//75 1043//75 1036//75
f  1037//75 1036//75 1043//75
f  1040//75 1041//75 1044//75
f  1040//75 1044//75 1037//75
f  1037//75 1044//75 1045//75
f  1037//75 1045//75 1035//75
f  1042//75 1046//75 1047//75
f  1046//75 1048//75 1049//75
f  1046//75 1049//75 1047//75
f  1048//75 1046//75 1050//75
f  1050//75 1046//75 1051//75
f  1052//75 1053//75 255//75
f  255//75 1053//75 1054//75
f  255//75 1054//75 1051//75
f  920//75 922//75 255//75
f  255//75 922//75 1052//75
f  1046//1405 1055//1405 1056//1405
f  1046//1406 1057//1406 1058//1406
f  1046//1407 1058//1407 1059//1407
f  1046//1408 1059//1408 1055//1408
f  1046//1409 1056//1409 1060//1409
f  247//75 1061//75 1062//75
f  247//1393 1062//1393 1046//1393
f  1046//1393 1062//1393 1057//1393
f  1051//1410 1046//1410 1063//1410
f  247//75 1064//75 1061//75
f  255//75 1065//75 1066//75
f  1051//1411 1063//1411 1067//1411
f  1051//75 1067//75 255//75
f  255//75 1067//75 1068//75
f  255//75 1068//75 1065//75
f  253//75 252//75 1066//75
f  1066//75 252//75 251//75
f  1066//75 1069//75 253//75
f  253//75 1069//75 246//75
f  246//75 1069//75 1070//75
f  246//75 1070//75 1064//75
f  1071//1412 1072//1412 1027//1412
f  1027//1413 1072//1413 1073//1413
f  1027//1414 1073//1414 1074//1414
f  1027//1415 1074//1415 1075//1415
f  1027//1416 1075//1416 1076//1416
f  1027//1393 1076//1393 1077//1393
f  1027//1393 1077//1393 250//1393
f  250//75 1077//75 1078//75
f  1078//75 1079//75 250//75
f  250//75 1079//75 1080//75
f  1081//1393 1082//1393 1027//1393
f  1082//1393 1083//1393 1027//1393
f  1027//1417 1083//1417 1084//1417
f  1080//75 1085//75 243//75
f  243//75 1085//75 1086//75
f  243//75 1086//75 244//75
f  244//75 1086//75 1081//75
f  244//75 1081//75 245//75
f  245//75 1081//75 241//75
f  241//75 1081//75 1027//75
f  250//1418 1087//1418 1088//1418
f  1027//75 1089//75 1038//75
f  1027//75 1038//75 1032//75
f  1036//75 1090//75 1042//75
f  1042//75 1090//75 1046//75
f  250//75 1088//75 1027//75
f  1027//75 1088//75 1089//75
f  247//1419 1091//1419 1092//1419
f  247//1420 1092//1420 1093//1420
f  247//75 1093//75 250//75
f  250//1421 1093//1421 1087//1421
f  1090//75 1094//75 1046//75
f  1046//75 1094//75 247//75
f  247//75 1094//75 1091//75
f  948//75 943//75 259//75
f  259//75 943//75 255//75
f  259//1393 255//1393 254//1393
f  1066//75 251//75 255//75
f  243//75 250//75 1080//75
f  246//75 1064//75 247//75
f  250//1393 249//1393 247//1393
f  247//1393 249//1393 248//1393
f  237//75 242//75 1027//75
f  1027//75 242//75 241//75
f  1000//1393 995//1393 1005//1393
f  1005//75 995//75 239//75
f  1005//75 239//75 238//75
f  233//75 232//75 989//75
f  989//75 232//75 995//75
f  995//75 232//75 240//75
f  995//75 240//75 239//75
f  236//75 235//75 989//75
f  989//75 235//75 234//75
f  989//75 234//75 233//75
f  229//1422 228//1422 982//1422
f  222//1423 231//1423 962//1423
f  962//1424 231//1424 230//1424
f  982//1425 228//1425 227//1425
f  982//75 227//75 989//75
f  989//75 227//75 236//75
f  959//1393 927//1393 962//1393
f  962//75 927//75 222//75
f  927//75 256//75 226//75
f  927//75 226//75 225//75
f  225//75 224//75 927//75
f  927//75 224//75 223//75
f  927//75 223//75 222//75
f  1027//75 1005//75 237//75
f  237//75 1005//75 238//75
f  230//75 229//75 962//75
f  962//75 229//75 982//75
f  962//75 982//75 966//75
f  966//75 982//75 975//75
f  966//75 975//75 972//75
f  972//75 975//75 978//75
f  1095//1426 1096//1426 1097//1426
f  1097//1427 1096//1427 1098//1427
f  1097//1428 1098//1428 1099//1428
f  1099//1429 1098//1429 1100//1429
f  1100//1430 1101//1430 1099//1430
f  1099//1431 1101//1431 1102//1431
f  1102//1432 1101//1432 1103//1432
f  1102//1433 1103//1433 1104//1433
f  1103//1434 1105//1434 1104//1434
f  1104//1435 1105//1435 1106//1435
f  1104//1436 1106//1436 1107//1436
f  1106//1437 1108//1437 1107//1437
f  1107//1438 1108//1438 1109//1438
f  1107//1439 1109//1439 1110//1439
f  1110//1440 1109//1440 1111//1440
f  1111//1441 1112//1441 1110//1441
f  1110//1442 1112//1442 1113//1442
f  1113//1443 1112//1443 1114//1443
f  1113//1444 1114//1444 1115//1444
f  1115//1445 1114//1445 1116//1445
f  1116//1446 1117//1446 1115//1446
f  1115//1447 1117//1447 1118//1447
f  1117//1448 1119//1448 1118//1448
f  1118//1449 1119//1449 1120//1449
f  1119//1450 1121//1450 1120//1450
f  1120//1451 1121//1451 1122//1451
f  1122//1452 1121//1452 1123//1452
f  1122//1453 1123//1453 1124//1453
f  1124//1454 1123//1454 1125//1454
f  1124//1455 1125//1455 1126//1455
f  1125//1456 1127//1456 1126//1456
f  1126//1457 1127//1457 1128//1457
f  1128//1458 1127//1458 1129//1458
f  1128//1459 1129//1459 1130//1459
f  1129//1460 1131//1460 1130//1460
f  1130//1461 1131//1461 1132//1461
f  1132//1462 1131//1462 1133//1462
f  1132//1463 1133//1463 1134//1463
f  1133//1464 1135//1464 1134//1464
f  1134//1465 1135//1465 1136//1465
f  1135//1466 1137//1466 1136//1466
f  1136//1467 1137//1467 1138//1467
f  1138//1468 1137//1468 1139//1468
f  1138//1469 1139//1469 1140//1469
f  1140//1470 1139//1470 1141//1470
f  1140//1471 1141//1471 1142//1471
f  1142//1472 1141//1472 1143//1472
f  1142//1473 1143//1473 1144//1473
f  1142//1474 1144//1474 1145//1474
f  1144//1475 1146//1475 1145//1475
f  1145//1476 1146//1476 1147//1476
f  1146//1477 1148//1477 1147//1477
f  1147//1478 1148//1478 1149//1478
f  1149//1479 1148//1479 1150//1479
f  1149//1480 1150//1480 1151//1480
f  1151//1481 1150//1481 1152//1481
f  1151//1482 1152//1482 1153//1482
f  1152//1483 1154//1483 1153//1483
f  1153//1484 1154//1484 1155//1484
f  1155//1485 1154//1485 1156//1485
f  1155//1486 1156//1486 1157//1486
f  1157//1487 1156//1487 1158//1487
f  1157//1488 1158//1488 1159//1488
f  1158//1489 1160//1489 1159//1489
f  1159//1490 1160//1490 1161//1490
f  1161//1491 1160//1491 1162//1491
f  1161//1492 1162//1492 1163//1492
f  1162//1493 1164//1493 1163//1493
f  1163//1494 1164//1494 1165//1494
f  1163//1495 1165//1495 1166//1495
f  1165//1496 1167//1496 1166//1496
f  1166//1497 1167//1497 1168//1497
f  1166//1498 1168//1498 1169//1498
f  1168//1499 1170//1499 1169//1499
f  1169//1500 1170//1500 1171//1500
f  1169//1501 1171//1501 1172//1501
f  1171//1502 1173//1502 1172//1502
f  1172//1503 1173//1503 1174//1503
f  1172//1504 1174//1504 1175//1504
f  1175//1505 1174//1505 1176//1505
f  1176//1506 1177//1506 1175//1506
f  1175//1507 1177//1507 1178//1507
f  1178//1508 1177//1508 1179//1508
f  1178//1509 1179//1509 1180//1509
f  1180//1510 1179//1510 1181//1510
f  1181//1511 1182//1511 1180//1511
f  1180//1512 1182//1512 1183//1512
f  1183//1513 1182//1513 1184//1513
f  1183//1514 1184//1514 1185//1514
f  1185//1515 1184//1515 1186//1515
f  1185//1516 1186//1516 1187//1516
f  1187//1517 1186//1517 1188//1517
f  1187//1518 1188//1518 1189//1518
f  1187//1519 1189//1519 1190//1519
f  1189//1520 1191//1520 1190//1520
f  1190//1521 1191//1521 1192//1521
f  1192//1522 1191//1522 1193//1522
f  1192//1523 1193//1523 1194//1523
f  1194//1524 1193//1524 1195//1524
f  1194//1525 1195//1525 1196//1525
f  1195//1526 1197//1526 1196//1526
f  1196//1527 1197//1527 1198//1527
f  1197//1528 1199//1528 1198//1528
f  1198//1529 1199//1529 1200//1529
f  1200//1530 1199//1530 1201//1530
f  1200//1531 1201//1531 1202//1531
f  1201//1532 1203//1532 1202//1532
f  1202//1533 1203//1533 1204//1533
f  1204//1534 1203//1534 1205//1534
f  1204//1535 1205//1535 1206//1535
f  1206//1536 1205//1536 1207//1536
f  1206//1537 1207//1537 1208//1537
f  1208//1538 1207//1538 1209//1538
f  1208//1539 1209//1539 1210//1539
f  1210//1540 1209//1540 1211//1540
f  1211//1541 1212//1541 1210//1541
f  1210//1542 1212//1542 1213//1542
f  1213//1543 1212//1543 1214//1543
f  1213//1544 1214//1544 1215//1544
f  1214//1545 1216//1545 1215//1545
f  1215//1546 1216//1546 1217//1546
f  1216//1547 1218//1547 1217//1547
f  1217//1548 1218//1548 1219//1548
f  1219//1549 1218//1549 1220//1549
f  1219//1550 1220//1550 1221//1550
f  1220//1551 1222//1551 1221//1551
f  1221//1552 1222//1552 1223//1552
f  1223//1553 1222//1553 1224//1553
f  1223//1554 1224//1554 1225//1554
f  1225//1555 1224//1555 1226//1555
f  1226//1556 1227//1556 1225//1556
f  1225//1557 1227//1557 1095//1557
f  1095//1558 1227//1558 1228//1558
f  1095//1559 1228//1559 1096//1559
f  473//1560 475//1560 1149//1560
f  792//1561 411//1561 1110//1561
f  1113//1562 792//1562 1110//1562
f  1113//1563 791//1563 792//1563
f  784//1564 786//1564 1115//1564
f  786//1565 789//1565 1115//1565
f  1115//1566 789//1566 1113//1566
f  1113//1567 789//1567 791//1567
f  414//1568 415//1568 1118//1568
f  1118//1569 415//1569 784//1569
f  1118//1570 784//1570 1115//1570
f  1097//1571 600//1571 602//1571
f  1097//1572 602//1572 1095//1572
f  600//1573 1097//1573 598//1573
f  598//1574 1097//1574 1099//1574
f  598//1575 1099//1575 619//1575
f  619//1575 1099//1575 617//1575
f  617//1576 1099//1576 1102//1576
f  617//1577 1102//1577 615//1577
f  615//1578 1102//1578 612//1578
f  612//1579 1102//1579 1104//1579
f  612//1580 1104//1580 610//1580
f  610//1581 1104//1581 1107//1581
f  610//1582 1107//1582 621//1582
f  621//1583 1107//1583 410//1583
f  410//1584 1107//1584 1110//1584
f  410//1585 1110//1585 411//1585
f  1120//1586 418//1586 1118//1586
f  1118//1587 418//1587 414//1587
f  1122//1588 1124//1588 427//1588
f  427//1589 429//1589 1122//1589
f  1122//1590 429//1590 431//1590
f  1122//1591 431//1591 1120//1591
f  1120//1592 431//1592 416//1592
f  1120//1593 416//1593 418//1593
f  1126//1594 1128//1594 443//1594
f  443//1595 421//1595 1126//1595
f  1126//1596 421//1596 423//1596
f  1126//1597 423//1597 1124//1597
f  1124//1598 423//1598 425//1598
f  1124//1599 425//1599 427//1599
f  1130//1600 1132//1600 435//1600
f  435//1601 437//1601 1130//1601
f  1130//1602 437//1602 439//1602
f  1130//1603 439//1603 1128//1603
f  1128//1604 439//1604 441//1604
f  1128//1605 441//1605 443//1605
f  1134//1606 1136//1606 451//1606
f  451//1607 453//1607 1134//1607
f  1134//1608 453//1608 455//1608
f  1134//1609 455//1609 1132//1609
f  1132//1610 455//1610 433//1610
f  1132//1611 433//1611 435//1611
f  1138//1612 1140//1612 467//1612
f  467//1613 445//1613 1138//1613
f  1138//1614 445//1614 447//1614
f  1138//1615 447//1615 1136//1615
f  1136//1616 447//1616 449//1616
f  1136//1617 449//1617 451//1617
f  1142//1618 1145//1618 459//1618
f  459//1619 461//1619 1142//1619
f  1142//1620 461//1620 463//1620
f  1142//1621 463//1621 1140//1621
f  1140//1622 463//1622 465//1622
f  1140//1623 465//1623 467//1623
f  1149//1624 475//1624 1147//1624
f  475//1625 477//1625 1147//1625
f  1147//1626 477//1626 479//1626
f  1147//1627 479//1627 1145//1627
f  1145//1628 479//1628 457//1628
f  1145//1629 457//1629 459//1629
f  473//1630 1149//1630 471//1630
f  471//1631 1149//1631 1151//1631
f  471//1632 1151//1632 469//1632
f  469//1633 1151//1633 1153//1633
f  469//1634 1153//1634 490//1634
f  490//1635 1153//1635 488//1635
f  488//1636 1153//1636 1155//1636
f  488//1637 1155//1637 486//1637
f  486//1638 1155//1638 483//1638
f  483//1639 1155//1639 1157//1639
f  483//1640 1157//1640 481//1640
f  481//1641 1157//1641 1159//1641
f  481//1642 1159//1642 502//1642
f  502//1643 1159//1643 500//1643
f  500//1644 1159//1644 1161//1644
f  500//1645 1161//1645 498//1645
f  498//1645 1161//1645 496//1645
f  496//1646 1161//1646 1163//1646
f  496//1647 1163//1647 494//1647
f  494//1648 1163//1648 492//1648
f  492//1649 1163//1649 1166//1649
f  492//1650 1166//1650 515//1650
f  515//1651 1166//1651 513//1651
f  513//1652 1166//1652 1169//1652
f  513//1653 1169//1653 511//1653
f  511//1654 1169//1654 509//1654
f  509//1655 1169//1655 1172//1655
f  509//1656 1172//1656 507//1656
f  507//1657 1172//1657 504//1657
f  504//1658 1172//1658 1175//1658
f  504//1659 1175//1659 517//1659
f  517//1660 1175//1660 519//1660
f  519//1661 1175//1661 1178//1661
f  519//1662 1178//1662 521//1662
f  521//1663 1178//1663 525//1663
f  525//1664 1178//1664 1180//1664
f  525//1665 1180//1665 523//1665
f  523//1666 1180//1666 1183//1666
f  523//1667 1183//1667 536//1667
f  536//1668 1183//1668 533//1668
f  533//1669 1183//1669 1185//1669
f  533//1670 1185//1670 531//1670
f  531//1671 1185//1671 1187//1671
f  531//1672 1187//1672 1190//1672
f  531//1673 1190//1673 529//1673
f  1192//1674 526//1674 1190//1674
f  1190//1675 526//1675 529//1675
f  1194//1676 1196//1676 544//1676
f  544//1677 546//1677 1194//1677
f  1194//1678 546//1678 548//1678
f  1194//1679 548//1679 1192//1679
f  1192//1680 548//1680 526//1680
f  1198//1681 1200//1681 560//1681
f  560//1682 538//1682 1198//1682
f  1198//1683 538//1683 540//1683
f  1198//1684 540//1684 1196//1684
f  1196//1685 540//1685 542//1685
f  1196//1686 542//1686 544//1686
f  1202//1687 1204//1687 552//1687
f  552//1688 554//1688 1202//1688
f  1202//1689 554//1689 556//1689
f  1202//1690 556//1690 1200//1690
f  1200//1691 556//1691 558//1691
f  1200//1692 558//1692 560//1692
f  1206//1693 1208//1693 568//1693
f  568//1694 570//1694 1206//1694
f  1206//1695 570//1695 572//1695
f  1206//1696 572//1696 1204//1696
f  1204//1697 572//1697 550//1697
f  1204//1698 550//1698 552//1698
f  1210//1699 1213//1699 584//1699
f  584//1700 562//1700 1210//1700
f  1210//1701 562//1701 564//1701
f  1210//1702 564//1702 1208//1702
f  1208//1703 564//1703 566//1703
f  1208//1704 566//1704 568//1704
f  1215//1705 1217//1705 576//1705
f  576//1706 578//1706 1215//1706
f  1215//1707 578//1707 580//1707
f  1215//1708 580//1708 1213//1708
f  1213//1709 580//1709 582//1709
f  1213//1710 582//1710 584//1710
f  1219//1711 1221//1711 592//1711
f  592//1712 594//1712 1219//1712
f  1219//1713 594//1713 596//1713
f  1219//1714 596//1714 1217//1714
f  1217//1715 596//1715 574//1715
f  1217//1716 574//1716 576//1716
f  1225//1717 586//1717 1223//1717
f  1223//1718 586//1718 588//1718
f  1223//1719 588//1719 1221//1719
f  1221//1720 588//1720 590//1720
f  1221//1721 590//1721 592//1721
f  602//1722 604//1722 1095//1722
f  1095//1723 604//1723 606//1723
f  1095//1724 606//1724 1225//1724
f  1225//1725 606//1725 608//1725
f  1225//1726 608//1726 586//1726
f  1229//1727 650//1727 1230//1727
f  1230//1728 650//1728 687//1728
f  650//1729 1229//1729 1231//1729
f  650//1730 1231//1730 1232//1730
f  650//1731 1232//1731 1233//1731
f  650//1732 1233//1732 1234//1732
f  650//1733 1234//1733 1235//1733
f  1236//1734 1237//1734 1238//1734
f  1236//1735 1238//1735 1239//1735
f  1237//1736 1240//1736 1238//1736
f  1238//1737 1240//1737 1241//1737
f  1242//1738 1243//1738 1244//1738
f  1244//1739 1243//1739 1245//1739
f  1244//1740 1245//1740 1246//1740
f  1247//1741 1248//1741 644//1741
f  644//1742 1248//1742 1249//1742
f  644//1743 1249//1743 1250//1743
f  1251//1744 1252//1744 645//1744
f  645//1745 1252//1745 1253//1745
f  1250//1746 1254//1746 644//1746
f  644//1747 1254//1747 645//1747
f  645//1748 1254//1748 1251//1748
f  1235//1749 1239//1749 650//1749
f  650//1750 1239//1750 1238//1750
f  650//1751 1238//1751 651//1751
f  651//1752 1238//1752 1255//1752
f  651//1753 1255//1753 752//1753
f  752//1754 1255//1754 754//1754
f  754//1755 1255//1755 1256//1755
f  754//1756 1256//1756 647//1756
f  647//1757 1256//1757 1257//1757
f  647//1758 1257//1758 648//1758
f  648//1759 1257//1759 1258//1759
f  648//1760 1258//1760 755//1760
f  755//1761 1258//1761 1259//1761
f  755//1762 1259//1762 757//1762
f  1260//1763 760//1763 759//1763
f  1260//1764 759//1764 1259//1764
f  1259//1765 759//1765 757//1765
f  760//1766 1260//1766 644//1766
f  644//1767 1260//1767 1244//1767
f  644//1768 1244//1768 1246//1768
f  644//1769 1246//1769 1247//1769
f  1261//1393 1262//1393 1263//1393
f  1264//1393 1265//1393 1266//1393
f  1263//1393 1262//1393 1267//1393
f  1267//1770 1262//1770 816//1770
f  1267//1771 816//1771 818//1771
f  1266//1393 1265//1393 1268//1393
f  1238//1772 1241//1772 1264//1772
f  818//1393 826//1393 825//1393
f  1269//1393 1270//1393 1271//1393
f  1270//1393 1272//1393 1271//1393
f  1271//1393 1272//1393 1273//1393
f  818//1393 829//1393 826//1393
f  826//1393 829//1393 828//1393
f  826//1393 828//1393 827//1393
f  812//1773 1267//1773 809//1773
f  809//1393 1267//1393 818//1393
f  809//1393 818//1393 824//1393
f  824//1393 818//1393 825//1393
f  1271//1393 1273//1393 1274//1393
f  1271//1393 1274//1393 1275//1393
f  1275//1393 1274//1393 1276//1393
f  1275//1393 1276//1393 1277//1393
f  1277//1393 1276//1393 1278//1393
f  1278//1393 1276//1393 1279//1393
f  1278//1393 1279//1393 1280//1393
f  1280//1393 1279//1393 1281//1393
f  387//1774 390//1774 1282//1774
f  1263//1393 1283//1393 1261//1393
f  1261//1393 1283//1393 1284//1393
f  1261//1393 1284//1393 1285//1393
f  1285//1393 1284//1393 1286//1393
f  1286//1393 1284//1393 1287//1393
f  1286//1393 1287//1393 1288//1393
f  1288//1393 1287//1393 1289//1393
f  1289//1393 1287//1393 1290//1393
f  1289//1393 1290//1393 1291//1393
f  1291//1393 1290//1393 1292//1393
f  1292//1393 1290//1393 1293//1393
f  1292//1393 1293//1393 1294//1393
f  1294//1393 1293//1393 1265//1393
f  840//1775 843//1775 1295//1775
f  1281//1393 1279//1393 1296//1393
f  1281//1393 1296//1393 1297//1393
f  1297//1393 1296//1393 1298//1393
f  1269//1393 1299//1393 1270//1393
f  1270//1393 1299//1393 1300//1393
f  1270//1393 1300//1393 1301//1393
f  1301//1776 1300//1776 876//1776
f  1301//1777 876//1777 875//1777
f  1301//1393 1302//1393 1270//1393
f  1270//1393 1302//1393 1303//1393
f  1270//1393 1303//1393 1304//1393
f  1304//1393 1303//1393 1305//1393
f  1304//1393 1305//1393 1306//1393
f  1306//1393 1305//1393 1307//1393
f  1307//1393 1308//1393 1306//1393
f  1306//1393 1308//1393 1309//1393
f  1306//1393 1309//1393 1310//1393
f  1310//1393 1309//1393 1311//1393
f  1310//1393 1311//1393 1312//1393
f  1282//1393 1313//1393 1314//1393
f  1314//1393 1313//1393 1315//1393
f  1314//1393 1315//1393 1316//1393
f  1316//1393 1315//1393 1317//1393
f  1316//1393 1317//1393 1312//1393
f  1312//1393 1317//1393 1310//1393
f  1315//1393 1313//1393 1318//1393
f  1318//1393 1313//1393 1319//1393
f  1318//1393 1319//1393 1320//1393
f  1318//1393 1320//1393 1321//1393
f  1321//1393 1320//1393 1322//1393
f  1321//1393 1322//1393 1323//1393
f  1321//1393 1323//1393 1324//1393
f  1260//1393 1238//1393 1244//1393
f  1244//1393 1238//1393 1264//1393
f  1244//1778 1264//1778 1242//1778
f  1242//1779 1264//1779 1266//1779
f  1295//1393 1325//1393 1326//1393
f  1283//1393 1263//1393 1327//1393
f  1327//1393 1263//1393 1328//1393
f  1327//1393 1328//1393 1329//1393
f  1327//1393 1329//1393 1330//1393
f  1330//1393 1329//1393 1331//1393
f  1330//1393 1331//1393 1332//1393
f  1330//1393 1332//1393 1333//1393
f  1333//1393 1332//1393 1334//1393
f  1333//1393 1334//1393 1335//1393
f  1333//1393 1335//1393 1336//1393
f  1336//1393 1335//1393 1337//1393
f  1336//1393 1337//1393 1325//1393
f  1336//1393 1325//1393 1298//1393
f  1298//1393 1325//1393 1295//1393
f  1298//1393 1295//1393 1297//1393
f  873//1780 1301//1780 870//1780
f  870//1393 1301//1393 875//1393
f  870//1393 875//1393 885//1393
f  885//1393 875//1393 886//1393
f  1323//1393 1338//1393 1324//1393
f  1324//1393 1338//1393 1339//1393
f  1324//1393 1339//1393 1340//1393
f  889//1393 888//1393 887//1393
f  392//1393 387//1393 364//1393
f  364//1393 387//1393 1282//1393
f  364//1781 1282//1781 362//1781
f  362//1782 1282//1782 1314//1782
f  1341//1393 1342//1393 1340//1393
f  1340//1393 1342//1393 1324//1393
f  1293//1393 1343//1393 1265//1393
f  1265//1393 1343//1393 1268//1393
f  1268//1393 1343//1393 1344//1393
f  1268//1393 1344//1393 1345//1393
f  1345//1393 1344//1393 1346//1393
f  1346//1393 1344//1393 1347//1393
f  1346//1393 1347//1393 1348//1393
f  1348//1393 1347//1393 1349//1393
f  1349//1393 1347//1393 1350//1393
f  1349//1393 1350//1393 1351//1393
f  1351//1393 1350//1393 1352//1393
f  1352//1393 1350//1393 1353//1393
f  1352//1393 1353//1393 1354//1393
f  1354//1393 1353//1393 1355//1393
f  1355//1393 1353//1393 1356//1393
f  1257//1393 1260//1393 1258//1393
f  1258//1393 1260//1393 1259//1393
f  1355//1393 1356//1393 1342//1393
f  1355//1393 1342//1393 1357//1393
f  1357//1393 1342//1393 1341//1393
f  1257//1393 1256//1393 1260//1393
f  1260//1393 1256//1393 1255//1393
f  1260//1393 1255//1393 1238//1393
f  886//1393 875//1393 887//1393
f  887//1393 875//1393 890//1393
f  887//1393 890//1393 889//1393
f  399//1393 398//1393 403//1393
f  403//1393 398//1393 405//1393
f  405//1393 398//1393 364//1393
f  364//1393 398//1393 394//1393
f  364//1393 394//1393 392//1393
f  1341//1393 1358//1393 1357//1393
f  1357//1783 1358//1783 902//1783
f  1357//1784 902//1784 904//1784
f  1326//1785 846//1785 1295//1785
f  1295//1786 846//1786 845//1786
f  1295//1393 845//1393 840//1393
f  840//1393 845//1393 859//1393
f  840//1393 859//1393 858//1393
f  858//1393 857//1393 840//1393
f  840//1393 857//1393 856//1393
f  840//1393 856//1393 854//1393
f  854//1393 856//1393 855//1393
f  901//1787 1357//1787 898//1787
f  898//1393 1357//1393 904//1393
f  898//1393 904//1393 914//1393
f  914//1393 904//1393 915//1393
f  919//1393 918//1393 917//1393
f  919//1393 917//1393 904//1393
f  904//1393 917//1393 916//1393
f  904//1393 916//1393 915//1393
f  1359//1788 1360//1788 1361//1788
f  1362//1789 1363//1789 1364//1789
f  1364//1790 1363//1790 1365//1790
f  1364//1791 1365//1791 1366//1791
f  1366//1792 1365//1792 1367//1792
f  1366//1793 1367//1793 1368//1793
f  1368//1794 1367//1794 1369//1794
f  1368//1795 1369//1795 1361//1795
f  1361//1796 1369//1796 1359//1796
f  1370//1797 1371//1797 1372//1797
f  1359//1798 1373//1798 1360//1798
f  1360//1799 1373//1799 1374//1799
f  1374//1800 1373//1800 1375//1800
f  1374//1801 1375//1801 1376//1801
f  1376//1802 1375//1802 1377//1802
f  1376//1803 1377//1803 1378//1803
f  1378//1804 1377//1804 1379//1804
f  1378//1805 1379//1805 1371//1805
f  1371//1806 1379//1806 1372//1806
f  1372//1807 1380//1807 1370//1807
f  1370//1808 1380//1808 1381//1808
f  1381//1809 1380//1809 1382//1809
f  1381//1810 1382//1810 1383//1810
f  1382//1811 1384//1811 1383//1811
f  1383//1812 1384//1812 1385//1812
f  1383//1813 1385//1813 1386//1813
f  1386//1814 1385//1814 1387//1814
f  1387//1815 1385//1815 1388//1815
f  1387//1816 1388//1816 1389//1816
f  1388//1817 1390//1817 1389//1817
f  1389//1818 1390//1818 1391//1818
f  1391//1819 1390//1819 1392//1819
f  1391//1820 1392//1820 1393//1820
f  1393//1821 1392//1821 1394//1821
f  1393//1822 1394//1822 1395//1822
f  1394//1823 1396//1823 1395//1823
f  1395//1824 1396//1824 1397//1824
f  1395//1825 1397//1825 1398//1825
f  1398//1826 1397//1826 1399//1826
f  1398//1827 1399//1827 1400//1827
f  1400//1828 1399//1828 1401//1828
f  1400//1829 1401//1829 1402//1829
f  1401//1830 1403//1830 1402//1830
f  1402//1831 1403//1831 1404//1831
f  1404//1832 1403//1832 1405//1832
f  1404//1833 1405//1833 1406//1833
f  1406//1834 1405//1834 1407//1834
f  1406//1835 1407//1835 1408//1835
f  1407//1836 1409//1836 1408//1836
f  1408//1837 1409//1837 1410//1837
f  1408//1838 1410//1838 1411//1838
f  1411//1839 1410//1839 1412//1839
f  1411//1840 1412//1840 1413//1840
f  1413//1841 1412//1841 1414//1841
f  1413//1842 1414//1842 1415//1842
f  1414//1843 1416//1843 1415//1843
f  1415//1844 1416//1844 1417//1844
f  1417//1845 1416//1845 1418//1845
f  1417//1846 1418//1846 1419//1846
f  1419//1847 1418//1847 1420//1847
f  1419//1848 1420//1848 1421//1848
f  1420//1849 1422//1849 1421//1849
f  1421//1850 1422//1850 1423//1850
f  1421//1851 1423//1851 1424//1851
f  1424//1852 1423//1852 1425//1852
f  1424//1853 1425//1853 1426//1853
f  1426//1854 1425//1854 1427//1854
f  1426//1855 1427//1855 1428//1855
f  1428//1856 1427//1856 1429//1856
f  1428//1857 1429//1857 1430//1857
f  1430//1858 1429//1858 1431//1858
f  1430//1859 1431//1859 1432//1859
f  1431//1860 1433//1860 1432//1860
f  1432//1861 1433//1861 1434//1861
f  1434//1862 1433//1862 1435//1862
f  1434//1863 1435//1863 1436//1863
f  1436//1864 1435//1864 1437//1864
f  1436//1865 1437//1865 1438//1865
f  1437//1866 1439//1866 1438//1866
f  1438//1867 1439//1867 1440//1867
f  1438//1868 1440//1868 1441//1868
f  1441//1869 1440//1869 1442//1869
f  1442//1870 1440//1870 1443//1870
f  1442//1871 1443//1871 1444//1871
f  1445//1872 1446//1872 1447//1872
f  1443//1873 1448//1873 1444//1873
f  1444//1874 1448//1874 1449//1874
f  1449//1875 1448//1875 1450//1875
f  1449//1876 1450//1876 1451//1876
f  1451//1877 1450//1877 1452//1877
f  1451//1878 1452//1878 1447//1878
f  1447//1879 1452//1879 1453//1879
f  1447//1880 1453//1880 1445//1880
f  1454//1881 1455//1881 1456//1881
f  1446//1882 1445//1882 1457//1882
f  1446//1883 1457//1883 1458//1883
f  1458//1884 1457//1884 1459//1884
f  1458//1885 1459//1885 1460//1885
f  1460//1886 1459//1886 1461//1886
f  1460//1887 1461//1887 1462//1887
f  1462//1888 1461//1888 1463//1888
f  1462//1889 1463//1889 1464//1889
f  1464//1890 1463//1890 1465//1890
f  1464//1891 1465//1891 1456//1891
f  1456//1892 1465//1892 1466//1892
f  1456//1893 1466//1893 1454//1893
f  1467//1894 1468//1894 1469//1894
f  1455//1895 1454//1895 1470//1895
f  1455//1896 1470//1896 1471//1896
f  1471//1897 1470//1897 1472//1897
f  1471//1898 1472//1898 1473//1898
f  1473//1899 1472//1899 1474//1899
f  1474//1900 1472//1900 1475//1900
f  1474//1901 1475//1901 1469//1901
f  1469//1902 1475//1902 1476//1902
f  1469//1903 1476//1903 1467//1903
f  1477//1904 1478//1904 1479//1904
f  1468//1905 1467//1905 1480//1905
f  1468//1906 1480//1906 1481//1906
f  1481//1907 1480//1907 1482//1907
f  1481//1908 1482//1908 1483//1908
f  1483//1909 1482//1909 1484//1909
f  1483//1910 1484//1910 1479//1910
f  1479//1911 1484//1911 1485//1911
f  1479//1912 1485//1912 1477//1912
f  1486//1913 1487//1913 1362//1913
f  1362//1914 1487//1914 1488//1914
f  1362//1915 1488//1915 1363//1915
f  1478//1916 1477//1916 1489//1916
f  1478//1917 1489//1917 1490//1917
f  1490//1918 1489//1918 1491//1918
f  1490//1919 1491//1919 1492//1919
f  1492//1920 1491//1920 1493//1920
f  1492//1921 1493//1921 1486//1921
f  1486//1922 1493//1922 1494//1922
f  1486//1923 1494//1923 1487//1923
f  1495//1924 1496//1924 1497//1924
f  1497//1924 1496//1924 1498//1924
f  1497//1925 1498//1925 1499//1925
f  1499//1925 1498//1925 1500//1925
f  1499//1926 1500//1926 1501//1926
f  1501//1926 1500//1926 1502//1926
f  1501//1927 1502//1927 1503//1927
f  1503//1927 1502//1927 1504//1927
f  1503//1928 1504//1928 1505//1928
f  1505//1928 1504//1928 1506//1928
f  1505//1929 1506//1929 1507//1929
f  1507//1929 1506//1929 1508//1929
f  1507//1930 1508//1930 1509//1930
f  1509//1930 1508//1930 1510//1930
f  1509//1931 1510//1931 1511//1931
f  1511//1932 1510//1932 1512//1932
f  1511//1933 1512//1933 1513//1933
f  1513//1934 1512//1934 1514//1934
f  1513//1935 1514//1935 1515//1935
f  1515//1936 1514//1936 1516//1936
f  1515//1937 1516//1937 1517//1937
f  1517//1937 1516//1937 1518//1937
f  1517//1938 1518//1938 1519//1938
f  1519//1938 1518//1938 1520//1938
f  1519//1939 1520//1939 1521//1939
f  1521//1939 1520//1939 1522//1939
f  1521//1940 1522//1940 1523//1940
f  1523//1940 1522//1940 1524//1940
f  1523//1941 1524//1941 1525//1941
f  1525//1941 1524//1941 1526//1941
f  1525//1942 1526//1942 1527//1942
f  1527//1942 1526//1942 1528//1942
f  1527//1943 1528//1943 1529//1943
f  1529//1943 1528//1943 1530//1943
f  1529//1944 1530//1944 1531//1944
f  1531//1944 1530//1944 1532//1944
f  1531//1945 1532//1945 1533//1945
f  1533//1945 1532//1945 1534//1945
f  1533//1946 1534//1946 1535//1946
f  1535//1946 1534//1946 1536//1946
f  1535//1947 1536//1947 1537//1947
f  1537//1947 1536//1947 1538//1947
f  1537//1948 1538//1948 1539//1948
f  1539//1948 1538//1948 1540//1948
f  1539//1949 1540//1949 1541//1949
f  1541//1949 1540//1949 1542//1949
f  1541//1950 1542//1950 1543//1950
f  1543//1950 1542//1950 1544//1950
f  1543//1951 1544//1951 1545//1951
f  1545//1951 1544//1951 1546//1951
f  1545//1952 1546//1952 1547//1952
f  1547//1953 1546//1953 1548//1953
f  1547//1954 1548//1954 1549//1954
f  1549//1955 1548//1955 1550//1955
f  1549//1956 1550//1956 1551//1956
f  1551//1957 1550//1957 1552//1957
f  1551//1958 1552//1958 1553//1958
f  1553//1958 1552//1958 1554//1958
f  1553//1959 1554//1959 1555//1959
f  1555//1959 1554//1959 1556//1959
f  1555//1960 1556//1960 1557//1960
f  1557//1960 1556//1960 1558//1960
f  1557//1961 1558//1961 1559//1961
f  1559//1961 1558//1961 1560//1961
f  1559//1962 1560//1962 1561//1962
f  1561//1962 1560//1962 1562//1962
f  1561//1963 1562//1963 1563//1963
f  1563//1963 1562//1963 1564//1963
f  1563//1964 1564//1964 1565//1964
f  1565//1964 1564//1964 1566//1964
f  1565//1965 1566//1965 1495//1965
f  1495//1965 1566//1965 1496//1965
f  1567//1966 1497//1966 1499//1966
f  1495//1967 1497//1967 1567//1967
f  1567//1968 1503//1968 1505//1968
f  1501//1969 1503//1969 1567//1969
f  1499//1970 1501//1970 1567//1970
f  1567//1971 1509//1971 1511//1971
f  1507//1972 1509//1972 1567//1972
f  1505//1973 1507//1973 1567//1973
f  1567//1974 1515//1974 1517//1974
f  1511//1975 1515//1975 1567//1975
f  1567//1976 1521//1976 1523//1976
f  1519//1977 1521//1977 1567//1977
f  1517//1978 1519//1978 1567//1978
f  1567//1979 1527//1979 1529//1979
f  1525//1980 1527//1980 1567//1980
f  1523//1981 1525//1981 1567//1981
f  1567//1982 1533//1982 1535//1982
f  1531//1983 1533//1983 1567//1983
f  1529//1984 1531//1984 1567//1984
f  1567//1985 1539//1985 1541//1985
f  1537//1986 1539//1986 1567//1986
f  1535//1987 1537//1987 1567//1987
f  1567//1988 1545//1988 1547//1988
f  1543//1989 1545//1989 1567//1989
f  1541//1990 1543//1990 1567//1990
f  1567//1991 1551//1991 1553//1991
f  1547//1992 1551//1992 1567//1992
f  1567//1993 1557//1993 1559//1993
f  1555//1994 1557//1994 1567//1994
f  1553//1995 1555//1995 1567//1995
f  1567//1996 1563//1996 1565//1996
f  1561//1997 1563//1997 1567//1997
f  1559//1998 1561//1998 1567//1998
f  1565//1999 1495//1999 1567//1999
f  1500//2000 1090//2000 1502//2000
f  1502//2001 1090//2001 1504//2001
f  1504//2002 1090//2002 1506//2002
f  1506//2003 1090//2003 1036//2003
f  1506//2004 1036//2004 1508//2004
f  1508//2005 1036//2005 1510//2005
f  1510//2006 1036//2006 1512//2006
f  1512//2007 1036//2007 1035//2007
f  1512//2008 1035//2008 1044//2008
f  1512//2009 1044//2009 1516//2009
f  1516//2010 1044//2010 1518//2010
f  1518//2011 1044//2011 1041//2011
f  1518//2012 1041//2012 1520//2012
f  1520//2013 1041//2013 1522//2013
f  1522//2014 1041//2014 1038//2014
f  1522//2015 1038//2015 1524//2015
f  1524//2016 1038//2016 1526//2016
f  1526//2017 1038//2017 1528//2017
f  1528//2018 1038//2018 1089//2018
f  1528//2019 1089//2019 1530//2019
f  1530//2020 1089//2020 1532//2020
f  1532//2021 1089//2021 1534//2021
f  1534//2022 1089//2022 1536//2022
f  1536//2023 1089//2023 1088//2023
f  1536//2024 1088//2024 1538//2024
f  1538//2025 1088//2025 1540//2025
f  1540//2026 1088//2026 1542//2026
f  1542//2027 1088//2027 1087//2027
f  1542//2028 1087//2028 1544//2028
f  1544//2029 1087//2029 1546//2029
f  1546//2030 1087//2030 1548//2030
f  1548//2031 1087//2031 1092//2031
f  1548//2032 1092//2032 1552//2032
f  1552//2033 1092//2033 1554//2033
f  1554//2034 1092//2034 1556//2034
f  1556//2035 1092//2035 1091//2035
f  1556//2036 1091//2036 1558//2036
f  1558//2037 1091//2037 1560//2037
f  1560//2038 1091//2038 1562//2038
f  1562//2039 1091//2039 1564//2039
f  1564//2040 1091//2040 1094//2040
f  1564//2041 1094//2041 1566//2041
f  1566//2042 1094//2042 1496//2042
f  1496//2043 1094//2043 1498//2043
f  1498//2044 1094//2044 1090//2044
f  1498//2045 1090//2045 1500//2045
f  812//2046 1568//2046 1267//2046
f  1267//2047 1568//2047 1569//2047
f  1267//2048 1569//2048 1263//2048
f  1263//2048 1569//2048 1570//2048
f  1263//2049 1570//2049 1328//2049
f  1328//2049 1570//2049 1571//2049
f  1328//2050 1571//2050 1329//2050
f  1329//2050 1571//2050 1572//2050
f  1329//2051 1572//2051 1331//2051
f  1331//2051 1572//2051 1573//2051
f  1331//2052 1573//2052 1332//2052
f  1332//2052 1573//2052 1574//2052
f  1332//2053 1574//2053 1334//2053
f  1334//2053 1574//2053 1575//2053
f  1334//2054 1575//2054 1335//2054
f  1335//2054 1575//2054 1576//2054
f  1335//2055 1576//2055 1337//2055
f  1337//2055 1576//2055 1577//2055
f  1337//2056 1577//2056 1325//2056
f  1325//2056 1577//2056 1578//2056
f  1325//2057 1578//2057 1326//2057
f  1326//2057 1578//2057 1579//2057
f  1326//2058 1579//2058 846//2058
f  1580//2059 851//2059 1581//2059
f  1581//2060 851//2060 850//2060
f  1581//2060 850//2060 1582//2060
f  1582//2061 850//2061 849//2061
f  1582//2061 849//2061 1583//2061
f  1583//2062 849//2062 848//2062
f  1583//2062 848//2062 1584//2062
f  1584//2063 848//2063 847//2063
f  1584//2063 847//2063 1585//2063
f  1585//2064 847//2064 844//2064
f  1585//2064 844//2064 1586//2064
f  1586//2065 844//2065 846//2065
f  1586//2066 846//2066 1587//2066
f  1587//2067 846//2067 1579//2067
f  1588//2068 852//2068 1580//2068
f  1580//2069 852//2069 851//2069
f  1589//2070 853//2070 1588//2070
f  1588//2071 853//2071 852//2071
f  1590//2072 663//2072 1589//2072
f  1589//2073 663//2073 853//2073
f  1591//2074 688//2074 1590//2074
f  1590//2075 688//2075 830//2075
f  1590//2076 830//2076 663//2076
f  1592//2077 689//2077 1591//2077
f  1591//2078 689//2078 688//2078
f  1593//2079 664//2079 1592//2079
f  1592//2080 664//2080 739//2080
f  1592//2081 739//2081 689//2081
f  1594//2082 664//2082 1593//2082
f  1595//2083 801//2083 1594//2083
f  1594//2084 801//2084 802//2084
f  1594//2085 802//2085 664//2085
f  1596//2086 803//2086 1595//2086
f  1595//2087 803//2087 801//2087
f  1568//2088 812//2088 811//2088
f  1568//2089 811//2089 1597//2089
f  1597//2090 811//2090 808//2090
f  1597//2090 808//2090 1598//2090
f  1598//2091 808//2091 807//2091
f  1598//2091 807//2091 1599//2091
f  1599//2092 807//2092 810//2092
f  1599//2092 810//2092 1600//2092
f  1600//2093 810//2093 806//2093
f  1600//2093 806//2093 1601//2093
f  1601//2094 806//2094 805//2094
f  1601//2094 805//2094 1602//2094
f  1602//2095 805//2095 804//2095
f  1602//2096 804//2096 1603//2096
f  1603//2097 804//2097 1596//2097
f  1596//2098 804//2098 803//2098
f  1601//2099 1084//2099 1600//2099
f  1600//2100 1084//2100 1599//2100
f  1599//2101 1084//2101 1083//2101
f  1599//2102 1083//2102 1598//2102
f  1598//2103 1083//2103 1597//2103
f  1597//2104 1083//2104 1082//2104
f  1597//2105 1082//2105 1568//2105
f  1568//2106 1082//2106 1569//2106
f  1569//2107 1082//2107 1570//2107
f  1570//2108 1082//2108 1081//2108
f  1570//2109 1081//2109 1571//2109
f  1571//2110 1081//2110 1572//2110
f  1572//2111 1081//2111 1573//2111
f  1573//2112 1081//2112 1086//2112
f  1573//2113 1086//2113 1574//2113
f  1574//2114 1086//2114 1575//2114
f  1575//2115 1086//2115 1085//2115
f  1575//2116 1085//2116 1576//2116
f  1576//2117 1085//2117 1577//2117
f  1577//2118 1085//2118 1080//2118
f  1577//2119 1080//2119 1578//2119
f  1578//2120 1080//2120 1079//2120
f  1578//2121 1079//2121 1579//2121
f  1579//2122 1079//2122 1587//2122
f  1587//2123 1079//2123 1078//2123
f  1587//2124 1078//2124 1586//2124
f  1586//2125 1078//2125 1585//2125
f  1585//2126 1078//2126 1077//2126
f  1585//2127 1077//2127 1584//2127
f  1584//2128 1077//2128 1076//2128
f  1584//2129 1076//2129 1583//2129
f  1583//2130 1076//2130 1582//2130
f  1582//2131 1076//2131 1075//2131
f  1582//2132 1075//2132 1581//2132
f  1581//2133 1075//2133 1580//2133
f  1580//2134 1075//2134 1588//2134
f  1588//2135 1075//2135 1074//2135
f  1588//2136 1074//2136 1589//2136
f  1589//2137 1074//2137 1590//2137
f  1590//2138 1074//2138 1073//2138
f  1590//2139 1073//2139 1591//2139
f  1591//2140 1073//2140 1592//2140
f  1592//2141 1073//2141 1072//2141
f  1592//2142 1072//2142 1593//2142
f  1593//2143 1072//2143 1594//2143
f  1594//2144 1072//2144 1071//2144
f  1594//2145 1071//2145 1595//2145
f  1595//2146 1071//2146 1596//2146
f  1596//2147 1071//2147 1603//2147
f  1603//2148 1071//2148 1027//2148
f  1603//2149 1027//2149 1602//2149
f  1602//2150 1027//2150 1084//2150
f  1602//2151 1084//2151 1601//2151
f  843//2152 1604//2152 1295//2152
f  1295//2153 1604//2153 1605//2153
f  1295//2093 1605//2093 1297//2093
f  1297//2093 1605//2093 1606//2093
f  1297//2154 1606//2154 1281//2154
f  1281//2154 1606//2154 1607//2154
f  1281//2091 1607//2091 1280//2091
f  1280//2091 1607//2091 1608//2091
f  1280//2090 1608//2090 1278//2090
f  1278//2090 1608//2090 1609//2090
f  1278//2089 1609//2089 1277//2089
f  1277//2089 1609//2089 1610//2089
f  1277//2155 1610//2155 1275//2155
f  1275//2155 1610//2155 1611//2155
f  1275//2048 1611//2048 1271//2048
f  1271//2048 1611//2048 1612//2048
f  1271//2049 1612//2049 1269//2049
f  1269//2049 1612//2049 1613//2049
f  1269//2050 1613//2050 1299//2050
f  1299//2050 1613//2050 1614//2050
f  1299//2051 1614//2051 1300//2051
f  1300//2051 1614//2051 1615//2051
f  1300//2156 1615//2156 876//2156
f  1616//2157 883//2157 1617//2157
f  1617//2158 883//2158 880//2158
f  1617//2158 880//2158 1618//2158
f  1618//2057 880//2057 879//2057
f  1618//2057 879//2057 1619//2057
f  1619//2159 879//2159 878//2159
f  1619//2159 878//2159 1620//2159
f  1620//2055 878//2055 877//2055
f  1620//2055 877//2055 1621//2055
f  1621//2054 877//2054 874//2054
f  1621//2054 874//2054 1622//2054
f  1622//2160 874//2160 876//2160
f  1622//2161 876//2161 1623//2161
f  1623//2162 876//2162 1615//2162
f  1624//2163 881//2163 1616//2163
f  1616//2164 881//2164 884//2164
f  1616//2157 884//2157 883//2157
f  1625//2165 882//2165 1624//2165
f  1624//2166 882//2166 881//2166
f  1626//2167 694//2167 1625//2167
f  1625//2168 694//2168 882//2168
f  1627//2169 696//2169 1626//2169
f  1626//2170 696//2170 860//2170
f  1626//2171 860//2171 694//2171
f  1628//2172 691//2172 697//2172
f  1628//2173 697//2173 1627//2173
f  1627//2174 697//2174 696//2174
f  1629//2175 692//2175 1630//2175
f  1630//2176 692//2176 1628//2176
f  1628//2177 692//2177 691//2177
f  1631//2178 832//2178 1629//2178
f  1629//2179 832//2179 831//2179
f  1629//2180 831//2180 692//2180
f  1632//2181 833//2181 1631//2181
f  1631//2182 833//2182 832//2182
f  1604//2183 843//2183 842//2183
f  1604//2184 842//2184 1633//2184
f  1633//2185 842//2185 839//2185
f  1633//2185 839//2185 1634//2185
f  1634//2186 839//2186 838//2186
f  1634//2186 838//2186 1635//2186
f  1635//2187 838//2187 841//2187
f  1635//2187 841//2187 1636//2187
f  1636//2188 841//2188 837//2188
f  1636//2188 837//2188 1637//2188
f  1637//2189 837//2189 836//2189
f  1637//2189 836//2189 1638//2189
f  1638//2190 836//2190 835//2190
f  1638//2190 835//2190 1639//2190
f  1639//2191 835//2191 834//2191
f  1639//2192 834//2192 1632//2192
f  1632//2193 834//2193 833//2193
f  873//2194 1640//2194 1301//2194
f  1301//2195 1640//2195 1641//2195
f  1301//2196 1641//2196 1302//2196
f  1302//2196 1641//2196 1642//2196
f  1302//2197 1642//2197 1303//2197
f  1303//2197 1642//2197 1643//2197
f  1303//2186 1643//2186 1305//2186
f  1305//2186 1643//2186 1644//2186
f  1305//2198 1644//2198 1307//2198
f  1307//2198 1644//2198 1645//2198
f  1307//2199 1645//2199 1308//2199
f  1308//2199 1645//2199 1646//2199
f  1308//2094 1646//2094 1309//2094
f  1309//2094 1646//2094 1647//2094
f  1309//2200 1647//2200 1311//2200
f  1311//2200 1647//2200 1648//2200
f  1311//2154 1648//2154 1312//2154
f  1312//2154 1648//2154 1649//2154
f  1312//2201 1649//2201 1316//2201
f  1316//2201 1649//2201 1650//2201
f  1316//2202 1650//2202 1314//2202
f  1314//2202 1650//2202 1651//2202
f  1314//2203 1651//2203 362//2203
f  1651//2204 1652//2204 362//2204
f  362//2205 1652//2205 1653//2205
f  362//2206 1653//2206 363//2206
f  363//2048 1653//2048 1654//2048
f  363//2048 1654//2048 365//2048
f  365//2207 1654//2207 1655//2207
f  365//2207 1655//2207 366//2207
f  366//2208 1655//2208 1656//2208
f  366//2208 1656//2208 371//2208
f  371//2209 1656//2209 1657//2209
f  371//2209 1657//2209 372//2209
f  372//2210 1657//2210 1658//2210
f  372//2210 1658//2210 374//2210
f  374//2211 1658//2211 1659//2211
f  374//2211 1659//2211 375//2211
f  375//2212 1659//2212 376//2212
f  376//2213 1659//2213 1660//2213
f  376//2214 1660//2214 367//2214
f  367//2215 1660//2215 1661//2215
f  367//2216 1661//2216 368//2216
f  368//2217 1661//2217 1662//2217
f  368//2218 1662//2218 369//2218
f  369//2219 1662//2219 370//2219
f  370//2220 1662//2220 1663//2220
f  370//2221 1663//2221 1664//2221
f  370//2222 1664//2222 701//2222
f  1665//2223 700//2223 1664//2223
f  1664//2224 700//2224 701//2224
f  1666//2225 700//2225 1665//2225
f  1667//2226 862//2226 1666//2226
f  1666//2227 862//2227 861//2227
f  1666//2228 861//2228 700//2228
f  1668//2229 863//2229 1667//2229
f  1667//2230 863//2230 862//2230
f  1640//2231 873//2231 872//2231
f  1640//2190 872//2190 1669//2190
f  1669//2232 872//2232 869//2232
f  1669//2232 869//2232 1670//2232
f  1670//2233 869//2233 868//2233
f  1670//2233 868//2233 1671//2233
f  1671//2234 868//2234 871//2234
f  1671//2234 871//2234 1672//2234
f  1672//2235 871//2235 867//2235
f  1672//2235 867//2235 1673//2235
f  1673//2236 867//2236 866//2236
f  1673//2236 866//2236 1674//2236
f  1674//2237 866//2237 865//2237
f  1674//2237 865//2237 1675//2237
f  1675//2238 865//2238 864//2238
f  1675//2239 864//2239 1668//2239
f  1668//2240 864//2240 863//2240
f  390//2241 1676//2241 1282//2241
f  1282//2242 1676//2242 1677//2242
f  1282//2243 1677//2243 1313//2243
f  1313//2243 1677//2243 1678//2243
f  1313//2244 1678//2244 1319//2244
f  1319//2244 1678//2244 1679//2244
f  1319//2245 1679//2245 1320//2245
f  1320//2245 1679//2245 1680//2245
f  1320//2246 1680//2246 1322//2246
f  1322//2246 1680//2246 1681//2246
f  1322//2247 1681//2247 1323//2247
f  1323//2247 1681//2247 1682//2247
f  1323//2189 1682//2189 1338//2189
f  1338//2189 1682//2189 1683//2189
f  1338//2248 1683//2248 1339//2248
f  1339//2248 1683//2248 1684//2248
f  1339//2249 1684//2249 1340//2249
f  1340//2249 1684//2249 1685//2249
f  1340//2186 1685//2186 1341//2186
f  1341//2186 1685//2186 1686//2186
f  1341//2185 1686//2185 1358//2185
f  1358//2185 1686//2185 1687//2185
f  1358//2250 1687//2250 902//2250
f  1688//2251 911//2251 1689//2251
f  1689//2089 911//2089 910//2089
f  1689//2089 910//2089 1690//2089
f  1690//2090 910//2090 909//2090
f  1690//2090 909//2090 1691//2090
f  1691//2091 909//2091 906//2091
f  1691//2091 906//2091 1692//2091
f  1692//2252 906//2252 905//2252
f  1692//2252 905//2252 1693//2252
f  1693//2253 905//2253 903//2253
f  1693//2253 903//2253 1694//2253
f  1694//2254 903//2254 902//2254
f  1694//2255 902//2255 1695//2255
f  1695//2256 902//2256 1687//2256
f  1696//2257 912//2257 1688//2257
f  1688//2258 912//2258 911//2258
f  1697//2259 913//2259 1696//2259
f  1696//2260 913//2260 912//2260
f  1698//2261 908//2261 1697//2261
f  1697//2262 908//2262 913//2262
f  1699//2263 677//2263 1698//2263
f  1698//2264 677//2264 907//2264
f  1698//2265 907//2265 908//2265
f  1700//2266 678//2266 1699//2266
f  1699//2267 678//2267 677//2267
f  1701//2268 680//2268 1700//2268
f  1700//2269 680//2269 679//2269
f  1700//2270 679//2270 678//2270
f  1702//2271 681//2271 1701//2271
f  1701//2272 681//2272 680//2272
f  1703//2273 377//2273 1702//2273
f  1702//2274 377//2274 681//2274
f  1704//2275 379//2275 1703//2275
f  1703//2276 379//2276 378//2276
f  1703//2277 378//2277 377//2277
f  1676//2278 390//2278 389//2278
f  1676//2060 389//2060 1705//2060
f  1705//2279 389//2279 386//2279
f  1705//2279 386//2279 1706//2279
f  1706//2280 386//2280 385//2280
f  1706//2280 385//2280 1707//2280
f  1707//2281 385//2281 388//2281
f  1707//2281 388//2281 1708//2281
f  1708//2064 388//2064 384//2064
f  1708//2064 384//2064 1709//2064
f  1709//2157 384//2157 383//2157
f  1709//2157 383//2157 1710//2157
f  1710//2158 383//2158 382//2158
f  1710//2158 382//2158 1711//2158
f  1711//2282 382//2282 381//2282
f  1711//2283 381//2283 1704//2283
f  1704//2284 381//2284 379//2284
f  901//2285 1712//2285 1357//2285
f  1357//2286 1712//2286 1713//2286
f  1357//2064 1713//2064 1355//2064
f  1355//2064 1713//2064 1714//2064
f  1355//2063 1714//2063 1354//2063
f  1354//2063 1714//2063 1715//2063
f  1354//2280 1715//2280 1352//2280
f  1352//2280 1715//2280 1716//2280
f  1352//2279 1716//2279 1351//2279
f  1351//2279 1716//2279 1717//2279
f  1351//2060 1717//2060 1349//2060
f  1349//2060 1717//2060 1718//2060
f  1349//2287 1718//2287 1348//2287
f  1348//2287 1718//2287 1719//2287
f  1348//2243 1719//2243 1346//2243
f  1346//2243 1719//2243 1720//2243
f  1346//2244 1720//2244 1345//2244
f  1345//2244 1720//2244 1721//2244
f  1345//2245 1721//2245 1268//2245
f  1268//2245 1721//2245 1722//2245
f  1268//2246 1722//2246 1266//2246
f  1266//2246 1722//2246 1723//2246
f  1266//2288 1723//2288 1242//2288
f  1724//2094 1249//2094 1725//2094
f  1725//2289 1249//2289 1248//2289
f  1725//2289 1248//2289 1726//2289
f  1726//2185 1248//2185 1247//2185
f  1726//2185 1247//2185 1727//2185
f  1727//2290 1247//2290 1246//2290
f  1727//2290 1246//2290 1728//2290
f  1728//2249 1246//2249 1245//2249
f  1728//2249 1245//2249 1729//2249
f  1729//2248 1245//2248 1243//2248
f  1729//2248 1243//2248 1730//2248
f  1730//2291 1243//2291 1242//2291
f  1730//2292 1242//2292 1731//2292
f  1731//2293 1242//2293 1723//2293
f  1732//2294 1254//2294 1724//2294
f  1724//2295 1254//2295 1250//2295
f  1724//2094 1250//2094 1249//2094
f  1733//2296 1251//2296 1732//2296
f  1732//2297 1251//2297 1254//2297
f  1734//2298 1252//2298 1733//2298
f  1733//2299 1252//2299 1251//2299
f  1735//2300 645//2300 1734//2300
f  1734//2301 645//2301 1253//2301
f  1734//2302 1253//2302 1252//2302
f  1736//2303 682//2303 1735//2303
f  1735//2304 682//2304 645//2304
f  1737//2305 683//2305 1736//2305
f  1736//2306 683//2306 646//2306
f  1736//2307 646//2307 682//2307
f  1738//2308 684//2308 1737//2308
f  1737//2309 684//2309 683//2309
f  1739//2310 765//2310 1738//2310
f  1738//2311 765//2311 684//2311
f  1740//2312 891//2312 1739//2312
f  1739//2313 891//2313 765//2313
f  1712//2314 901//2314 900//2314
f  1712//2315 900//2315 1741//2315
f  1741//2316 900//2316 897//2316
f  1741//2316 897//2316 1742//2316
f  1742//2317 897//2317 896//2317
f  1742//2317 896//2317 1743//2317
f  1743//2055 896//2055 899//2055
f  1743//2055 899//2055 1744//2055
f  1744//2054 899//2054 895//2054
f  1744//2054 895//2054 1745//2054
f  1745//2053 895//2053 894//2053
f  1745//2053 894//2053 1746//2053
f  1746//2318 894//2318 893//2318
f  1746//2318 893//2318 1747//2318
f  1747//2319 893//2319 892//2319
f  1747//2320 892//2320 1740//2320
f  1740//2321 892//2321 891//2321
f  1241//2322 1748//2322 1264//2322
f  1264//2211 1748//2211 1749//2211
f  1264//2323 1749//2323 1265//2323
f  1265//2323 1749//2323 1750//2323
f  1265//2324 1750//2324 1294//2324
f  1294//2324 1750//2324 1751//2324
f  1294//2056 1751//2056 1292//2056
f  1292//2056 1751//2056 1752//2056
f  1292//2325 1752//2325 1291//2325
f  1291//2325 1752//2325 1753//2325
f  1291//2158 1753//2158 1289//2158
f  1289//2158 1753//2158 1754//2158
f  1289//2326 1754//2326 1288//2326
f  1288//2326 1754//2326 1755//2326
f  1288//2327 1755//2327 1286//2327
f  1286//2327 1755//2327 1756//2327
f  1286//2063 1756//2063 1285//2063
f  1285//2063 1756//2063 1757//2063
f  1285//2328 1757//2328 1261//2328
f  1261//2328 1757//2328 1758//2328
f  1261//2329 1758//2329 1262//2329
f  1262//2329 1758//2329 1759//2329
f  1262//2330 1759//2330 816//2330
f  1760//2195 814//2195 1761//2195
f  1761//2331 814//2331 813//2331
f  1761//2331 813//2331 1762//2331
f  1762//2332 813//2332 815//2332
f  1762//2332 815//2332 1763//2332
f  1763//2333 815//2333 820//2333
f  1763//2333 820//2333 1764//2333
f  1764//2334 820//2334 819//2334
f  1764//2334 819//2334 1765//2334
f  1765//2335 819//2335 817//2335
f  1765//2335 817//2335 1766//2335
f  1766//2336 817//2336 816//2336
f  1766//2337 816//2337 1767//2337
f  1767//2338 816//2338 1759//2338
f  1768//2339 822//2339 1760//2339
f  1760//2340 822//2340 821//2340
f  1760//2195 821//2195 814//2195
f  1769//2341 823//2341 1768//2341
f  1768//2342 823//2342 822//2342
f  1770//2343 654//2343 1769//2343
f  1769//2344 654//2344 823//2344
f  1771//2345 655//2345 1770//2345
f  1770//2346 655//2346 654//2346
f  1772//2347 751//2347 1771//2347
f  1771//2348 751//2348 655//2348
f  1773//2349 686//2349 1772//2349
f  1772//2350 686//2350 685//2350
f  1772//2351 685//2351 751//2351
f  1774//2352 687//2352 1773//2352
f  1773//2353 687//2353 686//2353
f  1775//2354 1229//2354 1774//2354
f  1774//2355 1229//2355 1230//2355
f  1774//2356 1230//2356 687//2356
f  1776//2357 1231//2357 1775//2357
f  1775//2358 1231//2358 1229//2358
f  1748//2359 1241//2359 1240//2359
f  1748//2360 1240//2360 1777//2360
f  1777//2051 1240//2051 1237//2051
f  1777//2051 1237//2051 1778//2051
f  1778//2361 1237//2361 1236//2361
f  1778//2362 1236//2362 1779//2362
f  1779//2363 1236//2363 1239//2363
f  1779//2363 1239//2363 1780//2363
f  1780//2364 1239//2364 1235//2364
f  1780//2364 1235//2364 1781//2364
f  1781//2365 1235//2365 1234//2365
f  1781//2365 1234//2365 1782//2365
f  1782//2366 1234//2366 1233//2366
f  1782//2366 1233//2366 1783//2366
f  1783//2367 1233//2367 1232//2367
f  1783//2368 1232//2368 1776//2368
f  1776//2369 1232//2369 1231//2369
f  1605//2370 1061//2370 1606//2370
f  1606//2371 1061//2371 1064//2371
f  1606//2372 1064//2372 1607//2372
f  1607//2102 1064//2102 1608//2102
f  1608//2103 1064//2103 1609//2103
f  1609//2373 1064//2373 1070//2373
f  1609//2374 1070//2374 1610//2374
f  1610//2375 1070//2375 1611//2375
f  1611//2376 1070//2376 1069//2376
f  1611//2377 1069//2377 1612//2377
f  1612//2378 1069//2378 1613//2378
f  1613//2379 1069//2379 1066//2379
f  1613//2380 1066//2380 1614//2380
f  1614//2381 1066//2381 1615//2381
f  1615//2382 1066//2382 1065//2382
f  1615//2383 1065//2383 1623//2383
f  1623//2114 1065//2114 1622//2114
f  1622//2384 1065//2384 1068//2384
f  1622//2385 1068//2385 1621//2385
f  1621//2117 1068//2117 1620//2117
f  1620//2386 1068//2386 1067//2386
f  1620//2387 1067//2387 1619//2387
f  1619//2388 1067//2388 1063//2388
f  1619//2389 1063//2389 1618//2389
f  1618//2390 1063//2390 1617//2390
f  1617//2391 1063//2391 1616//2391
f  1616//2392 1063//2392 1046//2392
f  1616//2393 1046//2393 1624//2393
f  1624//2394 1046//2394 1060//2394
f  1624//2395 1060//2395 1625//2395
f  1625//2396 1060//2396 1626//2396
f  1626//2397 1060//2397 1627//2397
f  1627//2398 1060//2398 1056//2398
f  1627//2399 1056//2399 1628//2399
f  1628//2400 1056//2400 1630//2400
f  1630//2401 1056//2401 1055//2401
f  1630//2402 1055//2402 1629//2402
f  1629//2403 1055//2403 1631//2403
f  1631//2404 1055//2404 1632//2404
f  1632//2405 1055//2405 1059//2405
f  1632//2406 1059//2406 1639//2406
f  1639//2407 1059//2407 1058//2407
f  1639//2408 1058//2408 1638//2408
f  1638//2409 1058//2409 1637//2409
f  1637//2410 1058//2410 1636//2410
f  1636//2411 1058//2411 1057//2411
f  1636//2412 1057//2412 1635//2412
f  1635//2413 1057//2413 1634//2413
f  1634//2414 1057//2414 1062//2414
f  1634//2415 1062//2415 1633//2415
f  1633//2416 1062//2416 1604//2416
f  1604//2417 1062//2417 1061//2417
f  1604//2418 1061//2418 1605//2418
f  1665//2419 938//2419 1666//2419
f  1666//2420 938//2420 1667//2420
f  1667//2421 938//2421 936//2421
f  1667//2422 936//2422 1668//2422
f  1668//2423 936//2423 1675//2423
f  1675//2424 936//2424 947//2424
f  1675//2425 947//2425 1674//2425
f  1674//2426 947//2426 1673//2426
f  1673//2427 947//2427 945//2427
f  1673//2428 945//2428 1672//2428
f  1672//2429 945//2429 1671//2429
f  1671//2430 945//2430 921//2430
f  1671//2431 921//2431 1670//2431
f  1670//2432 921//2432 920//2432
f  1670//2433 920//2433 1669//2433
f  1669//2434 920//2434 1640//2434
f  1640//2435 920//2435 944//2435
f  1640//2436 944//2436 1641//2436
f  1641//2437 944//2437 1642//2437
f  1642//2438 944//2438 943//2438
f  1642//2439 943//2439 1643//2439
f  1643//2440 943//2440 1644//2440
f  1644//2441 943//2441 948//2441
f  1644//2442 948//2442 1645//2442
f  1645//2443 948//2443 1646//2443
f  1646//2444 948//2444 949//2444
f  1646//2445 949//2445 1647//2445
f  1647//2446 949//2446 1648//2446
f  1648//2447 949//2447 950//2447
f  1648//2448 950//2448 1649//2448
f  1649//2449 950//2449 1650//2449
f  1650//2450 950//2450 941//2450
f  1650//2451 941//2451 1651//2451
f  1651//2452 941//2452 942//2452
f  1651//2453 942//2453 1652//2453
f  1652//2454 942//2454 1653//2454
f  1653//2455 942//2455 926//2455
f  1653//2456 926//2456 1654//2456
f  1654//2457 926//2457 1655//2457
f  1655//2458 926//2458 929//2458
f  1655//2459 929//2459 1656//2459
f  1656//2460 929//2460 1657//2460
f  1657//2461 929//2461 931//2461
f  1657//2462 931//2462 1658//2462
f  1658//2463 931//2463 1659//2463
f  1659//2464 931//2464 934//2464
f  1659//2465 934//2465 1660//2465
f  1660//2466 934//2466 1661//2466
f  1661//2467 934//2467 924//2467
f  1661//2468 924//2468 1662//2468
f  1662//2469 924//2469 1663//2469
f  1663//2470 924//2470 940//2470
f  1663//2471 940//2471 1664//2471
f  1664//2472 940//2472 1665//2472
f  1665//2473 940//2473 938//2473
f  1709//2474 961//2474 1708//2474
f  1708//2475 961//2475 1707//2475
f  1707//2476 961//2476 1706//2476
f  1706//2477 961//2477 1705//2477
f  1705//2478 961//2478 960//2478
f  1705//2479 960//2479 1676//2479
f  1676//2480 960//2480 1677//2480
f  1677//2481 960//2481 1678//2481
f  1678//2482 960//2482 1679//2482
f  1679//2483 960//2483 959//2483
f  1679//2484 959//2484 1680//2484
f  1680//2485 959//2485 1681//2485
f  1681//2486 959//2486 963//2486
f  1681//2487 963//2487 1682//2487
f  1682//2488 963//2488 1683//2488
f  1683//2489 963//2489 1684//2489
f  1684//2490 963//2490 1685//2490
f  1685//2491 963//2491 962//2491
f  1685//2492 962//2492 1686//2492
f  1686//2493 962//2493 968//2493
f  1686//2415 968//2415 1687//2415
f  1687//2416 968//2416 1695//2416
f  1695//2494 968//2494 967//2494
f  1695//2495 967//2495 1694//2495
f  1694//2496 967//2496 1693//2496
f  1693//2497 967//2497 965//2497
f  1693//2498 965//2498 1692//2498
f  1692//2499 965//2499 964//2499
f  1692//2500 964//2500 1691//2500
f  1691//2501 964//2501 1690//2501
f  1690//2502 964//2502 966//2502
f  1690//2374 966//2374 1689//2374
f  1689//2503 966//2503 1688//2503
f  1688//2504 966//2504 971//2504
f  1688//2505 971//2505 1696//2505
f  1696//2506 971//2506 1697//2506
f  1697//2507 971//2507 957//2507
f  1697//2508 957//2508 1698//2508
f  1698//2509 957//2509 1699//2509
f  1699//2510 957//2510 1700//2510
f  1700//2511 957//2511 1701//2511
f  1701//2512 957//2512 955//2512
f  1701//2513 955//2513 1702//2513
f  1702//2514 955//2514 1703//2514
f  1703//2515 955//2515 956//2515
f  1703//2516 956//2516 1704//2516
f  1704//2517 956//2517 1711//2517
f  1711//2518 956//2518 1710//2518
f  1710//2519 956//2519 927//2519
f  1710//2520 927//2520 1709//2520
f  1709//2521 927//2521 961//2521
f  1713//2522 983//2522 1714//2522
f  1714//2523 983//2523 1715//2523
f  1715//2524 983//2524 982//2524
f  1715//2525 982//2525 1716//2525
f  1716//2526 982//2526 993//2526
f  1716//2527 993//2527 1717//2527
f  1717//2528 993//2528 1718//2528
f  1718//2529 993//2529 992//2529
f  1718//2530 992//2530 1719//2530
f  1719//2531 992//2531 1720//2531
f  1720//2532 992//2532 991//2532
f  1720//2533 991//2533 1721//2533
f  1721//2534 991//2534 1722//2534
f  1722//2535 991//2535 990//2535
f  1722//2536 990//2536 1723//2536
f  1723//2537 990//2537 1731//2537
f  1731//2538 990//2538 1730//2538
f  1730//2539 990//2539 1729//2539
f  1729//2540 990//2540 994//2540
f  1729//2541 994//2541 1728//2541
f  1728//2542 994//2542 1727//2542
f  1727//2543 994//2543 1726//2543
f  1726//2544 994//2544 1725//2544
f  1725//2545 994//2545 989//2545
f  1725//2546 989//2546 1724//2546
f  1724//2547 989//2547 1732//2547
f  1732//2548 989//2548 988//2548
f  1732//2549 988//2549 1733//2549
f  1733//2550 988//2550 1734//2550
f  1734//2551 988//2551 1735//2551
f  1735//2552 988//2552 985//2552
f  1735//2553 985//2553 1736//2553
f  1736//2554 985//2554 1737//2554
f  1737//2555 985//2555 1738//2555
f  1738//2556 985//2556 1739//2556
f  1739//2557 985//2557 981//2557
f  1739//2558 981//2558 1740//2558
f  1740//2559 981//2559 1747//2559
f  1747//2560 981//2560 980//2560
f  1747//2561 980//2561 1746//2561
f  1746//2114 980//2114 1745//2114
f  1745//2562 980//2562 979//2562
f  1745//2563 979//2563 1744//2563
f  1744//2564 979//2564 1743//2564
f  1743//2565 979//2565 975//2565
f  1743//2566 975//2566 1742//2566
f  1742//2567 975//2567 1741//2567
f  1741//2568 975//2568 984//2568
f  1741//2569 984//2569 1712//2569
f  1712//2570 984//2570 1713//2570
f  1713//2571 984//2571 983//2571
f  1755//2572 1000//2572 1756//2572
f  1756//2523 1000//2523 1757//2523
f  1757//2573 1000//2573 1004//2573
f  1757//2422 1004//2422 1758//2422
f  1758//2423 1004//2423 1759//2423
f  1759//2574 1004//2574 1013//2574
f  1759//2575 1013//2575 1767//2575
f  1767//2576 1013//2576 1766//2576
f  1766//2427 1013//2427 1005//2427
f  1766//2577 1005//2577 1765//2577
f  1765//2578 1005//2578 1764//2578
f  1764//2579 1005//2579 1011//2579
f  1764//2580 1011//2580 1763//2580
f  1763//2581 1011//2581 1762//2581
f  1762//2582 1011//2582 1761//2582
f  1761//2435 1011//2435 1010//2435
f  1761//2583 1010//2583 1760//2583
f  1760//2584 1010//2584 1768//2584
f  1768//2585 1010//2585 1020//2585
f  1768//2439 1020//2439 1769//2439
f  1769//2586 1020//2586 1770//2586
f  1770//2587 1020//2587 1024//2587
f  1770//2588 1024//2588 1771//2588
f  1771//2589 1024//2589 1772//2589
f  1772//2590 1024//2590 1022//2590
f  1772//2591 1022//2591 1773//2591
f  1773//2592 1022//2592 1774//2592
f  1774//2593 1022//2593 1775//2593
f  1775//2594 1022//2594 1015//2594
f  1775//2595 1015//2595 1776//2595
f  1776//2596 1015//2596 1783//2596
f  1783//2597 1015//2597 1017//2597
f  1783//2598 1017//2598 1782//2598
f  1782//2599 1017//2599 1781//2599
f  1781//2455 1017//2455 1007//2455
f  1781//2600 1007//2600 1780//2600
f  1780//2601 1007//2601 1779//2601
f  1779//2602 1007//2602 1006//2602
f  1779//2603 1006//2603 1778//2603
f  1778//2604 1006//2604 1014//2604
f  1778//2605 1014//2605 1777//2605
f  1777//2606 1014//2606 1748//2606
f  1748//2607 1014//2607 995//2607
f  1748//2608 995//2608 1749//2608
f  1749//2609 995//2609 1003//2609
f  1749//2465 1003//2465 1750//2465
f  1750//2466 1003//2466 1751//2466
f  1751//2467 1003//2467 1002//2467
f  1751//2610 1002//2610 1752//2610
f  1752//2611 1002//2611 1753//2611
f  1753//2612 1002//2612 1001//2612
f  1753//2613 1001//2613 1754//2613
f  1754//2614 1001//2614 1000//2614
f  1754//2615 1000//2615 1755//2615
f  1016//2616 1158//2616 1156//2616
f  1016//2617 1156//2617 1018//2617
f  1018//2618 1156//2618 1154//2618
f  1018//2619 1154//2619 1009//2619
f  1009//2620 1154//2620 1008//2620
f  1154//2621 1152//2621 1008//2621
f  1008//2622 1152//2622 1150//2622
f  1008//2623 1150//2623 997//2623
f  997//2624 1150//2624 1148//2624
f  997//2625 1148//2625 998//2625
f  998//2626 1148//2626 999//2626
f  1148//2627 1146//2627 999//2627
f  999//2628 1146//2628 996//2628
f  996//2629 1146//2629 1144//2629
f  996//2630 1144//2630 1143//2630
f  996//2631 1143//2631 987//2631
f  987//2632 1143//2632 1141//2632
f  987//2633 1141//2633 986//2633
f  986//2634 1141//2634 1139//2634
f  986//2635 1139//2635 976//2635
f  976//2636 1139//2636 1137//2636
f  976//2637 1137//2637 977//2637
f  977//2638 1137//2638 1135//2638
f  977//2639 1135//2639 978//2639
f  978//2640 1135//2640 1133//2640
f  1131//2641 972//2641 1133//2641
f  1133//2642 972//2642 978//2642
f  972//2643 1131//2643 973//2643
f  973//2644 1131//2644 1129//2644
f  973//2645 1129//2645 974//2645
f  1129//2646 1127//2646 974//2646
f  974//2647 1127//2647 969//2647
f  969//2648 1127//2648 1125//2648
f  969//2649 1125//2649 970//2649
f  970//2650 1125//2650 1123//2650
f  970//2651 1123//2651 1121//2651
f  970//2652 1121//2652 958//2652
f  958//2653 1121//2653 952//2653
f  952//2654 1121//2654 1119//2654
f  952//2655 1119//2655 951//2655
f  951//2656 1119//2656 1117//2656
f  951//2657 1117//2657 953//2657
f  953//2658 1117//2658 1116//2658
f  953//2659 1116//2659 954//2659
f  1116//2660 1114//2660 954//2660
f  954//2661 1114//2661 1112//2661
f  954//2662 1112//2662 928//2662
f  928//2663 1112//2663 1111//2663
f  1109//2664 930//2664 1111//2664
f  1111//2665 930//2665 928//2665
f  1109//2666 1108//2666 930//2666
f  930//2667 1108//2667 1106//2667
f  930//2668 1106//2668 932//2668
f  932//2669 1106//2669 1105//2669
f  932//2670 1105//2670 933//2670
f  933//2671 1105//2671 1103//2671
f  1103//2672 1101//2672 933//2672
f  933//2673 1101//2673 925//2673
f  925//2674 1101//2674 1100//2674
f  925//2675 1100//2675 923//2675
f  1100//2676 1098//2676 923//2676
f  923//2676 1098//2676 1096//2676
f  923//2677 1096//2677 939//2677
f  939//2678 1096//2678 1228//2678
f  939//2679 1228//2679 937//2679
f  937//2679 1228//2679 1227//2679
f  937//2680 1227//2680 935//2680
f  935//2681 1227//2681 1226//2681
f  935//2682 1226//2682 946//2682
f  1226//2683 1224//2683 946//2683
f  946//2684 1224//2684 1222//2684
f  946//2685 1222//2685 922//2685
f  922//2686 1222//2686 1220//2686
f  922//2687 1220//2687 1052//2687
f  1052//2688 1220//2688 1218//2688
f  1052//2689 1218//2689 1053//2689
f  1218//2690 1216//2690 1053//2690
f  1053//2691 1216//2691 1054//2691
f  1054//2692 1216//2692 1214//2692
f  1054//2693 1214//2693 1051//2693
f  1051//2694 1214//2694 1212//2694
f  1051//2695 1212//2695 1050//2695
f  1050//2695 1212//2695 1211//2695
f  1050//2696 1211//2696 1048//2696
f  1048//2697 1211//2697 1209//2697
f  1048//2697 1209//2697 1207//2697
f  1048//2698 1207//2698 1049//2698
f  1049//2699 1207//2699 1205//2699
f  1049//2700 1205//2700 1203//2700
f  1049//2701 1203//2701 1047//2701
f  1047//2702 1203//2702 1042//2702
f  1042//2703 1203//2703 1201//2703
f  1042//2704 1201//2704 1199//2704
f  1042//2705 1199//2705 1043//2705
f  1043//2706 1199//2706 1037//2706
f  1037//2707 1199//2707 1197//2707
f  1037//2708 1197//2708 1040//2708
f  1197//2709 1195//2709 1040//2709
f  1040//2710 1195//2710 1193//2710
f  1040//2711 1193//2711 1039//2711
f  1039//2712 1193//2712 1032//2712
f  1032//2713 1193//2713 1191//2713
f  1032//2714 1191//2714 1033//2714
f  1033//2715 1191//2715 1189//2715
f  1033//2716 1189//2716 1034//2716
f  1189//2717 1188//2717 1034//2717
f  1034//2718 1188//2718 1186//2718
f  1034//2719 1186//2719 1028//2719
f  1028//2720 1186//2720 1184//2720
f  1028//2721 1184//2721 1182//2721
f  1028//2722 1182//2722 1029//2722
f  1029//2723 1182//2723 1030//2723
f  1030//2724 1182//2724 1181//2724
f  1030//2725 1181//2725 1179//2725
f  1030//2726 1179//2726 1031//2726
f  1031//2727 1179//2727 1177//2727
f  1031//2728 1177//2728 1025//2728
f  1025//2729 1177//2729 1176//2729
f  1025//2730 1176//2730 1026//2730
f  1176//2731 1174//2731 1026//2731
f  1026//2732 1174//2732 1173//2732
f  1026//2733 1173//2733 1012//2733
f  1173//2734 1171//2734 1012//2734
f  1012//2735 1171//2735 1170//2735
f  1012//2736 1170//2736 1168//2736
f  1012//2737 1168//2737 1019//2737
f  1019//2738 1168//2738 1167//2738
f  1019//2739 1167//2739 1021//2739
f  1021//2740 1167//2740 1165//2740
f  1165//2741 1164//2741 1021//2741
f  1021//2742 1164//2742 1162//2742
f  1021//2743 1162//2743 1023//2743
f  1023//2744 1162//2744 1160//2744
f  1023//2745 1160//2745 1016//2745
f  1016//2746 1160//2746 1158//2746
f  1784//2747 1425//2747 1785//2747
f  1785//2748 1425//2748 1423//2748
f  1785//2749 1423//2749 1786//2749
f  1423//2750 1422//2750 1786//2750
f  1786//2751 1422//2751 1420//2751
f  1786//2752 1420//2752 1787//2752
f  1787//2753 1420//2753 1418//2753
f  1787//2754 1418//2754 1788//2754
f  1418//2755 1416//2755 1788//2755
f  1788//2756 1416//2756 1789//2756
f  1416//2757 1414//2757 1789//2757
f  1789//2758 1414//2758 1412//2758
f  1789//2759 1412//2759 1790//2759
f  1790//2760 1412//2760 1410//2760
f  1790//2761 1410//2761 1791//2761
f  1410//2762 1409//2762 1791//2762
f  1791//2763 1409//2763 1407//2763
f  1791//2764 1407//2764 1792//2764
f  1792//2765 1407//2765 1405//2765
f  1792//2766 1405//2766 1793//2766
f  1405//2767 1403//2767 1793//2767
f  1793//2768 1403//2768 1794//2768
f  1403//2769 1401//2769 1794//2769
f  1794//2770 1401//2770 1399//2770
f  1794//2771 1399//2771 1795//2771
f  1795//2772 1399//2772 1397//2772
f  1795//2773 1397//2773 1796//2773
f  1397//2774 1396//2774 1796//2774
f  1796//2775 1396//2775 1394//2775
f  1796//2776 1394//2776 1797//2776
f  1797//2777 1394//2777 1392//2777
f  1797//2778 1392//2778 1798//2778
f  1392//2779 1390//2779 1798//2779
f  1798//2780 1390//2780 1799//2780
f  1390//2781 1388//2781 1799//2781
f  1799//2782 1388//2782 1385//2782
f  1799//2783 1385//2783 1800//2783
f  1800//2784 1385//2784 1801//2784
f  1385//2785 1384//2785 1801//2785
f  1801//2786 1384//2786 1382//2786
f  1801//2787 1382//2787 1802//2787
f  1802//2788 1382//2788 1803//2788
f  1382//2789 1380//2789 1803//2789
f  1803//2790 1380//2790 1804//2790
f  1804//2791 1380//2791 1372//2791
f  1804//2792 1372//2792 1805//2792
f  1372//2793 1379//2793 1805//2793
f  1805//2794 1379//2794 1806//2794
f  1379//2795 1377//2795 1806//2795
f  1806//2796 1377//2796 1375//2796
f  1806//2797 1375//2797 1807//2797
f  1807//2798 1375//2798 1808//2798
f  1375//2799 1373//2799 1808//2799
f  1808//2800 1373//2800 1809//2800
f  1809//2801 1373//2801 1359//2801
f  1809//2802 1359//2802 1810//2802
f  1359//2803 1369//2803 1810//2803
f  1810//2804 1369//2804 1811//2804
f  1369//2805 1367//2805 1811//2805
f  1811//2806 1367//2806 1365//2806
f  1811//2806 1365//2806 1812//2806
f  1812//2807 1365//2807 1813//2807
f  1365//2808 1363//2808 1813//2808
f  1813//2809 1363//2809 1488//2809
f  1813//2810 1488//2810 1814//2810
f  1814//2811 1488//2811 1487//2811
f  1814//2812 1487//2812 1815//2812
f  1487//2813 1494//2813 1815//2813
f  1815//2814 1494//2814 1816//2814
f  1494//2815 1493//2815 1816//2815
f  1816//2816 1493//2816 1491//2816
f  1816//2817 1491//2817 1817//2817
f  1817//2818 1491//2818 1818//2818
f  1491//2819 1489//2819 1818//2819
f  1818//2820 1489//2820 1477//2820
f  1818//2821 1477//2821 1819//2821
f  1819//2822 1477//2822 1820//2822
f  1477//2823 1485//2823 1820//2823
f  1820//2824 1485//2824 1821//2824
f  1485//2825 1484//2825 1821//2825
f  1821//2826 1484//2826 1482//2826
f  1821//2827 1482//2827 1822//2827
f  1822//2828 1482//2828 1823//2828
f  1482//2829 1480//2829 1823//2829
f  1823//2830 1480//2830 1467//2830
f  1823//2831 1467//2831 1824//2831
f  1824//2832 1467//2832 1825//2832
f  1467//2833 1476//2833 1825//2833
f  1825//2834 1476//2834 1826//2834
f  1826//2835 1476//2835 1475//2835
f  1826//2836 1475//2836 1827//2836
f  1475//2837 1472//2837 1827//2837
f  1827//2838 1472//2838 1828//2838
f  1472//2838 1470//2838 1828//2838
f  1828//2839 1470//2839 1454//2839
f  1828//2840 1454//2840 1829//2840
f  1829//2841 1454//2841 1830//2841
f  1454//2842 1466//2842 1830//2842
f  1830//2843 1466//2843 1465//2843
f  1830//2844 1465//2844 1831//2844
f  1831//2845 1465//2845 1463//2845
f  1831//2846 1463//2846 1832//2846
f  1463//2847 1461//2847 1832//2847
f  1832//2848 1461//2848 1459//2848
f  1832//2849 1459//2849 1833//2849
f  1459//2850 1457//2850 1833//2850
f  1833//2851 1457//2851 1445//2851
f  1833//2852 1445//2852 1834//2852
f  1834//2853 1445//2853 1835//2853
f  1445//2854 1453//2854 1835//2854
f  1835//2855 1453//2855 1452//2855
f  1835//2856 1452//2856 1836//2856
f  1836//2857 1452//2857 1450//2857
f  1836//2858 1450//2858 1837//2858
f  1450//2859 1448//2859 1837//2859
f  1837//2860 1448//2860 1838//2860
f  1448//2861 1443//2861 1838//2861
f  1838//2862 1443//2862 1440//2862
f  1838//2863 1440//2863 1839//2863
f  1839//2864 1440//2864 1840//2864
f  1440//2865 1439//2865 1840//2865
f  1840//2866 1439//2866 1437//2866
f  1840//2867 1437//2867 1841//2867
f  1841//2868 1437//2868 1435//2868
f  1841//2869 1435//2869 1842//2869
f  1435//2870 1433//2870 1842//2870
f  1842//2871 1433//2871 1843//2871
f  1843//2872 1433//2872 1431//2872
f  1843//2873 1431//2873 1844//2873
f  1844//2874 1431//2874 1429//2874
f  1844//2875 1429//2875 1784//2875
f  1784//2876 1429//2876 1427//2876
f  1784//2877 1427//2877 1425//2877
f  1843//2878 1845//2878 1842//2878
f  1842//2879 1845//2879 1846//2879
f  1842//2880 1846//2880 1841//2880
f  1841//2881 1846//2881 1847//2881
f  1841//2882 1847//2882 1840//2882
f  1840//2883 1847//2883 1848//2883
f  1840//2884 1848//2884 1839//2884
f  1839//2885 1848//2885 1849//2885
f  1839//2886 1849//2886 1838//2886
f  1838//2887 1849//2887 1850//2887
f  1838//2888 1850//2888 1837//2888
f  1837//2889 1850//2889 1851//2889
f  1837//2890 1851//2890 1836//2890
f  1836//2891 1851//2891 1852//2891
f  1836//2892 1852//2892 1835//2892
f  1835//2893 1852//2893 1853//2893
f  1835//2894 1853//2894 1834//2894
f  1834//2895 1853//2895 1854//2895
f  1834//2896 1854//2896 1833//2896
f  1833//2897 1854//2897 1855//2897
f  1833//2898 1855//2898 1832//2898
f  1832//2899 1855//2899 1856//2899
f  1832//2900 1856//2900 1831//2900
f  1831//2901 1856//2901 1857//2901
f  1831//2902 1857//2902 1830//2902
f  1830//2903 1857//2903 1858//2903
f  1830//2904 1858//2904 1829//2904
f  1829//2905 1858//2905 1859//2905
f  1829//2906 1859//2906 1828//2906
f  1828//2907 1859//2907 1860//2907
f  1828//2908 1860//2908 1827//2908
f  1827//2909 1860//2909 1861//2909
f  1827//2910 1861//2910 1826//2910
f  1826//2911 1861//2911 1862//2911
f  1826//2912 1862//2912 1825//2912
f  1825//2913 1862//2913 1863//2913
f  1825//2914 1863//2914 1824//2914
f  1824//2915 1863//2915 1864//2915
f  1824//2916 1864//2916 1823//2916
f  1823//2917 1864//2917 1865//2917
f  1823//2918 1865//2918 1822//2918
f  1822//2919 1865//2919 1866//2919
f  1822//2920 1866//2920 1821//2920
f  1821//2921 1866//2921 1867//2921
f  1821//2922 1867//2922 1820//2922
f  1820//2923 1867//2923 1868//2923
f  1820//2924 1868//2924 1819//2924
f  1819//2925 1868//2925 1869//2925
f  1819//2926 1869//2926 1818//2926
f  1818//2927 1869//2927 1870//2927
f  1818//2928 1870//2928 1817//2928
f  1817//2929 1870//2929 1871//2929
f  1817//2930 1871//2930 1816//2930
f  1816//2931 1871//2931 1872//2931
f  1816//2932 1872//2932 1815//2932
f  1815//2933 1872//2933 1873//2933
f  1815//2934 1873//2934 1814//2934
f  1814//2935 1873//2935 1874//2935
f  1814//2936 1874//2936 1813//2936
f  1813//2936 1874//2936 1875//2936
f  1813//2937 1875//2937 1812//2937
f  1812//2938 1875//2938 1876//2938
f  1812//2939 1876//2939 1811//2939
f  1811//2940 1876//2940 1877//2940
f  1811//2941 1877//2941 1810//2941
f  1810//2942 1877//2942 1878//2942
f  1810//2943 1878//2943 1809//2943
f  1809//2944 1878//2944 1879//2944
f  1809//2945 1879//2945 1808//2945
f  1808//2946 1879//2946 1880//2946
f  1808//2947 1880//2947 1807//2947
f  1807//2948 1880//2948 1881//2948
f  1807//2949 1881//2949 1806//2949
f  1806//2950 1881//2950 1882//2950
f  1806//2951 1882//2951 1805//2951
f  1805//2952 1882//2952 1883//2952
f  1805//2953 1883//2953 1804//2953
f  1804//2954 1883//2954 1884//2954
f  1804//2955 1884//2955 1803//2955
f  1803//2956 1884//2956 1885//2956
f  1803//2957 1885//2957 1802//2957
f  1802//2958 1885//2958 1886//2958
f  1802//2959 1886//2959 1801//2959
f  1801//2960 1886//2960 1887//2960
f  1801//2961 1887//2961 1800//2961
f  1800//2962 1887//2962 1888//2962
f  1800//2963 1888//2963 1799//2963
f  1799//2964 1888//2964 1889//2964
f  1799//2965 1889//2965 1798//2965
f  1798//2966 1889//2966 1890//2966
f  1798//2967 1890//2967 1797//2967
f  1797//2968 1890//2968 1891//2968
f  1797//2969 1891//2969 1796//2969
f  1796//2970 1891//2970 1892//2970
f  1796//2971 1892//2971 1795//2971
f  1795//2972 1892//2972 1893//2972
f  1795//2973 1893//2973 1794//2973
f  1794//2974 1893//2974 1894//2974
f  1794//2975 1894//2975 1793//2975
f  1793//2976 1894//2976 1895//2976
f  1793//2977 1895//2977 1792//2977
f  1792//2978 1895//2978 1896//2978
f  1792//2979 1896//2979 1791//2979
f  1791//2980 1896//2980 1897//2980
f  1791//2981 1897//2981 1790//2981
f  1790//2982 1897//2982 1898//2982
f  1790//2983 1898//2983 1789//2983
f  1789//2984 1898//2984 1899//2984
f  1789//2985 1899//2985 1788//2985
f  1788//2986 1899//2986 1900//2986
f  1788//2987 1900//2987 1787//2987
f  1787//2988 1900//2988 1901//2988
f  1787//2989 1901//2989 1786//2989
f  1786//2990 1901//2990 1902//2990
f  1786//2991 1902//2991 1785//2991
f  1785//2992 1902//2992 1903//2992
f  1785//2993 1903//2993 1784//2993
f  1784//2994 1903//2994 1904//2994
f  1784//2995 1904//2995 1844//2995
f  1844//2996 1904//2996 1905//2996
f  1844//2997 1905//2997 1843//2997
f  1843//2998 1905//2998 1845//2998
f  1845//2999 1906//2999 1846//2999
f  1846//3000 1906//3000 1907//3000
f  1846//3001 1907//3001 1847//3001
f  1847//3002 1907//3002 1908//3002
f  1847//3003 1908//3003 1848//3003
f  1848//3004 1908//3004 1909//3004
f  1848//3005 1909//3005 1849//3005
f  1849//3006 1909//3006 1910//3006
f  1849//3007 1910//3007 1850//3007
f  1850//3008 1910//3008 1911//3008
f  1850//3009 1911//3009 1851//3009
f  1851//3010 1911//3010 1912//3010
f  1851//3011 1912//3011 1852//3011
f  1852//3012 1912//3012 1913//3012
f  1852//3013 1913//3013 1853//3013
f  1853//3014 1913//3014 1914//3014
f  1853//3015 1914//3015 1854//3015
f  1854//3016 1914//3016 1915//3016
f  1854//3017 1915//3017 1855//3017
f  1855//3018 1915//3018 1916//3018
f  1855//3019 1916//3019 1856//3019
f  1856//3020 1916//3020 1917//3020
f  1856//3021 1917//3021 1857//3021
f  1857//3022 1917//3022 1918//3022
f  1857//3023 1918//3023 1858//3023
f  1858//3024 1918//3024 1919//3024
f  1858//3025 1919//3025 1859//3025
f  1859//3026 1919//3026 1920//3026
f  1859//3027 1920//3027 1860//3027
f  1860//3028 1920//3028 1921//3028
f  1860//3029 1921//3029 1861//3029
f  1861//3030 1921//3030 1922//3030
f  1861//3031 1922//3031 1862//3031
f  1862//3032 1922//3032 1923//3032
f  1862//3033 1923//3033 1863//3033
f  1863//3034 1923//3034 1924//3034
f  1863//3035 1924//3035 1864//3035
f  1864//3036 1924//3036 1925//3036
f  1864//3037 1925//3037 1865//3037
f  1865//3038 1925//3038 1926//3038
f  1865//3039 1926//3039 1866//3039
f  1866//3040 1926//3040 1927//3040
f  1866//3041 1927//3041 1867//3041
f  1867//3042 1927//3042 1928//3042
f  1867//3043 1928//3043 1868//3043
f  1868//3044 1928//3044 1929//3044
f  1868//3045 1929//3045 1869//3045
f  1869//3045 1929//3045 1930//3045
f  1869//3046 1930//3046 1870//3046
f  1870//3047 1930//3047 1931//3047
f  1870//3048 1931//3048 1871//3048
f  1871//3049 1931//3049 1932//3049
f  1871//3050 1932//3050 1872//3050
f  1872//3051 1932//3051 1933//3051
f  1872//3052 1933//3052 1873//3052
f  1873//3053 1933//3053 1934//3053
f  1873//3054 1934//3054 1874//3054
f  1874//3055 1934//3055 1935//3055
f  1874//3056 1935//3056 1875//3056
f  1875//3056 1935//3056 1936//3056
f  1875//3057 1936//3057 1876//3057
f  1876//3058 1936//3058 1937//3058
f  1876//3059 1937//3059 1877//3059
f  1877//3060 1937//3060 1938//3060
f  1877//3061 1938//3061 1878//3061
f  1878//3062 1938//3062 1939//3062
f  1878//3063 1939//3063 1879//3063
f  1879//3064 1939//3064 1940//3064
f  1879//3065 1940//3065 1880//3065
f  1880//3066 1940//3066 1941//3066
f  1880//3067 1941//3067 1881//3067
f  1881//3067 1941//3067 1942//3067
f  1881//3068 1942//3068 1882//3068
f  1882//3069 1942//3069 1943//3069
f  1882//3070 1943//3070 1883//3070
f  1883//3071 1943//3071 1944//3071
f  1883//3072 1944//3072 1884//3072
f  1884//3073 1944//3073 1945//3073
f  1884//3074 1945//3074 1885//3074
f  1885//3075 1945//3075 1946//3075
f  1885//3076 1946//3076 1886//3076
f  1886//3077 1946//3077 1947//3077
f  1886//3078 1947//3078 1887//3078
f  1887//3079 1947//3079 1948//3079
f  1887//3080 1948//3080 1888//3080
f  1888//3081 1948//3081 1949//3081
f  1888//3082 1949//3082 1889//3082
f  1889//3083 1949//3083 1950//3083
f  1889//3084 1950//3084 1890//3084
f  1890//3085 1950//3085 1951//3085
f  1890//3086 1951//3086 1891//3086
f  1891//3087 1951//3087 1952//3087
f  1891//3088 1952//3088 1892//3088
f  1892//3089 1952//3089 1953//3089
f  1892//3090 1953//3090 1893//3090
f  1893//3091 1953//3091 1954//3091
f  1893//3092 1954//3092 1894//3092
f  1894//3093 1954//3093 1955//3093
f  1894//3094 1955//3094 1895//3094
f  1895//3095 1955//3095 1956//3095
f  1895//3096 1956//3096 1896//3096
f  1896//3097 1956//3097 1957//3097
f  1896//3098 1957//3098 1897//3098
f  1897//3099 1957//3099 1958//3099
f  1897//3100 1958//3100 1898//3100
f  1898//3101 1958//3101 1959//3101
f  1898//3102 1959//3102 1899//3102
f  1899//3103 1959//3103 1960//3103
f  1899//3104 1960//3104 1900//3104
f  1900//3105 1960//3105 1961//3105
f  1900//3106 1961//3106 1901//3106
f  1901//3107 1961//3107 1962//3107
f  1901//3108 1962//3108 1902//3108
f  1902//3109 1962//3109 1963//3109
f  1902//3110 1963//3110 1903//3110
f  1903//3111 1963//3111 1964//3111
f  1903//3112 1964//3112 1904//3112
f  1904//3113 1964//3113 1965//3113
f  1904//3114 1965//3114 1905//3114
f  1905//3115 1965//3115 1966//3115
f  1905//3116 1966//3116 1845//3116
f  1845//3117 1966//3117 1906//3117
f  1906//3118 1967//3118 1907//3118
f  1907//3119 1967//3119 1968//3119
f  1907//3120 1968//3120 1908//3120
f  1908//3121 1968//3121 1969//3121
f  1908//3122 1969//3122 1909//3122
f  1909//3123 1969//3123 1970//3123
f  1909//3124 1970//3124 1910//3124
f  1910//3125 1970//3125 1971//3125
f  1910//3126 1971//3126 1911//3126
f  1911//3127 1971//3127 1972//3127
f  1911//3128 1972//3128 1912//3128
f  1912//3129 1972//3129 1973//3129
f  1912//3130 1973//3130 1913//3130
f  1913//3131 1973//3131 1974//3131
f  1913//3132 1974//3132 1914//3132
f  1914//3133 1974//3133 1975//3133
f  1914//3134 1975//3134 1915//3134
f  1915//3135 1975//3135 1976//3135
f  1915//3136 1976//3136 1916//3136
f  1916//3137 1976//3137 1977//3137
f  1916//3138 1977//3138 1917//3138
f  1917//3139 1977//3139 1978//3139
f  1917//3140 1978//3140 1918//3140
f  1918//3140 1978//3140 1979//3140
f  1918//3141 1979//3141 1919//3141
f  1919//3142 1979//3142 1980//3142
f  1919//3143 1980//3143 1920//3143
f  1920//3144 1980//3144 1981//3144
f  1920//3145 1981//3145 1921//3145
f  1921//3146 1981//3146 1982//3146
f  1921//3147 1982//3147 1922//3147
f  1922//3148 1982//3148 1983//3148
f  1922//3149 1983//3149 1923//3149
f  1923//3150 1983//3150 1984//3150
f  1923//3151 1984//3151 1924//3151
f  1924//3152 1984//3152 1985//3152
f  1924//3153 1985//3153 1925//3153
f  1925//3154 1985//3154 1986//3154
f  1925//3155 1986//3155 1926//3155
f  1926//3156 1986//3156 1987//3156
f  1926//3157 1987//3157 1927//3157
f  1927//3158 1987//3158 1988//3158
f  1927//3159 1988//3159 1928//3159
f  1928//3160 1988//3160 1989//3160
f  1928//3161 1989//3161 1929//3161
f  1929//3162 1989//3162 1990//3162
f  1929//3163 1990//3163 1930//3163
f  1930//3164 1990//3164 1991//3164
f  1930//3165 1991//3165 1931//3165
f  1931//3166 1991//3166 1992//3166
f  1931//3167 1992//3167 1932//3167
f  1932//3168 1992//3168 1993//3168
f  1932//3169 1993//3169 1933//3169
f  1933//3170 1993//3170 1994//3170
f  1933//3171 1994//3171 1934//3171
f  1934//3172 1994//3172 1995//3172
f  1934//3173 1995//3173 1935//3173
f  1935//3174 1995//3174 1996//3174
f  1935//3175 1996//3175 1936//3175
f  1936//3175 1996//3175 1997//3175
f  1936//3176 1997//3176 1937//3176
f  1937//3177 1997//3177 1998//3177
f  1937//3178 1998//3178 1938//3178
f  1938//3179 1998//3179 1999//3179
f  1938//3180 1999//3180 1939//3180
f  1939//3181 1999//3181 2000//3181
f  1939//3182 2000//3182 1940//3182
f  1940//3183 2000//3183 2001//3183
f  1940//3184 2001//3184 1941//3184
f  1941//3185 2001//3185 2002//3185
f  1941//3186 2002//3186 1942//3186
f  1942//3187 2002//3187 2003//3187
f  1942//3188 2003//3188 1943//3188
f  1943//3189 2003//3189 2004//3189
f  1943//3190 2004//3190 1944//3190
f  1944//3191 2004//3191 2005//3191
f  1944//3192 2005//3192 1945//3192
f  1945//3193 2005//3193 2006//3193
f  1945//3194 2006//3194 1946//3194
f  1946//3195 2006//3195 2007//3195
f  1946//3196 2007//3196 1947//3196
f  1947//3197 2007//3197 2008//3197
f  1947//3198 2008//3198 1948//3198
f  1948//3199 2008//3199 2009//3199
f  1948//3200 2009//3200 1949//3200
f  1949//3201 2009//3201 2010//3201
f  1949//3202 2010//3202 1950//3202
f  1950//3203 2010//3203 2011//3203
f  1950//3204 2011//3204 1951//3204
f  1951//3205 2011//3205 2012//3205
f  1951//3206 2012//3206 1952//3206
f  1952//3207 2012//3207 2013//3207
f  1952//3208 2013//3208 1953//3208
f  1953//3209 2013//3209 2014//3209
f  1953//3210 2014//3210 1954//3210
f  1954//3210 2014//3210 2015//3210
f  1954//3211 2015//3211 1955//3211
f  1955//3212 2015//3212 2016//3212
f  1955//3213 2016//3213 1956//3213
f  1956//3214 2016//3214 2017//3214
f  1956//3215 2017//3215 1957//3215
f  1957//3216 2017//3216 2018//3216
f  1957//3217 2018//3217 1958//3217
f  1958//3218 2018//3218 2019//3218
f  1958//3219 2019//3219 1959//3219
f  1959//3220 2019//3220 2020//3220
f  1959//3221 2020//3221 1960//3221
f  1960//3222 2020//3222 2021//3222
f  1960//3223 2021//3223 1961//3223
f  1961//3224 2021//3224 2022//3224
f  1961//3225 2022//3225 1962//3225
f  1962//3226 2022//3226 2023//3226
f  1962//3227 2023//3227 1963//3227
f  1963//3228 2023//3228 2024//3228
f  1963//3229 2024//3229 1964//3229
f  1964//3230 2024//3230 2025//3230
f  1964//3231 2025//3231 1965//3231
f  1965//3232 2025//3232 2026//3232
f  1965//3233 2026//3233 1966//3233
f  1966//3234 2026//3234 2027//3234
f  1966//3235 2027//3235 1906//3235
f  1906//3236 2027//3236 1967//3236
f  1967//3237 2028//3237 1968//3237
f  1968//3238 2028//3238 2029//3238
f  1968//3239 2029//3239 1969//3239
f  1969//3240 2029//3240 2030//3240
f  1969//3241 2030//3241 1970//3241
f  1970//3242 2030//3242 2031//3242
f  1970//3243 2031//3243 1971//3243
f  1971//3244 2031//3244 2032//3244
f  1971//3245 2032//3245 1972//3245
f  1972//3246 2032//3246 2033//3246
f  1972//3247 2033//3247 1973//3247
f  1973//3248 2033//3248 2034//3248
f  1973//3249 2034//3249 1974//3249
f  1974//3250 2034//3250 2035//3250
f  1974//3251 2035//3251 1975//3251
f  1975//3252 2035//3252 2036//3252
f  1975//3253 2036//3253 1976//3253
f  1976//3254 2036//3254 2037//3254
f  1976//3255 2037//3255 1977//3255
f  1977//3256 2037//3256 2038//3256
f  1977//3257 2038//3257 1978//3257
f  1978//3258 2038//3258 2039//3258
f  1978//3259 2039//3259 1979//3259
f  1979//3260 2039//3260 2040//3260
f  1979//3261 2040//3261 1980//3261
f  1980//3262 2040//3262 2041//3262
f  1980//3263 2041//3263 1981//3263
f  1981//3264 2041//3264 2042//3264
f  1981//3265 2042//3265 1982//3265
f  1982//3266 2042//3266 2043//3266
f  1982//3267 2043//3267 1983//3267
f  1983//3268 2043//3268 2044//3268
f  1983//3269 2044//3269 1984//3269
f  1984//3270 2044//3270 2045//3270
f  1984//3271 2045//3271 1985//3271
f  1985//3272 2045//3272 2046//3272
f  1985//3273 2046//3273 1986//3273
f  1986//3274 2046//3274 2047//3274
f  1986//3275 2047//3275 1987//3275
f  1987//3276 2047//3276 2048//3276
f  1987//3277 2048//3277 1988//3277
f  1988//3278 2048//3278 2049//3278
f  1988//3279 2049//3279 1989//3279
f  1989//3280 2049//3280 2050//3280
f  1989//3281 2050//3281 1990//3281
f  1990//3282 2050//3282 2051//3282
f  1990//3283 2051//3283 1991//3283
f  1991//3284 2051//3284 2052//3284
f  1991//3285 2052//3285 1992//3285
f  1992//3286 2052//3286 2053//3286
f  1992//3287 2053//3287 1993//3287
f  1993//3288 2053//3288 2054//3288
f  1993//3289 2054//3289 1994//3289
f  1994//3290 2054//3290 2055//3290
f  1994//3291 2055//3291 1995//3291
f  1995//3292 2055//3292 2056//3292
f  1995//3293 2056//3293 1996//3293
f  1996//3294 2056//3294 2057//3294
f  1996//3295 2057//3295 1997//3295
f  1997//3295 2057//3295 2058//3295
f  1997//3296 2058//3296 1998//3296
f  1998//3297 2058//3297 2059//3297
f  1998//3298 2059//3298 1999//3298
f  1999//3299 2059//3299 2060//3299
f  1999//3300 2060//3300 2000//3300
f  2000//3301 2060//3301 2061//3301
f  2000//3302 2061//3302 2001//3302
f  2001//3303 2061//3303 2062//3303
f  2001//3304 2062//3304 2002//3304
f  2002//3305 2062//3305 2063//3305
f  2002//3306 2063//3306 2003//3306
f  2003//3307 2063//3307 2064//3307
f  2003//3308 2064//3308 2004//3308
f  2004//3308 2064//3308 2065//3308
f  2004//3309 2065//3309 2005//3309
f  2005//3310 2065//3310 2066//3310
f  2005//3311 2066//3311 2006//3311
f  2006//3312 2066//3312 2067//3312
f  2006//3313 2067//3313 2007//3313
f  2007//3314 2067//3314 2068//3314
f  2007//3315 2068//3315 2008//3315
f  2008//3316 2068//3316 2069//3316
f  2008//3317 2069//3317 2009//3317
f  2009//3318 2069//3318 2070//3318
f  2009//3319 2070//3319 2010//3319
f  2010//3319 2070//3319 2071//3319
f  2010//3320 2071//3320 2011//3320
f  2011//3321 2071//3321 2072//3321
f  2011//3322 2072//3322 2012//3322
f  2012//3323 2072//3323 2073//3323
f  2012//3324 2073//3324 2013//3324
f  2013//3325 2073//3325 2074//3325
f  2013//3326 2074//3326 2014//3326
f  2014//3327 2074//3327 2075//3327
f  2014//3328 2075//3328 2015//3328
f  2015//3329 2075//3329 2076//3329
f  2015//3330 2076//3330 2016//3330
f  2016//3331 2076//3331 2077//3331
f  2016//3332 2077//3332 2017//3332
f  2017//3333 2077//3333 2078//3333
f  2017//3334 2078//3334 2018//3334
f  2018//3335 2078//3335 2079//3335
f  2018//3336 2079//3336 2019//3336
f  2019//3337 2079//3337 2080//3337
f  2019//3338 2080//3338 2020//3338
f  2020//3339 2080//3339 2081//3339
f  2020//3340 2081//3340 2021//3340
f  2021//3341 2081//3341 2082//3341
f  2021//3342 2082//3342 2022//3342
f  2022//3343 2082//3343 2083//3343
f  2022//3344 2083//3344 2023//3344
f  2023//3345 2083//3345 2084//3345
f  2023//3346 2084//3346 2024//3346
f  2024//3347 2084//3347 2085//3347
f  2024//3348 2085//3348 2025//3348
f  2025//3349 2085//3349 2086//3349
f  2025//3350 2086//3350 2026//3350
f  2026//3351 2086//3351 2087//3351
f  2026//3352 2087//3352 2027//3352
f  2027//3353 2087//3353 2088//3353
f  2027//3354 2088//3354 1967//3354
f  1967//3355 2088//3355 2028//3355
f  2028//3356 2089//3356 2029//3356
f  2029//3357 2089//3357 2090//3357
f  2029//3358 2090//3358 2030//3358
f  2030//3358 2090//3358 2091//3358
f  2030//3359 2091//3359 2031//3359
f  2031//3360 2091//3360 2092//3360
f  2031//3361 2092//3361 2032//3361
f  2032//3362 2092//3362 2093//3362
f  2032//3363 2093//3363 2033//3363
f  2033//3364 2093//3364 2094//3364
f  2033//3365 2094//3365 2034//3365
f  2034//3366 2094//3366 2095//3366
f  2034//3367 2095//3367 2035//3367
f  2035//3368 2095//3368 2096//3368
f  2035//3369 2096//3369 2036//3369
f  2036//3370 2096//3370 2097//3370
f  2036//3371 2097//3371 2037//3371
f  2037//3372 2097//3372 2098//3372
f  2037//3373 2098//3373 2038//3373
f  2038//3374 2098//3374 2099//3374
f  2038//3375 2099//3375 2039//3375
f  2039//3376 2099//3376 2100//3376
f  2039//3377 2100//3377 2040//3377
f  2040//3378 2100//3378 2101//3378
f  2040//3379 2101//3379 2041//3379
f  2041//3380 2101//3380 2102//3380
f  2041//3381 2102//3381 2042//3381
f  2042//3382 2102//3382 2103//3382
f  2042//3383 2103//3383 2043//3383
f  2043//3384 2103//3384 2104//3384
f  2043//3385 2104//3385 2044//3385
f  2044//3386 2104//3386 2105//3386
f  2044//3387 2105//3387 2045//3387
f  2045//3388 2105//3388 2106//3388
f  2045//3389 2106//3389 2046//3389
f  2046//3390 2106//3390 2107//3390
f  2046//3391 2107//3391 2047//3391
f  2047//3392 2107//3392 2108//3392
f  2047//3393 2108//3393 2048//3393
f  2048//3394 2108//3394 2109//3394
f  2048//3395 2109//3395 2049//3395
f  2049//3396 2109//3396 2110//3396
f  2049//3397 2110//3397 2050//3397
f  2050//3398 2110//3398 2111//3398
f  2050//3399 2111//3399 2051//3399
f  2051//3400 2111//3400 2112//3400
f  2051//3401 2112//3401 2052//3401
f  2052//3402 2112//3402 2113//3402
f  2052//3403 2113//3403 2053//3403
f  2053//3404 2113//3404 2114//3404
f  2053//3405 2114//3405 2054//3405
f  2054//3406 2114//3406 2115//3406
f  2054//3407 2115//3407 2055//3407
f  2055//3408 2115//3408 2116//3408
f  2055//3409 2116//3409 2056//3409
f  2056//3410 2116//3410 2117//3410
f  2056//3411 2117//3411 2057//3411
f  2057//3412 2117//3412 2118//3412
f  2057//3413 2118//3413 2058//3413
f  2058//3413 2118//3413 2119//3413
f  2058//3414 2119//3414 2059//3414
f  2059//3415 2119//3415 2120//3415
f  2059//3416 2120//3416 2060//3416
f  2060//3417 2120//3417 2121//3417
f  2060//3418 2121//3418 2061//3418
f  2061//3419 2121//3419 2122//3419
f  2061//3420 2122//3420 2062//3420
f  2062//3421 2122//3421 2123//3421
f  2062//3422 2123//3422 2063//3422
f  2063//3423 2123//3423 2124//3423
f  2063//3424 2124//3424 2064//3424
f  2064//3425 2124//3425 2125//3425
f  2064//3426 2125//3426 2065//3426
f  2065//3427 2125//3427 2126//3427
f  2065//3428 2126//3428 2066//3428
f  2066//3429 2126//3429 2127//3429
f  2066//3430 2127//3430 2067//3430
f  2067//3431 2127//3431 2128//3431
f  2067//3432 2128//3432 2068//3432
f  2068//3433 2128//3433 2129//3433
f  2068//3434 2129//3434 2069//3434
f  2069//3435 2129//3435 2130//3435
f  2069//3436 2130//3436 2070//3436
f  2070//3437 2130//3437 2131//3437
f  2070//3438 2131//3438 2071//3438
f  2071//3439 2131//3439 2132//3439
f  2071//3440 2132//3440 2072//3440
f  2072//3441 2132//3441 2133//3441
f  2072//3442 2133//3442 2073//3442
f  2073//3443 2133//3443 2134//3443
f  2073//3444 2134//3444 2074//3444
f  2074//3445 2134//3445 2135//3445
f  2074//3446 2135//3446 2075//3446
f  2075//3447 2135//3447 2136//3447
f  2075//3448 2136//3448 2076//3448
f  2076//3449 2136//3449 2137//3449
f  2076//3450 2137//3450 2077//3450
f  2077//3451 2137//3451 2138//3451
f  2077//3452 2138//3452 2078//3452
f  2078//3453 2138//3453 2139//3453
f  2078//3454 2139//3454 2079//3454
f  2079//3455 2139//3455 2140//3455
f  2079//3456 2140//3456 2080//3456
f  2080//3457 2140//3457 2141//3457
f  2080//3458 2141//3458 2081//3458
f  2081//3459 2141//3459 2142//3459
f  2081//3460 2142//3460 2082//3460
f  2082//3461 2142//3461 2143//3461
f  2082//3462 2143//3462 2083//3462
f  2083//3463 2143//3463 2144//3463
f  2083//3464 2144//3464 2084//3464
f  2084//3465 2144//3465 2145//3465
f  2084//3466 2145//3466 2085//3466
f  2085//3467 2145//3467 2146//3467
f  2085//3468 2146//3468 2086//3468
f  2086//3469 2146//3469 2147//3469
f  2086//3470 2147//3470 2087//3470
f  2087//3471 2147//3471 2148//3471
f  2087//3472 2148//3472 2088//3472
f  2088//3473 2148//3473 2149//3473
f  2088//3474 2149//3474 2028//3474
f  2028//3475 2149//3475 2089//3475
f  2089//3476 2150//3476 2090//3476
f  2090//3477 2150//3477 2151//3477
f  2090//3478 2151//3478 2091//3478
f  2091//3478 2151//3478 2152//3478
f  2091//3479 2152//3479 2092//3479
f  2092//3479 2152//3479 2153//3479
f  2092//3480 2153//3480 2093//3480
f  2093//3481 2153//3481 2154//3481
f  2093//3482 2154//3482 2094//3482
f  2094//3483 2154//3483 2155//3483
f  2094//3484 2155//3484 2095//3484
f  2095//3485 2155//3485 2096//3485
f  2096//3486 2155//3486 2156//3486
f  2096//3487 2156//3487 2097//3487
f  2097//3488 2156//3488 2098//3488
f  2098//3489 2156//3489 2157//3489
f  2098//3490 2157//3490 2099//3490
f  2099//3491 2157//3491 2158//3491
f  2099//3492 2158//3492 2100//3492
f  2100//3493 2158//3493 2101//3493
f  2101//3494 2158//3494 2159//3494
f  2101//3495 2159//3495 2102//3495
f  2102//3496 2159//3496 2160//3496
f  2102//3497 2160//3497 2103//3497
f  2103//3498 2160//3498 2161//3498
f  2103//3499 2161//3499 2104//3499
f  2104//3500 2161//3500 2162//3500
f  2104//3501 2162//3501 2105//3501
f  2105//3502 2162//3502 2163//3502
f  2105//3503 2163//3503 2106//3503
f  2106//3504 2163//3504 2107//3504
f  2107//3505 2163//3505 2164//3505
f  2107//3506 2164//3506 2108//3506
f  2108//3507 2164//3507 2109//3507
f  2109//3508 2164//3508 2165//3508
f  2109//3509 2165//3509 2110//3509
f  2110//3510 2165//3510 2166//3510
f  2110//3511 2166//3511 2111//3511
f  2111//3512 2166//3512 2112//3512
f  2112//3513 2166//3513 2167//3513
f  2112//3514 2167//3514 2113//3514
f  2113//3515 2167//3515 2168//3515
f  2113//3516 2168//3516 2114//3516
f  2114//3517 2168//3517 2169//3517
f  2114//3518 2169//3518 2115//3518
f  2115//3519 2169//3519 2170//3519
f  2115//3520 2170//3520 2116//3520
f  2116//3521 2170//3521 2171//3521
f  2116//3522 2171//3522 2117//3522
f  2117//3523 2171//3523 2172//3523
f  2117//3524 2172//3524 2118//3524
f  2118//3525 2172//3525 2173//3525
f  2118//3526 2173//3526 2119//3526
f  2119//3526 2173//3526 2174//3526
f  2119//3527 2174//3527 2120//3527
f  2120//3528 2174//3528 2175//3528
f  2120//3529 2175//3529 2121//3529
f  2121//3530 2175//3530 2176//3530
f  2121//3531 2176//3531 2122//3531
f  2122//3532 2176//3532 2177//3532
f  2122//3533 2177//3533 2123//3533
f  2123//3534 2177//3534 2178//3534
f  2123//3535 2178//3535 2124//3535
f  2124//3536 2178//3536 2179//3536
f  2124//3537 2179//3537 2125//3537
f  2125//3538 2179//3538 2180//3538
f  2125//3539 2180//3539 2126//3539
f  2126//3540 2180//3540 2127//3540
f  2127//3541 2180//3541 2181//3541
f  2127//3542 2181//3542 2128//3542
f  2128//3543 2181//3543 2182//3543
f  2128//3544 2182//3544 2129//3544
f  2129//3545 2182//3545 2130//3545
f  2130//3546 2182//3546 2183//3546
f  2130//3547 2183//3547 2131//3547
f  2131//3548 2183//3548 2132//3548
f  2132//3549 2183//3549 2184//3549
f  2132//3550 2184//3550 2133//3550
f  2133//3551 2184//3551 2185//3551
f  2133//3552 2185//3552 2134//3552
f  2134//3553 2185//3553 2186//3553
f  2134//3554 2186//3554 2135//3554
f  2135//3555 2186//3555 2136//3555
f  2136//3556 2186//3556 2187//3556
f  2136//3557 2187//3557 2137//3557
f  2137//3558 2187//3558 2138//3558
f  2138//3559 2187//3559 2188//3559
f  2138//3560 2188//3560 2139//3560
f  2139//3561 2188//3561 2140//3561
f  2140//3562 2188//3562 2189//3562
f  2140//3563 2189//3563 2141//3563
f  2141//3564 2189//3564 2142//3564
f  2142//3565 2189//3565 2190//3565
f  2142//3566 2190//3566 2143//3566
f  2143//3566 2190//3566 2191//3566
f  2143//3567 2191//3567 2144//3567
f  2144//3568 2191//3568 2192//3568
f  2144//3569 2192//3569 2145//3569
f  2145//3570 2192//3570 2193//3570
f  2145//3571 2193//3571 2146//3571
f  2146//3571 2193//3571 2194//3571
f  2146//3572 2194//3572 2147//3572
f  2147//3572 2194//3572 2195//3572
f  2147//3573 2195//3573 2148//3573
f  2148//3574 2195//3574 2196//3574
f  2148//3575 2196//3575 2149//3575
f  2149//3576 2196//3576 2197//3576
f  2149//3577 2197//3577 2089//3577
f  2089//3578 2197//3578 2150//3578
f  2150//3579 2198//3579 2151//3579
f  2151//3580 2198//3580 2152//3580
f  2152//3581 2198//3581 2199//3581
f  2152//3582 2199//3582 2153//3582
f  2153//3583 2199//3583 2154//3583
f  2154//3584 2199//3584 2200//3584
f  2154//3585 2200//3585 2155//3585
f  2155//3586 2200//3586 2201//3586
f  2155//3587 2201//3587 2156//3587
f  2156//3588 2201//3588 2202//3588
f  2156//3589 2202//3589 2157//3589
f  2157//3590 2202//3590 2158//3590
f  2158//3591 2202//3591 2203//3591
f  2158//3592 2203//3592 2159//3592
f  2159//3593 2203//3593 2204//3593
f  2159//3594 2204//3594 2160//3594
f  2160//3595 2204//3595 2161//3595
f  2161//3596 2204//3596 2205//3596
f  2161//3597 2205//3597 2162//3597
f  2162//3598 2205//3598 2206//3598
f  2162//3599 2206//3599 2163//3599
f  2163//3600 2206//3600 2207//3600
f  2163//3601 2207//3601 2164//3601
f  2164//3602 2207//3602 2208//3602
f  2164//3603 2208//3603 2165//3603
f  2165//3604 2208//3604 2166//3604
f  2166//3605 2208//3605 2209//3605
f  2166//3606 2209//3606 2167//3606
f  2167//3607 2209//3607 2210//3607
f  2167//3608 2210//3608 2168//3608
f  2168//3609 2210//3609 2211//3609
f  2168//3610 2211//3610 2169//3610
f  2169//3611 2211//3611 2170//3611
f  2170//3612 2211//3612 2212//3612
f  2170//3613 2212//3613 2171//3613
f  2171//3614 2212//3614 2213//3614
f  2171//3615 2213//3615 2172//3615
f  2172//3616 2213//3616 2173//3616
f  2173//3617 2213//3617 2214//3617
f  2173//3618 2214//3618 2174//3618
f  2174//3619 2214//3619 2215//3619
f  2174//3620 2215//3620 2175//3620
f  2175//3621 2215//3621 2176//3621
f  2176//3622 2215//3622 2216//3622
f  2176//3623 2216//3623 2177//3623
f  2177//3624 2216//3624 2178//3624
f  2178//3625 2216//3625 2217//3625
f  2178//3626 2217//3626 2179//3626
f  2179//3627 2217//3627 2180//3627
f  2180//3628 2217//3628 2218//3628
f  2180//3629 2218//3629 2181//3629
f  2181//3630 2218//3630 2219//3630
f  2181//3631 2219//3631 2182//3631
f  2182//3632 2219//3632 2220//3632
f  2182//3633 2220//3633 2183//3633
f  2183//3634 2220//3634 2221//3634
f  2183//3635 2221//3635 2184//3635
f  2184//3636 2221//3636 2222//3636
f  2184//3637 2222//3637 2185//3637
f  2185//3638 2222//3638 2186//3638
f  2186//3639 2222//3639 2223//3639
f  2186//3640 2223//3640 2224//3640
f  2186//3641 2224//3641 2187//3641
f  2187//3642 2224//3642 2225//3642
f  2187//3643 2225//3643 2188//3643
f  2188//3644 2225//3644 2226//3644
f  2188//3645 2226//3645 2189//3645
f  2189//3646 2226//3646 2227//3646
f  2189//3647 2227//3647 2190//3647
f  2190//3648 2227//3648 2228//3648
f  2190//3649 2228//3649 2191//3649
f  2191//3650 2228//3650 2192//3650
f  2192//3651 2228//3651 2229//3651
f  2192//3652 2229//3652 2193//3652
f  2193//3653 2229//3653 2230//3653
f  2193//3654 2230//3654 2194//3654
f  2194//3655 2230//3655 2195//3655
f  2195//3656 2230//3656 2231//3656
f  2195//3657 2231//3657 2196//3657
f  2196//3658 2231//3658 2232//3658
f  2196//3659 2232//3659 2197//3659
f  2197//3660 2232//3660 2150//3660
f  2150//3661 2232//3661 2198//3661
f  2198//3662 1287//3662 2199//3662
f  2199//3663 1287//3663 1284//3663
f  2199//3664 1284//3664 2200//3664
f  2200//3665 1284//3665 1283//3665
f  2200//3666 1283//3666 2201//3666
f  2201//3667 1283//3667 1327//3667
f  2201//3668 1327//3668 2202//3668
f  2202//3669 1327//3669 1330//3669
f  2202//3670 1330//3670 2203//3670
f  2203//3671 1330//3671 1333//3671
f  2203//3672 1333//3672 2204//3672
f  2204//3673 1333//3673 1336//3673
f  2204//3674 1336//3674 2205//3674
f  2205//3675 1336//3675 1298//3675
f  2205//3676 1298//3676 2206//3676
f  2206//3677 1298//3677 1296//3677
f  2206//3678 1296//3678 2207//3678
f  2207//3679 1296//3679 1279//3679
f  2207//3680 1279//3680 2208//3680
f  2208//3680 1279//3680 1276//3680
f  2208//3681 1276//3681 2209//3681
f  2209//3682 1276//3682 1274//3682
f  2209//3683 1274//3683 1273//3683
f  2209//3684 1273//3684 2210//3684
f  2210//3685 1273//3685 2211//3685
f  2211//3686 1273//3686 1272//3686
f  2211//3687 1272//3687 2212//3687
f  2212//3688 1272//3688 1270//3688
f  2212//3689 1270//3689 2213//3689
f  2213//3690 1270//3690 1304//3690
f  2213//3691 1304//3691 2214//3691
f  2214//3692 1304//3692 1306//3692
f  2214//3693 1306//3693 2215//3693
f  2215//3694 1306//3694 1310//3694
f  2215//3695 1310//3695 2216//3695
f  2216//3696 1310//3696 1317//3696
f  2216//3697 1317//3697 2217//3697
f  2217//3698 1317//3698 1315//3698
f  2217//3699 1315//3699 2218//3699
f  2218//3700 1315//3700 1318//3700
f  2218//3701 1318//3701 2219//3701
f  2219//3702 1318//3702 1321//3702
f  2219//3703 1321//3703 2220//3703
f  2220//3704 1321//3704 1324//3704
f  2220//3705 1324//3705 2221//3705
f  2221//3706 1324//3706 2222//3706
f  2222//3707 1324//3707 1342//3707
f  2222//3708 1342//3708 2223//3708
f  2223//3709 1342//3709 1356//3709
f  2223//3710 1356//3710 2224//3710
f  2224//3711 1356//3711 1353//3711
f  2224//3712 1353//3712 2225//3712
f  2225//3713 1353//3713 1350//3713
f  2225//3714 1350//3714 2226//3714
f  2226//3715 1350//3715 1347//3715
f  2226//3716 1347//3716 2227//3716
f  2227//3717 1347//3717 2228//3717
f  2228//3718 1347//3718 1344//3718
f  2228//3719 1344//3719 2229//3719
f  2229//3720 1344//3720 1343//3720
f  2229//3721 1343//3721 2230//3721
f  2230//3722 1343//3722 1293//3722
f  2230//3723 1293//3723 2231//3723
f  2231//3724 1293//3724 2232//3724
f  2232//3725 1293//3725 1290//3725
f  2232//3726 1290//3726 2198//3726
f  2198//3727 1290//3727 1287//3727
f  391//3728 393//3728 2233//3728
f  2234//3729 703//3729 797//3729
f  2234//3730 797//3730 2235//3730
f  396//3731 2233//3731 393//3731
f  800//3732 675//3732 2236//3732
f  396//3733 2237//3733 2233//3733
f  703//3734 2234//3734 2237//3734
f  703//3735 2237//3735 396//3735
f  391//3736 2233//3736 2238//3736
f  391//3737 2238//3737 2236//3737
f  391//3738 2236//3738 675//3738
f  2239//3739 787//3739 785//3739
f  2239//3740 785//3740 2240//3740
f  2240//3741 785//3741 783//3741
f  2240//3742 783//3742 2241//3742
f  2241//3743 783//3743 798//3743
f  2241//3744 798//3744 799//3744
f  2241//3745 799//3745 2242//3745
f  2242//3746 799//3746 800//3746
f  2242//3747 800//3747 2236//3747
f  2235//3748 797//3748 796//3748
f  2235//3749 796//3749 795//3749
f  2235//3750 795//3750 2243//3750
f  2243//3751 795//3751 794//3751
f  2243//3752 794//3752 2244//3752
f  2244//3753 794//3753 793//3753
f  2244//3754 793//3754 790//3754
f  2244//3755 790//3755 2239//3755
f  2239//3756 790//3756 788//3756
f  2239//3757 788//3757 787//3757
f  61//3758 2235//3758 3//3758
f  3//3759 2235//3759 1//3759
f  1//3760 2235//3760 5//3760
f  5//3761 2235//3761 2243//3761
f  5//3762 2243//3762 7//3762
f  7//3763 2243//3763 9//3763
f  9//3764 2243//3764 2244//3764
f  9//3765 2244//3765 11//3765
f  11//3766 2244//3766 13//3766
f  13//3767 2244//3767 15//3767
f  15//3768 2244//3768 2239//3768
f  15//3769 2239//3769 17//3769
f  17//3770 2239//3770 19//3770
f  19//3771 2239//3771 21//3771
f  21//3772 2239//3772 2240//3772
f  21//3773 2240//3773 24//3773
f  24//3774 2240//3774 26//3774
f  26//3775 2240//3775 2241//3775
f  26//3776 2241//3776 28//3776
f  28//3777 2241//3777 30//3777
f  30//3778 2241//3778 31//3778
f  31//3779 2241//3779 33//3779
f  33//3780 2241//3780 2242//3780
f  33//3781 2242//3781 35//3781
f  35//3782 2242//3782 37//3782
f  37//3783 2242//3783 2236//3783
f  37//3784 2236//3784 39//3784
f  39//3785 2236//3785 41//3785
f  41//3786 2236//3786 43//3786
f  43//3787 2236//3787 2238//3787
f  43//3788 2238//3788 45//3788
f  45//3789 2238//3789 48//3789
f  48//3790 2238//3790 2233//3790
f  48//3791 2233//3791 49//3791
f  49//3792 2233//3792 52//3792
f  52//3793 2233//3793 54//3793
f  54//3794 2233//3794 56//3794
f  56//3795 2233//3795 2237//3795
f  56//3796 2237//3796 57//3796
f  57//3797 2237//3797 73//3797
f  73//3798 2237//3798 71//3798
f  71//3799 2237//3799 69//3799
f  69//3800 2237//3800 2234//3800
f  69//3801 2234//3801 67//3801
f  67//3802 2234//3802 65//3802
f  65//3803 2234//3803 63//3803
f  63//3804 2234//3804 2235//3804
f  63//3805 2235//3805 61//3805
f  800//3806 412//3806 420//3806
f  420//3807 675//3807 800//3807
f  407//3808 406//3808 797//3808
f  407//3809 797//3809 703//3809
f  2245//3810 2246//3810 2247//3810
f  2248//3811 2249//3811 2250//3811
f  2247//3812 2251//3812 2245//3812
f  2245//3813 2251//3813 2252//3813
f  2245//3814 2252//3814 2253//3814
f  2253//3815 2252//3815 2254//3815
f  2253//3816 2254//3816 2249//3816
f  2249//3817 2254//3817 2255//3817
f  2249//3818 2255//3818 2256//3818
f  2257//3819 2258//3819 2259//3819
f  2257//3820 2259//3820 2260//3820
f  2261//3821 2262//3821 2263//3821
f  2261//3822 2263//3822 2264//3822
f  2263//3823 2265//3823 2264//3823
f  2264//3824 2265//3824 2257//3824
f  2257//3825 2265//3825 2258//3825
f  2262//3826 2261//3826 2266//3826
f  2262//3827 2266//3827 2267//3827
f  2267//3828 2266//3828 2268//3828
f  2269//3829 2270//3829 2271//3829
f  2269//3830 2271//3830 2272//3830
f  2271//3831 2273//3831 2272//3831
f  2272//3832 2273//3832 2268//3832
f  2268//3833 2273//3833 2274//3833
f  2268//3834 2274//3834 2267//3834
f  2270//3835 2269//3835 2275//3835
f  2276//3836 2277//3836 2278//3836
f  2277//3837 2279//3837 2278//3837
f  2278//3838 2279//3838 2275//3838
f  2275//3839 2279//3839 2280//3839
f  2275//3840 2280//3840 2270//3840
f  2277//3841 2276//3841 2281//3841
f  2281//3842 2276//3842 2282//3842
f  2281//3843 2282//3843 2283//3843
f  2283//3844 2282//3844 2284//3844
f  2285//3845 2286//3845 2287//3845
f  2286//3846 2288//3846 2287//3846
f  2287//3847 2288//3847 2284//3847
f  2284//3848 2288//3848 2289//3848
f  2284//3849 2289//3849 2283//3849
f  2286//3850 2285//3850 2290//3850
f  2290//3851 2285//3851 2291//3851
f  2290//3852 2291//3852 2292//3852
f  2292//3853 2291//3853 2293//3853
f  2294//3854 2295//3854 2293//3854
f  2293//3855 2295//3855 2296//3855
f  2293//3856 2296//3856 2292//3856
f  2295//3857 2294//3857 2297//3857
f  2297//3858 2294//3858 2298//3858
f  2297//3859 2298//3859 2299//3859
f  2299//3860 2298//3860 2300//3860
f  2299//3861 2300//3861 2301//3861
f  2301//3862 2300//3862 2302//3862
f  2303//3863 2304//3863 2305//3863
f  2304//3864 2306//3864 2305//3864
f  2305//3865 2306//3865 2302//3865
f  2302//3866 2306//3866 2307//3866
f  2302//3867 2307//3867 2301//3867
f  2304//3868 2303//3868 2308//3868
f  2308//3869 2303//3869 2309//3869
f  2308//3870 2309//3870 2310//3870
f  2310//3871 2309//3871 2311//3871
f  2312//3872 2313//3872 2311//3872
f  2311//3873 2313//3873 2314//3873
f  2311//3874 2314//3874 2310//3874
f  2249//3875 2256//3875 2250//3875
f  2250//3876 2256//3876 2313//3876
f  2250//3877 2313//3877 2312//3877
f  2251//3878 2247//3878 2315//3878
f  2315//3879 2247//3879 2316//3879
f  2315//3880 2316//3880 2317//3880
f  2317//3881 2316//3881 2318//3881
f  2319//3882 2320//3882 2321//3882
f  2320//3883 2322//3883 2321//3883
f  2321//3884 2322//3884 2318//3884
f  2318//3885 2322//3885 2323//3885
f  2318//3886 2323//3886 2317//3886
f  2320//3887 2319//3887 2324//3887
f  2324//3888 2319//3888 2325//3888
f  2324//3889 2325//3889 2326//3889
f  2326//3890 2325//3890 2327//3890
f  2328//3891 2329//3891 2327//3891
f  2327//3892 2329//3892 2330//3892
f  2327//3893 2330//3893 2326//3893
f  2260//3894 2259//3894 2331//3894
f  2260//3895 2331//3895 2332//3895
f  2332//3896 2331//3896 2333//3896
f  2332//3897 2333//3897 2328//3897
f  2328//3898 2333//3898 2334//3898
f  2328//3899 2334//3899 2329//3899
f  2335//3900 2336//3900 2337//3900
f  2335//3901 2337//3901 2338//3901
f  2338//3902 2337//3902 2339//3902
f  2338//3903 2339//3903 2340//3903
f  2340//3904 2339//3904 2246//3904
f  2246//3905 2339//3905 2341//3905
f  2246//3906 2341//3906 2247//3906
f  2247//3907 2341//3907 2342//3907
f  2247//3907 2342//3907 2316//3907
f  2316//3908 2342//3908 2343//3908
f  2316//3908 2343//3908 2318//3908
f  2318//3909 2343//3909 2344//3909
f  2318//3909 2344//3909 2321//3909
f  2321//3910 2344//3910 2345//3910
f  2321//3910 2345//3910 2319//3910
f  2319//3911 2345//3911 2346//3911
f  2319//3911 2346//3911 2325//3911
f  2325//3912 2346//3912 2347//3912
f  2325//3912 2347//3912 2327//3912
f  2327//3913 2347//3913 2348//3913
f  2327//3913 2348//3913 2328//3913
f  2328//3914 2348//3914 2349//3914
f  2328//3914 2349//3914 2332//3914
f  2332//3915 2349//3915 2350//3915
f  2332//3915 2350//3915 2260//3915
f  2260//3916 2350//3916 2351//3916
f  2260//3916 2351//3916 2257//3916
f  2257//3917 2351//3917 2352//3917
f  2257//3917 2352//3917 2264//3917
f  2264//3918 2352//3918 2353//3918
f  2264//3918 2353//3918 2261//3918
f  2261//3919 2353//3919 2354//3919
f  2261//3919 2354//3919 2266//3919
f  2266//3920 2354//3920 2355//3920
f  2266//3920 2355//3920 2268//3920
f  2268//3921 2355//3921 2356//3921
f  2268//3921 2356//3921 2272//3921
f  2272//3922 2356//3922 2357//3922
f  2272//3922 2357//3922 2269//3922
f  2269//3923 2357//3923 2358//3923
f  2269//3923 2358//3923 2275//3923
f  2275//3924 2358//3924 2359//3924
f  2275//3924 2359//3924 2278//3924
f  2278//3925 2359//3925 2360//3925
f  2278//3925 2360//3925 2276//3925
f  2276//3926 2360//3926 2361//3926
f  2276//3926 2361//3926 2282//3926
f  2282//3927 2361//3927 2362//3927
f  2282//3927 2362//3927 2284//3927
f  2284//3928 2362//3928 2363//3928
f  2284//3928 2363//3928 2287//3928
f  2287//3929 2363//3929 2364//3929
f  2287//3929 2364//3929 2285//3929
f  2285//3930 2364//3930 2365//3930
f  2285//3930 2365//3930 2291//3930
f  2291//3931 2365//3931 2366//3931
f  2291//3931 2366//3931 2293//3931
f  2293//3932 2366//3932 2367//3932
f  2293//3932 2367//3932 2294//3932
f  2294//3933 2367//3933 2368//3933
f  2294//3933 2368//3933 2298//3933
f  2298//3934 2368//3934 2369//3934
f  2298//3934 2369//3934 2300//3934
f  2300//3935 2369//3935 2370//3935
f  2300//3935 2370//3935 2302//3935
f  2302//3936 2370//3936 2371//3936
f  2302//3936 2371//3936 2305//3936
f  2305//3937 2371//3937 2372//3937
f  2305//3937 2372//3937 2303//3937
f  2303//3938 2372//3938 2373//3938
f  2303//3938 2373//3938 2309//3938
f  2309//3939 2373//3939 2374//3939
f  2309//3939 2374//3939 2311//3939
f  2311//3940 2374//3940 2375//3940
f  2311//3940 2375//3940 2312//3940
f  2312//3941 2375//3941 2376//3941
f  2312//3941 2376//3941 2250//3941
f  2250//3942 2376//3942 2337//3942
f  2250//3943 2337//3943 2248//3943
f  2248//3944 2337//3944 2336//3944
f  2304//3945 2308//3945 2377//3945
f  2256//3946 2255//3946 2378//3946
f  2379//3947 1471//3947 2378//3947
f  2380//3948 1391//3948 2381//3948
f  1362//3949 1364//3949 2382//3949
f  1366//3950 1368//3950 2383//3950
f  1376//3951 1378//3951 2384//3951
f  1383//3952 1386//3952 2385//3952
f  1395//3953 1398//3953 1400//3953
f  1408//3954 1411//3954 1413//3954
f  1421//3955 1424//3955 1426//3955
f  1434//3956 1436//3956 1438//3956
f  1449//3957 1451//3957 2386//3957
f  1462//3958 1464//3958 2387//3958
f  2304//3959 1483//3959 1479//3959
f  2306//3960 2304//3960 1479//3960
f  2306//3961 1479//3961 1478//3961
f  1442//3962 1444//3962 1449//3962
f  2307//3963 2306//3963 1478//3963
f  2307//3964 1478//3964 1490//3964
f  1438//3965 1441//3965 2388//3965
f  2388//3966 1441//3966 1442//3966
f  1442//3967 1449//3967 2322//3967
f  2322//3968 1449//3968 2386//3968
f  2389//3969 2307//3969 1490//3969
f  2389//3970 1490//3970 1492//3970
f  2290//3971 2292//3971 2383//3971
f  2382//3972 1364//3972 1366//3972
f  2390//3973 2381//3973 2270//3973
f  2270//3974 2381//3974 2391//3974
f  1400//3975 1402//3975 2274//3975
f  2274//3976 1402//3976 2267//3976
f  1413//3977 1415//3977 2265//3977
f  2265//3978 1415//3978 2258//3978
f  1415//3979 1417//3979 2258//3979
f  2258//3980 1417//3980 2392//3980
f  1428//3981 1430//3981 2393//3981
f  2393//3982 1430//3982 2330//3982
f  1430//3983 1432//3983 1434//3983
f  1434//3984 1438//3984 2394//3984
f  2394//3985 1438//3985 2388//3985
f  1458//3986 1460//3986 1462//3986
f  1469//3987 1468//3987 2314//3987
f  2314//3988 1468//3988 1481//3988
f  2395//3989 2382//3989 2295//3989
f  2395//3990 2295//3990 2297//3990
f  2382//3991 2296//3991 2295//3991
f  2296//3992 2383//3992 2292//3992
f  2383//3993 2296//3993 1366//3993
f  1366//3994 2296//3994 2382//3994
f  2382//3995 2395//3995 1362//3995
f  1362//3996 2395//3996 1486//3996
f  2286//3997 2290//3997 1360//3997
f  1360//3998 2290//3998 2383//3998
f  2281//3999 2283//3999 2396//3999
f  2283//4000 2289//4000 2384//4000
f  2384//4001 2289//4001 2288//4001
f  2384//4002 2288//4002 1376//4002
f  1376//4003 2288//4003 2286//4003
f  1376//4004 2286//4004 1374//4004
f  1374//4005 2286//4005 1360//4005
f  1360//4006 2383//4006 1361//4006
f  1361//4007 2383//4007 1368//4007
f  2396//4008 2277//4008 2281//4008
f  2270//4009 2279//4009 2390//4009
f  2390//4010 2279//4010 2385//4010
f  2396//4011 2283//4011 1370//4011
f  1370//4012 2283//4012 2384//4012
f  2385//4013 2279//4013 2277//4013
f  2277//4014 2396//4014 1381//4014
f  1381//4015 2396//4015 1370//4015
f  1370//4016 2384//4016 1371//4016
f  1371//4017 2384//4017 1378//4017
f  1381//4018 1383//4018 2277//4018
f  2277//4019 1383//4019 2385//4019
f  2391//4020 2273//4020 2271//4020
f  2391//4021 2271//4021 2270//4021
f  1386//4022 1387//4022 2385//4022
f  2385//4023 1387//4023 2390//4023
f  2262//4024 2267//4024 2397//4024
f  2273//4025 2391//4025 1395//4025
f  1395//4026 2391//4026 2381//4026
f  2381//4027 2390//4027 2380//4027
f  2380//4028 2390//4028 1387//4028
f  1391//4029 1393//4029 2381//4029
f  2381//4030 1393//4030 1395//4030
f  1395//4031 1400//4031 2273//4031
f  2273//4032 1400//4032 2274//4032
f  2397//4033 2267//4033 1404//4033
f  1404//4034 2267//4034 1402//4034
f  2397//4035 2265//4035 2263//4035
f  2397//4036 2263//4036 2262//4036
f  1404//4037 1408//4037 2397//4037
f  2258//4038 2392//4038 2259//4038
f  1404//4039 1406//4039 1408//4039
f  1408//4040 1413//4040 2397//4040
f  2397//4041 1413//4041 2265//4041
f  2393//4042 2333//4042 1428//4042
f  1428//4043 2333//4043 2392//4043
f  1421//4044 2392//4044 1417//4044
f  2330//4045 2329//4045 2393//4045
f  2393//4046 2329//4046 2334//4046
f  2393//4047 2334//4047 2333//4047
f  2392//4048 2333//4048 2331//4048
f  2392//4049 2331//4049 2259//4049
f  1417//4050 1419//4050 1421//4050
f  1421//4051 1426//4051 2392//4051
f  2392//4052 1426//4052 1428//4052
f  2330//4053 2394//4053 2326//4053
f  2394//4054 2324//4054 2326//4054
f  2320//4055 2324//4055 2388//4055
f  2388//4056 2324//4056 2394//4056
f  2394//4057 2330//4057 1434//4057
f  1434//4058 2330//4058 1430//4058
f  2317//4059 2323//4059 2386//4059
f  2386//4060 2323//4060 2322//4060
f  2322//4061 2320//4061 1442//4061
f  1442//4062 2320//4062 2388//4062
f  2315//4063 2317//4063 1446//4063
f  1446//4064 2317//4064 2386//4064
f  2378//4065 2255//4065 2252//4065
f  2387//4066 2252//4066 2251//4066
f  2251//4067 2315//4067 1458//4067
f  1458//4068 2315//4068 1446//4068
f  1446//4069 2386//4069 1447//4069
f  1447//4070 2386//4070 1451//4070
f  1458//4071 1462//4071 2251//4071
f  2251//4072 1462//4072 2387//4072
f  2387//4073 2398//4073 2252//4073
f  2252//4074 2398//4074 2378//4074
f  2378//4075 2399//4075 2256//4075
f  2399//4076 2313//4076 2256//4076
f  1464//4077 1456//4077 2387//4077
f  2387//4078 1456//4078 2398//4078
f  2399//4079 1469//4079 2313//4079
f  2313//4080 1469//4080 2314//4080
f  2308//4081 2310//4081 2377//4081
f  1469//4082 2399//4082 1474//4082
f  1474//4083 2399//4083 2378//4083
f  2378//4084 2398//4084 2379//4084
f  2379//4085 2398//4085 1456//4085
f  1471//4086 1473//4086 2378//4086
f  2378//4087 1473//4087 1474//4087
f  2314//4088 1481//4088 2310//4088
f  2310//4089 1481//4089 2377//4089
f  1481//4090 1483//4090 2377//4090
f  2377//4091 1483//4091 2304//4091
f  2307//4092 2389//4092 2301//4092
f  1492//4093 1486//4093 2389//4093
f  2389//4094 2299//4094 2301//4094
f  1486//4095 2395//4095 2389//4095
f  2389//4096 2395//4096 2297//4096
f  2389//4097 2297//4097 2299//4097
f  2249//4098 2336//4098 2400//4098
f  2336//4099 2335//4099 2400//4099
f  2400//4100 2335//4100 2338//4100
f  2400//4101 2338//4101 2245//4101
f  2245//4102 2338//4102 2340//4102
f  2248//4103 2336//4103 2249//4103
f  2245//4104 2340//4104 2246//4104
f  60//4105 59//4105 2401//4105
f  59//4106 2//4106 2401//4106
f  2401//4107 2//4107 4//4107
f  2401//4108 4//4108 6//4108
f  6//4109 8//4109 2401//4109
f  2401//4110 8//4110 10//4110
f  58//4111 2401//4111 55//4111
f  58//4112 74//4112 2401//4112
f  2401//4113 74//4113 72//4113
f  72//4114 70//4114 2401//4114
f  2401//4115 70//4115 68//4115
f  2401//4116 68//4116 66//4116
f  66//4117 64//4117 2401//4117
f  2401//4118 64//4118 62//4118
f  2401//4119 62//4119 60//4119
f  12//4120 14//4120 2402//4120
f  2402//4121 14//4121 16//4121
f  2402//4122 16//4122 18//4122
f  10//4123 12//4123 2401//4123
f  2401//4124 12//4124 55//4124
f  55//4125 12//4125 2402//4125
f  55//4126 2402//4126 53//4126
f  2402//4127 47//4127 50//4127
f  50//4128 51//4128 2402//4128
f  2402//4129 51//4129 53//4129
f  44//4130 46//4130 2403//4130
f  36//4131 38//4131 2403//4131
f  2403//4132 38//4132 40//4132
f  40//4133 42//4133 2403//4133
f  2403//4134 42//4134 44//4134
f  20//4135 22//4135 2403//4135
f  2403//4136 22//4136 23//4136
f  23//4137 25//4137 2403//4137
f  2403//4138 25//4138 27//4138
f  2403//4139 27//4139 29//4139
f  29//4140 32//4140 2403//4140
f  2403//4141 32//4141 34//4141
f  2403//4142 34//4142 36//4142
f  18//4143 20//4143 2402//4143
f  2402//4144 20//4144 47//4144
f  47//4145 20//4145 2403//4145
f  47//4146 2403//4146 46//4146
f  2368//1393 2367//1393 2348//1393
f  2368//1393 2348//1393 2369//1393
f  2372//1393 2371//1393 2348//1393
f  2348//1393 2371//1393 2370//1393
f  2348//1393 2370//1393 2369//1393
f  2375//1393 2374//1393 2348//1393
f  2348//1393 2374//1393 2373//1393
f  2348//1393 2373//1393 2372//1393
f  2339//1393 2337//1393 2348//1393
f  2348//1393 2337//1393 2376//1393
f  2348//1393 2376//1393 2375//1393
f  2343//1393 2342//1393 2348//1393
f  2348//1393 2342//1393 2341//1393
f  2348//1393 2341//1393 2339//1393
f  2346//1393 2345//1393 2348//1393
f  2348//1393 2345//1393 2344//1393
f  2348//1393 2344//1393 2343//1393
f  2348//1393 2347//1393 2346//1393
f  2352//1393 2351//1393 2348//1393
f  2348//1393 2351//1393 2350//1393
f  2348//1393 2350//1393 2349//1393
f  2355//1393 2354//1393 2348//1393
f  2348//1393 2354//1393 2353//1393
f  2348//1393 2353//1393 2352//1393
f  2358//1393 2357//1393 2348//1393
f  2348//1393 2357//1393 2356//1393
f  2348//1393 2356//1393 2355//1393
f  2361//1393 2360//1393 2348//1393
f  2348//1393 2360//1393 2359//1393
f  2348//1393 2359//1393 2358//1393
f  2364//1393 2363//1393 2348//1393
f  2348//1393 2363//1393 2362//1393
f  2348//1393 2362//1393 2361//1393
f  2367//1393 2366//1393 2348//1393
f  2348//1393 2366//1393 2365//1393
f  2348//1393 2365//1393 2364//1393

