# File produced by Open Asset Import Library (http://www.assimp.sf.net)
# (assimp v5.3.0)

mtllib base_link.mtl

# 1849 vertex positions
v 0.167500004 -0.00855199993 0.133937001
v 0.153732002 -0.0100878002 0.127131
v 0.167500004 -0.00855199993 0.124063
v 0.153843001 0.00438108016 0.138061002
v 0.167500004 -0.00263528991 0.138808995
v 0.167500004 0.00855199993 0.133937001
v 0.167500004 0.00263581006 0.119190998
v 0.167500004 0.00987500045 0.128999993
v 0.153766006 0.00745313987 0.121673003
v 0.167500004 -0.00493750023 0.120448001
v 0.151988998 -0.00420277007 0.119800001
v 0.151957005 0.0113414004 0.129986003
v 0.152042001 -0.00733759999 0.136626005
v 0.151999995 -0.00990432967 0.137952998
v 0.151999995 -1.31926002e-17 0.142000005
v 0.151999995 0.0112583004 0.135499999
v 0.151999995 0.00650000013 0.140257999
v 0.151999995 0.00990432035 0.120047003
v 0.151999995 4.42441001e-18 0.115999997
v 0.151999995 -0.0127055999 0.124899
v 0.151999995 -0.00650000013 0.117742002
v 0.107900001 0.0452402011 0.159500003
v 0.101148002 0.0587645993 0.159500003
v -0.116016001 -0.0151396999 0.159500003
v 0.112999998 0.0302790999 0.159500003
v -0.112979002 -0.0303831995 0.159500003
v -0.107900001 -0.0452402011 0.159500003
v -0.101148002 -0.0587645993 0.159500003
v -0.0827315003 -0.0827315003 0.159500003
v -0.0714446977 -0.0926534981 0.159500003
v -0.058784999 -0.101135999 0.159500003
v -0.045873899 -0.107632004 0.159500003
v 0.0827315003 0.0827315003 0.159500003
v 0.0714446977 0.0926534981 0.159500003
v 0.058784999 0.101135999 0.159500003
v 0.045873899 0.107632004 0.159500003
v 0.0311450008 0.112723999 0.159500003
v 0.0178670008 0.115627997 0.159500003
v -0.114633001 0.0234146994 0.159500003
v -0.116646998 0.00908403005 0.159500003
v -0.0537374988 0.103928998 0.159500003
v -0.0924568027 -0.0716990009 0.159500003
v 0.0924568027 0.0716990009 0.159500003
v -0.00392975006 0.116700001 0.159500003
v -0.0267845001 0.113893002 0.159500003
v -0.0416618995 0.109330997 0.159500003
v 0.047699701 -0.106629997 0.159500003
v 0.0728058964 -0.0912723988 0.159500003
v -0.0302607995 -0.112916999 0.159500003
v 0.0935710967 -0.0698599964 0.159500003
v -0.0728058964 0.0912723988 0.159500003
v -0.102596998 0.0576567017 0.159502998
v -0.0827353001 0.0827310979 0.163484007
v 0.0216927007 -0.114813 0.159492999
v 0.108025998 -0.0443306006 0.159500003
v 0.114633001 -0.0234146994 0.159500003
v 0.116823003 -0.00454202015 0.159500003
v -0.0105002997 -0.116648003 0.159434006
v 0.116016001 0.0151396999 0.159500003
v 0.182074994 -0.0565948002 0.121994004
v 0.175698996 -0.0628378019 0.12201
v 0.189271003 -0.0628314987 0.12201
v 0.182895005 -0.0690744966 0.121994004
v 0.151334003 -0.127883002 0.122006997
v 0.144137993 -0.121646002 0.121987
v 0.137762994 -0.127889007 0.122006997
v 0.144958004 -0.134125993 0.121983998
v 0.077820003 -0.173470005 0.122013003
v 0.0850156993 -0.179707006 0.121995002
v 0.084195599 -0.167227 0.121992998
v 0.0913913026 -0.173464 0.122010998
v 0.00499679008 -0.192643002 0.122050002
v 0.0121922996 -0.198880002 0.121996
v 0.0113722999 -0.186399996 0.121996
v 0.0185679998 -0.192636997 0.122014001
v 0.142000005 -0.0127055999 0.133101001
v 0.142000005 -0.00990432035 0.120047003
v 0.142000005 0.00280124997 0.115946002
v 0.142000005 0.0127055999 0.124899
v 0.142000005 0.00990433991 0.137952998
v 0.142000005 -0.00280121993 0.142054006
v 0.077820003 0.173464 0.122013003
v 0.0850156993 0.167227 0.121995002
v 0.084195599 0.179707006 0.121992998
v 0.0913913026 0.173470005 0.12201
v 0.150747001 0.129603997 0.122005001
v 0.142642006 0.134102002 0.121985003
v 0.138349995 0.126166999 0.122005001
v 0.146454006 0.121669002 0.121983998
v 0.189271003 0.0628378019 0.122008003
v 0.175698996 0.0628314987 0.122008003
v 0.182895005 0.0565948002 0.121979997
v 0.182074994 0.0690744966 0.121991001
v 0.00499675004 0.192636997 0.122005999
v 0.0121924002 0.186399996 0.121991001
v 0.0185679998 0.192643002 0.122006997
v 0.0113725001 0.198880002 0.121941
v -0.0313595012 0.211212993 0.126769006
v -0.0318682007 0.187785 0.126770005
v -0.0135292998 0.192897007 0.126769006
v -0.038332101 0.198101997 0.123194002
v -0.0157098994 0.208281994 0.126791
v -0.173057005 0.0783656985 0.121987998
v -0.166682005 0.0846088007 0.122006997
v -0.180252999 0.0846024975 0.122006997
v -0.173877001 0.0908455029 0.121982999
v -0.369587988 -0.0233087 0.141751006
v -0.370799989 -0.0205665007 0.129841998
v -0.370799989 -0.0367336012 0.132893994
v -0.370799989 -0.119704999 0.143787995
v -0.369616985 -0.118238002 0.125898004
v -0.369489998 -0.129243001 0.134452
v 0.113012999 0.0302818008 0.163499996
v 0.116999999 -1.22039994e-17 0.163499996
v 0.101324998 0.0584999993 0.163499996
v 0.0827315003 0.0827315003 0.163499996
v 0.0584999993 0.101324998 0.163499996
v 0.0302818008 0.113012999 0.163499996
v 1.19865998e-17 0.116999999 0.163499996
v -0.0302818008 0.113012999 0.163499996
v -0.0584999993 0.101324998 0.163499996
v -0.101324998 0.0584999993 0.163499996
v -0.113012999 0.0302818008 0.163499996
v -0.116999999 1.51384987e-17 0.163499996
v -0.113012999 -0.0302818008 0.163499996
v -0.101324998 -0.0584999993 0.163499996
v -0.0827315003 -0.0827315003 0.163499996
v -0.0584999993 -0.101324998 0.163499996
v -0.0302818008 -0.113012999 0.163499996
v -1.46566002e-16 -0.116999999 0.163499996
v 0.0302818008 -0.113012999 0.163499996
v 0.0584999993 -0.101324998 0.163499996
v 0.0827315003 -0.0827315003 0.163499996
v 0.101324998 -0.0584999993 0.163499996
v 0.113012999 -0.0302818008 0.163499996
v -0.166682005 -0.0846024975 0.122006997
v -0.180252999 -0.0846088007 0.122006997
v -0.173057005 -0.0908455029 0.121974997
v -0.173877001 -0.0783656985 0.121985003
v -0.0560490005 -0.182482004 0.122011997
v -0.0632444993 -0.176245004 0.121994004
v -0.0624248013 -0.188724995 0.121994004
v -0.0696202964 -0.182487994 0.122011997
v -0.121100001 -0.144545004 0.122005999
v -0.128296003 -0.138309002 0.121990003
v -0.134671003 -0.144552007 0.122006997
v -0.127476007 -0.150787994 0.121969
v 0.182484999 -0.0688346997 0.142000005
v 0.188150004 -0.0659108013 0.142000005
v 0.186848 -0.0584631003 0.142001003
v 0.182484999 -0.0568347014 0.142000005
v 0.176813006 -0.0597725995 0.142000005
v 0.178122997 -0.0672063977 0.142000005
v 0.150989994 -0.127817005 0.142000005
v 0.144731 -0.134373993 0.142002001
v 0.145977005 -0.121826999 0.142000005
v 0.141547993 -0.12269 0.142000005
v 0.138109997 -0.127941996 0.142000005
v 0.0905928016 -0.174972996 0.142000005
v 0.0847880021 -0.179956004 0.142000005
v 0.0875831023 -0.167642996 0.142000005
v 0.0816055983 -0.168271005 0.142000005
v 0.0781643018 -0.173536003 0.142000005
v 0.0182236992 -0.192570999 0.142000005
v 0.0119644003 -0.199129 0.142000005
v 0.0115866 -0.186151996 0.142000005
v 0.00534101017 -0.192708999 0.142000005
v 0.142000005 0.0026781701 0.144774005
v 0.126525998 -0.000231137994 0.145919994
v 0.142000005 -0.0026781701 0.144774005
v 0.126948997 -0.0126452995 0.139017999
v 0.142000005 -0.0123218 0.139206007
v 0.126947999 0.0126448004 0.139018998
v 0.142000005 0.0123218 0.139206007
v 0.142001003 -0.0147882001 0.120760001
v 0.142000005 -0.0149999997 0.134568006
v 0.142001003 -0.000237390006 0.112075001
v 0.142001003 0.0145480996 0.120360002
v 0.142000005 0.0149999997 0.134568006
v 0.0831902027 0.167405993 0.142000005
v 0.0902704 0.170390993 0.142000005
v 0.0875827968 0.179290995 0.142000005
v 0.0816055983 0.178663 0.142000005
v 0.0781643018 0.173398003 0.142000005
v 0.144547999 0.121886 0.142000005
v 0.147548005 0.12269 0.142000005
v 0.150989994 0.127955005 0.142003
v 0.145978004 0.133944005 0.142000005
v 0.138883993 0.130961999 0.142000005
v 0.140202001 0.123498 0.142000005
v 0.181057006 0.0567761995 0.142000005
v 0.189059004 0.0611642003 0.142001003
v 0.183914006 0.0688930973 0.141997993
v 0.179484993 0.0680307969 0.142000005
v 0.176045001 0.0627482012 0.142000005
v -8.51861017e-08 -0.137907997 0.142000005
v 0.0167874005 -0.136721998 0.142000005
v -0.000368879992 -0.129224002 0.145199999
v 0.0160588007 -0.127641007 0.145593002
v -0.000321444008 -0.124002002 0.152182996
v 0.0154240001 -0.123000003 0.152273998
v 0.0150530003 -0.121689998 0.157813996
v -8.83856919e-05 -0.122621998 0.157801002
v 0.0527749993 -0.127409995 0.142000005
v 0.0677935034 -0.119824 0.142000005
v 0.0491110012 -0.119528003 0.145199999
v 0.0621660016 -0.109049 0.148760006
v 0.0474352986 -0.113473997 0.154306993
v 0.061428301 -0.107678004 0.141675994
v 0.0975153968 -0.0975155011 0.142000005
v 0.108488001 -0.0847600996 0.142000005
v 0.0895053968 -0.090106003 0.146727994
v 0.099154003 -0.0769504979 0.148773998
v 0.096692197 -0.0754040033 0.157813996
v 0.0866444036 -0.0867692977 0.157801002
v 0.127409995 -0.0527750999 0.142000005
v 0.132667005 -0.0367916003 0.142000005
v 0.119245999 -0.0497925989 0.145199999
v 0.123286001 -0.0337933004 0.146566004
v 0.114579998 -0.0452933013 0.154015005
v 0.119539998 -0.0328202993 0.152273998
v 0.108672 0.084904097 0.142000005
v 0.0974029005 0.0974029973 0.142000005
v 0.102057002 0.0792675018 0.145199999
v 0.0906959027 0.0912382975 0.145593002
v 0.096653603 0.0760008022 0.154377997
v 0.0874344036 0.087885797 0.152263001
v 0.0866257995 0.086782001 0.157813996
v 0.0679093972 0.120029002 0.142000005
v 0.0527140014 0.127262995 0.142000005
v 0.0639538988 0.112288997 0.145199999
v 0.0488766991 0.119001001 0.145593002
v 0.0613416992 0.107767999 0.152182996
v 0.0471438989 0.114648998 0.152273998
v 0.0604734011 0.106666997 0.157792002
v 0.0468216985 0.113325998 0.157813996
v 0.132891998 0.0368542001 0.142000005
v 0.127261996 0.0527138002 0.142000005
v 0.124623001 0.0341781005 0.145199999
v 0.118707001 0.0495853983 0.145593002
v 0.119579002 0.0328285992 0.152182996
v 0.114404999 0.0477335006 0.152273998
v 0.118185997 0.0326639004 0.157792002
v 0.113242 0.0470259003 0.157813996
v 0.0177694 0.191134006 0.142000005
v 0.0119633004 0.186150998 0.142000005
v 0.0169785004 0.195639998 0.142000005
v 0.0116002997 0.199129 0.142000005
v 0.00534101995 0.192570999 0.142000005
v 0.0168059003 0.136871994 0.142000005
v -1.45842009e-07 0.137667999 0.142000005
v 0.0161146 0.128215998 0.145199999
v -0.000288184994 0.131567001 0.144005001
v -0.000380578014 0.127063006 0.147490993
v 0.0146035999 0.122084998 0.154377997
v -0.000319221988 0.123970002 0.152263001
v -0.000110481 0.122617997 0.157813996
v -0.0312188994 0.186113998 0.119958997
v -0.0218240991 0.185690001 0.122667
v -0.0150742996 0.187696993 0.120099999
v -0.0126603004 0.205000997 0.122552998
v -0.0156142004 0.211182997 0.120091997
v -0.0268763006 0.213545993 0.121889003
v -0.0367108993 0.208612993 0.120173
v -0.127476007 0.138309002 0.121990003
v -0.121100001 0.144552007 0.122009002
v -0.134671003 0.144545004 0.122008003
v -0.128296003 0.150787994 0.121988997
v -0.0560490005 0.182487994 0.122005999
v -0.0632447004 0.188724995 0.121991001
v -0.0696202964 0.182482004 0.122008003
v -0.0624248013 0.176245004 0.121941
v -0.264892995 -0.0979207978 0.202006996
v -0.267504007 -0.100993 0.196238995
v -0.256695002 -0.109338999 0.196529001
v -0.251107007 -0.102078997 0.202006996
v -0.249423996 -0.0979072973 0.195295006
v -0.258390993 -0.0904294029 0.196089998
v -0.174896002 0.0785474032 0.142000005
v -0.167795002 0.0815427974 0.142000005
v -0.169104993 0.0889772996 0.142000005
v -0.173466995 0.0906056017 0.142000005
v -0.180041 0.0862762034 0.142001003
v -0.369300008 -0.107692003 0.141975999
v -0.369300008 -0.0948816985 0.133414
v -0.370799989 -0.102702998 0.143786997
v -0.370799989 -0.104301997 0.125593007
v -0.369300008 -0.112983003 0.136966005
v -0.370777994 -0.0556120984 0.139425993
v -0.369300008 -0.0530573018 0.130021006
v -0.370799989 -0.0682734028 0.128755003
v -0.369300008 -0.0754301026 0.136814997
v -0.369300008 -0.0644932017 0.141095996
v -0.369300008 -0.0208002999 0.128810003
v -0.369300008 -0.0360919982 0.132828996
v -0.370799989 -0.0350714996 0.134458005
v -0.370799989 -0.0536442995 0.134480998
v -0.369300008 -0.0486887991 0.141976997
v -0.370799989 -0.0807005987 0.139313996
v -0.369300008 -0.0891942978 0.127598003
v -0.370799989 -0.0932774991 0.128763005
v 0.118055999 0.0316329002 0.163499996
v 0.105846003 0.0611101016 0.163499996
v 0.086422801 0.086422801 0.163499996
v 0.0611101016 0.105846003 0.163499996
v 0.0316329002 0.118055999 0.163499996
v -2.39126996e-17 0.122220002 0.163499996
v -0.0316329002 0.118055999 0.163499996
v -0.0611101016 0.105846003 0.163499996
v -0.086422801 0.086422801 0.163499996
v -0.105846003 0.0611101016 0.163499996
v -0.118055999 0.0316329002 0.163499996
v -0.122220002 -2.99352991e-17 0.163499996
v -0.118055999 -0.0316329002 0.163499996
v -0.105846003 -0.0611101016 0.163499996
v -0.086422801 -0.086422801 0.163499996
v -0.0611101016 -0.105846003 0.163499996
v -0.0316329002 -0.118055999 0.163499996
v 8.55953098e-18 -0.122220002 0.163499996
v 0.0316329002 -0.118055999 0.163499996
v 0.0611101016 -0.105846003 0.163499996
v 0.086422801 -0.086422801 0.163499996
v 0.105846003 -0.0611101016 0.163499996
v 0.118055999 -0.0316329002 0.163499996
v 0.122220002 -3.93089991e-17 0.163499996
v -0.120022997 0.0679057986 0.142000005
v -0.127183005 0.052680701 0.142000005
v -0.112288997 0.0639538988 0.145199999
v -0.116125003 0.0476587005 0.148760006
v -0.107767999 0.0613416992 0.152182996
v -0.106666997 0.0604735017 0.157792002
v -0.113325998 0.0468216985 0.157813996
v -0.114408001 0.0465885997 0.144766003
v -0.117334001 0.047522001 0.136092007
v -0.125614002 0.0513310991 0.129978001
v -0.114408001 -0.0465885997 0.144766003
v -0.119529001 -0.0491111018 0.145199999
v -0.113410003 -0.0476638004 0.154510006
v -0.128781006 -0.0526544005 0.129892007
v -0.127401993 -0.0527716987 0.142000005
v -0.118166998 -0.0478387997 0.134606004
v -0.158827007 7.28583992e-17 0.164798006
v -0.158827007 -0.0167488009 0.164798006
v -0.150794998 -0.0212331992 0.149434999
v -0.152199998 5.55111976e-17 0.149404004
v -0.150718004 0.0211846009 0.149404004
v -0.151011005 0.0211900994 0.150000006
v -0.158827007 0.0167488009 0.164798006
v -0.174896002 -0.0906639993 0.141997993
v -0.167802006 -0.0876820013 0.142000005
v -0.169089004 -0.0802508965 0.142000005
v -0.173466995 -0.0786055997 0.142000005
v -0.176467001 -0.0794095024 0.142000005
v -0.179909006 -0.0846749023 0.142000005
v -0.119870998 -0.0678199977 0.142000005
v -0.114376999 -0.0650423989 0.143996999
v -0.108441003 -0.0617831983 0.150241002
v -0.107693002 -0.0614050999 0.141675994
v -0.0658119023 -0.188308999 0.142000005
v -0.0598347001 -0.187681004 0.142000005
v -0.0563932993 -0.182416007 0.142000005
v -0.0614206009 -0.176422998 0.142000005
v -0.0684994012 -0.179408997 0.142000005
v -0.0497925989 -0.119245999 0.145199999
v -0.0495261997 -0.116869003 0.135040998
v -0.0527907982 -0.127447993 0.142000005
v -0.0533349998 -0.127106994 0.129917994
v -0.046696201 -0.113779999 0.154306993
v -0.0367916003 -0.132667005 0.142000005
v -0.0331513993 -0.121067002 0.148760006
v -0.0327032991 -0.119576 0.141675994
v -0.0754683986 -0.0977969989 0.144766003
v -0.0754040033 -0.096692197 0.157813996
v -0.076067999 -0.097880803 0.152273998
v -0.0848055035 -0.108546004 0.142000005
v -0.0816979036 -0.106168002 0.131257996
v -0.0789007023 -0.101611003 0.145593002
v -0.0771510005 -0.100367002 0.136092007
v -0.0623576008 -0.106990002 0.141390994
v -0.064739503 -0.111010998 0.134246007
v -0.0701754987 -0.120330997 0.129883006
v -0.0852243975 -0.110114001 0.129884005
v -0.130862996 -0.150371999 0.142000005
v -0.124885999 -0.149745002 0.142000005
v -0.121444002 -0.144480005 0.142000005
v -0.126440004 -0.138494998 0.142000005
v -0.130886003 -0.139351994 0.142000005
v -0.133873001 -0.143042997 0.142000005
v -0.0975174978 -0.097517401 0.142000005
v -0.090106003 -0.0895055011 0.146727994
v -0.0867692977 -0.0866444036 0.157801002
v -0.000739930023 -0.123528004 0.144766003
v -0.000977249001 -0.125569999 0.137673005
v -0.000614985009 -0.134659007 0.130291998
v -0.0365417004 -0.134140998 0.129890993
v -0.0339024998 -0.125846997 0.132514
v 0.200434998 -0.0555856004 0.142000005
v 0.192166999 -0.0795982033 0.142000005
v 0.113842003 -0.0479557998 0.144766003
v 0.115648001 -0.0489610992 0.137658998
v 0.123343997 -0.0517834015 0.130752996
v 0.0977969989 -0.0754683986 0.144766003
v 0.100367002 -0.0771509036 0.136092007
v 0.107184999 -0.0829406008 0.129997
v 0.147077993 -0.147077993 0.142000005
v 0.163905993 -0.128058001 0.142000005
v 0.0868244022 -0.087870799 0.144766003
v 0.0931172967 -0.0943730026 0.131375
v 0.0984748006 -0.0993748978 0.129896998
v 0.0880997032 -0.0894820988 0.137674004
v 0.0689312965 -0.120545998 0.129896
v 0.0650290996 -0.112985998 0.132487997
v 0.0795982033 -0.192166999 0.142000005
v 0.102424003 -0.181033999 0.142000005
v 0.0509361997 -0.124573 0.130330995
v 0.0471551009 -0.116396002 0.137658998
v 0.0157887004 -0.122516997 0.144766003
v 0.0171956997 -0.134858996 0.129988998
v 0.0164161995 -0.125523999 0.136092007
v 7.87383987e-16 -0.208000004 0.142000005
v 0.0253487993 -0.20645 0.142000005
v 0.127242997 -0.0149999997 0.134568006
v 0.128022 -0.0149999997 0.123432003
v 0.127242997 0.0149999997 0.134568006
v 0.128022 0.0149999997 0.123432003
v 0.128345996 0.0123218 0.118794002
v 0.128736004 0.0026781701 0.113225996
v 0.128736004 -0.0026781701 0.113225996
v 0.128345996 -0.0123218 0.118794002
v 0.120834999 -0.0325226001 0.138476998
v 0.134400994 -0.0366135985 0.129883006
v 0.0174372997 0.136923999 0.130171999
v 0.0164902993 0.125827998 0.135060996
v 0.0465921983 0.114859998 0.141117007
v 0.0527076982 0.128906995 0.129884005
v 0.0489660017 0.120728001 0.13256
v 0.0795982033 0.192166999 0.142000005
v 0.102424003 0.181033999 0.142000005
v 0.0644382983 0.111869998 0.133367002
v 0.0685705021 0.119937003 0.130168006
v 0.0623023994 0.108209997 0.139399007
v 0.0868244022 0.087870799 0.144766003
v 0.0888077021 0.0902168006 0.136092007
v 0.0956422985 0.0965360999 0.129997
v 0.147077993 0.147077993 0.142000005
v 0.163905993 0.128058001 0.142000005
v 0.109970003 0.0851268023 0.130113006
v 0.100634001 0.077313602 0.135060996
v 0.114164002 0.0482723005 0.141117007
v 0.128475994 0.0539041013 0.129881993
v 0.119964004 0.0507320985 0.132585004
v 0.192166999 0.0795982033 0.142000005
v 0.200434998 0.0555856004 0.142000005
v 0.12094 0.032531701 0.138609007
v 0.141617998 0.0386083983 0.129761994
v -0.0349082984 0.126941994 0.143960997
v -0.0353838988 0.130131006 0.130051002
v -0.0368542001 0.132891998 0.142000005
v -0.0331434011 0.120959997 0.149295002
v -0.0326637998 0.118185997 0.157792002
v -0.0324973986 0.120743997 0.138964996
v -0.000739930023 0.123528004 0.144766003
v -0.000995986979 0.128245994 0.133730993
v -0.000635962992 0.139599994 0.129878998
v 0.0253487993 0.20645 0.142000005
v 7.29945995e-16 0.208000004 0.142000005
v -0.00926178973 0.198631003 0.119777001
v -0.0390952006 0.192825004 0.119739003
v -0.129315004 0.138490006 0.142000005
v -0.124885999 0.139351994 0.142000005
v -0.121446997 0.144606993 0.142000005
v -0.128068 0.151036993 0.142002001
v -0.134326994 0.144480005 0.142000005
v -0.0843636021 0.109008998 0.129919007
v -0.0849295035 0.108704999 0.142000005
v -0.0773134977 0.100634001 0.135060996
v -0.0792675018 0.102057002 0.145199999
v -0.0760008022 0.096653603 0.154377997
v -0.0974029973 0.0974029005 0.142000005
v -0.0912382975 0.0906959027 0.145593002
v -0.087885797 0.0874344036 0.152263001
v -0.086782001 0.0866257995 0.157813996
v -0.0470259003 0.113242 0.157813996
v -0.0484129004 0.115812004 0.148760006
v -0.0479557998 0.113842003 0.144766003
v -0.0492050014 0.116182998 0.136490002
v -0.0532908998 0.127001002 0.129921004
v -0.0522021018 0.12325 0.131322995
v -0.0526851006 0.127193004 0.142000005
v -0.0623316988 0.106991999 0.141416997
v -0.064739503 0.111010998 0.134246007
v -0.0701749995 0.120330997 0.129883006
v -0.0658124015 0.176661 0.142000005
v -0.0598347001 0.177288994 0.142000005
v -0.0563932993 0.182554007 0.142000005
v -0.0630170032 0.188973993 0.142000005
v -0.0688218027 0.183991 0.142000005
v -0.111869998 0.0644382983 0.133367002
v -0.119603001 0.0683960021 0.129914999
v -0.108209997 0.0623023994 0.139399007
v -0.087870799 0.0868244022 0.144766003
v -0.0913039967 0.0898888037 0.133891001
v -0.0989056975 0.0980051979 0.129872993
v -0.192166999 0.0795982033 0.142000005
v -0.181033999 0.102424003 0.142000005
v -0.119474001 0.0325821005 0.141372994
v -0.125657007 0.0187711008 0.134935006
v -0.121999003 0.0166375991 0.152371004
v -0.123972997 0.0338434987 0.134246007
v -0.140324995 0.0209139995 0.129663005
v -0.129317001 0.0353025012 0.130835995
v -0.172380999 0.0181203 0.165727004
v -0.180905998 0.0249667 0.150000006
v -0.177339002 0.0141882999 0.178296
v -0.173331007 2.12268988e-17 0.165727004
v -0.172380999 -0.0181203 0.165727004
v -0.208417997 0.00299912994 0.172000006
v -0.209252 -0.00299360999 0.172000006
v -0.175604001 0.00299598998 0.172000006
v -0.175546005 -0.00300000003 0.172000006
v -0.369300008 -0.125044003 0.112063996
v -0.369300008 -0.118340001 0.157031998
v -0.369300008 -0.074000001 0.112000003
v -0.369300008 -0.0529999994 0.112000003
v -0.369300008 -0.074000001 0.157000005
v -0.369300008 -0.0222967993 0.156926006
v -0.369300008 -0.0222763997 0.112190001
v -0.369300008 -0.00773737021 0.122635998
v -0.369300008 -0.00568623003 0.140019
v -0.369300008 -0.0108922999 0.149680004
v -0.369300008 -0.135169998 0.151923001
v -0.369311005 -0.143885002 0.134050995
v -0.369300008 -0.137104005 0.119315997
v -0.390848994 0.0284161009 0.0535890013
v -0.391689003 0.042803701 0.0603673011
v -0.391059011 0.0362588987 0.0541919991
v -0.392118007 0.0428030007 0.0780043006
v -0.39091 0.0181952007 0.0539041013
v -0.390020013 0.0207409002 0.0462815017
v -0.389973998 0.0261982009 0.0467710011
v -0.389977008 -0.0387401991 0.0460983999
v -0.390715986 -0.0407968983 0.0522125997
v -0.390082985 -0.033150401 0.0473272018
v -0.39091301 -0.0312650986 0.0539031997
v -0.390881985 -0.0422177985 0.0536395013
v -0.392118007 -0.0558030009 0.0779957026
v -0.391267985 -0.0501553006 0.0542367995
v -0.391741991 -0.0557731986 0.0607034005
v -0.391690999 -0.0558037013 0.0956268013
v -0.390964001 -0.049261 0.101810999
v -0.390872985 -0.0415164009 0.102366
v -0.390046 -0.0391961001 0.109227002
v -0.390013993 -0.0337736011 0.109725997
v -0.39091301 -0.0295717996 0.102095
v -0.39091301 0.0165717993 0.102095
v -0.390854001 0.0287883002 0.102604002
v -0.390772998 0.0191043001 0.103152998
v -0.390065998 0.0268313996 0.108856
v -0.389970988 0.0210664999 0.109674998
v -0.391137004 0.0371169001 0.101759002
v -0.391786993 0.0427718014 0.0952930003
v -0.391555011 0.150809005 0.0603376999
v -0.390947998 0.144261003 0.0541882999
v -0.392118007 0.150803 0.0780043006
v -0.390859991 0.136559993 0.0537341982
v -0.39091 0.126166999 0.0539040007
v -0.390029013 0.128740996 0.0462816991
v -0.389977008 0.134197995 0.0467711017
v -0.39091301 0.0767118037 0.0539035983
v -0.390718997 0.0672032014 0.0522124991
v -0.390078008 0.0748497024 0.0473271012
v -0.390141994 0.0692626983 0.0461038984
v -0.390881985 0.0657821968 0.0536395013
v -0.392118007 0.0521969981 0.0779957026
v -0.391135991 0.0578540005 0.0542301014
v -0.391786993 0.0522282012 0.0607070997
v -0.390881002 0.0665256009 0.102292001
v -0.391692013 0.0521963015 0.0956268013
v -0.391009003 0.0587400012 0.101810001
v -0.390067011 0.0748497024 0.108838998
v -0.390002012 0.0688507035 0.109564997
v -0.39091301 0.0784282014 0.102095
v -0.390911996 0.126563996 0.102096997
v -0.390035003 0.134247005 0.109719999
v -0.390056014 0.128520995 0.109002002
v -0.390854001 0.136787996 0.102604002
v -0.391267985 0.145126 0.101751998
v -0.391741991 0.150773004 0.095296599
v -0.370000005 0.134121999 0.136952996
v -0.36500001 0.130876005 0.124597996
v -0.370000005 0.131280005 0.126444995
v -0.36500001 0.0337279998 0.123507999
v -0.36500001 0.0308590997 0.135897994
v -0.370000005 0.0303431991 0.135987997
v -0.370003015 0.141744003 0.143617004
v -0.370000005 0.134597003 0.155470997
v -0.370000005 0.0298775006 0.154046997
v -0.370000005 0.0320160985 0.159613997
v -0.370000005 0.0366173983 0.120682999
v -0.370000005 0.123000003 0.120674998
v -0.370002002 0.0222555995 0.147383004
v -0.370000005 0.036194399 0.170320004
v -0.370000005 0.127382994 0.170316994
v -0.287999988 0.00856120046 0.175699994
v -0.287999004 0.0107861003 0.178206995
v -0.287999988 0.0123731 0.164975002
v -0.287999988 0.0186623 0.178359002
v -0.287999988 0.0203032997 0.177303001
v -0.287999988 0.0213089995 0.175638005
v -0.288002998 0.0225658007 0.172698006
v -0.288001001 0.0215294007 0.168411002
v -0.287999988 0.0192585997 0.165825993
v -0.287999988 0.0160098001 0.164568007
v -0.288006008 0.0139795002 0.179425001
v -0.287999988 0.0176267009 0.179024994
v -0.287999988 0.0078372201 0.169775993
v -0.288311005 0.00749182981 0.172041997
v -0.287999988 0.00969669968 0.166696995
v -0.0943197981 -0.0934249014 0.131300002
v -0.0894820988 -0.0880997032 0.137674004
v -0.087870799 -0.0868244022 0.144766003
v -0.122997999 -0.0703234002 0.129791006
v -0.113038003 -0.0650577992 0.132438004
v -0.123972997 -0.0338434987 0.134246007
v -0.119457997 -0.0325854011 0.141389996
v -0.129317001 -0.0353025012 0.130835995
v -0.134492993 -0.0201545991 0.130107999
v -0.126127005 -0.0188423991 0.134886995
v -0.122319996 -0.0153366001 0.151078999
v 0.0315800011 0.119730003 0.141416997
v 0.0768819004 0.0973298997 0.141228005
v 0.106991999 0.0623316988 0.141416997
v 0.123533003 -0.000517669017 0.152417004
v 0.122258 0.0174081009 0.143645003
v 0.122299999 -0.0172700007 0.143949002
v 0.106990002 -0.0623576008 0.141390994
v 0.0747722015 -0.0983304009 0.144766003
v 0.0315596983 -0.119746998 0.141390994
v -0.0166582 -0.122401997 0.144766003
v -0.0983304009 -0.0747722015 0.144766003
v -0.122805998 2.1154202e-10 0.155118003
v -0.0973298997 0.0768819004 0.141228005
v -0.0144587001 0.123186 0.141228005
v -0.124109 2.13785004e-10 0.149893999
v -0.128619999 2.21554997e-10 0.144068003
v -0.129104003 -0.0188097991 0.142349005
v -0.141406 -0.0204491001 0.141004995
v -0.135310993 2.33081998e-10 0.140983999
v -0.142671004 2.45760023e-10 0.141337007
v -0.149036005 2.56724003e-10 0.145049006
v -0.152199998 2.62173977e-10 0.149404004
v -0.147499993 0.0210104994 0.145003006
v -0.139065996 0.0201801006 0.140451998
v -0.127009004 0.0184690002 0.143805996
v -0.177322999 -0.0141839003 0.178316996
v -0.180905998 -0.0249667 0.150000006
v -0.192166999 -0.0795982033 0.142000005
v -0.181033999 -0.102424003 0.142000005
v -0.110619999 -0.206538007 0.0199958999
v -0.125 -0.199007004 0.0199979991
v -0.116866998 -0.201011002 0.0192000009
v -0.120801002 -0.233495995 0.0193773992
v -0.129181996 -0.233510002 0.0199922007
v -0.113358997 -0.229576007 0.0199938994
v -0.133638993 -0.220431998 0.0200001001
v -0.140077993 -0.226447999 0.0199859999
v -0.142364994 -0.214356005 0.0199957993
v -0.140211001 -0.207647994 0.00207127002
v -0.133111 -0.201001003 0.0199974999
v -0.107634999 -0.214357004 0.0199951995
v -0.108632997 -0.222700998 0.0194080994
v -0.116361 -0.212580994 0.0199992005
v -0.132159993 -0.209653005 0.0200038999
v -0.127417997 -0.225783005 0.0199992992
v -0.122582003 -0.207229003 0.0199992992
v -0.117839999 -0.223360002 0.0200038999
v -0.0555856004 -0.200434998 0.142000005
v -0.0795982033 -0.192166999 0.142000005
v -0.118965998 -0.153429002 0.128386006
v -0.111787997 -0.152110994 0.128607005
v -0.104727 -0.152668998 0.128747001
v -0.0980056003 -0.154979005 0.128812999
v -0.0873622 -0.161073998 0.128817007
v -0.0813876987 -0.165417999 0.128775999
v -0.0768338963 -0.171086997 0.128655002
v -0.0741062984 -0.177056998 0.128478006
v -0.128058001 -0.163905993 0.142000005
v -0.147077993 -0.147077993 0.142000005
v -0.000749165018 -0.208747998 0.127704993
v -0.0168273002 -0.123645 0.139579996
v -0.0173295997 -0.127334997 0.134246007
v -0.0180766992 -0.132825002 0.130835995
v -0.00830211025 -0.13876 0.129883006
v -0.055096101 -0.201425999 0.127952993
v -0.080536902 -0.197674006 0.0379992984
v -0.0755574033 -0.197889999 0.127546996
v -0.074416399 -0.195033997 0.127704993
v 0.186922997 -0.0510984994 0.128400996
v 0.201672003 -0.0551609993 0.127704993
v 0.192570999 -0.0805765018 0.127704993
v 0.142456993 -0.0597090982 0.129636005
v 0.111010998 -0.064739503 0.134246007
v 0.115796998 -0.0675304979 0.130835995
v 0.126348004 -0.0581099987 0.129883006
v 0.118914001 -0.0722765028 0.129883006
v 0.165224001 -0.128152996 0.127959996
v 0.147076994 -0.148137003 0.127704993
v 0.0755314007 -0.099328801 0.139579996
v 0.0777857974 -0.102293998 0.134246007
v 0.0811391994 -0.106702998 0.130835995
v 0.0843165964 -0.110881999 0.129883006
v 0.0960420966 -0.168305993 0.128400996
v 0.103615999 -0.181660995 0.127710998
v 0.0791921988 -0.193145007 0.127704993
v 0.0327186994 -0.124274001 0.134246007
v 0.0341291986 -0.129631996 0.130835995
v 0.0463714004 -0.131060004 0.129883006
v 0.0354656987 -0.134708002 0.129883006
v 0.0243232995 -0.192248002 0.128400996
v 0.0261835009 -0.207101002 0.127704993
v 0.0153275998 -0.208186001 0.127704993
v 0.126606002 0.0171434991 0.143674999
v 0.127883002 0.0205089003 0.126549006
v 0.133208007 0.0123325996 0.114197999
v 0.128823996 0.00887952 0.111920998
v 0.135287002 0.00206994009 0.109975003
v 0.128943995 -0.00551556004 0.110503003
v 0.134032995 -0.0101929996 0.112464003
v 0.127867997 -0.0203451999 0.126666993
v 0.126594007 -0.0171856005 0.143847004
v 0.126084 0.00110617001 0.151166007
v 0.122925997 -0.0267941002 0.137583002
v 0.123355001 -0.0286254995 0.136463001
v 0.127606004 -0.0336070992 0.131766006
v 0.124568 -0.0308535006 0.134469002
v 0.131481007 -0.0352668017 0.130238995
v -0.000749165018 0.208747998 0.127704993
v 0.0262307003 0.207496002 0.127691999
v 0.0327186994 0.124274001 0.134246007
v 0.0341291986 0.129631996 0.130835995
v 0.0285433009 0.136053994 0.129883006
v 0.0791968033 0.193120003 0.127968997
v 0.103637002 0.181658998 0.127691999
v 0.0777857974 0.102293998 0.134246007
v 0.0811391994 0.106702998 0.130835995
v 0.0817899033 0.112554997 0.129883006
v 0.147073001 0.148113996 0.127965003
v 0.165249005 0.128157005 0.127691999
v 0.111010998 0.064739503 0.134246007
v 0.115796998 0.0675304979 0.130835995
v 0.120330997 0.0701749995 0.129883006
v 0.192560002 0.080558598 0.127947003
v 0.201675996 0.0551524982 0.127694994
v 0.123630002 0.0293952003 0.135875002
v 0.125977993 0.0323797017 0.132947996
v 0.129923999 0.0347846001 0.130679995
v 0.134556994 0.0360362008 0.129883006
v -0.0173295997 0.127334997 0.134246007
v -0.0180766992 0.132825002 0.130835995
v -0.000712797977 0.193780005 0.128400996
v -0.125 0.234006003 0.0199979991
v -0.116329998 0.231748998 0.00189137994
v -0.110619999 0.226475 0.0199958999
v -0.107634999 0.218656003 0.0199951995
v -0.108632997 0.210310996 0.0194080994
v -0.113358997 0.203437001 0.0199938994
v -0.142364994 0.218657002 0.0199957993
v -0.133638993 0.212580994 0.0200001001
v -0.140077993 0.206564993 0.0199859999
v -0.133111 0.232011005 0.0199974999
v -0.139393002 0.226457998 0.0195237994
v -0.129181996 0.199503005 0.0199922007
v -0.120801002 0.199515998 0.0193773005
v -0.116361 0.220431998 0.0199992005
v -0.132159993 0.223360002 0.0200038999
v -0.127417997 0.207229003 0.0199992992
v -0.122582003 0.225784004 0.0199992992
v -0.117839999 0.209653005 0.0200038999
v -0.147077993 0.147077993 0.142000005
v -0.128058001 0.163905993 0.142000005
v -0.0961164013 0.156074002 0.128815994
v -0.102511004 0.153217003 0.128777996
v -0.109748997 0.152089 0.128654003
v -0.118776999 0.153185993 0.128401995
v -0.0771664008 0.170539007 0.128667995
v -0.0741062984 0.177056998 0.128478006
v -0.0795674026 0.167710006 0.128726006
v -0.0819877014 0.164871007 0.128784001
v -0.0873622 0.161073998 0.128817007
v -0.055063501 0.201355994 0.127704993
v -0.0555856004 0.200434998 0.142000005
v -0.0406536981 0.149018005 0.129636005
v -0.0795982033 0.192166999 0.142000005
v -0.102293998 0.0777857974 0.134246007
v -0.106702998 0.0811391994 0.130835995
v -0.111463003 0.0834385976 0.129883006
v -0.148139 0.147074997 0.127661005
v -0.25 0.115000002 0.189985007
v -0.245114997 0.110472001 0.194999993
v -0.252407014 0.118596002 0.194999993
v -0.25228101 0.112418003 0.194999993
v -0.245000005 0.075000003 0.189983994
v -0.246190995 0.0713294968 0.194999993
v -0.242061004 0.0756969973 0.194999993
v -0.248074993 0.0777707994 0.194999993
v -0.247491002 0.092552498 0.194996998
v -0.250337005 0.0951519012 0.190070003
v -0.193033993 0.079238303 0.129327998
v -0.184819996 0.0758377984 0.129357994
v -0.149002999 0.0610096008 0.129490003
v -0.181584999 0.103542998 0.128562003
v -0.149157003 0.0851596966 0.129200995
v -0.181318 0.0260547008 0.130388007
v -0.186965004 0.0201689005 0.150024995
v -0.186242998 0.0217832997 0.130489007
v -0.209944993 0.0218575001 0.130676001
v -0.215887994 0.0248089992 0.150345996
v -0.205803007 0.0187612008 0.149994001
v -0.196261004 0.0179843996 0.130625993
v -0.196229994 0.0174368992 0.149988994
v -0.149000004 0.0408972986 0.129631996
v -0.177689001 0.00300000003 0.178000003
v -0.207598001 0.00299973995 0.178000003
v -0.182071 0.0112325996 0.178000003
v -0.195464998 0.00727052987 0.178000003
v -0.219218001 0.0149202002 0.178000003
v -0.209299996 0.00918638986 0.178000003
v -0.225850001 0.0207433999 0.178000003
v -0.186580002 -0.0203958005 0.149979994
v -0.182071 -0.0112325996 0.178000003
v -0.219218001 -0.0149202002 0.178000003
v -0.214849994 -0.0241822004 0.149781004
v -0.209299996 -0.00918638986 0.178000003
v -0.205740005 -0.0187309999 0.150062993
v -0.195464998 -0.00727052987 0.178000003
v -0.195948005 -0.0174557995 0.150000006
v -0.177689001 -0.00300000003 0.178000003
v -0.173331007 6.24499988e-17 0.165727004
v -0.210179001 -0.00298541994 0.178000003
v -0.226986006 -0.0220336001 0.178000003
v -0.228 -0.100000001 0.213
v -0.233994007 -0.110528998 0.211011007
v -0.217493996 -0.106082 0.211012006
v -0.233961999 -0.0894744992 0.211013004
v -0.245000005 -0.0902620032 0.194999993
v -0.245000005 -0.109738 0.194999993
v -0.245000005 -0.109240003 0.198909
v -0.245000005 -0.0914935991 0.198948994
v -0.400579989 -0.0237809997 0.177430004
v -0.400931001 0.00716829998 0.177451
v -0.39923799 -0.0496318005 0.177417994
v -0.39882201 -0.0496026017 0.177430004
v -0.397350013 -0.0712331012 0.177430004
v -0.392744005 -0.107193001 0.177417994
v -0.381269008 -0.107401997 0.185865998
v -0.390904993 -0.118355997 0.177430004
v -0.381743014 -0.163017005 0.177428007
v -0.36500001 -0.133772999 0.153035998
v -0.36500001 -0.120499998 0.157000005
v -0.36500001 -0.142317995 0.139998004
v -0.36500001 -0.142317995 0.129002005
v -0.36500001 -0.120499998 0.112000003
v -0.36500001 -0.127930999 0.113263004
v -0.36500001 -0.137107998 0.119319998
v -0.36500001 -0.0226048008 0.156988993
v -0.36500001 -0.0133068003 0.116488002
v -0.36500001 -0.0274999999 0.112000003
v -0.36500001 -0.00761982985 0.146345004
v -0.36500001 -0.00568199018 0.129002005
v -0.364841014 -0.0420503989 0.103081003
v -0.36500001 -0.0408644006 0.108484
v -0.36500001 -0.0375496 0.111006998
v -0.365000993 -0.0326156989 0.109485999
v -0.364998996 -0.0309317 0.103000998
v -0.364998013 0.0178918 0.103
v -0.36500001 0.0191389006 0.108491004
v -0.365002006 0.0266727991 0.110430002
v -0.36500001 0.0212293994 0.110454999
v -0.364879012 0.0289941002 0.103124999
v -0.365000993 0.0385756008 0.102265
v -0.364998996 0.0437434986 0.0950708017
v -0.36500001 0.0437415987 0.0608472005
v -0.36500001 0.0408211015 0.0559289008
v -0.365002006 0.0365830995 0.0533379987
v -0.364944994 0.0295084007 0.052969601
v -0.36500001 0.0267232005 0.0454855002
v -0.365000993 0.0194045994 0.0467347987
v -0.36500001 0.0165717993 0.0529999994
v -0.36500001 -0.0295717996 0.0529999994
v -0.36500001 -0.0319331996 0.0477967001
v -0.365000993 -0.0354503989 0.0449935012
v -0.36500001 -0.0407731012 0.0473546013
v -0.36500001 -0.0387706012 0.0455452986
v -0.364870012 -0.0419145003 0.0528276004
v -0.36500001 -0.0493586995 0.0532094985
v -0.36500001 -0.0561318994 0.0595388003
v -0.36500001 -0.0567499995 0.063000001
v -0.36500001 -0.0538211018 0.0559289008
v -0.36500001 -0.0567499995 0.0930000022
v -0.36500001 -0.0561318994 0.0964611992
v -0.36500001 -0.0538211018 0.100070998
v -0.36500001 -0.049583599 0.102661997
v -0.364841014 0.0659495965 0.103081003
v -0.365000993 0.0677762032 0.109660998
v -0.36500001 0.0739258975 0.110694997
v -0.36500001 0.0773655996 0.103000998
v -0.364998013 0.125891998 0.103
v -0.36500001 0.127774999 0.10966
v -0.36500001 0.132652 0.110953003
v -0.36500001 0.135919005 0.108450003
v -0.364899993 0.136994004 0.103124
v -0.36500001 0.144358993 0.102789998
v -0.36500001 0.148820996 0.100070998
v -0.36500001 0.151742995 0.0950706974
v -0.36500001 0.151740998 0.0609223992
v -0.36500001 0.148820996 0.0559289008
v -0.36500001 0.144582003 0.0533376001
v -0.365000993 0.135480002 0.0465295017
v -0.36500001 0.129072994 0.0453066006
v -0.364998996 0.125724003 0.0529991984
v -0.364998013 0.0770535991 0.0529993996
v -0.36500001 0.0752296001 0.0463468991
v -0.36500001 0.0715000033 0.0450000018
v -0.36500001 0.0674030036 0.0467374995
v -0.364948004 0.0655160993 0.0529454015
v -0.36500299 0.0564246997 0.0537353009
v -0.364998996 0.0512565002 0.0609292015
v -0.36500001 0.0512584001 0.0951526985
v -0.365000993 0.0563300997 0.102063
v -0.36500001 0.0410000011 0.170499995
v -0.365000993 0.0336561017 0.167701006
v -0.36500001 0.124991998 0.170498997
v -0.364998996 0.131770998 0.161446005
v -0.365000993 0.142912999 0.145444006
v -0.36500001 0.123000003 0.120499998
v -0.36500001 0.0410000011 0.120499998
v -0.36500001 0.0246862993 0.149543002
v -0.36500001 0.0227237996 0.143744007
v -0.400667995 0.0227917992 0.177412003
v -0.36500001 0.0236149002 0.173999995
v -0.400591999 0.0238924008 0.175243005
v -0.36500001 0.023844 0.172000006
v -0.397529989 0.0202351995 0.179800004
v -0.396228999 0.0182170998 0.180821002
v -0.395583004 0.0141768996 0.181375995
v -0.396182001 0.0121791996 0.180954993
v -0.397579998 0.00993719976 0.179934993
v -0.395635009 0.0161961 0.181301996
v -0.36500001 0.0061559598 0.172000006
v -0.36500001 0.00638506981 0.173999995
v -0.400972992 0.00610534009 0.175255999
v -0.36500001 0.00734084006 0.167577997
v -0.36500001 0.010578 0.164341003
v -0.36500001 0.0149999997 0.163156003
v -0.36500001 0.0194220003 0.164341003
v -0.36500001 0.0226591993 0.167577997
v -0.397350013 0.0712331012 0.177430004
v -0.394728005 0.0933490023 0.177139997
v -0.390904993 0.118355997 0.177430004
v -0.381745011 0.163017005 0.177428007
v -0.287999988 -0.156000003 0.151500002
v -0.36500001 -0.156000003 0.149483994
v -0.287999988 -0.160518005 0.151500002
v -0.36500001 -0.157931 0.149483994
v -0.287999988 -0.156000003 0.168500006
v -0.36500001 -0.156000003 0.170515999
v -0.287999988 -0.151749998 0.167361006
v -0.36500001 -0.150741994 0.169107005
v -0.287999988 -0.148638994 0.164250001
v -0.36500001 -0.146892995 0.165258005
v -0.287999988 -0.147499993 0.159999996
v -0.36500001 -0.145484 0.159999996
v -0.287999988 -0.148638994 0.155750006
v -0.36500001 -0.146892995 0.154742002
v -0.287999988 -0.151749998 0.152639002
v -0.36500001 -0.150741994 0.150893003
v -0.287999988 0.156000003 0.151500002
v -0.36500001 0.156000003 0.149483994
v -0.287999988 0.151749998 0.152639002
v -0.36500001 0.150741994 0.150893003
v -0.287999988 0.148638994 0.155750006
v -0.36500001 0.146892995 0.154742002
v -0.287999988 0.147499993 0.159999996
v -0.36500001 0.145484 0.159999996
v -0.287999988 0.148638994 0.164250001
v -0.36500001 0.146892995 0.165258005
v -0.287999988 0.151749998 0.167361006
v -0.36500001 0.150741994 0.169107005
v -0.287999988 0.156000003 0.168500006
v -0.36500001 0.156000003 0.170515999
v -0.287999988 0.160518005 0.151500002
v -0.36500001 0.157931 0.149483994
v -0.287999988 0.166989997 0.0280000009
v -0.36500001 0.164186999 0.0301174
v -0.287999988 0.162499994 0.0280000009
v -0.304881006 0.154449999 0.0235617999
v -0.36500001 0.153998002 0.0256888997
v -0.36500001 0.155064002 0.0269361995
v -0.287999988 0.156489998 0.0255104005
v -0.287999988 0.154128 0.0216263998
v -0.287999988 0.159557998 0.0274746008
v -0.36500001 0.158859998 0.0293662995
v -0.287999988 0.153999999 0.0130000003
v -0.287999988 0.148499995 0.0130000003
v -0.304951012 0.149092004 0.0235919002
v -0.287999988 0.148499995 0.023
v -0.304951012 0.0834081024 0.0235919002
v -0.287999988 0.0839999989 0.023
v -0.287999988 0.0839999989 0.0130000003
v -0.304951012 0.0790918991 0.0235919002
v -0.287999988 0.0785000026 0.0130000003
v -0.287999988 0.0785000026 0.023
v -0.287999988 0.0140000004 0.023
v -0.304841995 0.00805229973 0.0235584993
v -0.36500001 0.00850237999 0.0256888997
v -0.304951012 0.0134081002 0.0235919002
v -0.287999988 0.0140000004 0.0130000003
v -0.287999988 0.00850000046 0.0130000003
v -0.287999988 0.00833078008 0.0216978006
v -0.304874003 -0.00803046022 0.0235593002
v -0.36500001 -0.00850237999 0.0256888997
v -0.36500001 -0.00709505007 0.0272623003
v -0.287999988 -0.00573469978 0.0257740002
v -0.287999988 -0.00838365033 0.0216339994
v -0.287999988 0.00573469978 0.0257740002
v -0.287999988 -0.00207689009 0.0277424008
v -0.36500001 -0.00256955996 0.0296976008
v -0.287999988 0.00207689009 0.0277424008
v -0.36500001 0.00256955996 0.0296976008
v -0.36500001 0.00709505007 0.0272623003
v -0.287999988 -0.00850000046 0.0130000003
v -0.287999988 -0.0140000004 0.0130000003
v -0.304951012 -0.0134081002 0.0235919002
v -0.287999988 -0.0140000004 0.023
v -0.304951012 -0.0790918991 0.0235919002
v -0.287999988 -0.0785000026 0.023
v -0.287999988 -0.0785000026 0.0130000003
v -0.287999988 -0.0839999989 0.0130000003
v -0.304951012 -0.0834081024 0.0235919002
v -0.287999988 -0.0839999989 0.023
v -0.287999988 -0.148499995 0.023
v -0.304850012 -0.154431 0.0235613007
v -0.36500001 -0.153998002 0.0256888997
v -0.304951012 -0.149092004 0.0235919002
v -0.287999988 -0.148499995 0.0130000003
v -0.287999988 -0.153999999 0.0130000003
v -0.287999004 -0.154183 0.0216892995
v -0.287999988 -0.156489998 0.0255104005
v -0.287999988 -0.162499994 0.0280000009
v -0.36500001 -0.159051999 0.0294633005
v -0.287999988 -0.159557998 0.0274746008
v -0.36500001 -0.155064002 0.0269361995
v -0.287999988 -0.166989997 0.0280000009
v -0.36500001 -0.164192006 0.0300162993
v -0.148137003 -0.147076994 0.127704993
v -0.108629003 -0.107715003 0.129666001
v -0.099328801 -0.0755314007 0.139579996
v -0.102293998 -0.0777857974 0.134246007
v -0.106702998 -0.0811391994 0.130835995
v -0.0997423977 -0.0971338972 0.129883006
v -0.111463003 -0.0834385976 0.129883006
v -0.149000004 -0.0610082 0.129491001
v -0.184824005 -0.0758391023 0.129354998
v -0.193330005 -0.0793941021 0.129329994
v -0.149000004 -0.0220078006 0.129711002
v -0.149000004 -0.0412046015 0.129602998
v -0.181318998 -0.0260550007 0.130384997
v -0.188777998 -0.0200827997 0.130531996
v -0.204298005 -0.0190181006 0.130661994
v -0.213112995 -0.0242373999 0.130622998
v -0.181299001 -0.103381999 0.128572002
v -0.125 -0.199006006 0.00200000009
v -0.116250001 -0.201351002 0.00200000009
v -0.109488003 -0.208322003 0.00223115995
v -0.107500002 -0.216506004 0.00200000009
v -0.109844998 -0.225255996 0.00200000009
v -0.116250001 -0.231662005 0.00200000009
v -0.125750005 -0.234063998 0.0022102301
v -0.133750007 -0.231662005 0.00200000009
v -0.140155002 -0.225255996 0.00200000009
v -0.142517999 -0.216996998 0.0021311501
v -0.133750007 -0.201351002 0.00200000009
v -0.120375 -0.208496004 0.0379999988
v -0.125 -0.207256004 0.0379999988
v -0.116989002 -0.211880997 0.0379999988
v -0.11575 -0.216506004 0.0379999988
v -0.116989002 -0.221130997 0.0379999988
v -0.120375 -0.224517003 0.0379999988
v -0.125 -0.225756004 0.0379999988
v -0.129624993 -0.224517003 0.0379999988
v -0.133010998 -0.221130997 0.0379999988
v -0.134183004 -0.214019001 0.0379999988
v -0.129624993 -0.208496004 0.0379999988
v -0.0866928026 -0.195051998 0.0379999988
v -0.0800955966 -0.179124996 0.0379999988
v -0.0823901966 -0.173935995 0.0379998982
v -0.0873439014 -0.167405993 0.0379998982
v -0.0941046998 -0.162673995 0.0379954018
v -0.110397004 -0.158337995 0.0379998982
v -0.107610002 -0.158415005 0.0380004011
v -0.101083003 -0.159549996 0.0379996002
v -0.117821999 -0.159658 0.0379999988
v -0.127075002 -0.171501994 0.0379999988
v -0.130923003 -0.168585002 0.0379998982
v -0.131707996 -0.161954999 0.127702996
v -0.0869875029 -0.219805002 0.0833417028
v -0.0979565009 -0.240429997 0.0379999988
v 0.192450002 -0.0885004997 0.127546996
v 0.196131006 -0.052108001 0.127871007
v 0.149623007 -0.0400293991 0.129628003
v 0.202612996 -0.061838001 0.127553999
v 0.204734996 -0.0543424003 0.127546996
v -0.0662140027 -0.201093003 0.127513006
v -0.0404240005 -0.207932994 0.127546996
v -0.0121873002 -0.211492002 0.127528995
v 0.0155998003 -0.211247995 0.127551004
v 0.043484401 -0.207313001 0.127546996
v 0.179545 -0.112447001 0.127543002
v 0.120752998 -0.174034998 0.127546996
v 0.133754998 -0.163665995 0.127546996
v 0.142808005 -0.156445995 0.127546996
v 0.152416006 -0.146423995 0.127546996
v 0.162389994 -0.136008993 0.127548993
v 0.113177001 -0.178575993 0.127546996
v 0.0963047966 -0.188675001 0.127551004
v 0.0704625025 -0.199768007 0.127544999
v 0.154155001 -0.0214479994 0.0506625995
v 0.158996001 -0.0175180994 0.0379997008
v 0.159490004 -0.0127691999 0.0379999988
v 0.158653006 0.0208080001 0.0379997008
v 0.159953997 0.00382928993 0.0379999988
v 0.126494005 0.0262442995 0.127654001
v 0.158874005 -0.0232782997 0.0379999988
v 0.159698993 -0.0253282003 0.0379999988
v 0.161421999 -0.0273711998 0.0379998982
v 0.148294002 -0.0325362012 0.0843949988
v 0.156526998 -0.0309957005 0.0619757995
v 0.165279999 -0.0291427001 0.0379998982
v 0.200121 -0.0443399996 0.0843961984
v 0.204382002 -0.0360381007 0.0379999988
v 0.255674988 -0.0450824015 0.0379999988
v 0.238328993 -0.0496186018 0.0699807033
v 0.222212002 -0.0524484999 0.0982604027
v 0.158987999 0.0237409007 0.0379997008
v 0.160339996 0.0262250993 0.0380001999
v 0.148346007 0.0325278006 0.0842531994
v 0.162535995 0.0281105991 0.0379999988
v 0.165306002 0.0291479006 0.0379999988
v 0.240255997 0.0491981991 0.0665099993
v 0.222212002 0.0524484999 0.0982604027
v 0.200121 0.0443399996 0.0843961984
v 0.255805999 0.0451056994 0.0379999988
v 0.204382002 0.0360381007 0.0379999988
v 0.191551 0.0509677008 0.128207996
v 0.204768002 0.0541657992 0.127562001
v -0.0341962986 0.178740993 0.128822997
v -0.0440472998 0.187189996 0.128456995
v -0.0474289991 0.198064998 0.127947003
v -0.0461831987 0.206723005 0.127550006
v -0.0669175982 0.197733 0.127704993
v -0.0679033026 0.200645998 0.127546996
v -0.0744030997 0.195040002 0.127704993
v -0.0755574033 0.197889999 0.127546996
v -0.0170338005 0.177568004 0.128983006
v -0.00615275977 0.211683005 0.127571002
v -0.00247537997 0.202777997 0.127930999
v -0.00441006012 0.189778998 0.128558993
v 0.201955006 0.0635847002 0.127537996
v 0.192411005 0.0885906965 0.127544999
v 0.178948 0.113352001 0.127542004
v 0.162330002 0.136080995 0.127547994
v 0.144703999 0.154468 0.127546996
v 0.142808005 0.156445995 0.127546996
v 0.0706479996 0.199696004 0.127546996
v 0.0536329001 0.204466999 0.127546996
v 0.0434863009 0.207312003 0.127546996
v 0.0279197004 0.209508002 0.127546996
v 0.0155533999 0.211252004 0.127546996
v 0.0785353035 0.196299002 0.127546996
v 0.0970569029 0.188291997 0.127565995
v 0.121151 0.173779994 0.127544999
v -0.00872477982 0.216169998 0.119616002
v -0.043063499 0.212118 0.119501002
v -0.0475526005 0.196608007 0.119498
v -0.0370833986 0.180954993 0.119491003
v -0.0057784901 0.188314006 0.119498
v -0.00285332999 0.199911997 0.119455002
v -0.0200695004 0.177183002 0.119493999
v -0.109488003 0.224691004 0.00223115995
v -0.107500002 0.216506004 0.00200000009
v -0.109844998 0.207755998 0.00200000009
v -0.116250001 0.201351002 0.00200000009
v -0.125 0.199006006 0.00200000009
v -0.134433001 0.201673001 0.00220787991
v -0.140155002 0.207755998 0.00200000009
v -0.142499998 0.216506004 0.00200000009
v -0.139862001 0.225924 0.00219520996
v -0.133750007 0.231662005 0.00200000009
v -0.125 0.234006003 0.00200000009
v -0.120375 0.224517003 0.0379999988
v -0.125 0.225756004 0.0379999988
v -0.116989002 0.221130997 0.0379999988
v -0.115810998 0.214037001 0.0380000994
v -0.120375 0.208496004 0.0379999988
v -0.125 0.207256004 0.0379999988
v -0.129624993 0.208496004 0.0379999988
v -0.134927005 0.216551006 0.0379999988
v -0.129624993 0.224517003 0.0379999988
v -0.131718993 0.161945 0.127712995
v -0.130922005 0.168584004 0.0379998982
v -0.127075002 0.171501994 0.0379999988
v -0.117821999 0.159658 0.0379999988
v -0.111435004 0.158409998 0.0379996002
v -0.104768999 0.158720002 0.0380003005
v -0.101893 0.159317002 0.0379997008
v -0.0942116976 0.162612006 0.0379939005
v -0.0800955966 0.179124996 0.0379999988
v -0.0823445991 0.174013004 0.0379999988
v -0.0836509019 0.171944007 0.0379999988
v -0.0882679 0.166731998 0.0379999988
v -0.0866928026 0.195051998 0.0379999988
v -0.0805369988 0.197674006 0.0379999988
v -0.0870471969 0.219917998 0.0831002966
v -0.0979565009 0.240429997 0.0379999988
v -0.133598998 0.164379999 0.127546996
v -0.146945998 0.152556002 0.127560005
v -0.149001002 0.110258996 0.128703997
v -0.149000004 0.118863001 0.128533006
v -0.146884993 0.185271993 0.0832590014
v -0.159240007 0.205047995 0.0379999988
v -0.222276002 0.122725002 0.194999993
v -0.277713001 0.0672753975 0.194999993
v -0.222282007 0.0707480013 0.194999993
v -0.277725011 0.122708999 0.194999993
v -0.225455001 0.0672643036 0.194999993
v -0.211863995 0.073577702 0.129310995
v -0.214086995 0.0665007979 0.129540995
v -0.218434006 0.0309477001 0.130521998
v -0.216794997 0.0578808002 0.129820004
v -0.220786005 0.0405469015 0.130282
v -0.195363 0.109715 0.127994999
v -0.204307005 0.0922783986 0.128637001
v -0.206740007 0.0863007009 0.128852993
v -0.184841007 0.126464993 0.127436996
v -0.179241002 0.153694004 0.126109004
v -0.179444 0.143306002 0.126718
v -0.180892006 0.134369999 0.127151996
v -0.182558 0.130320996 0.127309993
v -0.223481998 0.0453942008 0.150558993
v -0.223242 0.0369068012 0.149054006
v -0.230002999 0.0294052009 0.178049996
v -0.229314998 0.0377117991 0.175272003
v -0.23037 -0.0317782983 0.178115994
v -0.232884005 -3.57578983e-07 0.178000003
v -0.232149005 0.0184866004 0.178000003
v -0.22676 -0.0411567986 0.164281994
v -0.223051995 -0.0360683985 0.148954004
v -0.223481998 -0.0453942008 0.150558993
v -0.219918996 -0.035105899 0.130720004
v -0.220357001 -0.0429467 0.130220994
v -0.238533005 -0.0939185992 0.210999995
v -0.239908993 -0.103191003 0.211022004
v -0.228 -0.112163 0.210999995
v -0.221919 -0.110532999 0.210999995
v -0.215837002 -0.100000001 0.210999995
v -0.217466995 -0.0939185992 0.210999995
v -0.221919 -0.0894668028 0.210999995
v -0.228 -0.0878373012 0.210999995
v -0.238691002 -0.108351 0.198927999
v -0.241212994 -0.100000001 0.199000001
v -0.238523006 -0.0914138034 0.198868006
v -0.287999988 -0.166759998 0.168500006
v -0.36500001 -0.163960993 0.170515999
v -0.399233997 -0.0496865995 0.175194994
v -0.392728001 -0.107294999 0.174968004
v -0.38171801 -0.163164005 0.174584001
v -0.36500001 -0.163779005 0.173999995
v -0.372978985 0.148954004 0.186155006
v -0.379788011 0.115898997 0.185917005
v -0.389519989 0.0234028008 0.185578004
v -0.388296992 0.0486042984 0.185619995
v -0.385298014 0.0788983032 0.185725003
v -0.389927 0.0150266001 0.185562998
v -0.389836013 -0.0185770001 0.185567006
v -0.386251986 -0.0709714964 0.185691997
v -0.388020992 -0.0521848984 0.185629994
v -0.373043001 -0.148949996 0.186153993
v -0.287999988 0.166759998 0.168500006
v -0.36500001 0.163960993 0.170515999
v -0.36500001 0.163779005 0.173999995
v -0.38171801 0.163164005 0.174584001
v -0.394735008 0.0934425965 0.175037995
v -0.287999988 0.173025995 0.0110874996
v -0.287999988 0.174017996 0.0300089009
v -0.287999988 -0.173025995 0.0110874996
v -0.287999988 -0.174017996 0.0300089009
v -0.133598998 -0.164379999 0.127546996
v -0.146954 -0.185379997 0.0830243975
v -0.159240007 -0.205047995 0.0379999988
v -0.146945998 -0.152559996 0.127553999
v -0.149000004 -0.145581007 0.127691001
v -0.149002001 -0.110257 0.128703997
v -0.149002001 -0.118809 0.128534004
v -0.184842005 -0.126464993 0.127434
v -0.180928007 -0.13425 0.127174005
v -0.179238006 -0.153696999 0.126095995
v -0.179449007 -0.142883003 0.126741007
v -0.194417998 -0.111475997 0.127922997
v -0.208827004 -0.0817155018 0.129022002
v -0.200788006 -0.0995939001 0.128362
v -0.215285003 -0.0631519035 0.129623994
v -0.211683005 -0.0735146031 0.129301995
v -0.115249999 -0.199618995 -6.32584016e-18
v -0.111385003 -0.231126994 0.000103682003
v -0.134749994 -0.199618995 -6.46115036e-18
v -0.125 -0.197006002 -6.50521014e-18
v -0.113375001 -0.180350006 0.0379999988
v -0.108750001 -0.179111004 -1.64472987e-19
v -0.108750001 -0.179111004 0.0379999988
v -0.104125001 -0.180350006 0
v -0.104125001 -0.180350006 0.0379999988
v -0.100739002 -0.183735996 0
v -0.100739002 -0.183735996 0.0379999988
v -0.0995000005 -0.188361004 0
v -0.0995000005 -0.188361004 0.0379999988
v -0.100739002 -0.192985997 0
v -0.100739002 -0.192985997 0.0379999988
v -0.104125001 -0.196371004 0
v -0.104125001 -0.196371004 0.0379999988
v -0.108750001 -0.197611004 0
v -0.108750001 -0.197611004 0.0379999988
v -0.113375001 -0.196371004 0
v -0.113375001 -0.196371004 0.0379999988
v -0.116760999 -0.192985997 0
v -0.116760999 -0.192985997 0.0379999988
v -0.118000001 -0.188361004 0
v -0.118000001 -0.188361004 0.0379999988
v -0.116760999 -0.183735996 0
v -0.116760999 -0.183735996 0.0379999988
v -0.113375001 -0.180350006 0
v -0.0973097011 -0.256646991 0.0379999988
v -0.0873133019 -0.244496003 0.0379999988
v -0.137669995 -0.237452999 0.0379999988
v -0.173608005 -0.212595999 0.0379999988
v -0.168290004 -0.197993994 0.0380841009
v 0.252020001 -0.0623514988 0.0379999988
v 0.230334997 -0.0640304983 0.078303501
v 0.218872994 -0.0649961978 0.0982273966
v 0.209897995 -0.0898441002 0.0982604027
v 0.204353005 -0.100906998 0.0982604027
v 0.197597995 -0.114385001 0.0982604027
v 0.182444006 -0.137272999 0.0982374996
v 0.164648995 -0.158176005 0.0982604027
v 0.155834004 -0.166310996 0.0982604027
v 0.144475996 -0.176792994 0.0982604027
v 0.123769 -0.191732004 0.0982604027
v 0.122213997 -0.192854002 0.0982604027
v 0.098185502 -0.206128001 0.0982604027
v 0.0874181017 -0.210483 0.0982604027
v 0.0727377981 -0.216420993 0.0982604027
v 0.0462584011 -0.223582998 0.0982680991
v -0.0749638975 -0.224104002 0.0830997005
v -0.0707976967 -0.217063993 0.0982604027
v 0.0190709997 -0.227520004 0.0982604027
v 0.00783884991 -0.227783993 0.0982604027
v -0.00837222021 -0.228164002 0.0982604027
v -0.0356989019 -0.225511998 0.0982241035
v -0.0625007004 -0.219596997 0.0982604027
v -0.0824785009 -0.236801997 0.0557546988
v 0.243206993 -0.0579381995 0.0186556
v 0.228997007 -0.0581222996 0.0221670009
v 0.221515998 -0.0577585995 0.0152110001
v 0.220220998 -0.0572225004 0.00499999989
v 0.245778993 -0.0572225004 0.00499999989
v 0.243143007 -0.0639277026 0.0182035007
v 0.245778993 -0.0627601966 0.00499999989
v 0.268375009 -0.0599999987 0.0280000009
v 0.267939001 -0.0595446005 0.0379999988
v 0.221334994 -0.0677620992 0.0379999988
v 0.221742004 -0.0682225004 0.0280000009
v 0.255430996 -0.0360567011 0.00999999978
v 0.255430996 -0.061324399 0.00999999978
v 0.255169004 -0.0357946008 0.00499999989
v 0.255169004 -0.0611044988 0.00499999989
v 0.212874994 0.00801073015 0.0379999988
v 0.217500001 0.00925000012 -1.64472987e-19
v 0.217500001 0.00925000012 0.0379999988
v 0.222124994 0.00801073015 0
v 0.222124994 0.00801073015 0.0379999988
v 0.225511 0.00462500006 0
v 0.225511 0.00462500006 0.0379999988
v 0.226750001 -1.53289008e-17 0
v 0.226750001 -1.35942005e-17 0.0379999988
v 0.225511 -0.00462500006 0
v 0.225511 -0.00462500006 0.0379999988
v 0.222124994 -0.00801073015 0
v 0.222124994 -0.00801073015 0.0379999988
v 0.217500001 -0.00925000012 0
v 0.217500001 -0.00925000012 0.0379999988
v 0.212874994 -0.00801073015 0
v 0.212874994 -0.00801073015 0.0379999988
v 0.209489003 -0.00462500006 0
v 0.209489003 -0.00462500006 0.0379999988
v 0.208250001 -2.78640984e-17 0
v 0.208250001 -2.61293005e-17 0.0379999988
v 0.209489003 0.00462500006 0
v 0.209489003 0.00462500006 0.0379999988
v 0.212874994 0.00801073015 0
v 0.245375007 0.00801073015 0.0379999988
v 0.25 0.00925000012 -1.64472987e-19
v 0.25 0.00925000012 0.0379999988
v 0.254624993 0.00801073015 0
v 0.254624993 0.00801073015 0.0379999988
v 0.258011013 0.00462500006 0
v 0.258011013 0.00462500006 0.0379999988
v 0.259249985 -1.61179997e-17 0
v 0.259249985 -1.61179997e-17 0.0379999988
v 0.258011013 -0.00462500006 0
v 0.258011013 -0.00462500006 0.0379999988
v 0.254624993 -0.00801073015 0
v 0.254624993 -0.00801073015 0.0379999988
v 0.25 -0.00925000012 0
v 0.25 -0.00925000012 0.0379999988
v 0.245375007 -0.00801073015 0
v 0.245375007 -0.00801073015 0.0379999988
v 0.241989002 -0.00462500006 0
v 0.241989002 -0.00462500006 0.0379999988
v 0.24075 -2.86531989e-17 0
v 0.24075 -2.86531989e-17 0.0379999988
v 0.241989002 0.00462500006 0
v 0.241989002 0.00462500006 0.0379999988
v 0.245375007 0.00801073015 0
v 0.267235994 -0.0128127998 2.99168015e-08
v 0.267235994 0.0128306998 1.17270005e-07
v 0.267609 0.0106006004 0.00712398998
v 0.267767996 -0.00873559993 0.0101234997
v 0.267834991 0.00606012018 0.0114326999
v 0.267939001 0.0595446005 0.0379999988
v 0.252020001 0.0623514988 0.0379999988
v 0.273721009 0.0203466006 0.0379999988
v 0.273721009 -0.0203466006 0.0379999988
v -0.0542027988 0.221790999 0.0982604027
v -0.0329886004 0.225600004 0.0982604027
v -0.0263407994 0.226793006 0.0982604027
v -0.0873209015 0.244506001 0.037999101
v -0.0756084993 0.225406006 0.0807942003
v -0.0707976967 0.217063993 0.0982604027
v 0.00192615006 0.228310004 0.0982604027
v 0.00782776996 0.227892995 0.0982604027
v 0.0301635005 0.226317003 0.0982604027
v 0.0484124012 0.222720996 0.0982604027
v 0.0579371005 0.220844999 0.0982604027
v 0.0848202035 0.211978003 0.0982604027
v 0.0874987021 0.210708007 0.0982604027
v 0.110399 0.199852005 0.0982604027
v 0.123599 0.191452995 0.0982604027
v 0.134281993 0.184654996 0.0982604027
v 0.156101003 0.166618004 0.0982604027
v 0.175518006 0.146022007 0.0982604027
v 0.183014005 0.135782003 0.0982604027
v 0.192239001 0.123180002 0.0982604027
v 0.206006005 0.0984435007 0.0982429013
v 0.216602996 0.0721964017 0.0982604027
v 0.218876004 0.0649890974 0.0982541963
v 0.241295993 0.0631586015 0.0583692007
v -0.108112998 0.206755996 1.64130004e-18
v -0.120518997 0.197036996 0.000103687002
v -0.144500002 0.216506004 5.91654013e-19
v -0.125 0.236006007 -8.67361945e-19
v -0.113375001 0.196371004 0.0379999988
v -0.108750001 0.197611004 -1.64472987e-19
v -0.108750001 0.197611004 0.0379999988
v -0.104125001 0.196371004 0
v -0.104125001 0.196371004 0.0379999988
v -0.100739002 0.192985997 0
v -0.100739002 0.192985997 0.0379999988
v -0.0995000005 0.188361004 0
v -0.0995000005 0.188361004 0.0379999988
v -0.100739002 0.183735996 0
v -0.100739002 0.183735996 0.0379999988
v -0.104125001 0.180350006 0
v -0.104125001 0.180350006 0.0379999988
v -0.108750001 0.179111004 0
v -0.108750001 0.179111004 0.0379999988
v -0.113375001 0.180350006 0
v -0.113375001 0.180350006 0.0379999988
v -0.116760999 0.183735996 0
v -0.116760999 0.183735996 0.0379999988
v -0.118000001 0.188361004 0
v -0.118000001 0.188361004 0.0379999988
v -0.116760999 0.192985997 0
v -0.116760999 0.192985997 0.0379999988
v -0.113375001 0.196371004 0
v -0.137669995 0.237452999 0.0379999988
v -0.173608005 0.212595999 0.0379999988
v -0.168262005 0.197926998 0.0380931012
v -0.0973097011 0.256646991 0.0379999988
v -0.184321001 0.162651002 0.114454001
v -0.146813005 0.171040997 0.103537999
v -0.189079002 0.171040997 0.103537999
v -0.156619996 0.176982 0.0831101984
v -0.153554007 0.171498001 0.0948249027
v -0.158765003 0.174842998 0.0309999995
v -0.174048007 0.212715998 0.0309999995
v -0.185470998 0.194303006 0.0309992004
v -0.193057001 0.174842998 0.0309999995
v -0.199105993 0.169452995 0.133847997
v -0.214321002 0.167042002 0.179847002
v -0.200000003 0.150000006 0.189999998
v -0.268005997 -0.110146999 0.189999998
v -0.237616003 -0.110174999 0.189999998
v -0.268175006 -0.0952552035 0.189999998
v -0.262744993 -0.089824602 0.189999998
v -0.237616003 -0.089824602 0.189999998
v -0.225185007 0.0670005009 0.189999998
v -0.221625999 0.0698800981 0.175154001
v -0.273000002 0.0670000017 0.189999998
v -0.2755 0.0676698983 0.189999998
v -0.277999997 0.0719999969 0.189999998
v -0.277992994 0.120355003 0.189999998
v -0.273000002 0.123000003 0.189999998
v -0.222038999 0.122971997 0.189999998
v -0.222000003 0.0770824999 0.189999998
v -0.194548994 0.121932998 0.159384996
v -0.201130003 0.123888001 0.189999998
v -0.203932002 0.116775997 0.189999998
v -0.200008005 0.130089 0.189999998
v -0.200000003 -0.131277993 0.189999998
v -0.200001001 -0.150000006 0.189999998
v -0.194548994 -0.121932998 0.159383997
v -0.201159 -0.123860002 0.189999998
v -0.201345995 -0.122661002 0.189999998
v -0.203932002 -0.116775997 0.189999998
v -0.215303004 -0.0940714031 0.189812005
v -0.213995993 -0.0999782011 0.190000996
v -0.206075996 -0.112949997 0.189999998
v -0.231726006 0.0390919 0.189999998
v -0.206075996 0.112948999 0.189999998
v -0.234999999 -3.60826988e-07 0.189999998
v -0.231726006 -0.0390926003 0.189999998
v -0.221993998 -0.0770955011 0.189999998
v -0.234999999 -0.0878755972 0.189999998
v -0.221000001 -0.0878755972 0.189999998
v -0.228 -0.0860000029 0.189999998
v -0.215875998 -0.107000001 0.189999998
v -0.221000001 -0.112124003 0.189999998
v -0.228 -0.114 0.189999998
v -0.234999999 -0.112124003 0.189999998
v -0.284000009 -0.166327 0.179416999
v -0.284000009 -0.174263 0.0280000009
v -0.284000009 -0.149800003 0.189262003
v -0.284000009 0.149800003 0.189262003
v -0.284000009 0.166327 0.179416999
v -0.284000009 0.174263 0.0280000009
v -0.284000009 0.173357993 0.0107375002
v -0.284000009 -0.173357993 0.0107375002
v -0.272179991 -0.169 0.00500060013
v -0.246221006 -0.169 0.00499999989
v -0.249026 -0.169717997 0.0186991002
v -0.266285002 -0.169850007 0.0212270003
v -0.185549006 -0.194154993 0.0309989005
v -0.174041003 -0.212716997 0.0309999995
v -0.158765003 -0.174842998 0.0309999995
v -0.193057001 -0.174842998 0.0309999995
v -0.156619996 -0.176982 0.0831101984
v -0.153554007 -0.171498001 0.0948249027
v -0.146813005 -0.171040997 0.103537999
v -0.189079002 -0.171040997 0.103537999
v -0.204294994 -0.168631002 0.149535999
v -0.214322001 -0.167042002 0.179847002
v -0.193170995 -0.174999997 0.0280000009
v -0.174998999 -0.212133005 0.0280000009
v -0.137933001 -0.237907007 0.0280000009
v -0.0971496999 -0.257268012 0.0280000009
v -0.097597599 -0.255528003 2.11955e-16
v -0.137197003 -0.236636996 3.03081996e-18
v -0.126021996 -0.236175001 1.39212992e-17
v -0.144485995 -0.217118993 2.25070013e-18
v -0.166380003 -0.217113003 2.5755701e-17
v -0.0996405035 -0.185530007 2.44573009e-18
v -0.0823704973 -0.188234001 2.59658012e-18
v -0.102431998 -0.194677994 2.56585015e-18
v -0.0554419011 -0.197845995 4.85498027e-18
v -0.0755836964 -0.227577999 3.30588026e-18
v -0.115249999 -0.233393997 3.12852012e-18
v -0.116558999 -0.182632998 3.09543e-18
v -0.131957993 -0.157492995 2.57560981e-17
v -0.139695004 -0.201125994 6.72364042e-18
v -0.108751997 -0.174327001 2.17946023e-18
v -0.108112998 -0.226255998 3.05792005e-18
v -0.105058998 -0.214690998 2.88445014e-18
v -0.115249999 -0.199618995 2.5600601e-18
v -0.0693413988 -0.221405998 0.0277606994
v 0.220982999 -0.0680963993 0.0134407002
v 0.221132994 -0.0674692988 0.0100002
v 0.224288002 -0.0673071966 0.0194779001
v 0.233114004 -0.0659246966 0.0224994998
v 0.208020002 -0.10272 0.0280000009
v 0.00797479041 -0.231863007 0.0280000009
v -0.0319585018 -0.229646996 0.0280000009
v -0.0335779004 -0.229556993 0.0280000009
v 0.0889815986 -0.214258 0.0280000009
v 0.0492709018 -0.226707995 0.0280000009
v 0.125828996 -0.194913 0.0279999003
v 0.158632994 -0.169292003 0.0279306993
v 0.186321005 -0.138234004 0.0279973
v 0.207282007 -0.103928998 0.0280000009
v 0.220220998 -0.0672668964 0.00499999989
v 0.192073002 -0.0722301006 0.00499999989
v 0.202133 -0.0358081982 0.00499999989
v 0.268375009 0.0599999987 0.0280000009
v 0.274242997 0.0203853995 0.0280000009
v 0.274242997 -0.0203853995 0.0280000009
v 0.267591 -0.0591804013 0.00999999978
v 0.271674007 -0.0360567011 0.00999999978
v 0.202372 -0.0355326012 2.07360014e-18
v 0.271214992 -0.0355326012 3.41892011e-16
v 0.259727001 -0.00265695993 2.56710023e-18
v 0.255331993 0.0075807902 -1.29906996e-19
v 0.27322799 -0.0128296996 4.33279972e-08
v 0.272780001 -0.0202766005 2.23407008e-18
v 0.273362011 0.0128287999 1.30479998e-06
v 0.271214992 0.0355326012 -5.26253009e-18
v 0.202372 0.0355326012 -4.18146004e-18
v 0.223818004 0.00631787023 1.44671004e-18
v 0.247131005 -0.00904085021 1.85618006e-18
v 0.212807998 0.0079723401 1.37863008e-18
v 0.205467001 -0.000342145009 1.43147007e-18
v 0.211078003 -0.00696951011 1.58364007e-18
v 0.218147993 -0.00929008983 1.67154011e-18
v 0.241182998 -0.00367872999 1.73311006e-18
v 0.226783007 -0.00134237995 1.59621012e-18
v 0.243378997 0.00714713987 1.72856005e-18
v 0.274093002 -0.00544703985 0.0127603998
v 0.267917007 -2.00310984e-17 0.0130000003
v 0.274214 -2.32955997e-17 0.0130000003
v 0.273956001 0.00871293992 0.0102628004
v 0.221741006 0.0682222024 0.0280262008
v 0.00797479041 0.231863007 0.0280000009
v 0.186322004 0.138231993 0.0280000009
v 0.208020002 0.10272 0.0280000009
v 0.125828996 0.194913 0.0280000009
v 0.158263996 0.169579998 0.0280000009
v 0.158628002 0.169296995 0.0280000009
v 0.0889820978 0.214257002 0.0279994998
v 0.0492709018 0.226707995 0.0280000009
v -0.0335779004 0.229556993 0.0280000009
v -0.0693363994 0.221397996 0.0279578008
v -0.0971496999 0.257268012 0.0280000009
v -0.118588001 0.196422994 -4.41953006e-18
v -0.118386999 0.185863003 -2.49027004e-18
v -0.108043 0.226159006 -7.27417998e-18
v -0.115249999 0.233393997 -4.72794022e-18
v -0.097597599 0.255528003 2.15287003e-16
v -0.137197003 0.236636996 -4.93481023e-18
v -0.141477004 0.227283001 -3.2041602e-18
v -0.166380003 0.217113003 2.17593996e-17
v -0.134749994 0.199618995 -4.29478006e-18
v -0.131957993 0.157492995 2.23768999e-17
v -0.141887993 0.206755996 -4.46444018e-18
v -0.144500002 0.216506004 -4.64667013e-18
v -0.0823704973 0.188234001 -3.73970009e-18
v -0.108751997 0.174327001 -3.68870027e-18
v -0.101094998 0.182918996 -3.78017032e-18
v -0.104125001 0.196371004 -4.02762016e-18
v -0.0755836964 0.227577999 -4.35480979e-18
v -0.100317001 0.192193002 -3.94516018e-18
v -0.0554419011 0.197845995 -4.24066052e-18
v -0.137933001 0.237907007 0.0280000009
v -0.174998999 0.212133005 0.0280000009
v -0.193170995 0.174999997 0.0280000009
v -0.278737992 0.145262003 0.00499999989
v -0.278737992 0.173795 0.00499999989
v -0.239262 0.145262003 0.00499999989
v -0.239262 0.173795 0.00499999989
v -0.280999988 0.174999997 0.0280000009
v -0.280999988 0.167042002 0.179847002
v -0.280999988 0.150000006 0.189999998
v -0.280999988 -0.150000006 0.189999998
v -0.280999988 -0.167042002 0.179847002
v -0.280999988 -0.166072994 0.179263994
v -0.280999988 -0.173999995 0.0280000009
v -0.280999988 -0.149728 0.188999996
v -0.280999988 0.149728 0.188999996
v -0.280999988 0.166072994 0.179263994
v -0.280999988 0.173999995 0.0280000009
v -0.280999988 0.173108995 0.0109999999
v -0.280999988 -0.173108995 0.0109999999
v -0.27236101 -0.173811004 0.00531243999
v -0.267358989 -0.174566001 0.0197190009
v -0.251717001 -0.174645007 0.0212261993
v -0.245842993 -0.173804998 0.0052029998
v -0.239262 -0.173795 0.00499999989
v -0.278737992 -0.173795 0.00499999989
v -0.278737992 -0.145262003 0.00499999989
v -0.239262 -0.145262003 0.00499999989
v -0.280999988 -0.174999997 0.0280000009
v -0.25573799 0.0127619999 0.0149999997
v -0.268738002 0.0127619999 0.0149999997
v -0.268738002 0.089879103 0.0149999997
v -0.0870343968 0.103541002 0.0149999997
v -0.106333002 0.0836011991 0.0149999997
v -0.122135997 0.0581254996 0.0149999997
v -0.268738002 -0.089879103 0.0149999997
v -0.268738002 -0.0127619999 0.0149999997
v -0.0870343968 -0.103541002 0.0149999997
v -0.25573799 -0.0127619999 0.0149999997
v -0.106333002 -0.0836011991 0.0149999997
v -0.122135997 -0.0581254996 0.0149999997
v -0.131940007 0.0297945999 0.0149999997
v -0.135261998 1.44984009e-16 0.0149999997
v -0.131940007 -0.0297945999 0.0149999997
v -0.0746487007 -0.102744997 0.0104999999
v 0.124750003 -0.0237974003 0.0104999999
v 0.114913002 -0.0540740006 0.0104999999
v 0.120784 0.0392451994 0.0104999999
v -0.120784 0.0392451994 0.0104999999
v 0.10723 0.0680499971 0.0104999999
v -0.10723 0.0680499971 0.0104999999
v -0.086937502 0.0925789997 0.0104999999
v 0.126748994 0.00797440019 0.0104999999
v -0.126748994 0.00797440019 0.0104999999
v -0.124750003 -0.0237974003 0.0104999999
v -0.0978552029 -0.0809528008 0.0104999999
v -0.114913002 -0.0540740006 0.0104999999
v 0.0978552029 -0.0809528008 0.0104999999
v 0.0746487007 -0.102744997 0.0104999999
v 0.0467518009 -0.118082002 0.0104999999
v 0.0159172993 -0.125999004 0.0104999999
v -0.0159172993 -0.125999004 0.0104999999
v -0.0467518009 -0.118082002 0.0104999999
v -0.0611827001 0.111290999 0.0104999999
v -0.0315835997 0.123010002 0.0104999999
v -7.28583979e-20 0.127000004 0.0104999999
v 0.0315835997 0.123010002 0.0104999999
v 0.0611827001 0.111290999 0.0104999999
v 0.086937502 0.0925789997 0.0104999999
v -0.279000014 -0.174057007 0.00999999978
v -0.279000014 -0.144999996 0.00999999978
v -0.238999993 -0.144999996 0.00999999978
v -0.238999993 -0.174057007 0.00999999978
v -0.192485005 -0.174057007 0.00999999978
v -0.184671998 -0.193473995 0.00999999978
v -0.174292997 -0.211493 0.00999999978
v -0.137197003 -0.236636996 2.44293997e-17
v -0.167062998 -0.217249006 0.00999999978
v -0.132099003 -0.156689003 0.00999999978
v -0.0546257012 -0.197529003 0.00999999978
v -0.0821603984 -0.187754005 0.00999999978
v -0.0823704973 -0.188234001 2.66467996e-17
v -0.108475 -0.173881993 0.00999999978
v -0.108751997 -0.174327001 2.62165002e-17
v -0.0755836964 -0.227577999 1.40726001e-16
v -0.0697121993 -0.220289007 0.00999999978
v -0.0318363011 -0.228853002 0.00999999978
v 0.206543997 -0.103569999 0.00999999978
v 0.184976995 -0.138457999 0.00999999978
v 0.157582 -0.168982998 0.00999999978
v 0.125220999 -0.194181994 0.00999999978
v 0.0889147967 -0.213264003 0.00999999978
v 0.0498065986 -0.225624993 0.00999999978
v 0.00912901014 -0.230875999 0.00999999978
v 0.191664994 -0.0725679994 0.00999999978
v 0.205467001 -0.000342145009 -1.18417001e-17
v 0.204943001 -0.000341273 0.00999999978
v 0.201747 0.0360567011 0.00999999978
v 0.201506004 -0.0373799987 0.00999999978
v 0.271674007 0.0360567011 0.00999999978
v 0.272780001 -0.0202766005 3.55711988e-19
v 0.272780001 0.0202766005 -4.11727987e-19
v 0.267591 0.0591804013 0.00999999978
v 0.22101 0.067393899 0.00999999978
v -0.0697121993 0.220289007 0.00999999978
v -0.0318225995 0.228854999 0.00999999978
v 0.206596002 0.103467003 0.00999999978
v 0.00915747043 0.230875 0.00999999978
v 0.0498487018 0.225614995 0.00999999978
v 0.0889680982 0.213240996 0.00999999978
v 0.125282004 0.194142997 0.00999999978
v 0.157646 0.168923005 0.00999999978
v 0.185038 0.138376996 0.00999999978
v -0.0755836964 0.227577999 -5.40730034e-18
v -0.0546257012 0.197529003 0.00999999978
v -0.132099003 0.156689003 0.00999999978
v -0.108475 0.173881993 0.00999999978
v -0.108751997 0.174327001 -4.19238006e-18
v -0.0821603984 0.187754005 0.00999999978
v -0.0823704973 0.188234001 -4.25660029e-18
v -0.167062998 0.217249006 0.00999999978
v -0.174292997 0.211493 0.00999999978
v -0.137197003 0.236636996 1.99354008e-16
v -0.184671998 0.193473995 0.00999999978
v -0.192485005 0.174057007 0.00999999978
v -0.238999993 0.174057007 0.00999999978
v -0.238999993 0.144999996 0.00999999978
v -0.279000014 0.144999996 0.00999999978
v -0.279000014 0.174057007 0.00999999978
v -0.280999988 0.174057007 0.00999999978
v -0.280999988 -0.174057007 0.00999999978
v -0.256000012 -0.0125000002 0.00999999978
v -0.256000012 0.0125000002 0.00999999978
v -0.268999994 0.0125000002 0.00999999978
v -0.268999994 0.0901222005 0.00999999978
v -0.0862395987 0.103863999 0.00999999978
v -0.106127001 0.0834392011 0.00999999978
v -0.1219 0.058012899 0.00999999978
v -0.131684005 0.0297368001 0.00999999978
v -0.135261998 5.55111976e-17 0.0149999997
v -0.135000005 5.55111976e-17 0.00999999978
v -0.131684005 -0.0297368001 0.00999999978
v -0.1219 -0.058012899 0.00999999978
v -0.106127001 -0.0834392011 0.00999999978
v -0.0862395987 -0.103863999 0.00999999978
v -0.268999994 -0.0901222005 0.00999999978
v -0.268999994 -0.0125000002 0.00999999978
v -3.11753983e-17 0.127000004 0.00999999978
v 0.0315835997 0.123010002 0.00999999978
v 0.0611827001 0.111290999 0.00999999978
v 0.086937502 0.0925789997 0.00999999978
v 0.10723 0.0680499971 0.00999999978
v 0.120784 0.0392451994 0.00999999978
v 0.126748994 0.00797440019 0.00999999978
v 0.124750003 -0.0237974003 0.00999999978
v 0.114913002 -0.0540740006 0.00999999978
v 0.0978552029 -0.0809528008 0.00999999978
v 0.0746487007 -0.102744997 0.00999999978
v 0.0467518009 -0.118082002 0.00999999978
v 0.0159172993 -0.125999004 0.00999999978
v -0.0159172993 -0.125999004 0.00999999978
v -0.0467518009 -0.118082002 0.00999999978
v -0.0746487007 -0.102744997 0.00999999978
v -0.0978552029 -0.0809528008 0.00999999978
v -0.114913002 -0.0540740006 0.00999999978
v -0.124750003 -0.0237974003 0.00999999978
v -0.126748994 0.00797440019 0.00999999978
v -0.120784 0.0392451994 0.00999999978
v -0.10723 0.0680499971 0.00999999978
v -0.086937502 0.0925789997 0.00999999978
v -0.0611827001 0.111290999 0.00999999978
v -0.0315835997 0.123010002 0.00999999978
v -0.135000005 1.44607e-16 0.00999999978
v -0.0295304004 0.199497998 0.104503997
v -0.0209449008 0.196766004 0.104509003
v -0.0250908006 0.203472003 0.114049003
v -0.0223172009 0.196413994 0.113287002
v -0.0304575991 0.200519994 0.118831001
v -0.0271042008 0.190706998 0.122438997
v -0.0164058004 0.199702993 0.122468002
v -0.0252023991 0.208104998 0.122486003

# 0 UV coordinates

# 2961 vertex normals
vn 0.110863999 -0.993835986 0
vn 0.153084993 0.394537002 0.906037986
vn 1 1.47100991e-05 3.19285004e-06
vn 1 1.35911996e-05 3.64174002e-06
vn 0.172295004 0.792569995 -0.584933996
vn 1 -2.01104995e-05 -6.16304033e-06
vn 1 -1.85323988e-05 -4.96574967e-06
vn 1 0 0
vn -0.0502019003 -0.784650981 -0.617901027
vn -0.00394405005 -0.707100987 -0.707100987
vn 0.0334522016 -0.163631007 -0.985953987
vn -0.115402997 0.174728006 -0.977829993
vn 0.106940001 0.960386992 0.257335007
vn 0.0596106984 0.90912497 -0.412234992
vn -0.0317596011 0.753381014 0.656817019
vn -0.107823998 -0.104511 0.988660991
vn 0.0840324983 -0.633377016 0.769267023
vn -0.0279616006 -0.961459994 0.273517996
vn 0.999821007 -0.00716916006 0.0175263006
vn 0.856028974 0.36552301 0.36552301
vn 0.809249997 0.222220004 -0.54381299
vn 0.999993026 0.00275470992 0.00239879009
vn 0.952260017 -0.176853999 0.248843998
vn 0.823053002 0.147000998 0.548610985
vn 0.982169986 -0.127520993 -0.138133004
vn 0.999991 0.00112896995 0.00421338994
vn 0.832249999 0.549193978 -0.0758076012
vn 0.77007699 -0.623750985 0.133852005
vn 0.985512018 0.0649883971 0.156661004
vn 0.966253996 0.257566988 -0.00366505003
vn 0.882972002 -0.240577996 -0.403091997
vn 0 0 1
vn 0.684179008 -0.606290996 0.405351996
vn 9.37971927e-05 -0.00116307999 0.999998987
vn 0.000371288013 -0.000228859994 1
vn -0.000635537028 -0.0211495999 0.999776006
vn 2.63405991e-06 0.00262762001 0.99999702
vn 5.05929984e-06 -0.00264382991 0.99999702
vn 3.0924999e-05 0.00316319009 0.999994993
vn 3.41220984e-05 -0.00373683008 0.999993026
vn 0.00278928992 0.000359416008 0.999996006
vn -0.00241832994 1.71994998e-05 0.99999702
vn 0.00796892028 0.00045320901 0.999967992
vn -0.00260320003 -0.000241508998 0.99999702
vn 0.169597998 -0.963576972 0.206775993
vn -0.169598997 -0.963576019 -0.206775993
vn 0.105596997 -0.751334012 -0.651418984
vn -0.114082001 -0.305159986 -0.945442975
vn -0.0671496987 -0.258235008 -0.963746011
vn 0.110267997 0.375954986 -0.920054018
vn -0.169597998 0.660862029 -0.731094003
vn 0.203902006 0.969039977 -0.139229998
vn 0.0267436001 0.977391005 0.209739998
vn -0.130314007 0.991343975 0.0159591008
vn 0.0774689019 0.704981983 0.704981983
vn -0.114082001 0.305160999 0.945442975
vn -0.0671496019 0.258235991 0.963744998
vn 0.110267997 -0.375955999 0.920053005
vn -0.169598997 -0.660861015 0.731094003
vn 0.00281948992 0.000340511004 0.999996006
vn -0.00230467995 3.76648995e-06 0.99999702
vn -0.000798789028 0.00288085011 0.999996006
vn 0.00084259198 -0.00303882989 0.999994993
vn -5.16907021e-05 -0.00448571006 0.999989986
vn -5.50818004e-05 0.00272112992 0.999996006
vn -7.84645963e-05 -0.00248333998 0.99999702
vn -8.44206952e-05 0.0105029996 0.999944985
vn 2.1358399e-05 3.70618e-05 1
vn -0.471451014 0.0102706999 0.881832004
vn -0.00173016998 -0.00166794995 0.99999702
vn 3.11178997e-06 -0.00315379002 0.999994993
vn -1.33439002e-07 0.00383338006 0.999993026
vn -0.994193971 0.0199625995 0.105736002
vn -0.995207012 -0.0669429973 -0.0712874979
vn -0.980711997 -0.195426002 0.00350224995
vn -0.961789012 -0.126622006 -0.242751002
vn -0.946512997 -0.322647005 0.00347186998
vn -0.896300972 -0.371259987 -0.242511004
vn -0.894668996 -0.446617991 0.00997873954
vn -0.769689977 -0.590604007 -0.242414996
vn -0.830016017 -0.557739973 -0.000227942
vn -0.556627989 -0.830762029 -0.000357387005
vn -0.590561986 -0.769635022 -0.242689997
vn -0.660238028 -0.751056015 0
vn -0.750149012 -0.661269009 0
vn -0.449429989 -0.893257022 0.0102359997
vn -0.371367991 -0.89656198 -0.241377994
vn -0.326748997 -0.94510901 -0.00213817996
vn -0.0487415008 -0.99128902 0.122354001
vn -0.126837999 -0.963428974 -0.236043006
vn -0.213580996 -0.976616979 0.0245622993
vn 0.129826993 -0.986136019 -0.103350997
vn 0.121758997 -0.991532981 -0.0451346003
vn 0.378675997 -0.914205015 -0.144342005
vn 0.38875401 -0.869036019 -0.306019008
vn 0.292847991 -0.955051005 0.0460186005
vn 0.598782003 -0.780299008 -0.180535004
vn 0.549337029 -0.827618003 0.115226001
vn 0.787338018 -0.604112983 -0.123070002
vn 0.927281022 -0.325967014 0.184104994
vn 0.90356499 -0.374269009 -0.208548993
vn 0.970497012 -0.127767995 -0.204475001
vn 0.977506995 -0.137354001 -0.160044998
vn 0.980711997 0.195426002 0.00350236008
vn 0.961789012 0.126622006 -0.242751002
vn 0.988982975 0.0257383995 0.145772994
vn 0.946231008 0.323489994 -4.10401008e-05
vn 0.896300972 0.371259987 -0.242511004
vn 0.894668996 0.446617991 0.00997873954
vn 0.769689977 0.590604007 -0.242414996
vn 0.830016017 0.557739973 -0.000227942
vn 0.556627989 0.830762029 -0.000357387005
vn 0.590561986 0.769635022 -0.242689997
vn 0.660238028 0.751056015 0
vn 0.750149012 0.661269009 0
vn 0.449429989 0.893257022 0.0102359997
vn 0.371367991 0.89656198 -0.241377994
vn 0.320560992 0.946913004 0.0244107004
vn 0.126594007 0.961574972 -0.243614003
vn 0.185532004 0.982330978 0.0245519001
vn -0.128774002 0.978136003 -0.163303003
vn -0.0558153987 0.971987009 0.228311002
vn -0.375813991 0.907297015 -0.188617006
vn -0.293482989 0.932564974 0.210216001
vn -0.598773003 0.780336022 -0.180408999
vn -0.502813995 0.82198 0.267446011
vn -0.779269993 0.597954988 -0.187584996
vn -0.688570023 0.667752981 0.282804012
vn -0.945483983 0.298660994 0.129855007
vn -0.907275975 0.375806004 -0.188731
vn -0.836304009 0.473529994 0.276340991
vn -0.995082021 -0.040801499 0.0902597979
vn -0.986081004 0.129820004 -0.103878997
vn -0.973221004 0.112946004 -0.200212002
vn 4.57252027e-05 -0.00510674017 0.999987006
vn 4.17291994e-05 0.00355912 0.99999398
vn -0.00270646997 -0.000177773007 0.999996006
vn 0.00270645996 0.000177773007 0.999996006
vn 7.45357975e-05 0.00266396999 0.999996006
vn 7.85548982e-05 -0.00607468979 0.999981999
vn -0.458541006 0.888446987 -0.0200491995
vn -0.697979987 0.712624013 0.0706479028
vn -0.981773973 -0.171698004 -0.081482701
vn -0.349698991 -0.936852992 -0.00406664982
vn -0.65268302 -0.752803028 0.0853957981
vn 0.459827989 -0.887781024 -0.0200679991
vn 0.69799298 -0.712635994 0.070396103
vn 0.981577992 0.17295 -0.0811944976
vn 0.349684 0.936859012 -0.00406725006
vn 0.652683973 0.752802014 0.0853976011
vn -0.723245025 0.690436006 -0.0146992998
vn -0.699635983 0.714498997 0.000910081028
vn -0.766844988 -0.641735971 -0.0111058997
vn -0.654115975 -0.754517019 0.0532566011
vn 0.191027999 -0.981227994 -0.0264520999
vn 0.836534977 -0.547680974 -0.0159680005
vn 0.698732018 -0.71340102 0.0532226004
vn 0.696779013 0.717213988 -0.0101806996
vn 0.654901981 0.755526006 0.0168396998
vn -0.65100199 0.758432984 0.0312522016
vn -0.699639022 0.714496017 0.000917111
vn -0.923069 -0.379020005 -0.0654866993
vn -0.652140021 -0.752149999 0.0947820991
vn 0.104373999 -0.993798971 -0.038332399
vn 0.836941004 -0.547052979 -0.0162131004
vn 0.698733985 -0.713398993 0.0532363988
vn 0.695939004 0.718035996 -0.00963397045
vn 0.654892027 0.755535007 0.0168434996
vn -0.723269999 0.690407991 -0.0147246001
vn -0.699636996 0.714497983 0.000907815993
vn -0.695167005 -0.718783975 -0.00961355958
vn -0.654892027 -0.75554502 0.0163823999
vn 0.723994017 -0.689647973 -0.0147655001
vn 0.699648023 -0.714486003 0.00135754002
vn 0.695944011 0.718032002 -0.00964051019
vn 0.654949009 0.755486012 0.0168523993
vn 0.0738253966 0 0.997271001
vn -0.00052008999 -0.485944003 0.873989999
vn -0.0149560999 -0.499944001 0.865929008
vn -0.0236959998 0.472855985 0.88082099
vn -6.61208978e-05 0.5 0.866025984
vn 1 9.44911953e-05 2.02770989e-05
vn 1 -2.54634006e-06 3.66524982e-05
vn 1 -1.89745988e-05 1.09549992e-05
vn 1 0.000121479003 0.000205250995
vn 1 3.26571972e-05 9.75446965e-05
vn 1 -0.000123222999 0.000219904003
vn 1 -6.94707996e-05 7.68538011e-05
vn 1 -0.000156131995 4.16741968e-05
vn 1 1.02313988e-05 2.19557e-06
vn 1 1.4231e-05 8.21627054e-06
vn 1 9.74176055e-06 1.68732004e-05
vn 1 4.99646012e-06 1.18464004e-05
vn 1 0 2.19101003e-05
vn 1 -1.29889995e-05 2.24975993e-05
vn 1 -9.35612024e-06 1.03503999e-05
vn -0.388126999 0.920572996 -0.0436211005
vn -0.69797498 0.712628007 0.0706513003
vn -0.952722013 -0.287694007 -0.0977391005
vn -0.652132988 -0.752156973 0.094777897
vn 0.104397997 -0.993797004 -0.0383296981
vn 0.836957991 -0.547026992 -0.0162237007
vn 0.698732972 -0.713398993 0.0532369986
vn 0.766152978 0.642562985 -0.0110793998
vn 0.654115975 0.754536986 0.0529665984
vn -0.258659005 0.965331972 -0.0350663997
vn -0.836914003 0.547043025 0.0178593993
vn -0.878499985 0.475133002 0.0498588011
vn -0.766151011 -0.641179979 -0.0436022989
vn -0.484037995 -0.87193203 0.0737714022
vn 0.386510998 -0.919496 -0.0716717988
vn 0.876048028 -0.473711997 0.0902056992
vn 0.982484996 0.173547 -0.0678528994
vn 0.347674996 0.937334001 0.0229736008
vn 0.484115988 0.872072995 0.0715560019
vn -0.480140001 0.875648022 -0.0520271994
vn -0.698796988 0.713404 0.0523221008
vn -0.831135988 -0.553331017 -0.0551211983
vn -0.654107988 -0.754523993 0.0532642007
vn 0.191034004 -0.981226981 -0.0264552999
vn 0.837863028 -0.545623004 -0.0167538002
vn 0.698714972 -0.713416994 0.0532315001
vn 0.765969992 0.64279002 -0.0105627999
vn 0.654151022 0.754487991 0.0532307997
vn 0.0243647005 -0.344698995 0.93839699
vn 0.0130677996 -0.367017001 0.930122972
vn 0.0627086014 -0.799522996 0.597352982
vn 0.0487722009 -0.818117023 0.572979987
vn 0.0595134012 -0.970542014 0.233466998
vn 0.0603708997 -0.969916999 0.235829994
vn 0.155824006 -0.308494002 0.938376009
vn 0.141556993 -0.471947998 0.870187998
vn 0.423880011 -0.716337025 0.554244995
vn -0.209197998 0.955753982 0.206812993
vn 0.301575989 -0.259427011 0.917469025
vn 0.321516007 -0.371250004 0.871092021
vn 0.713936985 -0.631524026 0.302442014
vn 0.723250985 -0.587011993 0.363765001
vn 0.328319997 -0.107974999 0.938374996
vn 0.385217994 -0.174640998 0.906149983
vn 0.797958016 -0.248365 0.549161017
vn 0.793179989 -0.237128004 0.560923994
vn 0.256668001 0.231426001 0.938382983
vn 0.281170994 0.236257002 0.930121005
vn 0.610489011 0.561004996 0.559085011
vn 0.594523013 0.563261986 0.573827982
vn 0.748009026 0.621604025 0.232575998
vn 0.148532003 0.31200999 0.938395977
vn 0.169354007 0.325872004 0.930122018
vn 0.339121997 0.726745009 0.597359002
vn 0.360413015 0.736069977 0.57297802
vn 0.424906999 0.873588979 0.237267002
vn 0.426611006 0.873790026 0.233440995
vn 0.325670004 0.115608998 0.938389003
vn 0.350207001 0.110685997 0.930109024
vn 0.753681004 0.274091989 0.597360015
vn 0.775330007 0.265630007 0.572978973
vn 0.918174982 0.317265987 0.237268001
vn 0.919521987 0.316202998 0.233440995
vn -0.650942028 0.758484006 0.0312377997
vn -0.699638009 0.71449703 0.000867764989
vn -0.983592987 -0.172650993 -0.0523186997
vn -0.542340994 -0.836126029 0.0822162032
vn -0.654968023 -0.755469978 0.0168008003
vn 0.723277986 -0.690400004 -0.0147251999
vn 0.699638009 -0.71449703 0.000906263012
vn 0.696006 0.717971027 -0.00962249003
vn 0.654892027 0.755533993 0.0168875009
vn 0.0163468998 0.345503986 0.93827498
vn -0.00536567019 0.312429011 0.949926019
vn 0.067095302 0.609917998 0.789619029
vn 0.0194879007 0.829903007 0.557568014
vn 0.0289743003 0.838936985 0.543456972
vn 0.089383997 0.96846199 0.232576996
vn -0.853606999 -0.51888603 0.0459489003
vn -0.109117001 -0.967742026 0.227085993
vn 0.176264003 -0.632264972 0.754435003
vn 0.415639997 -0.761473 0.497395009
vn 0.983675003 -0.117960997 -0.135900006
vn 0.847414017 0.119365998 0.517341018
vn 0.841338992 0.491535991 0.224812001
vn 0.254927993 0.760160029 0.597635984
vn 0.168689996 0.903665006 0.393615991
vn -0.450179011 0.892840981 0.0132036004
vn -0.796689987 0.277236998 0.537051022
vn -4.75011002e-05 -0.00294817006 0.999996006
vn -5.02898984e-05 0.00309936004 0.999994993
vn 9.32206967e-05 0.00261624996 0.99999702
vn 9.92778005e-05 -0.0105288997 0.999944985
vn -0.510524988 -0.64131403 0.572782993
vn -0.155646995 -0.515857995 0.842415988
vn 0.830404997 -0.542087972 -0.128719002
vn 0.240182996 0.796303988 0.555168986
vn 0.371890008 0.354707986 0.857834995
vn -0.75721699 0.653142989 -0.00507766008
vn -0.388276994 0.920490026 -0.0440322012
vn -0.698011994 0.712616026 0.0704161972
vn -0.981576979 -0.172961995 -0.0811828002
vn -0.349703014 -0.936851978 -0.00406617019
vn -0.652737021 -0.752759993 0.0853642002
vn 0.549888015 -0.834967017 -0.0212683994
vn 0.698776007 -0.713424027 0.0523231998
vn 0.831146002 0.553314984 -0.0551228002
vn 0.654118001 0.754516006 0.0532479994
vn 0.943661988 0.183874995 0.275123
vn -0.98545903 0.169260994 -0.0148713002
vn 0.987734973 -0.0300661009 -0.153215006
vn -0.994488001 -0.0720899031 0.0761362985
vn -0.954671979 -0.296519011 0.0260521993
vn -0.986203015 0.10768 -0.125735998
vn 0.966327012 -0.0747741982 -0.246211007
vn -0.989181995 -0.0534697995 0.136601999
vn -0.978214979 -0.132795006 0.159566
vn -0.576004982 -0.151651993 -0.803255975
vn 0.0668416992 -0.253623992 -0.964990973
vn 0.26829499 -0.547253013 0.792800009
vn 0.276713997 0.942220986 0.188809007
vn -0.980592012 0.000242713999 0.196058005
vn 0.787620008 0.36205399 0.498569995
vn -0.735803008 -0.000838346023 -0.677195013
vn -0.948601007 0.0516877994 -0.312224001
vn 0.811353028 -0.54905498 0.200613007
vn -0.957970023 0.159621 -0.238359004
vn -0.919824004 0.252162009 -0.300561994
vn 0.81439501 -0.414918005 -0.405712992
vn -0.950622976 -0.199469 0.237755999
vn 0.913563013 -0.0700479969 0.400620013
vn -0.984521985 0.167567 -0.0513605997
vn 0.98329401 -0.0389631018 0.177807003
vn -0.000456361013 -0.000263480004 1
vn 0.00187784003 -0.00244725007 0.999994993
vn 0.00282073999 -0.00150540995 0.999994993
vn -0.312976986 0.147189006 0.938286006
vn -0.402462989 0.284794003 0.870009005
vn -0.743326008 0.305025995 0.595336974
vn -0.854130983 0.461804003 0.239160001
vn -0.856244981 0.418166012 0.303285003
vn -0.437774986 -0.89756 0.0523361005
vn -0.439098001 -0.896956027 0.0516055003
vn -0.443376005 -0.895319998 0.0426624008
vn -0.438923001 -0.897041976 0.0515897982
vn -0.427697986 0.892647982 0.142318994
vn -0.433752 0.899155974 0.0581128001
vn -0.438142985 0.897430003 0.0514770001
vn -0.437826008 0.897580981 0.0515359007
vn 0.88617897 0 0.463342011
vn 0.89556402 -0.0626313984 0.440501004
vn 0.916770995 0.0612411983 0.394692004
vn 0.916697025 -0.0625275001 0.394659996
vn 0.884230971 0 0.467049986
vn -0.387147993 0.92097199 -0.0438966006
vn -0.698064983 0.712543011 0.0706226975
vn -0.982079029 -0.170059994 -0.0812434033
vn -0.351767987 -0.936079025 -0.00401409995
vn -0.652728975 -0.75278002 0.0852468982
vn 0.258783013 -0.965788007 -0.0168762002
vn 0.836952984 -0.547034025 -0.0162161998
vn 0.698741019 -0.713392973 0.0532175004
vn 0.766790986 0.641801 -0.0110769998
vn 0.65417701 0.75446701 0.0532272011
vn -0.309309006 -0.154798999 0.938278019
vn -0.265956014 -0.157765999 0.950986981
vn -0.629040003 -0.258720011 0.733057022
vn -0.727047026 -0.420037001 0.543112993
vn 0.947676003 0.304372996 0.0962660983
vn -0.104393996 0.993797004 -0.0383308008
vn -0.836961985 0.547020972 -0.0162241999
vn -0.698718011 0.713413 0.0532414988
vn -0.766061008 -0.642673016 -0.0110737002
vn -0.654127002 -0.75453198 0.0529124998
vn 0.388186008 -0.920549989 -0.0435925983
vn 0.697986007 -0.71261698 0.0706579983
vn 0.952724993 0.287678003 -0.0977528021
vn 0.652155995 0.752135992 0.0947792977
vn -0.944267988 0.32515499 0.051308699
vn -0.944167972 0.325383008 0.0517022982
vn -0.913407028 0.401006997 0.0698657036
vn -0.106749997 -0.327255994 0.938887
vn -0.233622998 -0.433788002 0.870199978
vn -0.206798002 -0.806254983 0.554243982
vn 0.527895987 0.823742986 0.206817999
vn 0.747932017 -0.661709011 0.0523357987
vn 0.742236018 -0.666768014 0.067133598
vn 0.747950017 -0.66168803 0.0523375012
vn 0.747861981 -0.661889017 0.0510486998
vn 0.762615025 -0.644420028 0.0560528003
vn -0.529282987 -0.822153986 0.209576994
vn -0.326164007 -0.773208022 0.543844998
vn -0.227957994 -0.366508991 0.902056992
vn -0.315896004 -0.739717007 0.594161987
vn -0.0604810007 -0.145126998 0.987563014
vn -0.142311007 -0.209739 0.967344999
vn -0.482154012 -0.810096025 0.333573997
vn -0.497393996 -0.674606979 0.545440018
vn -0.28224799 -0.473800987 0.834174991
vn -0.104377002 0.993800998 -0.0382887982
vn -0.836925983 0.547075987 -0.0162006002
vn -0.698801994 0.713334978 0.0531868003
vn -0.767612994 -0.640818 -0.0111034997
vn -0.654091001 -0.754512012 0.0536229983
vn 0.189292997 -0.981558025 -0.0266979001
vn 0.777163029 -0.629085004 0.0164436996
vn 0.698719025 -0.713413 0.0532274991
vn 0.92307198 0.379013985 -0.0654745996
vn 0.652314007 0.752009988 0.0946972966
vn -0.260607988 -0.300381005 0.917526007
vn -0.222115993 -0.292769998 0.930027008
vn -0.575101972 -0.585842013 0.571004987
vn -0.644194007 -0.728359997 0.233466998
vn -0.578988016 -0.730022013 0.363097012
vn -0.996767998 -0.0609447993 0.0523371994
vn -0.997425973 -0.0480843 0.0531966016
vn -0.996186972 -0.0753737986 0.0439288989
vn -0.997752011 -0.0559560992 0.0368745998
vn -0.99683398 -0.0610562004 0.0509316996
vn 0.945811987 -0.319418013 0.0584167019
vn 0.943656027 -0.326738 0.0524971001
vn 0.977128029 -0.211958006 0.0171805993
vn 5.24426978e-05 -5.08509002e-05 1
vn 1.36556e-05 -4.70199029e-06 1
vn -1.43710995e-05 -1.29269001e-05 1
vn 5.14236035e-06 4.62559001e-06 1
vn 2.53092003e-06 1.66591997e-06 1
vn 2.16543003e-06 3.81540019e-07 1
vn 2.14357988e-06 2.27312995e-07 1
vn 2.32690991e-06 5.79493985e-07 1
vn 3.08739999e-07 -4.43680983e-06 1
vn -2.03951004e-05 0.000293091987 1
vn -0.328906 -0.900210977 0.285380006
vn -0.309713989 -0.94985503 0.0430373996
vn -0.330343008 -0.943163991 0.0362641998
vn -0.325064987 -0.944316983 0.0509729981
vn 0.66197902 0.747691989 0.0523598008
vn 0.663092017 0.746755004 0.0516362004
vn 0.667436004 0.74357897 0.0402471013
vn 0.662588 0.747205973 0.0515808985
vn 5.51914991e-06 2.06057007e-06 1
vn 1.87142007e-06 -4.41658017e-07 1
vn -0.000498614972 -0.000235243002 1
vn 1.59570004e-06 -8.09523044e-07 1
vn 2.72399993e-05 -2.40998997e-05 1
vn 0.00032104901 -8.37705957e-05 1
vn 9.08726997e-06 5.17064018e-06 1
vn -5.99847999e-06 -1.00867992e-05 1
vn 2.93949979e-05 9.1766e-05 1
vn -0.662431002 -0.747174978 0.0539894998
vn -0.661279976 -0.748305976 0.0524100997
vn -0.672297001 -0.73784101 0.0600655004
vn -0.661315024 -0.748364985 0.0511089005
vn -0.663178027 -0.746686995 0.0515137985
vn 0.89505899 0.442191988 0.0577640012
vn 0.898310006 0.43621099 0.0525195003
vn 0.840968013 0.540813982 0.0171192009
vn -1.11420995e-05 -6.45610999e-06 1
vn -3.01740001e-05 -7.92076025e-06 1
vn 2.40764984e-05 3.22481974e-05 1
vn -1.33963995e-05 -9.28340978e-06 1
vn 1.52861994e-05 1.50885999e-05 1
vn 1.27637004e-05 -2.61695004e-05 1
vn 1.67226008e-05 8.88171962e-06 1
vn 1.81791995e-06 -1.63476e-06 1
vn 1.23216996e-05 1.35984988e-06 1
vn -0.900458992 -0.433405995 0.0365075991
vn -0.891282976 -0.451334 0.0437164009
vn -0.921989024 -0.378443986 0.0819574967
vn 0.996766984 0.0609648004 0.0523359999
vn 0.997075975 0.0627399981 0.0436240993
vn 0.996765018 0.0609961003 0.0523378998
vn 0.996843994 0.0607917011 0.0510469005
vn 0.997484028 0.0512850992 0.0489524007
vn 1.79150993e-06 -2.92907989e-05 1
vn -1.90911996e-05 -1.12764997e-06 1
vn -1.74502984e-05 -1.70077988e-06 1
vn 1.51507993e-05 1.47666003e-06 1
vn 1.02309002e-06 -1.91638992e-06 1
vn -1.58521998e-05 -1.40876011e-07 1
vn 1.81602991e-05 7.33857007e-07 1
vn 1.82356998e-05 7.72544013e-07 1
vn 0 -0.999881983 -0.0153369
vn 0.0153553002 -0.999881983 0.00107374997
vn 0 -0.883882999 0.467707008
vn 0.0123408996 -0.865958989 0.499962002
vn 0.0123490002 0.865958989 0.499962002
vn 0 0.883893013 0.467689991
vn 0.0253158007 0.999173999 -0.0317777991
vn 0 1 0
vn -0.0826449022 0.860548973 -0.502618015
vn 0.0317539014 0.488588005 -0.871936977
vn 0.0177126992 0.500458002 -0.865580022
vn -0.0864214003 0 -0.996258974
vn 0.0310609005 -0.51225698 -0.858269989
vn 0.0169968009 -0.500442028 -0.86560303
vn -0.0830584019 -0.860507011 -0.502622008
vn 0.322910994 0.944519997 0.0600810014
vn -0.930042028 0.358731002 -0.0795824006
vn 0.322777987 0.945115983 0.0506956987
vn 0.325884998 0.944108009 0.0495962016
vn 0.996686995 -0.0617439002 0.0529354997
vn 0.996842027 -0.0606749989 0.0512273014
vn 0.987787008 -0.139478996 0.0694483966
vn -0.897005975 0.438872993 0.0526317991
vn -0.900341988 0.431167006 0.0589860007
vn -0.896880984 0.439197004 0.0520535
vn -0.897374988 0.438118994 0.0526358001
vn -0.897134006 0.438690007 0.0519845001
vn 3.18099012e-07 2.72814987e-06 1
vn 1.43080997e-05 -7.89299975e-06 1
vn -1.1693799e-05 6.45086993e-06 1
vn 2.46939981e-05 3.67108009e-06 1
vn 3.92750007e-05 5.83873998e-06 1
vn -1.29473992e-05 -2.65461986e-05 1
vn -1.91215986e-05 2.60354991e-05 1
vn 3.89847992e-06 -2.51545998e-07 1
vn -1.11248e-05 6.41892984e-06 1
vn -0.898073018 0.43660599 -0.0532976985
vn 0.897835016 -0.437222004 0.0522429012
vn 0.897219002 -0.438327998 0.0535360985
vn 0.89744401 -0.437992007 0.0525050014
vn 0.897603989 -0.437694997 0.052250199
vn -0.661711991 0.747928977 0.0523362011
vn -0.661737978 0.747906983 0.0523382984
vn -0.661625028 0.748094976 0.0510484017
vn -0.663389027 0.74701798 0.0433497988
vn -0.654232979 0.754712999 0.0488677993
vn 1.10357996e-06 2.18724995e-06 1
vn 5.0983499e-07 1.58997e-06 1
vn 4.3979303e-06 -3.21593006e-06 1
vn 0.000215199005 -0.000655763026 1
vn -1.56309011e-06 4.76311016e-06 1
vn -1.16709998e-06 4.35569018e-06 1
vn 8.79265031e-07 2.37050017e-06 1
vn 3.64119987e-05 -1.66651989e-05 1
vn -1.40568991e-05 -1.24364997e-05 1
vn 0.000204751996 0.000654006028 1
vn 0.658568978 -0.75029403 0.0578390993
vn 0.661931992 -0.747811019 0.0512267016
vn 0.599847972 -0.797095001 0.0694369003
vn -0.323947012 0.94461 0.0526322015
vn -0.324743986 0.944335997 0.0526361987
vn -0.332004011 0.941417992 0.0592103004
vn -0.323637992 0.944750011 0.0520235002
vn -0.324147999 0.944579005 0.0519591011
vn 1.24325004e-06 1.38090002e-06 1
vn 0.000543293019 -0.000595638994 1
vn 2.94405004e-06 -3.22771007e-06 1
vn 4.23584993e-07 5.36575999e-06 1
vn -1.38946998e-05 -0.000188602004 1
vn -1.56836995e-06 1.20194991e-05 1
vn 6.35696961e-06 -7.14120006e-06 1
vn -0.000373994 0.000111554997 1
vn 9.45582942e-05 3.25589972e-05 1
vn -0.326310009 0.943759024 -0.0533008017
vn 0.326142013 -0.943801999 0.0535588004
vn 0.316055 -0.944465995 0.0899598002
vn 0.326436013 -0.943710983 0.0533712991
vn 0.945492029 0.322964013 0.0417051017
vn 0.944775999 0.323518991 0.0522949994
vn 0.944222987 0.325139999 0.0522264987
vn 0.942502975 0.331324011 0.0437236987
vn -0.996766984 0.0609654002 0.0523358993
vn -0.996766984 0.0609645993 0.0523359999
vn -0.996774971 0.0627887994 0.0499713011
vn -0.997029006 0.058889199 0.0496475995
vn -0.99684602 0.0629483014 0.0483227
vn -0.996797979 0.052164901 0.0606031008
vn -4.36773007e-06 1.38507994e-06 1
vn 1.78662003e-06 2.92108998e-05 1
vn 1.29512e-05 -2.88836009e-06 1
vn -2.10953986e-05 4.23779028e-07 1
vn -1.99165988e-05 8.3184301e-07 1
vn 2.95090995e-05 -2.28501012e-05 1
vn -4.02880005e-06 1.99383999e-06 1
vn 9.30896022e-07 1.90577009e-06 1
vn 0.393586993 -0.182641 0.900961995
vn -0.411318988 -0.456869006 0.788725019
vn -0.191023007 0.981229007 -0.0264568999
vn -0.836647987 0.547505021 -0.0160373002
vn -0.698724985 0.713407993 0.0532287993
vn -0.696690977 -0.717299998 -0.0101206005
vn -0.654896021 -0.755531013 0.0168468002
vn 0.723237991 -0.690442979 -0.0146955
vn 0.699638009 -0.714496017 0.000908726011
vn 0.766869009 0.641708016 -0.0111103998
vn 0.654111028 0.754519999 0.0532720014
vn 0.748127997 0.661539018 0.0516894013
vn 0.747981012 0.661733985 0.0513016991
vn 0.797084987 0.599861026 0.0694475994
vn -0.231105998 0.255066007 0.938898981
vn -0.236257002 0.281170011 0.930122018
vn -0.561004996 0.610487998 0.559086025
vn -0.563261986 0.594523013 0.573827982
vn -0.621604025 0.748009026 0.232575998
vn -0.944225013 -0.325116009 0.0523363985
vn -0.944977999 -0.323092997 0.0512518995
vn -0.964109004 -0.260268986 0.0524834991
vn -0.937711 -0.337549001 0.0822101012
vn -0.944600999 -0.324203014 0.051194001
vn -0.466621011 0.830109 0.305260986
vn -0.455904007 0.865079999 0.209254995
vn -0.512691975 0.664026022 0.544257998
vn -0.207298994 0.379229993 0.90178299
vn -0.495829999 0.646395981 0.579936028
vn -0.0998912975 0.128299996 0.986692011
vn -0.126496002 0.31478399 0.940696001
vn -0.334780991 0.769622982 0.543693006
vn -0.281278014 0.485769987 0.827593029
vn -0.104369998 0.993803024 -0.0382384993
vn -0.836933017 0.54706502 -0.0162044
vn -0.698922992 0.713221014 0.053134799
vn -0.695942998 -0.718033016 -0.00963347964
vn -0.654890001 -0.75553602 0.0168385003
vn 0.651000977 -0.758432984 0.0312485006
vn 0.699642003 -0.714492977 0.000915775017
vn 0.923081994 0.378987998 -0.0654760972
vn 0.652531981 0.751832008 0.0946096033
vn -0.101300001 0.281363994 0.954239011
vn -0.0892354995 0.483664006 0.870693028
vn -0.231746003 0.608431995 0.759015024
vn -0.313416988 0.897369981 0.310638011
vn -0.309767991 0.901144981 0.303285003
vn 0.436643988 0.898151994 0.0516230986
vn -0.43660599 -0.898073018 -0.0532967001
vn 0.437175006 0.897858024 0.0522430018
vn 0.437990993 0.897445023 0.0525049008
vn 0.437694013 0.897603989 0.052251
vn -0.747928977 -0.661711991 0.0523362011
vn -0.747906983 -0.661737978 0.0523382984
vn -0.748272002 -0.661517978 0.0498245992
vn -0.74299401 -0.666696012 0.0589606985
vn -0.748485982 -0.661276996 0.0498091988
vn -6.63399987e-06 -4.17184037e-06 1
vn 4.4400399e-06 1.62549986e-05 1
vn -3.61558e-06 -0.000116160001 1
vn -9.24108972e-05 4.50717998e-05 1
vn -2.22870995e-06 2.0268601e-06 1
vn 8.7693501e-05 5.61454981e-05 1
vn -4.48857963e-06 -2.87379999e-06 1
vn -3.1544098e-06 -1.69020996e-06 1
vn -3.55844986e-06 -2.63136008e-06 1
vn -0.923636973 0.305721998 0.231145993
vn -0.830232978 0.117675997 0.544852972
vn -0.312557995 0.162871003 0.93583101
vn -0.51651597 0.0966216028 0.850808978
vn -0.243645996 0.107867002 0.963846982
vn -0.909485996 0.248150006 0.33355099
vn -0.780116022 0.304838985 0.546343982
vn -0.507520974 0.131346002 0.851568997
vn -0.534510016 0.167806998 0.828336
vn 0.117775001 0.932282984 0.342020005
vn 0.122017004 0.932537973 0.339830995
vn 0.0683692023 0 0.997659981
vn 0.0639106035 -0.00334980991 0.997950017
vn 0.0639109984 0 0.997955978
vn 0.0680096969 0.00356465997 0.997677982
vn -1.2260899e-05 1.70727992e-06 1
vn -1.27237998e-08 -6.71001981e-05 1
vn -1 0 0
vn -0.99970597 0.0144485002 -0.0194832999
vn 0.998740017 -0.0115472004 0.0488366
vn -0.999998987 0.00147150003 -8.72556921e-05
vn -0.999855995 0.00948332995 0.014068
vn -0.999628007 -0.0272186995 0.00161399005
vn -0.999873996 -0.0151885003 -0.00463681016
vn -0.999786973 -0.0106343003 -0.0176851992
vn 0.286953986 0.862136006 -0.417587996
vn 0.958645999 0.197997004 0.204437003
vn -0.996590018 -0.0204777997 -0.0799278989
vn -0.998609006 -0.0468043014 -0.0242972001
vn -0.993346989 0.0023133799 -0.115137003
vn -0.990788996 0.0204229001 -0.133866996
vn -0.998512983 0.0042173299 -0.0543571003
vn -0.993022025 0.0070199701 -0.117716998
vn -0.992063999 0.00182483997 -0.125724003
vn -0.993287027 1.72917989e-05 -0.115675002
vn -0.998742998 6.58356948e-05 -0.0501297005
vn -0.998999 -0.00170753 -0.0446925983
vn -0.998715997 4.42044029e-06 -0.0506521016
vn -0.998605013 0.0467387997 -0.0245792009
vn -0.998005986 0.0593229011 -0.0215665009
vn -0.993577003 0.0035363799 0.113099001
vn -0.992573023 -0.00532320002 0.121535003
vn -0.993167996 -0.000651341979 0.116688997
vn -0.992577016 -0.000537567015 0.121614002
vn -0.999427021 0.0236961003 0.0241605006
vn -0.998753011 0 0.0499190018
vn -0.999179006 0.0031771299 0.0403987989
vn -0.991174996 -0.00070172199 0.132558003
vn -0.992192984 -0.00115526002 0.124706998
vn -0.992551982 0.00101044006 0.121817
vn -0.998682976 -4.47786988e-06 0.0513100997
vn -0.998957992 -0.0305010993 0.033950001
vn -0.995500982 -0.0928519964 0.0188820008
vn -0.997528017 -0.0626804978 -0.0317776017
vn -0.998871982 -0.0085953204 -0.046699401
vn -0.993493021 0.0028434901 -0.113857001
vn -0.990891993 0.0213284995 -0.132960007
vn -0.998534977 0.00384540996 -0.0539828986
vn -0.998742998 6.65640036e-05 -0.0501304008
vn -0.991958022 0.00223212992 -0.126546994
vn -0.996024013 0.0297791995 -0.0839641988
vn -0.993476987 -2.40110985e-05 -0.114036001
vn -0.998979986 0.0294512995 -0.0342408009
vn -0.995451987 0.0933770016 -0.0188784003
vn -0.995033979 0.0102394996 0.0990054011
vn -0.992909014 0.0036015599 0.118818998
vn -0.992267013 -0.000633215997 0.124123
vn -0.992511988 -0.000666636974 0.122144997
vn -0.999427021 0.0237007998 0.0241553001
vn -0.998754025 1.43395991e-05 0.0499035008
vn -0.991886973 -0.0122713 0.126530007
vn -0.993444979 2.63843012e-05 0.114315003
vn -0.999266028 0.00384052005 0.0381228998
vn -0.999001026 -0.00171565998 -0.044664301
vn -0.998589993 -0.0471235998 0.0244610999
vn -0.998016 -0.0591440983 0.0215671007
vn -0.0184048992 0.965138018 -0.261092007
vn 0.0959763005 -0.96972698 -0.224540994
vn -1 -0.000354527991 7.46861997e-06
vn -1 -2.62802018e-07 -1.60263994e-06
vn -1 -2.86086987e-07 1.09890998e-07
vn -1 6.90417039e-07 4.17741012e-06
vn -1 0.000317381986 8.18356966e-06
vn -1 -2.86016984e-07 1.11632005e-07
vn -1 6.79049039e-11 2.0074699e-06
vn -1 0.000420838012 0.000149571002
vn -0.999998987 0.000173210006 0.00121956004
vn -1 -0.000587633986 -0.000407137006
vn -1 -0.000318612001 -0.000112118003
vn -1 1.12375992e-05 0.000100447003
vn -1 -3.24221e-05 8.3725201e-05
vn -1 -0.000163431003 -0.000158954004
vn -0.999981999 -5.04203963e-05 -0.00603403011
vn -0.999993026 0.00204927009 0.00318583008
vn -0.893339992 0.446067989 -0.0544739999
vn -1 0.000182328004 2.29944981e-05
vn -0.743396997 0.66802001 0.0333319008
vn -0.766520977 0.640524983 0.0466324016
vn -0.747178018 0.662428021 0.053989701
vn -0.748368025 0.661311984 0.0511105992
vn 0.478787988 -0.877924979 0.00309640006
vn 0.452482015 -0.889294028 0.0664532036
vn 0.435568988 -0.898671985 0.0516594015
vn 0.492680013 -0.868260026 0.0582346991
vn -0.778509021 -0.308881998 0.546365976
vn -0.381498009 -0.0619251989 0.922293007
vn -0.312242001 -0.0611855015 0.948029995
vn -0.492958993 -0.182601005 0.850674987
vn -0.513125002 -0.110031001 0.851231992
vn -0.477798998 -0.121504001 0.870025992
vn -0.908994973 -0.30836001 0.280432999
vn -0.825332999 -0.141847998 0.546537995
vn -0.901143014 -0.237556994 0.362641007
vn 0.128131002 0.973250985 0.190695003
vn 0.381134987 0.920140982 0.0898711011
vn 0.403957993 0.826829016 0.391371012
vn 0.192047998 0.978610992 0.0737441033
vn 0.320629001 0.944550991 0.0708530992
vn 0.309044003 0.947440982 0.0827504992
vn 0.607195973 0.791312993 0.0716705993
vn 0.607541978 0.790718019 0.0752219036
vn 0.53924799 0.839956999 0.0606976002
vn 0.645862997 0.743583977 0.173043996
vn 0.827780008 0.556185007 0.0737446025
vn 0.778795004 0.597590029 0.190696001
vn 0.741320014 0.667631984 0.0686447993
vn 0.985356987 0.129724994 0.110645004
vn 0.984902978 0.127384007 0.117211998
vn 0.888468981 0.451413989 0.0827495009
vn 0.894617021 0.441179991 0.0708528981
vn 0.870297015 0.299012989 0.391375005
vn 0.920140982 0.381134987 0.0898701027
vn 0.976827979 0.205602005 0.0594627
vn 0.984373987 -0.131606996 0.116994001
vn 0.983967006 -0.129541993 0.122590996
vn 0.954779983 -0.177283004 0.238674998
vn 0.965660989 -0.259086996 0.0192815997
vn 0.90368402 -0.374318004 0.207944006
vn 0.888608992 -0.454726011 0.0599824004
vn 0.894136012 -0.442097008 0.0712092966
vn 0.653711975 -0.753246009 0.0726696029
vn 0.825313985 -0.559982002 0.0726445988
vn 0.826119006 -0.558580995 0.0742622986
vn 0.680362999 -0.601975977 0.418009013
vn 0.791532993 -0.607363999 0.067712903
vn 0.607192993 -0.791310012 0.0717293993
vn 0.612116992 -0.779377997 0.133729994
vn 0.559930027 -0.824916005 0.0774044022
vn 0.443235993 -0.892701983 0.0813931972
vn 0.375443012 -0.906400025 0.193599001
vn 0.315825999 -0.946133018 0.0713185966
vn -0.070381403 -0.994870007 0.0726692006
vn 0.187619001 -0.979551971 0.0726445019
vn 0.189178005 -0.979130983 0.0742620975
vn 0.0554266013 -0.90674901 0.418011993
vn 0.130227 -0.989169002 0.067712903
vn -0.13019 -0.988891006 0.0717319995
vn -0.118271999 -0.983934999 0.133728996
vn -0.187374994 -0.97923398 0.0774033964
vn -0.317820013 -0.944651008 0.0813921019
vn -0.375443012 -0.906400025 0.193599999
vn -0.445695013 -0.892340004 0.0713192001
vn -0.753246009 -0.653711975 0.0726696029
vn -0.559980989 -0.825313985 0.0726445988
vn -0.558580995 -0.826119006 0.0742620975
vn -0.601975977 -0.680362999 0.418009013
vn -0.607363999 -0.791532993 0.067712903
vn -0.791310012 -0.607192993 0.0717293993
vn -0.779377997 -0.612116992 0.133729994
vn -0.824939013 -0.559900999 0.0773739964
vn -0.943543017 -0.325632006 0.0607456006
vn -0.890950024 -0.446741015 0.0814308003
vn -0.905067027 -0.374891013 0.200773001
vn -0.946080029 -0.31546101 0.0736041963
vn -0.976877987 -0.201784998 0.0706612021
vn -0.971957028 -0.0882058963 0.217987999
vn -0.989071012 -0.130214006 0.0691625029
vn -0.995778978 0.0597972982 0.069631502
vn -0.976529002 0.128562003 0.172811002
vn -0.976400018 0.203849003 0.0713272989
vn -0.943399012 0.323655009 0.0724340975
vn -0.943913996 0.321722001 0.0743011981
vn -0.826828003 0.403959006 0.391373008
vn -0.920140982 0.381134987 0.0898699015
vn -0.791312993 0.607195973 0.0716705993
vn -0.790718019 0.607541978 0.0752219036
vn -0.839956999 0.53924799 0.0606968999
vn -0.743583977 0.645862997 0.173043996
vn -0.556185007 0.827780008 0.0737446025
vn -0.597590029 0.778795004 0.190696001
vn -0.667631984 0.741320014 0.0686447993
vn -0.442734987 0.893703997 0.0726523995
vn -0.441179991 0.894617021 0.0708528981
vn -0.299012989 0.870297015 0.391375005
vn -0.381134987 0.920140982 0.0898697972
vn -0.212632 0.975244999 0.0606966987
vn 0.0521048009 0.996279001 0.0686462969
vn -0.13019 0.988894999 0.0716720968
vn -0.129525006 0.988718987 0.0752215981
vn -0.0690987036 0.982487023 0.173043996
vn -0.966643989 0.0866802037 0.241010994
vn -0.965996027 -0.0940371975 0.240850002
vn -0.789893985 -0.0448638983 0.611600995
vn -0.78194201 -0.0367217995 0.622268021
vn -0.113169998 0.0347478017 0.992968023
vn 0.503700018 0.0171185993 0.863708973
vn 0.660228014 0.0991014987 0.744499028
vn 0.807823002 0.0543181002 0.586916983
vn 0.804796994 -0.0562835 0.590875983
vn 0.807666004 -0.0577785 0.586803019
vn 0.50346601 -0.0349352993 0.863308012
vn 0.470963001 -0.0454889983 0.880980015
vn 0.0479483008 0.0352226011 0.998229027
vn 0.047973901 -0.0132732997 0.998759985
vn -0.417571992 -0.072025001 0.905785024
vn -0.418148994 0.0493465997 0.90703702
vn -0.271248996 -0.0251176003 0.962181985
vn -0.859614015 0.0330962017 0.509871006
vn -0.788316011 0.0774232969 0.610378981
vn 0.122428998 -0.93256098 0.339619011
vn 0.117775001 -0.932282984 0.342020005
vn 0.122087002 -0.933767974 0.336410999
vn -3.80825986e-05 -1.85740992e-05 1
vn 0.00037736501 -4.49125982e-05 1
vn 2.66364009e-06 -9.94082984e-06 1
vn 6.18728038e-08 -5.14855992e-06 1
vn -8.56974054e-07 7.13104964e-05 1
vn -0.000410208013 0.000366158987 1
vn -2.62610001e-06 3.3546101e-07 1
vn -1.16809997e-06 -3.10839005e-06 1
vn -2.90987009e-06 -4.66074994e-07 1
vn -3.87119007e-06 3.34009997e-06 1
vn -0.172014996 -0.328173012 -0.928824008
vn -0.0706155971 0.284404993 -0.956099987
vn 0.00121895003 0.00104325998 -0.999998987
vn 0.816617012 -0.565885007 -0.113627002
vn -0.262971997 0.0989911035 -0.959712029
vn -0.000470817991 -0.000101402002 -1
vn 0.00067567802 0.000263101014 -1
vn 0.000982624944 0.00129617006 -0.999998987
vn -0.00027725799 -0.000241000002 -1
vn -0.000274549995 -0.000287848001 -1
vn 0.00108538999 -0.000625926012 -0.999998987
vn -0.000281440996 -0.00077605102 -1
vn 0.000100819001 -0.000129837004 -1
vn -0.000523997005 -0.00036270899 -1
vn -0.00137951004 0.000606968999 -0.999998987
vn 6.33803938e-05 0.00164710998 -0.999998987
vn -0.000126967003 0.00094142498 -1
vn 0.00101492996 0.000680694997 -0.999998987
vn -4.33565983e-05 -1.44446003e-05 1
vn 1.07330998e-05 3.1171101e-05 1
vn 2.65794988e-05 -2.5457899e-05 1
vn -3.10489986e-06 3.6511301e-07 1
vn 7.51501966e-06 -2.84547991e-06 1
vn -3.11150006e-06 -9.73019041e-07 1
vn -1.61347998e-05 6.35730976e-06 1
vn 1.31910001e-05 -5.19739024e-06 1
vn -2.0076599e-05 -6.68870007e-06 1
vn 0.733245015 -0.677110016 0.0622428991
vn -0.0284652002 -0.0124022998 0.999517977
vn -0.0212053992 -0.0169976 0.999630988
vn -0.0164004005 -0.0192009993 0.999680996
vn -0.0135048004 -0.0200264994 0.999707997
vn -0.0123699 -0.0209379997 0.999704003
vn -0.0107992999 -0.0216006003 0.999707997
vn -0.00965949986 -0.0227419995 0.999695003
vn -0.00549669005 -0.0257888995 0.999652028
vn 0.000771795982 -0.0291360002 0.999575019
vn 2.14721003e-05 2.42697988e-05 1
vn 6.78206015e-06 -4.80387971e-05 1
vn -9.62228023e-06 9.39641996e-06 1
vn -1.03401999e-06 -2.54294014e-06 1
vn 6.16558964e-06 -6.7012802e-06 1
vn -3.95200987e-05 8.85168993e-06 1
vn -4.59526018e-05 1.02923996e-05 1
vn -2.19725989e-05 4.60518968e-05 1
vn 2.19486992e-06 -4.60018009e-06 1
vn 4.61075024e-06 -6.52712015e-06 1
vn -0.998629987 -1.91234994e-05 0.0523369014
vn -0.998624027 -1.30212993e-06 0.0524482988
vn -0.0677839965 -0.958154023 0.278111011
vn -0.0893044993 -0.967911005 0.234889999
vn -0.0310123004 -0.820592999 0.570671022
vn -0.0936034024 -0.629836023 0.771067023
vn -0.0286536999 -0.524666011 0.850826025
vn 0.0170737002 -0.130998999 0.991235018
vn -0.0346817002 -0.213826001 0.976256013
vn -0.0279617999 -0.293283999 0.955615997
vn -0.212212995 -0.948719978 0.234299004
vn -0.131856993 -0.80932498 0.572369993
vn -0.132456005 -0.809772015 0.571597993
vn -0.134571001 -0.509621024 0.849810004
vn 0.962309003 -0.266871989 0.0523586012
vn 0.96230799 -0.266873986 0.0523663014
vn -0.928350985 0.367978007 0.0525113009
vn 0.266869992 0.962311029 0.0523228012
vn 0.266873986 0.962309003 0.0523427017
vn 0.267450988 0.962181985 0.051727999
vn 0.943066001 -0.324723989 0.0719859004
vn 0.940294981 -0.336721987 0.0496327989
vn -0.382156014 -0.922614992 0.0523362011
vn -0.382158011 -0.922613025 0.0523465984
vn -0.379669011 -0.923435986 0.0558363013
vn 0.840038002 -0.465113014 0.279296994
vn 0.765239 -0.342776 0.544897974
vn 0.560958028 -0.329174995 0.759585023
vn 0.475804001 -0.223557994 0.850665987
vn 0.135894001 -0.0713120028 0.988153994
vn 0.177858993 -0.0800712034 0.980792999
vn 0.118624002 -0.119958997 0.985665977
vn 0.810096025 -0.482154012 0.33357501
vn 0.674606979 -0.497393996 0.545440018
vn 0.453765988 -0.262475014 0.851589024
vn 0.473928988 -0.309727013 0.824293971
vn 0.614840984 0.786899984 0.052524101
vn 0.61481899 0.786929011 0.0523464009
vn 0.746872008 -0.660775006 0.0745574012
vn 0.739095986 -0.671765029 0.0496939011
vn -0.706115007 -0.706161022 0.0523373
vn -0.706130028 -0.706131995 0.0525121018
vn 0.629594982 -0.725457013 0.27806899
vn 0.621286988 -0.747548997 0.234889999
vn 0.558314979 -0.602178991 0.570671022
vn 0.412660986 -0.530376017 0.740549028
vn 0.358256012 -0.385237008 0.850437999
vn 0.125265002 -0.155359 0.979884028
vn 0.104681 -0.144749999 0.983914971
vn 0.0959445015 -0.151369005 0.983810008
vn 0.187802002 -0.230409995 0.954798996
vn 0.520789027 -0.820903003 0.234299004
vn 0.47904101 -0.665516973 0.572369993
vn 0.47903201 -0.665575027 0.572309017
vn 0.264901012 -0.455725014 0.849789977
vn 0.869166017 0.491739005 0.0523751006
vn 0.86916399 0.491746992 0.0523427986
vn 0.869849026 0.490673989 0.0510171987
vn 0.437844992 -0.897715986 0.0489579998
vn 0.424272001 -0.902423024 0.0750050023
vn -0.922604978 -0.382178009 0.0523369983
vn -0.922607005 -0.382158011 0.0524592996
vn 0.244496003 -0.955739021 0.163661003
vn 0.298725992 -0.783483982 0.544898987
vn 0.155388996 -0.618467987 0.770294011
vn 0.174706995 -0.495579004 0.850811005
vn 0.0300919004 -0.0899645984 0.995490015
vn 0.078822203 -0.163809001 0.983337998
vn 0.00721033011 -0.182629004 0.983156025
vn 0.231886998 -0.913767993 0.333552003
vn 0.125302002 -0.828731 0.545439005
vn 0.135269001 -0.506457984 0.851588011
vn 0.123626001 -0.535769999 0.835264981
vn 0.991181016 0.121647999 0.0525576994
vn 0.991186023 0.121701002 0.0523440018
vn 0.991186976 0.121693999 0.0523363985
vn 0.0609756 -0.99693799 0.0489575006
vn 0.0347812995 -0.994732022 0.0964253023
vn 0.099333398 -0.993744016 0.0510520004
vn 0.0582176 0.978739977 0.196667999
vn 0.270148009 -0.745115995 0.609772027
vn -0.152011007 -0.402294993 0.902801991
vn 0.194342002 -0.0945722982 0.976364017
vn -0.174663007 0.212946996 0.96132499
vn 0.370599002 0.67196703 0.641183972
vn 0.997591972 -0.00442202995 0.0692119971
vn 0.997087002 0 0.0762765035
vn 0.996454 0.0206045005 0.0815742016
vn 0.997632027 -0.00508402986 0.0685926005
vn 0.997348011 0.00992185995 0.0721070021
vn 0.997474015 0.0134199997 0.0697503984
vn 0.991419017 0.0565255992 0.117873996
vn 0.997268021 0.00236257003 0.0738281012
vn 0.996311009 -0.00642779982 0.0855763033
vn 0.996807992 -0.0173642002 0.077927202
vn 0.997609973 0.00427159993 0.0689624995
vn 0.996578991 0.00601581996 0.0824272037
vn 0.997626007 0.00453147013 0.0687125996
vn 0.996419013 -0.0211212002 0.0818701014
vn 0.997346997 0.00116648001 0.0727858022
vn 0.997609973 0.000385808991 0.0690917
vn 0.99733001 -0.0105836 0.0722493008
vn 0.997462988 -0.0142374998 0.0697496012
vn 0.0236348994 -0.982918024 0.182521001
vn 0.0206681006 0.440631986 0.89744997
vn 0.176228002 0.411872 0.894038975
vn 0.564818025 -0.292935014 0.771471977
vn 0.0299621001 -0.452710003 0.891153991
vn 0.859685004 -0.243606001 0.448996991
vn 0.77401799 -0.188060001 0.604589999
vn 0.70838201 0.0952347964 0.699374974
vn 0.754639983 -0.159003004 0.636582017
vn 0.483384997 0.798554003 0.358678997
vn 0.430337995 0.861617029 0.269118011
vn 0.0463084988 0.997686982 0.0497653
vn 0.0608696006 0.995205998 0.0765478015
vn 0.99119699 -0.121670999 0.0521944985
vn 0.991183996 -0.121701002 0.0523810014
vn 0.289337009 0.934072971 0.209266007
vn 0.107014999 0.832063019 0.544259012
vn 0.092266798 0.517291009 0.850821018
vn 0.0396847017 0.180309996 0.982809007
vn 0.134133995 0.389981002 0.911001027
vn 0.0577641018 0.195470005 0.979007006
vn 0.0601181984 0.285382003 0.956526995
vn 0.268440008 0.793839991 0.545671999
vn 0.229972005 0.771679997 0.592978001
vn 0.195069 0.489603996 0.849844992
vn -0.922613978 0.382156998 0.0523459017
vn -0.922612011 0.382158995 0.0523625985
vn 0.424524009 0.904074013 0.0492936
vn 0.437096 0.896179974 0.0762137026
vn 0.869181991 -0.491726995 0.0522250012
vn 0.86916101 -0.491746008 0.0523836985
vn 0.583208978 0.802600026 0.125301003
vn 0.461367995 0.693795979 0.552978992
vn 0.441978008 0.688867986 0.57455802
vn 0.268943012 0.452854991 0.850054026
vn 0.104165003 0.148546994 0.983403981
vn 0.222532004 0.258772999 0.939956009
vn 0.155956998 0.141830996 0.977527976
vn 0.584733009 0.739416003 0.333692014
vn 0.591642022 0.618924975 0.516615987
vn 0.315822005 0.418393999 0.851588011
vn 0.348187 0.427866995 0.834083974
vn -0.706099987 0.706158996 0.0525651015
vn -0.706135988 0.706138015 0.0523603
vn 0.738767982 0.672150016 0.0493636988
vn 0.746864021 0.660768986 0.0746970028
vn 0.614836991 -0.786921024 0.0522587001
vn 0.614817977 -0.786927998 0.0523764007
vn 0.865079999 0.45590499 0.209253997
vn 0.664026022 0.512691975 0.544257998
vn 0.431021988 0.30053699 0.850821972
vn 0.153532997 0.0912278965 0.983923018
vn 0.357353985 0.156126007 0.920826972
vn 0.160023004 0.0800760984 0.983860016
vn 0.24402 0.160155997 0.956453979
vn 0.751145005 0.371513993 0.545671999
vn 0.708913028 0.382890999 0.592315018
vn 0.48396799 0.208579004 0.849864006
vn -0.382162988 0.922612011 0.0523374006
vn -0.382156998 0.922612011 0.0523646995
vn 0.940253973 0.336881012 0.0493346006
vn 0.943066001 0.324723989 0.0719792023
vn 0.266883999 -0.962309003 0.0522873998
vn 0.266873002 -0.962309003 0.0523371994
vn 0.981298029 0.132131994 0.139980003
vn 0.746469975 0.062504597 0.662477016
vn 0.640052021 -0.500549972 0.582908988
vn 0.315883011 -0.944568992 0.0894863009
vn 0.304984003 -0.813970983 0.494403988
vn -0.149243996 0.979978025 0.131791994
vn -0.179653004 0.811470985 0.556092024
vn -0.118326999 0.512323022 0.850601971
vn -0.0657306015 0.676398993 0.733596981
vn -0.10266 0.39328599 0.913667023
vn -0.0734973028 0.322454989 0.943727016
vn -0.123919003 0.911372006 0.392486006
vn -0.0311597995 0.853568017 0.520048976
vn -0.00258530001 0.527444005 0.84958601
vn -0.998627007 1.2594599e-05 0.0523861013
vn -0.998628974 2.09297991e-06 0.0523428991
vn -0.998629987 8.37969037e-06 0.0523363985
vn -0.988695025 0.149599999 -0.0100852996
vn 0.891267002 0.449562997 0.0594663993
vn 0.0908782035 -0.886349022 -0.454010993
vn -0.461097002 -0.880371988 -0.111064002
vn -0.262977988 0.0989935994 -0.959710002
vn 0.00121907005 0.00104373996 -0.999998987
vn 0.189092994 -0.130915001 -0.97319299
vn -0.0706209987 0.284426004 -0.956093013
vn -0.000470870989 -0.00010166 -1
vn 0.000675481977 0.000263127004 -1
vn 0.000982900034 0.00129648997 -0.999998987
vn 0.00108522002 -0.000625945977 -0.999998987
vn -0.000281443004 -0.000776053988 -1
vn -0.000523997995 -0.000362710009 -1
vn -0.00137951004 0.000606968009 -0.999998987
vn 6.33768941e-05 0.00164709997 -0.999998987
vn -0.000277410989 -0.000241044007 -1
vn -0.000274696009 -0.000288017007 -1
vn -0.000126968007 0.000941426028 -1
vn 0.00101522997 0.000680622004 -0.999998987
vn -5.03087977e-05 -0.000109262997 1
vn 6.83749022e-06 8.93726974e-06 1
vn 0.000402484002 0.000138628995 1
vn -8.59827978e-08 7.42648979e-07 1
vn 2.09528002e-06 2.96133999e-06 1
vn -4.06436993e-06 -1.76206996e-07 1
vn -9.38096036e-06 -3.65930987e-06 1
vn -2.27969995e-05 2.57674001e-05 1
vn -0.000374391006 0.000139241994 1
vn -0.0145666003 0.0192626994 0.999707997
vn -0.0136043001 0.0202088002 0.99970299
vn -0.0198193006 0.0176561009 0.999647975
vn -0.0262128003 0.013886 0.999559999
vn 0.000361089013 0.0289644003 0.999580026
vn -0.00591909979 0.0255226996 0.999656975
vn -0.00602280023 0.0254558008 0.999657989
vn -0.0108824 0.0217745993 0.999704003
vn -0.00954703987 0.0221289005 0.999710023
vn -0.0121032 0.0210506003 0.999705017
vn 0.962309003 0.266876012 0.0523363017
vn 0.962309003 0.266873002 0.0523459986
vn 0.961377978 0.26947099 0.0560202003
vn -3.66915992e-05 -3.74265983e-05 1
vn 1.34994989e-05 7.19700984e-06 1
vn -1.64481989e-05 -1.07443993e-05 1
vn -9.22124036e-06 2.67803989e-05 1
vn 2.48145006e-05 4.7123599e-06 1
vn 1.26150999e-05 5.26344002e-06 1
vn -1.92079988e-05 -7.25725977e-06 1
vn -1.60826994e-06 1.85262002e-06 1
vn -1.24952994e-05 2.98858993e-07 1
vn -0.802600026 0.583208978 0.125301003
vn -0.693795979 0.461369008 0.552978992
vn -0.688866973 0.441978008 0.574558973
vn -0.452854991 0.268943012 0.850054026
vn -0.155352995 0.0861864984 0.984091997
vn -0.295127988 0.231801003 0.926913023
vn -0.138697997 0.120214999 0.983011007
vn -0.293393999 0.189117 0.93709898
vn -0.732629001 0.558685005 0.388749003
vn -0.624884009 0.582620978 0.51968497
vn -0.377564013 0.367731988 0.849834025
vn -0.706138015 -0.706130028 0.0524349995
vn -0.706135988 -0.706134021 0.0524128005
vn -0.738757014 -0.663044989 0.120869003
vn 0.906500995 0.0184147991 0.421802014
vn 0.223110005 0.821654022 0.524505973
vn -0.689921021 0.652429998 0.313598007
vn -0.310247004 -0.899779975 0.306827992
vn 0.880667984 0.257593006 0.397579014
vn -0.857537985 0.0340164006 0.513294995
vn 0.787353992 -0.0712535009 -0.612370014
vn -0.834262013 0.110473 0.540187001
vn -0.382158995 -0.922613025 0.0523357987
vn -0.382162005 -0.922612011 0.0523341
vn -0.382158995 -0.922613978 0.0523190983
vn -0.382768005 -0.922289014 0.0535971001
vn -0.896386981 0.437197 0.0731367022
vn -0.902935028 0.426901996 0.0496360995
vn 0.491715997 0.869189024 0.0522197001
vn 0.491748005 0.86916399 0.0523331985
vn 0.491737008 0.869167984 0.0523631983
vn -0.619638026 0.782855988 0.0564312004
vn -0.654214978 0.755340993 0.0382400006
vn 0.514777005 0.856899977 0.0269559994
vn 0.271423012 0.957729995 0.0953034982
vn 0.136991993 0.990182996 0.0277762003
vn -0.353080004 0.933395982 0.064082399
vn -0.282839 0.95877099 0.0275667999
vn 0.125863999 0.990634978 0.0529206991
vn 0.236331999 0.969217002 0.069031097
vn 0.125161007 0.990755022 0.0523359999
vn 0.125162005 0.990755022 0.0523355007
vn 0.125161007 0.990755022 0.0523361005
vn 0.125170007 0.990755022 0.0523159988
vn 0.125970006 0.990634024 0.0526910014
vn 0.125781998 0.990656018 0.0527146012
vn -0.0129960002 -0.00405453984 0.999907017
vn -0.0179335009 0.00701532979 0.999814987
vn -9.57903903e-05 -1 0.000635443022
vn 8.63309015e-06 -1 0.000100646001
vn -0.579940021 0.734295011 0.352818012
vn -0.513173997 0.787491024 0.341336012
vn -0.267684013 0.903255999 0.335370004
vn -0.267264009 0.903443992 0.335198998
vn 0.491517991 0.799573004 0.345099986
vn 0.471141994 0.814956009 0.337449014
vn 0.129234001 0.933242977 0.335195005
vn 0.129271001 0.933242977 0.335180998
vn 0.623107016 0.709671021 0.328794003
vn -0.588030994 -0.728350997 0.351743996
vn -0.512706995 -0.78825599 0.340270996
vn 0.470669001 -0.814139009 0.340070009
vn 0.475506008 -0.812161028 0.338066995
vn 0.129228994 -0.933207989 0.335296005
vn 0.123706996 -0.933221996 0.33733201
vn -0.267437994 -0.904031992 0.333469987
vn -0.281049997 -0.897881985 0.338849008
vn 0.940962017 0.0402857997 0.336106002
vn 0.934900999 0.0498812012 0.351386994
vn 0.901064992 0.00869080983 0.433596998
vn 0.946397007 0.049604401 0.319175005
vn 0.931388021 -0.0488177985 0.360738993
vn 0.942571998 -0.0649345964 0.327630013
vn 0.933640003 -0.0386737995 0.35611999
vn 0.000189636005 0.999998987 -0.00133586
vn 0.00044884099 1 0.000160323005
vn 0.911149025 -0.392865986 -0.124353997
vn 0.979018986 -0.136324003 0.151452005
vn 0.638113022 -0.696825981 0.327482998
vn 0.0585319996 -0.217355996 0.974336028
vn 0.376511991 0.373272985 0.847882986
vn -0.315526992 0.000390108995 0.948916972
vn -1 0 3.4311699e-05
vn -1 -1.91790004e-05 -5.88095972e-05
vn 0.00552145019 0.000757467991 -0.99998498
vn -0.0291104 -0.00198141998 0.999574006
vn -0.0221772008 -0.00250213011 -0.999750972
vn -0.592025995 -0.0761021003 0.802317977
vn -0.591219008 -0.0965086967 0.800715983
vn -0.0279859006 -0.00569973001 -0.999592006
vn -0.135310993 -0.283549011 0.949362993
vn -0.151462004 -0.287135988 0.945838988
vn 0.128864005 -0.829393029 0.543600023
vn -0.26789099 -0.865904987 0.422425002
vn 0.341675013 -0.939818025 0
vn 0.160212994 -0.165342003 -0.973136008
vn -0.106521003 -0.512390971 -0.852120996
vn 0.000319096987 -0.550898015 -0.834572971
vn -0.000367787987 -0.880595028 -0.473868996
vn -0.157463998 -0.897024989 -0.412977993
vn -0.0145688001 0.00142502005 0.99989301
vn 0.00117033999 0.000108225002 0.999998987
vn 0.00787873007 0.000728570973 0.999969006
vn 0.308234006 0.286808997 -0.90704602
vn 0.0295042992 0.578858018 0.814894974
vn -0.375719994 0.540715992 -0.752636015
vn 0.340534002 0.802936018 -0.489214003
vn -0.288401991 0.950911999 -0.112204999
vn 0.272767007 0.956130028 0.106836997
vn -0.289135993 0.842725992 0.454106987
vn 0.239351004 0.520699024 0.819501996
vn -0.0135938004 -0.00125705998 -0.999907017
vn 0 0 -1
vn -0.0367424004 0.00619577011 -0.999306023
vn -0.0258972999 -0.976576984 0.213605002
vn -0.0532134995 -0.943989992 0.325655997
vn -0.064601697 -0.0910506025 0.993749022
vn -0.0167136993 -0.605468988 0.79569298
vn -0.00443738 0.294573009 0.955618978
vn -0.0423485003 0.967032015 0.251109004
vn 0.0292703006 0.87707299 0.479465008
vn -0.0349284001 6.84006e-06 0.999390006
vn -0.0349159017 0 0.999390006
vn -0.0126382001 -0.38488099 0.922879994
vn -0.0445161983 -0.97419697 0.221264005
vn -0.0596752986 -0.953840017 0.294326991
vn -0.0312482007 0.00449057994 0.999502003
vn -0.0182958003 -0.684562981 0.728724003
vn -0.0611957014 0.139369994 0.988348007
vn -0.0129770003 0.953028023 0.302605987
vn -0.0135770002 0.953764975 0.300247014
vn -0.0207436997 0.100285999 0.994741976
vn -0.0242545009 0.0891031027 0.995727003
vn -0.0246162005 0.811914027 0.58325702
vn -0.0545874983 0.748871982 0.660462976
vn -0.0351183005 0.999382973 -5.5194796e-05
vn -0.0341618992 0.999415994 -0.00079165498
vn -0.0362308994 0.999339998 0.00250017992
vn -0.0210289992 0.859643996 -0.510460973
vn -0.0344296992 0.521308005 -0.852674007
vn -0.0706306025 0.68096298 -0.728904009
vn -0.0333536007 0.0517143011 -0.99810499
vn -0.0270365998 0.0759053975 -0.996747971
vn -0.0360760018 0.948958993 -0.313329011
vn -0.0530790016 0.0896726996 -0.99455601
vn 0.00887490995 -0.168262005 -0.985701978
vn -0.0447059013 -0.945973992 -0.321146011
vn -0.0348717012 0 -0.999391973
vn -0.0348366015 1.9052899e-05 -0.999392986
vn -0.041296199 0.959060013 -0.280176014
vn -0.0711487979 0.212877005 -0.97448498
vn -0.0156070003 0.623179972 -0.781922996
vn -0.0172447003 -0.670305014 -0.741885006
vn -0.0220384002 -0.163913995 -0.986229002
vn -0.0374768004 -0.978426993 -0.203163996
vn -0.0604869016 -0.943845987 -0.324802011
vn -0.0137975998 -0.707729995 -0.706348002
vn -0.0302597992 -0.0735407025 -0.996833026
vn -0.0374975987 -0.0505576991 -0.998017013
vn -0.020854 -0.984212995 -0.175758004
vn -0.0176119003 -0.520308018 -0.853797019
vn -0.0347527005 -0.841709018 -0.538812995
vn -0.0624928996 -0.751154006 -0.657162011
vn -0.0354298986 -0.999372005 0
vn -0.0344613008 -0.99940598 0.000793348998
vn -0.0362851992 -0.999337971 -0.00250905007
vn -0.0271995999 -0.841904998 0.538938999
vn -0.0175969005 -0.98427403 0.175769001
vn -0.0344142988 -0.521326005 0.852662981
vn -0.0707651973 -0.681039989 0.728819013
vn -0.0333778001 -0.0548241995 0.997937977
vn -0.0288359001 -0.0711231977 0.997051001
vn -0.0303601008 -0.950994015 0.307713985
vn -0.0424135998 -0.962958992 0.266290992
vn -0.0109224999 -0.165817007 0.986096025
vn -0.0689520985 0.11908 0.990487993
vn 0.00342465006 0.912918985 0.408125997
vn 0.0199446008 0.884199977 0.466683
vn -0.0349363983 1.10862993e-05 0.999390006
vn -0.0348534994 -3.42439016e-05 0.999391973
vn -0.0344271995 -0.961696029 0.271946996
vn -0.0358638987 -0.960301995 0.276645988
vn -0.0638227016 -0.255865008 0.96460402
vn -0.0297334995 -0.124247998 0.991805971
vn -0.000369791 0.608281016 0.793721974
vn -0.0554187 0.97893399 0.196511999
vn -0.0142139001 0.941112995 0.337792009
vn -0.0207342003 0.100643001 0.994706988
vn -0.0381647982 0.0447290987 0.998269975
vn -0.0185649991 0.520349979 0.853752017
vn -0.0270504002 0.863048971 0.504395008
vn -0.0631204993 0.748845994 0.659731984
vn -0.0350560993 0.999384999 -7.73501961e-05
vn -0.0341975018 0.99941498 -0.000734596979
vn -0.0362351984 0.999339998 0.00250731991
vn -0.0191642996 0.863102973 -0.504664004
vn -0.0343926996 0.521246016 -0.852712989
vn -0.0703916997 0.679404974 -0.730378985
vn -0.0334300995 0.0584416017 -0.99773097
vn -0.0516076982 0.94373697 -0.326644003
vn -0.040721599 0.187316999 -0.981455028
vn -0.0142241996 0.0894417986 -0.995890975
vn -0.00339953997 -0.916868985 -0.399172992
vn -0.0274377 -0.946093023 -0.322732002
vn -0.0349004008 -6.18809963e-06 -0.999391019
vn -0.034870699 9.46323962e-06 -0.999391973
vn -0.0222727992 0.961193025 -0.274975985
vn -0.0249358006 0.964109004 -0.264333993
vn -0.0713407025 0.338799 -0.938149989
vn -0.041390501 0.214139998 -0.975925982
vn -0.00567839015 -0.39043799 -0.920611978
vn -0.0616579987 -0.94401598 -0.324086994
vn -0.0543075018 -0.95549202 -0.289977014
vn -0.0261719003 -0.706834972 -0.706893981
vn -0.0274344999 -0.0733843967 -0.99692601
vn -0.0235847998 -0.0863844976 -0.995983005
vn -0.0246159006 -0.81190598 -0.583269
vn -0.0535456017 -0.751217008 -0.657880008
vn -0.0351147018 -0.999382973 5.51166995e-05
vn -0.0341651998 -0.999415994 0.000786434975
vn -0.0362308994 -0.999339998 -0.00250012008
vn -0.0178153999 -0.806059003 0.591566026
vn -0.0702259019 -0.681207001 0.728715003
vn -0.0194147006 -0.104869999 0.994296014
vn -0.0315807983 -0.0612974986 0.997619987
vn 0.294927001 -0.340299994 0.892867982
vn -0.271885008 -0.896468997 0.34988901
vn -0.0359807014 6.02811997e-06 0.999352992
vn -0.0364734009 3.38036007e-05 0.999334991
vn -0.0140017997 0.899345994 0.437014014
vn 0.339453012 0.752906978 0.563827991
vn -0.213991001 0.801636994 0.558198988
vn -0.362325996 0.798142016 0.481341004
vn 0.120402999 0.653448999 -0.747334003
vn -0.0286373999 0.571554005 -0.820065022
vn -0.278836995 0.443318009 -0.851890981
vn -0.0348995999 0 -0.999391019
vn -0.0365044996 -9.79767938e-05 -0.999333978
vn -0.305162013 -0.881138027 -0.361209989
vn 0.28837201 -0.365960985 -0.884823978
vn 0.306373 -0.901669025 0.30517
vn -0.325931013 -0.770913005 -0.547231972
vn 0.0584513992 -0.693036973 -0.718527973
vn -0.388987988 -0.825975001 0.407986999
vn -0.0051545701 -0.658201993 0.752824008
vn -0.542708993 -0.784066975 0.301174015
vn -0.0184861999 -0.910565972 -0.412950009
vn -0.0227697007 -0.891191006 -0.453056008
vn -0.0154606001 -0.993384004 -0.113797002
vn -0.0191737004 -0.919345021 -0.392984986
vn -0.0204626005 -0.695793986 -0.717949986
vn -0.0112490002 -0.856009007 -0.516839027
vn -0.0188317001 -0.540889025 -0.840883017
vn -0.0182913002 -0.460639 -0.887399018
vn -0.0220685005 0.212638006 -0.976881981
vn -0.0175618008 0.422876 -0.906017005
vn -0.0211140998 -0.237533003 -0.971149981
vn -0.0106022004 -0.540956974 -0.840982974
vn -0.0206463002 -0.0369715989 -0.99910301
vn -0.0182207003 -0.109049 -0.993869007
vn -0.0162857994 0.356270999 -0.934240997
vn -0.0197512005 0.680743992 -0.732254982
vn -0.0162579995 0.747848988 -0.663670003
vn -0.0255562998 0.99317801 -0.113773003
vn -0.0174039006 0.920611978 -0.390091002
vn -0.0222014003 0.899985015 -0.435353994
vn -0.0165723003 0.960085988 -0.279213011
vn -0.0169639997 0.965786994 0.258781999
vn -0.010636 0.988736987 0.149287
vn -0.0202714 0.855876982 0.516782999
vn -0.0135401003 0.707041979 0.707041979
vn -0.0195358992 0.540898025 0.840861022
vn -0.0139886001 0.258794993 0.965830982
vn -0.0196815003 0.111161999 0.993606985
vn -0.0143205002 -0.258792996 0.965826988
vn -0.0187532008 -0.36105001 0.932358027
vn -0.0151404003 -0.707026005 0.707026005
vn -0.0181572996 -0.751088977 0.659951985
vn -0.0169686992 -0.965786994 0.258781999
vn -0.0182629991 -0.971843004 0.234922007
vn -0.260352999 0.0181942992 -0.965341985
vn -0.217675 0.0445941016 -0.975001991
vn -0.0261770003 0 0.999656975
vn -0.0252854005 -0.258738011 -0.965617001
vn -0.0252854992 -0.258736014 -0.965617001
vn -0.0252854992 -0.706880987 -0.706880987
vn -0.0252854992 -0.965617001 -0.258738011
vn -0.0252854005 -0.965617001 -0.258736014
vn -0.0252854005 -0.965615988 0.258738011
vn -0.0252855998 -0.965617001 0.258736014
vn -0.0252855998 -0.706882 0.70687902
vn -0.0252854992 -0.706880987 0.706880987
vn -0.0252854992 -0.258733988 0.965618014
vn -0.0252855998 -0.258736014 0.965617001
vn -0.0252855998 0.258733988 0.965618014
vn -0.0252854992 0.258736014 0.965617001
vn -0.0252854992 0.706882 0.70687902
vn -0.0252855998 0.706880987 0.706880987
vn -0.0252855998 0.965615988 0.258738011
vn -0.0252854005 0.965617001 0.258736014
vn -0.0252854005 0.965617001 -0.258738011
vn -0.0252854992 0.965617001 -0.258736014
vn -0.0252854992 0.706880987 -0.706880987
vn -0.0252854992 0.258738011 -0.965617001
vn -0.0252854005 0.258736014 -0.965617001
vn -0.034899801 0.998021007 0.0523041002
vn -0.0348994993 0.998021007 0.0523038991
vn -0.0274880007 0 -0.999621987
vn -0.0286925994 0.759802997 -0.64951998
vn -0.0432603993 0.853690028 -0.518981993
vn -0.0259459 0.794371009 -0.606877983
vn -0.0255692005 0.53896302 -0.841940999
vn -0.0255690999 0.538962007 -0.841942012
vn -0.0257695001 0.175738007 -0.984099984
vn -0.0241634008 0.139577001 -0.989916027
vn 0.0173112005 0.999738991 -0.0148828002
vn -0.530400991 0 -0.847747028
vn -0.529865026 0.00210988009 -0.848079026
vn -0.034899801 -0.999391019 0
vn -0.0348993018 0.999391019 0
vn -0.529919028 0 -0.848047972
vn -0.0348993018 -0.999391019 0
vn -0.0348993987 0 -0.999391019
vn -0.0353492014 0.00551783014 -0.999360025
vn -0.0348994993 0 -0.999391019
vn -0.0353202 -0.00516163977 -0.999363005
vn -0.0348994993 0.999391019 0
vn -0.531059027 -0.00551575003 -0.84731698
vn 0.0143807 -0.999706984 -0.0194506999
vn -0.0294508003 0.745021999 -0.666388988
vn -0.0438201018 0.841524005 -0.538439989
vn -0.0453555994 -0.842592001 -0.536639988
vn -0.0258258991 0.785871029 -0.617851019
vn -0.0253839996 0.473715991 -0.880312026
vn -0.0253839996 0 -0.999678016
vn -0.0253839996 -0.473715991 -0.880312026
vn -0.0258485992 -0.782521009 -0.622087002
vn -0.0291731004 -0.745028019 -0.666393995
vn 0.0193876997 0.999720991 -0.0134718996
vn -0.530462027 0 -0.847709
vn -0.529857993 0.00237017008 -0.848083019
vn -0.0348994993 -0.999391019 0
vn -0.0353128985 0.00507193012 -0.999363005
vn -0.0353531986 -0.00556690991 -0.999359012
vn -0.034899801 0.999391019 0
vn -0.530991971 -0.00518892985 -0.847361028
vn 0.0123482998 -0.999701023 -0.0211081002
vn -0.0447763987 -0.855297983 -0.516198993
vn -0.0265698005 -0.175733998 -0.984079003
vn -0.0252851993 -0.538967013 -0.841947019
vn -0.0255429 -0.535054028 -0.844431996
vn -0.0259639006 -0.791146994 -0.611074984
vn -0.0284509007 -0.759808004 -0.649523973
vn -0.0261768997 0 -0.999656975
vn -0.0236779992 -0.106949002 -0.993982971
vn -0.0348994993 -0.998021007 0.0523041002
vn -0.706138015 0.706138015 0.0523356013
vn -0.706139028 0.706137002 0.0523301996
vn -0.708733976 0.703158975 0.0571300015
vn -0.725457013 -0.629594982 0.27806899
vn -0.747548997 -0.621286988 0.234889999
vn -0.602178991 -0.558314979 0.570671022
vn -0.528692007 -0.409608006 0.743441999
vn -0.386161 -0.357106 0.850503027
vn -0.161079004 -0.137858003 0.977266014
vn -0.144479007 -0.108469002 0.983545005
vn -0.125330001 -0.147112995 0.981146991
vn -0.178816006 -0.150466993 0.972308993
vn -0.82089901 -0.520794988 0.234299004
vn -0.665564001 -0.478976011 0.572368979
vn -0.664189994 -0.479171991 0.573799014
vn -0.456129014 -0.264328003 0.849750996
vn -0.382227004 0.922577024 0.0524713993
vn -0.382160008 0.922613025 0.0523318015
vn -0.382158995 0.922613025 0.0523355007
vn -0.385219008 0.921458006 0.0502149984
vn -0.0259444993 -0.0112087997 0.999601007
vn -0.0175266005 -0.00565390009 0.999830008
vn -0.0175264999 -0.00565365003 0.999830008
vn 0.124528997 -0.990743995 0.0540181994
vn 0.314597011 -0.940330029 0.129642993
vn 0.126176998 -0.990576029 0.0532744005
vn 0.125125006 -0.990745008 0.0526028015
vn 0.128113002 -0.990469992 0.0505557992
vn 0.125132993 -0.990863979 0.0502999984
vn 0.123847999 -0.990917981 0.0523726009
vn -0.623333991 -0.779919028 0.0563961007
vn -0.626442015 -0.777284026 0.0583137982
vn -0.299318999 -0.953974009 0.0184898991
vn 0.129255995 -0.991313994 0.0242784992
vn -0.0671259016 -0.991761029 0.109104
vn 0.511730015 -0.857755005 0.0488725007
vn 0.508660972 -0.859483004 0.0505262017
vn 0.491748989 -0.86916697 0.0522683002
vn 0.491755992 -0.869159997 0.0523191988
vn -0.896245003 -0.437128007 0.0752656013
vn -0.892130971 -0.449045002 0.049610801
vn -0.258807003 -0.965879023 0.00980637968
vn -0.717941999 -0.695685983 0.0240787994
vn -0.661958992 -0.749486983 -0.00894154981
vn -0.971405983 -0.236496001 0.0209769998
vn -0.93394798 -0.356619 -0.0237397999
vn -0.965514004 0.258709013 0.0292121992
vn -0.992498994 0.120290004 -0.0218026992
vn -0.706753016 0.706753016 0.0316208005
vn -0.824819028 0.564822018 -0.0255075004
vn -0.244152993 0.968977988 0.038346801
vn -0.464074999 0.885351002 -0.0280773994
vn 0.286832988 0.957639992 0.0255587995
vn -0.00400430011 0.999484003 -0.031885799
vn 0.706430018 0.706430018 0.0437477008
vn 0.543200016 0.83800298 -0.0518188998
vn 0.961390972 0.274827003 0.0140503002
vn 0.970557988 -0.239343002 0.0270680003
vn 0.981938004 0.185767993 -0.035896901
vn -0.239269003 -0.970952988 -2.34573999e-05
vn 0.238773003 -0.971074998 -2.95956979e-05
vn 0.258807987 -0.96588099 0.0095748296
vn 0.697862983 -0.716148019 -0.0108743003
vn -0.258650005 -0.96529299 -0.0361970998
vn -0.651892006 -0.757844985 0.0266162008
vn -0.707104027 -0.707104027 0.0027888699
vn -0.965655982 -0.258747011 -0.0236581005
vn -0.988740981 0.135664999 0.0631377026
vn -0.965837002 0.25879401 0.0135859996
vn -0.706071973 0.706071973 -0.0540779009
vn -0.258731991 0.965609014 0.0256347004
vn 0.258648008 0.96529299 -0.0361968018
vn -0.245184004 0.968966007 0.0314725004
vn 0.651893973 0.757843018 0.0266149994
vn 0.707104027 0.707104027 0.00278697
vn 0.986290991 0.162599996 -0.0281198993
vn 0.987686992 -0.135527 0.0781446993
vn 0.769478977 -0.635087013 -0.0675759986
vn 0.258735001 -0.965608001 0.0256347004
vn 0.245188996 -0.968963981 0.0314715989
vn -0.391283989 -0.918789029 0.0521841012
vn -0.368797004 -0.928027987 0.0524704009
vn -0.324735999 -0.943100989 0.0714654997
vn -0.314253002 -0.947691023 0.0559224002
vn -0.922613978 0.382158011 0.0523312017
vn -0.922613978 0.382158011 0.0523352996
vn -0.922613025 0.382158995 0.0523359999
vn -0.912368 -0.403407007 0.0696196035
vn -0.906643987 -0.416272998 0.0686516985
vn -0.794866025 -0.602999985 0.0676693991
vn -0.777275026 -0.625824988 0.0647031963
vn -0.586910009 -0.807699978 0.0561943986
vn -0.572498977 -0.817928016 0.0569103993
vn -0.496291012 -0.866590977 0.0521100014
vn -0.0799188018 -0.994539022 0.0671247989
vn -0.0273484997 -0.997573018 0.0640297011
vn -0.171058998 -0.982933998 0.0676691011
vn -0.324997008 -0.943902016 0.0585290007
vn -0.407788992 -0.911123991 0.0596848018
vn 0.178018004 -0.98152101 0.0701911971
vn 0.174595997 -0.982155979 0.0699013025
vn 0.786930978 -0.614817977 0.0523359999
vn 0.786930025 -0.61481899 0.0523345992
vn 0.786930978 -0.614817977 0.0523286015
vn -0.603321016 -0.795700014 0.0535300002
vn -0.619747996 -0.783119023 0.0513426997
vn -0.669589996 -0.739422023 0.0700305998
vn -0.661825001 -0.748058021 0.0489572994
vn -0.924818993 0.376791 0.0523362011
vn 0.0017272 -0.135381997 0.990791976
vn -0.0275667999 -0.0495944992 0.998389006
vn 0.0581721999 -0.0208397992 0.998089015
vn 0.0641390011 0.0622050986 0.995999992
vn 0.071205698 0.130395994 0.988901973
vn -0.0323615 -0.217122003 0.975607991
vn -0.0755200982 -0.404653996 0.911346018
vn 0.0429289006 -0.0166271999 0.998939991
vn 0.0557036996 -0.0148139 0.998336971
vn 0.0446335003 0.0266596992 0.998647988
vn -0.0419982001 -0.0883819982 0.995200992
vn -0.0135735003 -0.0500083007 0.998656988
vn 0.0132478997 -0.0324470997 0.999386013
vn -0.043794401 -0.160255 0.986104012
vn -0.0370270014 -0.0303488001 0.998853028
vn -0.0070162802 -0.0348873995 0.999366999
vn 0.00261900993 -0.0749028027 0.997187018
vn -0.000362894993 -0.0501734018 0.998740017
vn 0.00496796984 -0.0497002006 0.998751998
vn 0.00842859037 -0.0585129 0.998251021
vn 0.00859117042 -0.0457574986 0.99891597
vn 0.0253269002 -0.0244967006 0.999378979
vn 0.0286254007 -0.0150215002 0.999477029
vn 0.0282470994 -0.0153921004 0.999482989
vn 0.00977484044 -0.0554885007 0.998411
vn 0.0300014 -0.0204345994 0.999341011
vn 0.0176906008 -0.0267685 0.999485016
vn 0.0201952998 -0.0253229998 0.999475002
vn 0.0198333003 -0.0256619994 0.999473989
vn 0.020273 -0.0254205 0.999471009
vn 0.0171252005 -0.0278655998 0.999464989
vn 0.0428062007 -0.0410373993 0.998239994
vn 0.0475444011 -0.0558954999 0.997304022
vn 0.0866492018 -0.0832044035 0.992757976
vn 0.140976995 -0.10238 0.984704971
vn 0.0326033011 -0.00316766999 0.999463022
vn 0.0264011994 -0.0183787998 0.999482989
vn 0.0314618014 -0.0134234 0.99941498
vn 0.0249159001 -0.0415710993 0.998825014
vn 0.0286144 -0.0354112983 0.998962998
vn 0.0369547009 -0.0613364987 0.997433007
vn 0.0205879007 -0.0443080999 0.998806
vn 0.0233418997 -0.0548737012 0.998220026
vn 0.0059140902 -0.031932801 0.999472022
vn 0.0101808002 -0.0304371994 0.999485016
vn 0.00877675973 -0.0311920997 0.999475002
vn 0.00605418999 -0.0314931013 0.999486029
vn -0.00485152984 -0.0314983018 0.99949199
vn -0.00341581996 -0.0321644992 0.999477029
vn 0.939324975 -0.108144999 0.325533986
vn 0.938453019 -0.113503002 0.326225996
vn 0.931460023 -0.164476007 0.324546009
vn 0.93127501 -0.158155993 0.328197002
vn 0.937097013 -0.0974306017 0.335195988
vn 0.946714997 -0.0317874998 0.320499986
vn 0.944884002 0.0588583015 0.322071999
vn 0.942973018 0.0722450987 0.324936002
vn 0.945854008 -0.0264683999 0.323511004
vn 0.928618014 0.160377994 0.334585011
vn 0.93177098 0.163114995 0.324339002
vn 0.937871993 0.117985003 0.326305985
vn 0.935917974 -0.0197534002 0.351664007
vn 0.940752983 0.0134258 0.338827014
vn 0.938187003 0.0564038008 0.341502011
vn 0.919331014 0.194264993 0.342186004
vn 0.873172998 0.351094007 0.338086993
vn 0.775573015 0.547733009 0.313807011
vn 0.728347003 0.614315987 0.303523004
vn 0.456488013 0.861607015 0.221927002
vn 0.51078397 0.826525986 0.236548007
vn 0.440003991 0.870276988 0.221391007
vn 0.407261014 0.887097001 0.217249006
vn 0.253468007 0.947968006 0.192641005
vn 0.170544997 0.967109978 0.188712001
vn 0.216221005 0.964208007 0.153461993
vn 0.255769998 0.954922974 0.150674999
vn 0.219440997 0.963527977 0.153167993
vn 0.219650999 0.964450002 0.146936998
vn 0.169085994 0.958931029 0.227730006
vn 0.204555005 0.960121989 0.190585002
vn 0.25346899 0.947968006 0.192641005
vn 0.226559997 0.953889012 0.196890995
vn 0.213465005 0.952552021 0.216973007
vn 0.933866024 -0.106392004 0.341432005
vn 0.915417016 0.196713001 0.351164997
vn -0.768673003 -0.63923502 -0.0228179004
vn 0.939179003 -0.0370656997 0.341421992
vn 0.871860027 -0.356725007 0.335570008
vn 0.829298019 -0.451407999 0.329387009
vn 0.609193981 -0.746065021 0.268830001
vn 0.450673014 -0.864933014 0.220871001
vn 0.344105005 -0.918814003 0.193320006
vn 0.626538992 -0.729999006 0.273039013
vn 0.282790989 -0.946045995 0.158198997
vn 0.212583005 -0.952443004 0.218315005
vn 0.169006005 -0.958459973 0.229763001
vn 0.201167002 -0.960873008 0.190409005
vn 0.217820004 -0.957066 0.191257
vn 0.172073007 -0.97587198 0.134406999
vn 0.254680991 -0.955255985 0.150411993
vn 0.217988998 -0.95776403 0.187530994
vn 0.239658996 -0.951906979 0.190883994
vn 0.229403004 -0.954108 0.192488998
vn 0.0109245004 0.0249747001 0.999628007
vn -0.0115385996 0.0298510008 0.999487996
vn -0.0321874991 0.0280029997 0.999089003
vn -0.0132542998 0.0427214988 0.998999
vn -0.0112151001 0.0474390015 0.998811007
vn -0.0178484004 0.0583950989 0.998134017
vn -0.0140316002 0.0496013984 0.998670995
vn -0.0173843 0.0484668985 0.998673022
vn -0.0174911991 0.0485906005 0.998665988
vn -0.00134006003 0.0230190009 0.999733984
vn -0.00757022994 0.0254270993 0.999647975
vn -0.00371845998 0.0389094017 0.999235988
vn -0.0296487994 0.0463784002 0.998484015
vn -0.0115601998 0.049932301 0.998686016
vn 0.0129906004 0.0272799004 0.999543011
vn 0.00759754982 0.0268760007 0.999610007
vn 0.0602069013 -0.118648998 0.991109014
vn 0.00194635999 0.116984002 0.993131995
vn 0.0463007987 0.0103674 0.998874009
vn 0.0484218001 0.0170396995 0.998682022
vn 0.0727455989 0.0162065998 0.997219026
vn 0.137151003 0.0520495996 0.989181995
vn 0.0507730991 0.036869701 0.998028994
vn 0.0586307012 0.0397544987 0.997488022
vn 0.110955 0.106421001 0.988111019
vn 0.111038998 0.106452003 0.988098025
vn -0.00714936014 0.0464847982 0.998893023
vn 0.0333499014 0.0211308002 0.999220014
vn 0.0284672994 0.0315572992 0.999095976
vn 0.0090338802 0.0307148006 0.999486983
vn 0.00867894012 0.0309494995 0.999482989
vn 0.00867895037 0.0309494995 0.999482989
vn 0.00876544043 0.0309314001 0.999482989
vn 0.00911028031 0.0645878017 0.997870028
vn 0.00911028963 0.0645878017 0.997870028
vn 0.00261892006 0.0461767986 0.998929977
vn 0.00209343992 0.0495868996 0.998767972
vn -0.0200408995 0.0380697995 0.999073982
vn 0.0620421991 0.144056007 0.987622976
vn 0.0611401983 0.143878996 0.987704992
vn 0.0376980007 0.056338001 0.997699976
vn 0.0305965003 0.0493041985 0.998314977
vn 0.0198550001 0.0254055001 0.999480009
vn 0.0201136991 0.0252391007 0.999478996
vn 0.0204351004 0.0247926004 0.999484003
vn 0.0300284997 0.0176618006 0.999392986
vn 0.0339354984 0.00811360031 0.999391019
vn 0.0284247007 0.0155995004 0.999473989
vn 0.0287426002 0.0143564995 0.999484003
vn 0.00929387007 0.0501516983 0.998697996
vn 0.137294993 -0.0957076028 0.985895991
vn -0.0908484012 0.0260949992 0.995522976
vn -0.0381934009 -0.0216573998 0.999036014
vn -0.140075997 -0.064561002 0.98803401
vn -0.0409442 -0.0278238002 0.998773992
vn -0.0533276014 -0.0299089998 0.99812901
vn 0.0648892969 -0.00503895991 0.997879982
vn 0.0520519987 -0.00939259026 0.998600006
vn 0.0486534983 0.00764499977 0.998785973
vn 0.0636449009 0.00717832986 0.997946978
vn -0.0161566995 -0.0720852986 0.997268021
vn -0.00319784996 -0.0559674017 0.998427987
vn 0.0702738985 -0.0905847996 0.993405998
vn -0.934360027 -0.338550001 0.111156002
vn -0.913821995 -0.370626003 0.166026995
vn -0.606342018 0.778450012 0.162371993
vn -0.695387006 0.718549013 -0.0111586004
vn -0.964058995 0.243525997 0.106229
vn -0.989129007 0.146945 -0.00556640001
vn 0.0686175004 0.995689988 -0.0623937994
vn 0.213523 0.963338017 0.162441999
vn 0.953764021 0.293538004 -0.0645693988
vn 0.804713011 0.538074017 0.250827014
vn 0.651329994 0.758486986 -0.0215967
vn 0.944378018 -0.273375005 0.182799995
vn 0.989820004 -0.141973004 0.0100060999
vn -0.718382001 -0.695234001 0.0240051001
vn -0.965514004 0.258709013 0.0292125996
vn -0.992498994 0.120290004 -0.0218026005
vn -0.706753016 0.706753016 0.0316210985
vn -0.824819028 0.564822018 -0.0255072005
vn -0.258668989 0.965362012 0.0341638997
vn -0.464073986 0.885351002 -0.0280773994
vn 0.272617996 0.961416006 0.0368551016
vn -0.00375166 0.999589026 -0.0284372997
vn 0.727010012 0.685325027 0.0422616005
vn 0.543016016 0.837710977 -0.058083199
vn 0.965844989 0.25879699 0.0129693998
vn 0.962498009 -0.270128995 0.0250649005
vn 0.982141972 0.185800999 -0.0295735002
vn 0.684505999 -0.728996992 0.00397060998
vn 0.934110999 -0.356696993 -0.0142663997
vn -0.251942009 -0.967742026 -2.20982001e-05
vn 0.238774002 -0.971074998 -2.90881981e-05
vn 0.25880599 -0.965882003 0.00957409013
vn 0.662621975 -0.748899996 -0.00898662955
vn -0.258648008 -0.96529299 -0.036197301
vn -0.651892006 -0.757843971 0.0266168006
vn -0.707104027 -0.707104027 0.00278945989
vn -0.986088991 -0.163834006 -0.0280597992
vn -0.987671971 0.135527 0.0783333033
vn -0.770112991 0.634302974 -0.0677149966
vn -0.258735001 0.965608001 0.0256348997
vn 0.258650988 0.965291977 -0.0361968987
vn -0.245186999 0.968964994 0.0314727016
vn 0.833729029 0.548750997 -0.0613912009
vn 0.985714972 -0.135266006 0.100345001
vn 0.829724014 -0.552208006 -0.081392698
vn 0.258731991 -0.965609014 0.0256345998
vn 0.245187998 -0.968964994 0.0314704999
vn -0.670529008 0.740234971 0.0494194999
vn -0.661137998 0.747281015 0.0668466985
vn -0.622335017 0.781002998 0.0522728004
vn -0.603470981 0.795660973 0.0524123982
vn 0.786930025 0.61481899 0.0523310006
vn 0.786936998 0.61480099 0.0524406992
vn 0.786881983 0.614880025 0.0523401015
vn 0.786930978 0.614817977 0.0523229986
vn 0.191302001 0.978879988 0.0720961019
vn 0.118600003 0.990688026 0.0668744966
vn -0.046392601 0.996442974 0.0703447983
vn -0.154769003 0.985899985 0.0636198968
vn -0.202602997 0.97714901 0.0642791018
vn -0.407465994 0.911346972 0.0584633015
vn -0.393604994 0.917460978 0.0577999987
vn -0.495344996 0.867136002 0.0520429984
vn -0.902220011 0.425646007 0.0694563016
vn -0.913259029 0.401740015 0.067549102
vn -0.759958029 0.646386981 0.0681674033
vn -0.843940973 0.532742977 0.0628432035
vn -0.758831024 0.648096979 0.0643950999
vn -0.746914029 0.661713004 0.0652375966
vn -0.575793982 0.815636992 0.0565563999
vn -0.568772972 0.820532024 0.0567913018
vn -0.922613025 -0.382158995 0.0523359999
vn -0.922613978 -0.382156998 0.0523331016
vn -0.922614992 -0.382156014 0.0523363017
vn -0.391310006 0.918689013 0.0537380986
vn -0.371973008 0.926837027 0.0510899983
vn -0.337772012 0.938915014 0.0659468025
vn -0.324548006 0.942556024 0.0790951028
vn -0.291922003 0.955088973 0.0508622006
vn -0.926629007 -0.372303993 0.0524260998
vn -0.924818993 -0.376791 0.0523362011
vn -0.0352629013 0.0409123003 0.998539984
vn -0.0248041004 0.0239349008 0.99940598
vn -0.0175608993 0.0116630001 0.999777973
vn -0.0171831995 0.0198858008 0.999655008
vn -0.0172038991 0.0198569 0.999655008
vn -0.0194770005 0.0174483005 0.999657989
vn -0.0137010003 0.0313046984 0.999415994
vn 0.788686991 0.612560987 0.0523646995
vn 0.788717985 0.612523019 0.0523345992
vn 0.788720012 0.612520993 0.0523361005
vn 0.066515699 0 0.997784972
vn 0.0812608004 -0.00857613981 0.996656001
vn 0.130447999 0.0240727998 0.991163015
vn -6.47624029e-06 4.00435019e-05 1
vn 1.68846e-07 2.36276014e-06 1
vn -1.43465996e-07 -5.7336598e-07 1
vn 5.20659023e-06 -1.18632006e-05 1
vn 1.17139996e-06 2.63874006e-10 1
vn 1.18100002e-06 2.39910012e-08 1
vn -8.71594068e-07 -3.48335993e-06 1
vn 1.77673007e-06 1.73160004e-06 1
vn 8.54817984e-07 -2.9708599e-06 1
vn 2.02736983e-09 -7.23303992e-06 1
vn -4.49330983e-05 2.59736007e-05 1
vn 0.000135260998 -0.000224157993 1
vn -0.000266243995 0.000111374997 1
vn 7.64703e-05 0.000221779002 1
vn -0.000782229996 0.00701898988 0.999975026
vn 0.0134674003 0.0216247998 0.999675989
vn 0.0189034007 0.00979376025 0.999773026
vn -0.0117076999 0.0360320993 0.999282002
vn -0.00500593986 0.0249614995 0.999675989
vn 0.00951437 0.0206835996 0.999741018
vn 0.00575968018 0.0208819993 0.999764979
vn 0.00491670985 0.0207825005 0.999772012
vn 0.00240592007 0.0208487008 0.999779999
vn 0.0100327004 0.0263550002 0.99960202
vn 0.0249396004 0.0245264992 0.99938798
vn 0.00349082006 0.0258390997 0.999660015
vn -0.0200049002 0.0470088013 0.998694003
vn -0.0183099993 0.0435911007 0.998881996
vn -0.0147880996 0.0384575017 0.999150991
vn -0.0133018 0.0413356982 0.999056995
vn -0.0204058997 0.0461166985 0.998727977
vn -0.0438694991 0.0280681998 0.998642981
vn -0.0371925011 0.0591851994 0.997554004
vn -0.0366301984 0.0544422008 0.997844994
vn -0.0278389007 0.0317267999 0.99910903
vn -0.0336188003 0.0198509991 0.999238014
vn -0.0146716004 0.0448895991 0.998884022
vn 0.00882531982 0.0502680019 0.998696983
vn -0.0263192002 0.0199385006 0.999454975
vn -0.0160907991 0.0425213985 0.998965979
vn 0.991412997 0.00477379002 0.130682006
vn 0.955923975 0.238431007 0.171345994
vn 0.850812972 0.522827029 0.0526250005
vn 0.724830985 0.67889601 0.117132001
vn 0.780893981 0.512812018 0.356693
vn 0.859021008 0.410127997 0.306394011
vn 0.974161983 -0.00521933986 0.225787997
vn 0.974048018 -0.0126173999 0.225988999
vn -0.0501273982 0.0266836993 0.998386025
vn 4.57781994e-07 -1.90548008e-06 1
vn 3.26361004e-07 -2.35675998e-06 1
vn 1.28398005e-06 -2.22096992e-06 1
vn 0.019421 0.00518907979 0.999798
vn -6.52880033e-07 2.59539004e-08 1
vn -2.06259983e-06 -1.06966991e-05 1
vn -9.01640014e-05 6.70365989e-05 1
vn 6.7937998e-07 1.17516004e-06 1
vn 0.000130435001 6.66756023e-05 1
vn -3.41073996e-06 1.47062997e-06 1
vn 3.46744997e-07 2.5039601e-06 1
vn 4.98192037e-07 2.07367998e-06 1
vn -0.0469498001 -0.0249921996 0.998584986
vn -0.932362974 0.181780994 0.31249699
vn -5.55755978e-05 -5.61709021e-05 1
vn 0.00170066999 -0.00495793018 0.999985993
vn 0.970395982 0.0182218999 0.240831003
vn 0.972293019 -0.00458610989 0.233719006
vn 0.909451008 -0.312588006 0.274204999
vn 0.753929973 -0.545702994 0.365783989
vn 0.984009027 -0.0655004978 0.165636003
vn 0.988560021 -0.0198221002 0.149517998
vn 0.842191994 -0.526344001 0.116938002
vn 0.81821698 -0.569886982 0.0758351982
vn -0.00284020999 -9.61287951e-05 0.999996006
vn 0.00397892995 0.00176729995 0.999991
vn 0.000934134994 -0.00348623004 0.99999398
vn 0.000934073993 -0.00365668 0.999993026
vn 0.0036949201 0.000990053988 0.999993026
vn 0.00108137995 0.000995993032 0.999998987
vn 0.00111286005 0.00111286005 0.999998987
vn 0.00111090997 0.0041459999 0.999991
vn -0.00175929 -0.00917250011 0.999956012
vn -0.0185847003 -0.00227465993 0.999825001
vn 0.0123150004 0.0114840996 0.999858022
vn -0.0261767991 0 -0.999656975
vn -0.99892801 -0.0311731007 0.0342289992
vn -0.999556005 -0.0297937002 -0.00100811
vn -0.981127977 -0.193354994 0.00154590001
vn -0.981128991 -0.193348005 0.00170647004
vn -0.993682027 -0.112218998 -0.00175023999
vn -0.993695021 -0.112112999 0.00103140995
vn -0.034899801 1.72053007e-07 -0.999391019
vn -0.0348999016 0 -0.999391019
vn -0.0348993987 -4.34880008e-08 -0.999391019
vn -0.0348993987 -5.28954978e-08 -0.999391019
vn -0.595040023 0.122096002 0.794368029
vn -0.586612999 0.115082003 0.801648974
vn -0.62944901 0.0292307995 0.776492
vn -0.589833975 0.0556167997 0.805607021
vn -0.599736989 0.0815503001 0.796030998
vn -0.598994017 0.0823204964 0.796510994
vn -0.592876971 0.0841101035 0.800888002
vn -0.591895998 0.0402358994 0.805009007
vn -0.59167701 0.0264638998 0.805741012
vn -0.596047997 0.0159648992 0.802789986
vn -0.592186987 0.0273755994 0.805335999
vn -0.591618001 0.0262199994 0.805791974
vn -0.596311986 0.0140875001 0.802628994
vn -0.594856024 -0.00153262005 0.803830981
vn -0.580579996 0.00229888991 0.814199984
vn -0.588917017 -0.000321852014 0.808193982
vn -0.59405297 -0.00246168999 0.804422021
vn -0.601433992 -0.00738662994 0.798888981
vn -0.59601903 -0.0405684002 0.801944971
vn -0.612083018 -0.0550719015 0.788873017
vn -0.610441983 -0.0415500998 0.790970027
vn -0.593998015 -0.0305512007 0.803885996
vn -0.597051978 -0.122520998 0.792791009
vn -0.581322014 -0.109493002 0.806272984
vn -0.594157994 -0.0774476975 0.800611019
vn -1 2.95599011e-06 -1.10318988e-05
vn -1 4.85806004e-06 6.83898998e-06
vn -1 -4.34864978e-06 -1.62292999e-05
vn -1 5.47444006e-06 6.11708003e-07
vn -1 -1.94145996e-05 3.74096999e-05
vn -1 -6.02969958e-05 6.02969958e-05
vn -1 -3.98617995e-05 -2.62636986e-05
vn -1 1.78194e-06 0.000120875004
vn -0.999998987 -0.000448547013 -0.00102462003
vn -1 -5.98008992e-05 1.60235995e-05
vn -1 -7.03518963e-05 -8.05915988e-06
vn -1 0.000128953994 3.45531989e-05
vn -1 2.21018013e-06 -9.97630013e-06
vn -1 -3.16728001e-05 -0.000132344998
vn -1 -6.4475098e-05 6.87173961e-05
vn -1 -6.97500946e-05 1.86894995e-05
vn -1 7.31665978e-06 0.000239285
vn -1 6.10374036e-06 -1.99118986e-05
vn -1 -3.14252998e-06 -1.34249995e-05
vn -1 -4.49911994e-07 1.6961601e-06
vn -1 0.000114552997 0.000185849
vn -1 -6.23137976e-06 1.95852999e-06
vn -1 3.08600975e-05 0.000153286994
vn -1 0.000172408996 -9.45864958e-05
vn -1 6.28494963e-05 6.28494963e-05
vn -1 7.36790971e-05 0.000253500009
vn -1 0 6.07903985e-06
vn -1 -7.54282955e-05 -0.000356609002
vn -1 5.05399985e-05 -0.000131966997
vn -1 -3.01123e-05 -5.59579967e-05
vn -1 -4.91242972e-05 -4.39394971e-05
vn -1 -1.88537001e-07 -2.85621013e-07
vn -1 5.28822966e-05 7.46849983e-05
vn -1 1.10147994e-05 3.38032005e-05
vn -1 0.000146253995 -0.000145149999
vn -1 4.10360008e-06 -1.43148991e-05
vn -1 1.42475992e-05 -0.000343910011
vn -1 -6.27612053e-07 -3.83571023e-06
vn -1 5.61493016e-06 -1.70292992e-06
vn -1 -2.21233995e-06 7.32882972e-06
vn -1 7.60590012e-07 -3.97482017e-06
vn -1 4.66721031e-06 -1.72804994e-05
vn -1 -2.4880399e-05 1.00248999e-05
vn -1 7.5620097e-05 9.36596916e-05
vn -1 -0.000372215989 1.67093003e-05
vn -1 5.79758998e-05 6.77045027e-05
vn -1 0.000152545996 5.21594993e-05
vn -1 -1.39050996e-07 5.32697004e-06
vn -1 -3.18408979e-06 -1.77979982e-05
vn -1 1.20094001e-05 -2.21412984e-06
vn -1 9.26747962e-05 6.93945985e-05
vn -1 7.20245998e-06 0.000227120006
vn -1 0 0.000299976004
vn -1 -4.79095979e-06 -0.000100040001
vn -0.0712840036 -0.908873022 -0.410935014
vn -1 -0.000221342998 0.000133003006
vn -0.99990797 -0.00855655968 0.0105467001
vn -1 -4.06284998e-05 -0.000146339997
vn -1 -5.90808995e-05 0.000775289023
vn -1 -0.000115697003 0.000372581009
vn -1 7.56410009e-05 -2.67376981e-05
vn -1 7.5529897e-05 -1.65496986e-05
vn -1 -7.95051965e-05 1.74206998e-05
vn -1 -2.38792982e-05 0.000315657002
vn -0.558508992 0.718331993 -0.414808005
vn -1 -5.42012021e-05 1.27517001e-06
vn -1 -2.38770008e-05 -5.01885006e-06
vn -1 3.56604005e-07 1.33085996e-06
vn -1 7.03989963e-06 -2.71892009e-06
vn -1 0 7.26288022e-07
vn -1 -2.23866004e-06 1.92720995e-06
vn -0.0737074018 0.908134997 -0.412138999
vn -1 -3.47983996e-06 3.96558016e-06
vn -1 6.86632029e-06 -0.000182044998
vn -0.999920011 0.00697265007 0.0105728004
vn -0.194315001 0.587570012 -0.785494983
vn -1 -3.85050007e-05 -2.52313985e-05
vn -1 1.64984995e-05 7.51241032e-06
vn -1 1.08080003e-05 2.70788996e-06
vn -0.999441981 0.0188299008 0.0276066996
vn -0.999360979 0.0197492 -0.0297804009
vn -0.0478038006 0.936244011 -0.348082989
vn -0.999661982 -0.0146751003 -0.0214572009
vn -0.999139011 0.0230436008 -0.0345041007
vn -1 -6.31716975e-05 -8.32995938e-05
vn -1 1.55848993e-05 -1.33228004e-05
vn -1 1.12816997e-05 -1.76237991e-05
vn -1 3.81727004e-05 1.90074006e-05
vn -1 4.33778987e-05 7.8512403e-06
vn -1 -2.91129993e-07 -5.14600003e-07
vn -1 7.75233002e-06 -1.42927001e-06
vn -0.999656022 -0.0146012995 -0.0217707995
vn -1 3.62317987e-05 -0.000296674989
vn -1 2.99077983e-05 -0.000392184011
vn -0.0348999016 -2.47332004e-08 -0.999391019
vn -0.0348995999 1.64941e-07 -0.999391019
vn -0.996446013 0.0839338005 0.00712997001
vn -0.99644202 0.0839127004 0.00788869988
vn -0.983017981 0.183148995 0.0115029998
vn -0.983013988 0.183528006 0.000420919008
vn -1 -6.19259981e-06 6.16051984e-05
vn -1 0 5.48226999e-05
vn -1 2.31409995e-05 1.00433999e-05
vn -1 6.93514039e-07 6.8992199e-06
vn -1 8.02192953e-05 -9.19746017e-05
vn -1 -8.7469798e-06 -1.00287998e-05
vn -1 0 -2.15956989e-05
vn -1 2.35687985e-05 -0.000101969999
vn 0.785723984 -0.616351008 0.0524264984
vn 0.788720012 -0.612520993 0.0523362011
vn 0.788720012 -0.612520993 0.0523363017
vn -0.0307350997 -0.0341050997 0.998946011
vn -0.0333122984 -0.0382892005 0.99871099
vn -0.465815008 0.374796003 0.801589012
vn -0.137975007 0.0956811011 0.985803008
vn -0.0375252999 -0.0121155996 0.999221981
vn -0.102130003 -0.0494550988 0.993541002
vn -0.0194763001 -0.0166685991 0.999670982
vn -0.0186273996 -0.0198513009 0.999629021
vn -0.0134971999 -0.0314970016 0.999413013
vn -0.0223430991 -0.0126556996 0.999670029
vn -0.0086875502 -0.0215495005 0.999729991
vn -0.0165059008 -0.0417683013 0.998991013
vn -0.0329954997 -0.0198433995 0.999258995
vn -0.0273573995 -0.0314891003 0.999130011
vn -0.0429208986 -0.0603551008 0.997254014
vn -0.0337597989 -0.0294415001 0.998996019
vn -0.0360883996 -0.0561525002 0.997770011
vn -0.0141115002 -0.047047101 0.998793006
vn -0.0210376997 -0.0459804013 0.998721004
vn -0.0134415003 -0.042932 0.998987973
vn -0.0187347997 -0.0409775004 0.998983979
vn -0.0200226996 -0.0476212017 0.998664975
vn 0.00697781006 -0.0206094999 0.999763012
vn 0.00764726987 -0.0203801002 0.999763012
vn 0.00300173997 -0.0140481004 0.999897003
vn -0.0129377004 -0.0355820991 0.999283016
vn -0.0140332002 -0.0390023999 0.999140978
vn 0.125992 -0.0700144023 0.989557028
vn -0.00179189001 -0.0255526006 0.999671996
vn 0.0126833003 -0.0263580997 0.999571979
vn -0.00145543995 -0.00565453013 0.999983013
vn 0.0029128301 -0.0208981 0.999777019
vn 0.0140394 -0.0216790996 0.999665976
vn 0.0215534996 -0.0056534498 0.999751985
vn -0.504064977 -0.512063026 -0.695492983
vn 0.0552009009 -0.0147909997 0.998365998
vn -0.788477004 0.00822290033 0.615010023
vn -0.372296989 0.372296989 -0.85017103
vn -0.236752003 0.905535996 -0.352068007
vn -0.0374975018 -0.0374975018 0.998592973
vn -0.0294314995 -0.0242880005 0.999271989
vn 0.496780992 -0.517594993 -0.696637988
vn 0.186157003 -0.694746971 -0.694746017
vn 0.186158001 -0.694746017 -0.694746971
vn -0.186157003 -0.694746017 -0.694746971
vn 0.258819997 -0.965925992 0
vn -0.258819997 -0.965925992 0
vn -0.707104981 -0.707108021 0
vn -0.965925992 -0.258818001 0
vn -0.965925992 0.258819014 0
vn -0.707107008 0.707107008 0
vn -0.258819997 0.965925992 0
vn 0.258819997 0.965925992 0
vn 0.707107008 0.707107008 0
vn 0.965925992 0.258819014 0
vn 0.965925992 -0.258818001 0
vn 0.707104981 -0.707108021 0
vn 0.000109458997 -2.71699992e-05 1
vn 0.00374059007 -0.00711984001 0.999967992
vn 7.73186002e-06 1.66171003e-06 1
vn -7.52871983e-07 2.80975019e-06 1
vn 0.000124986007 -2.63248003e-05 1
vn -0.000166045997 -1.02936992e-05 1
vn -7.14543035e-07 -1.16528997e-06 1
vn 1.68019994e-07 1.29983994e-06 1
vn 6.11350988e-05 0.000228157995 1
vn 0.000520900998 -0.000181505995 1
vn -5.72353997e-07 1.12326998e-05 1
vn 1.96562996e-06 2.63213997e-06 1
vn -0.00035314 0.000463009987 1
vn 4.92623009e-08 1.30835997e-06 1
vn -3.47123006e-07 1.29547004e-06 1
vn -1.41791998e-05 -8.2303103e-07 1
vn 0.840816975 -0.237552002 0.486411989
vn 0.868786991 -0.183844 0.459794998
vn 0.868983984 -0.228505999 0.438921988
vn 0.854138017 -0.195436999 0.481925011
vn 0.855427027 -0.228890002 0.46460101
vn 0.841602027 -0.225280002 0.490871996
vn 0.821488023 -0.296063989 0.487343013
vn 0.810709 -0.309148014 0.497171015
vn 0.782292008 -0.392069995 0.484046012
vn 0.768435001 -0.414207011 0.487791985
vn 0.773060977 -0.38744399 0.502259016
vn 0.730216026 -0.483978987 0.482234001
vn 0.699819982 -0.509401023 0.500762999
vn 0.667714 -0.567883015 0.481317997
vn 0.62491399 -0.598545015 0.501223981
vn 0.58711499 -0.636201024 0.500545025
vn 0.631388009 -0.605298996 0.484728992
vn 0.594439983 -0.644140005 0.481377989
vn 0.539659023 -0.676683009 0.500868022
vn 0.506627977 -0.702216029 0.500221014
vn 0.549391985 -0.688888013 0.472867012
vn 0.512594998 -0.710489988 0.482131004
vn 0.445315987 -0.742990017 0.499659002
vn 0.419001997 -0.758506 0.499105006
vn 0.451220006 -0.753602982 0.477999002
vn 0.324878007 -0.803147972 0.499408007
vn 0.343378991 -0.80024302 0.491632015
vn 0.327692002 -0.810105026 0.486157
vn 0.227032006 -0.838883996 0.494702011
vn 0.234957993 -0.840007007 0.489064008
vn -0.351790994 -0.80834198 0.472045004
vn 0.121821001 -0.862643003 0.490924001
vn 0.124536999 -0.861020982 0.493084997
vn 0.0204948001 -0.872949004 0.487381011
vn 0.00727597019 -0.871617973 0.490132004
vn 0.0203703009 -0.867595971 0.49685201
vn -0.0851489976 -0.870498002 0.484750986
vn -0.108135 -0.860242009 0.498286992
vn -0.188132003 -0.855441988 0.482519001
vn -0.222487003 -0.836449027 0.500851989
vn -0.253881991 -0.831664979 0.493840009
vn -0.280445009 -0.823321998 0.493447989
vn -0.285977006 -0.827045977 0.483954996
vn -0.289283991 -0.835366011 0.467417002
vn -0.329005003 -0.827045023 0.455798
vn -0.318964005 -0.834855974 0.448639989
vn 2.64872997e-05 -0.998634994 -0.0522391982
vn 5.70008997e-05 -0.99862498 -0.0524308011
vn 0 -0.998629987 -0.0523350984
vn -0.980759025 0.0250931997 -0.193605006
vn -0.982716978 0 -0.185112998
vn 0.173409998 -0.983457983 0.0523359999
vn 0.173409998 -0.983457983 0.0523358993
vn 0.173700005 -0.983411014 0.0522668995
vn 0.998629987 0 -0.0523325987
vn 0.258819014 -0.965925992 0
vn -0.707107008 -0.707107008 0
vn -0.965925992 -0.258819997 0
vn -0.965925992 0.258819997 -1.18152998e-17
vn -0.965925992 0.258819997 0
vn 0.258819014 0.965925992 0
vn 0.707108021 0.707105994 0
vn 0.965925992 0.258819997 0
vn 0.965925992 -0.258819997 1.18152998e-17
vn 0.965925992 -0.258819997 0
vn 0.707108021 -0.707105994 0
vn -0.707104981 -0.707108974 0
vn -0.965927005 -0.258814007 0
vn -0.965927005 0.258814007 0
vn -0.707104981 0.707108974 0
vn 0.707107008 -0.707107008 0
vn 0.998629987 1.78274007e-07 -0.0523341
vn 0.998618007 6.67772983e-05 -0.0525523983
vn 0.998636007 0.000120081997 -0.0522097014
vn 1.58488007e-07 8.98829001e-07 1
vn 1.04473997e-06 1.54092007e-07 1
vn 2.10345007e-07 -4.4964699e-07 1
vn -2.17054003e-06 6.5771502e-07 1
vn -1.30090996e-06 -1.30090996e-06 1
vn -6.7259698e-06 8.48124e-06 1
vn 1.16407001e-07 -4.34436004e-07 1
vn -2.30362019e-07 -3.36927002e-07 1
vn 1.3479299e-05 -3.42167987e-05 1
vn 5.83300016e-06 -1.58275998e-05 1
vn -1.63344994e-05 4.43231002e-05 1
vn -2.55782993e-07 2.0604899e-05 1
vn 7.5530096e-08 -2.02382999e-08 1
vn 7.88091015e-08 2.11169002e-08 1
vn 3.67246002e-08 -2.25464007e-07 1
vn 8.83829944e-06 -5.42610978e-05 1
vn 2.9345998e-05 5.86688984e-05 1
vn -7.15803981e-05 -0.000170982006 1
vn -6.57659984e-06 7.49249978e-07 1
vn -0.199811995 0.847970009 0.490940005
vn -0.155442998 0.865731001 0.475759
vn -0.147065997 0.865191996 0.479389995
vn -0.154991999 0.863224983 0.480437011
vn -0.318170995 0.830259979 0.457641989
vn -0.309080988 0.835312009 0.454667985
vn -0.234247997 0.836911023 0.494679004
vn -0.238374993 0.836893022 0.492734998
vn -0.29539299 0.820603013 0.489237994
vn -0.329017997 0.813679993 0.479241014
vn -0.297040999 0.822780013 0.48456201
vn -0.0467672013 0.871769011 0.487679988
vn -0.0689999983 0.881681979 0.466773003
vn -0.00461445004 0.870337009 0.492435008
vn 0.0607669987 0.860912979 0.505110979
vn 0.0178362001 0.871321023 0.490390003
vn 0.0617399998 0.874695003 0.48072499
vn 0.120871 0.856917977 0.501079977
vn 0.167365998 0.849479973 0.500373006
vn 0.122666001 0.869646013 0.478193015
vn 0.169468999 0.860148013 0.481067985
vn 0.233753994 0.833576024 0.500509977
vn 0.271293014 0.822526991 0.499848992
vn 0.238129005 0.849179983 0.471367002
vn 0.342673987 0.795652986 0.49950999
vn 0.371219009 0.783115983 0.498923987
vn 0.371219993 0.783115983 0.498923987
vn 0.348340988 0.80697 0.476925999
vn 0.464962989 0.730674028 0.499924988
vn 0.450486004 0.747217 0.488597989
vn 0.469610989 0.737976015 0.484620005
vn 0.553079009 0.669057012 0.496452987
vn 0.546393991 0.682714999 0.485134006
vn 0.627671003 0.601737976 0.493903011
vn 0.632754982 0.596538007 0.493723989
vn 0.629850984 0.603808999 0.488570988
vn 0.702883005 0.514518023 0.491147995
vn 0.702883005 0.514518976 0.491147995
vn 0.703041017 0.513880014 0.491591007
vn 0.762596011 0.424070001 0.488478988
vn 0.763809979 0.415372014 0.494026005
vn 0.810274005 0.327466995 0.486025006
vn 0.810918987 0.309365004 0.496692002
vn 0.830238998 0.26147899 0.49227199
vn 0.833105028 0.250028014 0.493378997
vn 0.843052983 0.224493995 0.488738
vn 0.853338003 0.227219999 0.469238997
vn 0.872942984 0.191608995 0.448615015
vn 0.870562017 0.197870001 0.450520992
vn 0.859341025 0.208339006 0.467040986
vn 0.0552004986 -0.0147909001 0.998365998
vn -0.749520004 0.0248259995 -0.661516011
vn -0.508589983 0.508589983 -0.694746971
vn -0.575622022 0.730866015 -0.366735011
vn -0.136270002 0.508566022 -0.85017103
vn 0.247351006 0.902415991 -0.352793992
vn -0.0507271998 -0.0135923 0.998619974
vn 0.662162006 0.350827992 -0.662163973
vn 0.69550401 -0.180404007 -0.695505977
vn -0.0127411 0.0475508012 0.998787999
vn 0.351337999 -0.662027001 -0.662028015
vn -0.189452007 -0.694299996 -0.694302022
vn -0.965925992 -0.258819014 0
vn -0.965925992 0.258818001 0
vn -0.707104981 0.707108021 0
vn 0.707104981 0.707108021 0
vn 0.965925992 0.258818001 0
vn 0.965925992 -0.258819014 0
vn 0.00412541023 0.00785231963 0.999961019
vn 1.52712005e-07 -1.31170998e-06 1
vn 6.71720991e-05 -1.44364994e-05 1
vn -5.59213004e-06 -2.08699985e-05 1
vn -1.28832007e-05 -8.87920976e-07 1
vn -0.000117053998 -6.41162023e-06 1
vn -5.00096995e-08 4.29555001e-07 1
vn 2.23654013e-07 -1.4887199e-07 1
vn -3.63228992e-07 -2.25891e-07 1
vn 4.12893996e-06 8.19497927e-06 1
vn -1.77396004e-07 4.75330033e-08 1
vn 2.86762997e-07 6.02531998e-07 1
vn 0.000727649021 6.28690977e-05 1
vn 3.73782996e-06 -1.39496988e-05 1
vn 0.000209614998 5.73701e-05 1
vn 8.57244013e-05 -3.41863984e-06 1
vn 8.12751978e-07 -8.01558997e-07 1
vn -3.43268994e-06 -8.60062937e-06 1
vn 5.61788966e-06 5.28053988e-06 1
vn 7.91989987e-06 1.02429995e-05 1
vn -0.000567762007 -0.000661132974 1
vn -3.08988001e-06 -2.26632005e-06 1
vn 0.000571817975 0.793003023 0.609218001
vn 0.000219445006 0.79251802 0.609848976
vn 0 0.792882025 0.609375
vn -0.557383001 0.686340988 0.467182994
vn -0.575169027 0.649842978 0.496874988
vn -0.535628021 0.690339029 0.486348003
vn -0.576137006 0.668088019 0.470876008
vn -0.579017997 0.671626985 0.462228
vn -0.548487008 0.700890005 0.455976993
vn -0.916315019 -0.396798998 0.0540154018
vn -0.938338995 -0.341612995 0.0530986004
vn -0.927082002 -0.374101996 -0.0238246992
vn -0.917500019 -0.394059002 0.0539516993
vn -4.55703012e-05 -1.9274099e-05 1
vn 0 4.32639972e-05 1
vn 0.659979999 0.706556022 0.255353004
vn 0.659964025 0.706578016 0.255333006
vn 0.659904003 0.706646025 0.255300999
vn 0.660030007 0.706525981 0.255306989
vn -0.0144750001 -0.988945007 0.147576004
vn -0.000919741986 -0.996311009 0.0858066976
vn 0.0268383007 -0.991617024 0.126390994
vn 0.135608003 -0.967374027 0.214002997
vn -0.406089008 -0.499343991 0.765341997
vn -0.995252013 -0.0112987002 0.0966700986
vn -0.572106004 0.57210499 0.587698996
vn -0.644652009 0.56338203 0.516743004
vn -0.00806089956 0.95461899 0.297719985
vn 0.0654544011 0.981024981 0.182496995
vn -0.00609022006 0.996917009 0.0782250986
vn 0 0.995105028 0.0988202989
vn 0.737164974 -0.671509027 0.0752540976
vn 0.753536999 -0.655221999 0.053541299
vn -0.000212239 -0.998611987 0.0526759997
vn 1.01288997e-05 -0.998485982 0.0550050996
vn -0.254236013 -0.948819995 -0.187362
vn -0.797694027 -0.460548997 -0.389331013
vn -0.998363972 -0.000224895004 0.0571699999
vn -0.998567998 0.000138293995 0.0534977987
vn -0.436008006 0.822986007 -0.36412999
vn -0.000279822998 0.998326004 0.0578461997
vn 0.000539810979 0.998771012 0.0495558009
vn 0.998871028 0.000853021978 0.0474935994
vn 0.998417974 -0.000107371001 0.0562352985
vn 0.999269009 -0.0178676993 0.0337827988
vn 0.847905993 -0.49596101 0.187290996
vn 0.877394974 -0.428404987 0.215981007
vn 0.908021986 -0.35769999 0.218050003
vn 0.903101981 -0.362403989 0.23037
vn 0.945795 -0.171124995 0.27601999
vn 0.949865997 -0.140423 0.279348999
vn 0.951062977 -0.00040407799 0.308995992
vn 0.951072991 -0.000498247973 0.308964014
vn 0.951065004 -5.54841972e-05 0.308991998
vn 0.951059997 7.99146001e-05 0.309006006
vn 0.877207994 0.434181988 0.204921007
vn 0.885231018 0.411424994 0.217014998
vn 0.964329004 0.150619 0.217677996
vn 0.895428002 0.393550009 0.208151996
vn 0.948253989 0.148098007 0.280856997
vn 0.948212981 0.148415998 0.280829012
vn 0.0823199004 0.0501608998 0.995343029
vn 0.934601009 -0.310234994 0.173997
vn 0.95975101 -0.216178 0.179290995
vn 0.940613985 -0.289725989 0.176930994
vn 0.940613985 -0.289727002 0.176930994
vn 0.957050025 -0.238334998 0.165079996
vn 0.960888982 -0.229093 0.155589998
vn 0.955974996 -0.227809995 0.184972003
vn 0.958096027 -0.224536002 0.177865997
vn 0.859157026 -0.481379986 0.173557997
vn 0.84582001 -0.504186988 0.174312994
vn 0.835609019 -0.518893003 0.180301994
vn 0.915610015 -0.362540007 0.173846006
vn 0.901504993 -0.40022701 0.164644003
vn 0.917591989 -0.367969006 0.150410995
vn 0.878641009 -0.444263011 0.174988002
vn 0.977901995 -0.119855002 0.171298996
vn 0.990733027 -0.0829806998 0.107528999
vn 0.984054029 -0.0391190983 0.173515007
vn 0.981783986 0.0783063024 0.173115
vn 0.983208001 0.0823535025 0.162846997
vn 0.977425992 0.110960998 0.179794997
vn 0.955491006 0.244681001 0.164828002
vn 0.95865202 0.23838 0.155435994
vn 0.954850018 0.248114005 0.163403004
vn 0.956124008 0.234818995 0.175179005
vn 0.933282018 0.319348007 0.164323002
vn 0.931347013 0.31822899 0.176984996
vn 0.916343987 0.359216988 0.176853999
vn 0.900095999 0.398200005 0.176815003
vn 0.871834993 0.461362988 0.164462999
vn 0.883674979 0.433651 0.176251993
vn 0.859272003 0.481447011 0.172803998
vn 0.832608998 0.526296973 0.172546998
vn 0.956098974 0.0960593 0.276854008
vn -0.595459998 0.799162984 0.0822546035
vn -0.689821005 0.709134996 0.145860001
vn 0.704595029 0.704595029 0.0842072964
vn 0.257898986 0.962495029 0.0842074007
vn -0.257898986 0.962495029 0.0842074007
vn -0.26364699 0.960766971 0.0861266032
vn -0.583397985 0.807157993 0.0902365968
vn 0.972230017 0.217858002 0.0854808018
vn 0.961432993 0.257616013 0.0963329971
vn 0.735346019 0.674041986 0.0702413023
vn 0.961458027 -0.261795014 0.0840376988
vn 0.962451994 -0.257665992 0.0854030997
vn 0.706566989 -0.702507019 0.0851261988
vn 0.704595029 -0.704595983 0.0842072964
vn 0.2579 -0.962495029 0.0842074007
vn -0.261880994 -0.961427987 0.0841140002
vn -0.257872999 -0.962396026 0.0854173005
vn -0.598471999 -0.79617399 0.0891003013
vn -0.594977021 -0.798514009 0.0915340036
vn -0.952247024 0.299172997 0.0610026009
vn -0.978703022 0.145541996 0.144767001
vn -0.956884027 -0.289211005 0.0270162001
vn -0.764855981 -0.616732001 0.186110005
vn -0.0348994993 -0.998021007 0.0523031987
vn -0.0349368006 -0.998072028 0.0512974001
vn -0.0348584987 -0.998054981 0.0516760014
vn -0.0348993987 -0.998021007 0.0523041002
vn -0.0347942002 -0.511466026 0.858599007
vn -0.0348598994 -0.511147976 0.858785987
vn -0.0348994993 2.65054979e-07 0.999391019
vn -0.0348992012 -5.65801031e-07 0.999391019
vn -0.034900099 7.23071025e-07 0.999391019
vn -0.0348993018 9.18844947e-08 0.999391019
vn -0.034900099 -7.67385018e-07 0.999391019
vn -0.0349025019 -3.86190004e-06 0.999391019
vn -0.0348927006 1.87388996e-05 0.999391019
vn -0.0348988995 -5.26562019e-07 0.999391019
vn -0.0349010006 1.22287997e-06 0.999391019
vn -0.0348994993 0 0.999391019
vn -0.0348993987 2.46176004e-08 0.999391019
vn -0.0347946994 0.511466026 0.858599007
vn -0.0348432995 0.511229992 0.858736992
vn -0.0349480994 0.998086989 0.0509917997
vn -0.0348994993 0.998021007 0.0523041002
vn -0.0348993987 0.998021007 0.0523031987
vn -0.034846101 0.998066008 0.0514850989
vn -0.087158002 0.994828999 -0.0521362983
vn -0.0871559978 0.994828999 -0.0521368012
vn -0.0871561989 0 -0.996195018
vn -0.0871580988 -0.994828999 -0.0521368012
vn -0.0871556997 -0.994830012 -0.0521362983
vn -6.74125005e-08 -0.998629987 -0.0523358993
vn -6.0968199e-07 -0.998629987 -0.0523350015
vn -5.67778006e-05 2.29000998e-05 1
vn 0 -5.58452957e-05 1
vn -0.916315019 0.396798998 0.0540154018
vn -0.938440979 0.341488004 0.0521070994
vn -0.927129984 0.373937994 -0.0245168004
vn -0.91752702 0.393997997 0.0539502986
vn -0.557383001 -0.686340988 0.467182994
vn -0.541001976 -0.699642003 0.466711015
vn -0.58218497 -0.67475301 0.45361799
vn -0.576192975 -0.668031991 0.470887005
vn -0.535476029 -0.690487981 0.486304998
vn -0.575168014 -0.649845004 0.496874005
vn 0 -0.792761028 0.609531999
vn 0.000350540009 -0.79251802 0.609848976
vn 0.659964979 -0.706570983 0.25534901
vn 0.659875989 -0.706663013 0.255326003
vn 0.659941018 -0.706613004 0.255295992
vn -0.930664003 -0.361822993 0.0543117002
vn -0.838051975 -0.519555986 0.166523993
vn -0.570747018 -0.820815027 0.0225914996
vn -0.568705976 -0.821065009 0.0492485017
vn -0.428351015 -0.902274013 0.0491671003
vn -0.428891987 -0.901848018 0.0521625988
vn -0.568071008 -0.821323991 0.0521703996
vn 1.31782011e-15 -8.29689016e-15 -1
vn 9.61381019e-16 3.19039009e-16 -1
vn -1.07369992e-15 -4.4091903e-16 -1
vn 6.37482001e-18 -1.50748985e-17 -1
vn 4.05312015e-17 -1.21402003e-16 -1
vn 4.99463995e-17 1.82661001e-17 -1
vn 1.1889e-15 -8.48624014e-15 -1
vn 1.24241999e-15 -8.44355984e-15 -1
vn -1.94561006e-16 7.82200993e-16 -1
vn -1.07595006e-15 6.26997028e-16 -1
vn -1.09042003e-15 6.29563008e-16 -1
vn -1.07342008e-15 6.01180999e-16 -1
vn 5.7454402e-18 -1.90949003e-17 -1
vn 6.32020992e-16 4.90257005e-16 -1
vn -6.60735991e-16 4.89701987e-16 -1
vn -6.45651023e-16 5.05896992e-16 -1
vn 6.93889018e-18 -1.68308987e-17 -1
vn 6.93888026e-18 -1.68308987e-17 -1
vn 9.57997969e-16 1.05342999e-16 -1
vn -1.13593992e-17 3.06434021e-17 -1
vn 0.771218002 -0.634465992 0.0517365001
vn 0.790256977 -0.612753987 0.00527849002
vn 0.797641993 -0.601562023 0.0434776992
vn 0.80518198 -0.590654016 0.0530152991
vn 0.805181026 -0.590654016 0.0530151986
vn 0.997815013 -0.057125099 0.0331816003
vn 0.874471009 0.0377344005 -0.483608007
vn 0.671636999 -0.130897999 -0.72922498
vn 0.304592997 0.120439999 -0.944836974
vn -0.234615996 -0.164603993 -0.958051026
vn -0.404962003 0.0731203035 -0.911405027
vn 0.927798986 -0.369042009 0.0547426008
vn -0.0553591996 -0.997678995 0.0396397002
vn -0.0965534002 -0.993894994 0.0533886999
vn -0.0553131998 -0.996910989 0.0557628982
vn -0.222253993 -0.973737001 0.0493857004
vn -0.215216994 -0.975485981 0.045924101
vn -0.291561007 -0.95509398 0.0528082997
vn 0.374356002 -0.925466001 0.0580458008
vn 0.298927009 -0.953447998 0.039745301
vn 0.260717988 -0.963901997 0.0540376008
vn 0.123723 -0.991087973 0.0493732989
vn 0.143188998 -0.988946021 0.0385154001
vn 0.0234316997 -0.998041987 0.0579909012
vn 0.0234331004 -0.998041987 0.0579909012
vn 0.374357015 -0.925466001 0.0580458008
vn 0.483186007 -0.874696016 0.0379148014
vn 0.464249998 -0.884302974 0.0497975983
vn 0.584240019 -0.809795976 0.0537878983
vn 0.584243 -0.809794009 0.0537878983
vn 0.615104973 -0.787438989 0.0398319997
vn 0.677044988 -0.733650029 0.0580377989
vn 0.760949016 -0.647740006 0.0372833014
vn 0.745449007 -0.664665997 0.0502411015
vn 0.832575023 -0.551322997 0.0534987003
vn 0.852629006 -0.520985007 0.0399823003
vn 0.892579019 -0.447344005 0.0564475991
vn 0.851884007 -0.520519972 0.0578989983
vn 0.89249301 -0.447299987 0.0581286997
vn 0.929593027 -0.366156995 0.0422665998
vn 0.939181983 -0.339150012 0.0539829992
vn 0.983757973 0 -0.179499
vn 0.991855025 0.0276366007 -0.124341004
vn 5.59577984e-08 -1.04953003e-07 -1
vn 6.1486503e-08 -1.00283003e-07 -1
vn 0.987981975 0.146363005 0.0496859998
vn 0.987948 0.145715997 0.0522006005
vn 0.998637021 0 0.0521931015
vn 0.987855971 -0.146344006 0.0521982014
vn 0.988076985 -0.145733997 0.0496614985
vn 0.173409998 -0.983457983 -0.0523356982
vn 0.173409998 -0.983457983 -0.0523356013
vn 0.173409998 -0.983457983 -0.0523363017
vn 0.173409998 -0.983457983 -0.0523357987
vn 0.173409998 -0.983457983 -0.0523363985
vn 0.173409998 -0.983457983 -0.0523355007
vn 0.172569007 -0.983510971 -0.0540963002
vn 0.000256344007 -0.998484015 -0.0550348014
vn 0 -0.998629987 -0.0523356013
vn -2.28350004e-07 -0.998629987 -0.0523363017
vn 0 -0.998629987 -0.0523358993
vn 8.28345037e-06 3.55576981e-06 -1
vn 2.22403992e-06 -5.03276033e-06 -1
vn -1.27732005e-06 5.89502997e-06 -1
vn 4.93610991e-15 -2.27702988e-14 -1
vn 0.000193827 -3.91383983e-05 -1
vn 1.31462002e-05 -7.46985006e-06 -1
vn 2.51191009e-16 -8.25181069e-18 -1
vn -1.57033986e-17 -2.04175995e-16 -1
vn 8.59141983e-06 3.40646011e-06 -1
vn 1.08602001e-06 -2.14280999e-06 -1
vn -2.48352998e-16 -2.95790999e-16 -1
vn 1.54869995e-16 -1.43095999e-16 -1
vn 9.60103078e-18 -1.48322996e-17 -1
vn 5.04340994e-18 -1.86909003e-17 -1
vn 1.12987993e-06 -1.90899982e-06 -1
vn 6.18366022e-18 -1.90384006e-17 -1
vn 9.13725046e-18 -2.27323026e-18 -1
vn 1.499e-17 -1.37146992e-17 -1
vn 2.59278009e-17 -2.71716999e-16 -1
vn -3.01628009e-16 4.94982e-17 -1
vn -4.32974986e-17 -1.59022005e-16 -1
vn 5.26814995e-18 -1.71080985e-17 -1
vn 7.50373005e-18 -1.98320009e-17 -1
vn 6.77428041e-18 -1.68375989e-17 -1
vn 0.0026193799 0.927546024 -0.373699993
vn -0.242880002 0.846701026 -0.473398
vn 0.229466006 0.300886989 -0.925642014
vn 0 0.0439451002 -0.999033988
vn -1.29809004e-16 -0.250380009 -0.968147993
vn -0.0516940989 -0.300698996 -0.952316999
vn 0.155242994 -0.675935984 -0.720423996
vn -0.13865 -0.947161019 -0.289243013
vn -0.000226927994 -0.928130984 -0.372254014
vn 0.173409998 0.983457983 0.0523361005
vn 0.173427999 0.983453989 0.0523656011
vn 0.173433006 0.983452976 0.0523482002
vn 0.173429996 0.983453989 0.0523503982
vn 0.0702970996 0.995929003 0.0564181991
vn 0.852638006 0.520982981 0.0398099013
vn 0.872503996 0.485547006 0.0545912012
vn 0.928070009 0.369154006 0.0490982011
vn 0.926257014 0.374000013 0.0466062017
vn 0.952363014 0.300383002 0.0526818
vn 0.535947978 0.842222989 0.0584870987
vn 0.615016997 0.787449002 0.040977899
vn 0.63627702 0.769702971 0.0520421006
vn 0.614688993 0.787047029 0.0521088988
vn 0.745418012 0.664555013 0.0521390997
vn 0.72715801 0.685535014 0.0358089991
vn 0.805531979 0.589658022 0.0584896989
vn 0.805531025 0.589659989 0.0584896989
vn 0.428142011 0.903195977 0.0305256993
vn 0.464139014 0.884087026 0.0544597991
vn 0.0702973008 0.995929003 0.0564181991
vn 0.123778999 0.991536021 0.0391816013
vn 0.192981005 0.979490995 0.0579341985
vn 0.192982003 0.979490995 0.0579341985
vn 0.298891991 0.953332007 0.0426879004
vn 0.312849998 0.948521972 0.0493064001
vn 0.427700996 0.902269006 0.0546090007
vn -0.0535130017 0.997514009 0.0458397008
vn -0.0553467013 0.997455001 0.0449398011
vn -0.176438004 0.982670009 0.0568310991
vn -0.176439002 0.982670009 0.0568310991
vn -0.222297996 0.974056005 0.0424171984
vn -0.273544997 0.960368991 0.0535253994
vn 0.813426018 0.579282999 0.0526228994
vn 0.789279997 0.611943007 0.0506271012
vn 0.769833028 0.633369029 -0.0787511989
vn 0.798465014 0.600021005 0.0492741019
vn 4.53513987e-16 -1.74044002e-16 -1
vn 5.34529035e-15 5.67702022e-15 -1
vn 1.86821015e-15 8.44999983e-15 -1
vn 8.44766075e-16 9.88657025e-15 -1
vn 3.16430995e-16 -3.29793999e-16 -1
vn -1.13987998e-15 3.3653601e-16 -1
vn -4.40120966e-17 -1.83543e-16 -1
vn -4.46847043e-16 -6.62756006e-16 -1
vn -6.52623004e-16 -6.76393978e-16 -1
vn -1.42232004e-15 -8.31532985e-16 -1
vn -1.21642994e-15 -3.4463301e-16 -1
vn -1.19388997e-15 4.68790014e-16 -1
vn 6.93890052e-18 -1.68308987e-17 -1
vn -7.4640501e-16 -5.19458996e-16 -1
vn -6.63401961e-17 4.84785973e-17 -1
vn 4.63953032e-16 -2.60529997e-16 -1
vn 2.36553991e-14 -8.35015985e-16 -1
vn 1.53565009e-16 3.69038999e-15 -1
vn -4.62274965e-15 4.21739991e-15 -1
vn 5.06684025e-18 -1.51186993e-17 -1
vn -5.62177008e-18 -7.64773061e-18 -1
vn -3.13791967e-20 -5.20286977e-17 -1
vn 7.38670054e-18 -1.84084e-17 -1
vn -0.568140984 0.821425021 0.0497683994
vn -0.428957999 0.901987016 0.0491394997
vn -0.428285986 0.902136981 0.0521597005
vn -0.568386018 0.821106017 0.0521688014
vn -0.570762992 0.820837975 0.0213059001
vn -0.930333972 0.362663001 0.0543432012
vn -0.838198006 0.519962013 0.164511994
vn 0 0.998629987 0.0523359999
vn 0 0.998629987 0.0523356013
vn -1.07462004e-08 0.998629987 0.0523358993
vn 0 0.998629987 0.0523363985
vn -1.01551997e-07 0.998629987 0.0523359999
vn 7.62688046e-07 0.998629987 0.0523359999
vn 4.28227978e-08 0.998629987 0.0523358993
vn 4.1243602e-06 0.998628974 0.0523432009
vn -3.27994007e-06 0.511829972 0.85908699
vn 0 0.511820972 0.859091997
vn 0.0367079005 0.00338429003 0.999319971
vn -9.64245992e-05 -0.000158812007 1
vn -8.78184946e-05 -3.37762003e-06 1
vn -2.32021989e-06 2.99460999e-06 1
vn -2.90355024e-06 -3.18342995e-06 1
vn 3.67127001e-07 -1.37013001e-06 1
vn 7.35863011e-07 -1.08334996e-06 1
vn 1.46948003e-06 -1.60083005e-06 1
vn 3.11637996e-06 4.60892988e-06 1
vn 2.83729005e-05 8.40678058e-06 1
vn -5.83949998e-07 1.57883005e-06 1
vn 1.66403004e-06 -3.23293989e-07 1
vn 1.38112e-06 -7.73836007e-07 1
vn 1.45040997e-06 -5.71364012e-07 1
vn 1.86105001e-06 -9.9482404e-06 1
vn -1.22216998e-05 2.86305999e-06 1
vn 0 -0.511829972 0.85908699
vn -2.47515004e-06 -0.511837006 0.859081984
vn 0.0871549025 -0.994830012 0.0521368012
vn 0.0871554017 -0.994828999 0.0521368012
vn 0.0870039985 -0.509815991 0.855872989
vn 0.0868593007 -0.509841979 0.855871975
vn 0.0871561021 0 0.996195018
vn 0.0868583024 0.509822011 0.855884016
vn 0.0870034993 0.509836018 0.855861008
vn 0.0871552974 0.994828999 0.0521368012
vn 0.0871549025 0.994830012 0.0521368012
vn 0.0871557966 0.994830012 -0.0521362983
vn 0.0871552974 0.994828999 -0.0521363989
vn 0.0871552005 0 -0.996195018
vn 0.0871552974 -0.994830012 -0.0521362983
vn 0.0871556997 -0.994828999 -0.0521363989
vn 0.937367976 -0.0576067008 -0.343542993
vn 0.937434018 -0.107478 -0.331156999
vn 0.0933936015 0.28392899 -0.954285979
vn -0.130146995 -0.395292997 -0.909287989
vn -0.892238975 0.328451991 -0.309884012
vn -0.975217998 -0.0852660015 -0.204155996
vn -0.0307291001 -0.0445992015 -0.998531997
vn 0.0486611985 -0.0664315969 -0.996604025
vn 9.18135993e-05 0 -1
vn -2.31939994e-05 -3.17720005e-05 -1
vn 0 -0.998629987 0.0523358993
vn -8.28057011e-07 -0.998629987 0.0523355007
vn 0 -0.998629987 0.0523359999
vn -1.14671003e-07 -0.998629987 0.0523359999
vn 0 -0.998629987 0.0523363985
vn 1.66763996e-07 -0.998629987 0.0523359999
vn 1.42141996e-08 -0.998629987 0.0523357987
vn 0 -0.998629987 0.0523357987
vn -0.998628974 0 -0.0523384996
vn 0 0.998629987 -0.0523356013
vn 0.998628974 0 -0.0523384996
vn -0.924755991 -0.376576006 -0.0549307987
vn -0.92651999 -0.372808993 -0.0507427007
vn -0.865325987 -0.498477012 -0.0522609018
vn -0.865056992 -0.49900499 -0.0516811013
vn -0.428285986 -0.902136981 -0.0521600991
vn -0.430056006 -0.901463985 -0.0491334014
vn -0.55539 -0.830130994 -0.0492502004
vn -0.556002021 -0.829539001 -0.0522257984
vn -0.619125009 -0.777617991 0.109517001
vn -0.570133984 -0.819934011 -0.0515399985
vn -0.864839017 0.499314994 -0.0523361005
vn -0.864839017 0.499314994 -0.0523357987
vn 0.334022999 0.940836012 -0.0570667982
vn 0.335718989 0.940514028 -0.052209001
vn 0.465685993 0.883409023 -0.0521978997
vn 0.465685993 0.883409023 -0.0521982983
vn 0.587623 0.807448983 -0.0522031002
vn 0.586250007 0.808148026 -0.0566399992
vn 0.826884985 -0.560167015 -0.0497356988
vn 0.830402017 -0.550431013 -0.0863616019
vn 0.812228024 -0.580881 -0.0534962006
vn 0.784994006 -0.618270993 -0.0390596986
vn 0.789071977 -0.612208009 -0.0506629013
vn 0.270862013 -0.962355971 -0.0224687997
vn 0.927954018 -0.369103998 -0.0516074002
vn 0.769216001 -0.470007986 -0.432897002
vn 0.930145979 -0.366259992 -0.0261170994
vn -0.221495003 -0.973517001 -0.0566063002
vn -0.220137998 -0.973658025 -0.059401501
vn 0.926195025 -0.374298006 -0.0454385988
vn 0.852437019 -0.520860016 -0.0453340001
vn 0.849220991 -0.524967015 -0.0568577014
vn 0.745657027 -0.66464299 -0.0473898016
vn 0.743097007 -0.666914999 -0.0550595
vn 0.61471802 -0.787185013 -0.0496058986
vn 0.613550007 -0.787895977 -0.0526915006
vn 0.464601994 -0.884016991 -0.051566001
vn 0.464233011 -0.884270012 -0.0505513996
vn 0.300944 -0.952129006 -0.0536933988
vn 0.298812002 -0.953081012 -0.0484534018
vn 0.127840996 -0.990225017 -0.0557769015
vn 0.123740003 -0.991228998 -0.0463985987
vn -0.049250301 -0.997111976 -0.0578137003
vn -0.0553481989 -0.997479975 -0.0443885997
vn -0.0553448014 -0.997479975 -0.0443885997
vn 0.170065001 -0.98288399 -0.0708310977
vn -0.994943023 -0.085849002 -0.0521349013
vn -0.994512975 -0.0873380005 -0.0575871989
vn -0.962140977 0.265758991 -0.0604722984
vn -0.962421 0.269134998 -0.0362368003
vn -0.991167009 0.0919874981 -0.0955320969
vn -0.995472014 0.084889099 -0.0427611992
vn -0.994798005 0.0875056013 -0.0521424003
vn 0 0.998629987 -0.0523358993
vn 0.996829987 -0.0599303991 -0.0523307994
vn 0.999951005 0 -0.00986544043
vn 0.998242021 -0.0371084996 -0.0462235995
vn 0.999777973 0.00609112019 -0.0201887004
vn 0.997115016 0.0549924001 -0.0523265004
vn 0.996609986 0.0778988004 -0.0264587998
vn 0.99348402 -0.101922996 -0.0509942994
vn 0.993331015 -0.102748998 -0.0523143001
vn 0.984703004 -0.173904002 0.0108669996
vn 0.987981021 -0.146363005 -0.0497037992
vn 0.983492017 0.173690006 -0.0507524982
vn 0.989112973 0.146531001 -0.0135946004
vn 0.993250012 0.104130998 -0.0510993004
vn 0.993416011 0.101916 -0.0523154996
vn 0.173409998 0.983457983 -0.0523357987
vn 0.173372 0.983470023 -0.0522302985
vn -0.222046003 0.973456979 -0.0554689988
vn -0.220108002 0.973661005 -0.0594632998
vn 0.927830994 0.36897999 -0.0546153001
vn 0.927048981 0.370424986 -0.0580164008
vn -0.0553481989 0.997483015 -0.0443255007
vn -0.0491584986 0.997108996 -0.0579481013
vn 0.123741001 0.991235018 -0.0462655984
vn 0.127993003 0.990194023 -0.0559827015
vn 0.298815012 0.953091025 -0.0482473001
vn 0.301147014 0.952049017 -0.0539747998
vn 0.464881986 0.883944988 -0.0502579994
vn 0.464203 0.884205997 -0.051918
vn 0.61383301 0.787698984 -0.0523369014
vn 0.614768028 0.787129998 -0.0498614982
vn 0.614759028 0.787136972 -0.0498614982
vn 0.743396997 0.666637003 -0.0543792993
vn 0.745579004 0.664698005 -0.047846999
vn 0.849492013 0.524581015 -0.0563785993
vn 0.852415979 0.520847023 -0.045873899
vn 0.789574027 0.612277985 -0.0410923995
vn 0.784573019 0.617940009 -0.0509470999
vn 0.832454026 0.551792026 -0.0504557006
vn 0.825447977 0.559193015 -0.077066198
vn 0.811879992 0.581422985 -0.0528973006
vn 0.587482989 -0.80725801 -0.0565510988
vn 0.586391985 -0.808342993 -0.0522086993
vn 0.465685993 -0.883409023 -0.0521982983
vn 0.465685993 -0.883409023 -0.0521978997
vn 0.334111989 -0.941087008 -0.0522027016
vn 0.335628003 -0.940258026 -0.0571794994
vn -0.864839017 -0.499314994 -0.0523357987
vn -0.864839017 -0.499314994 -0.0523361005
vn -0.622022986 0.781257987 -0.0521980003
vn -0.570796013 0.820886016 -0.0183530003
vn -0.557285011 0.828853011 -0.0493623987
vn -0.428350002 0.902271986 -0.0492108986
vn -0.429989994 0.901324987 -0.0521681011
vn -0.555306017 0.83000499 -0.0522287004
vn -0.864898026 0.499278992 -0.0516845994
vn -0.86531198 0.498468995 -0.0525677018
vn -0.926321983 0.372729003 -0.0547888018
vn -0.924966991 0.376740009 -0.0500326008
vn -5.0193803e-06 -0.998629987 -0.0523357987
vn 7.42749009e-08 -0.998629987 -0.0523356013
vn -3.22896e-07 -0.998629987 -0.0523350015
vn 0 -0.998629987 -0.0523345992
vn -1.76762015e-07 -0.998629987 -0.0523356013
vn 0 -0.998629987 -0.0523370989
vn 1.97049005e-07 -0.998629987 -0.0523362011
vn 6.56457019e-07 -0.998629987 -0.0523355007
vn -2.29182001e-06 -0.998629987 -0.0523319989
vn 0.074876003 -0.995818019 -0.0523370989
vn 0.074876003 -0.995818019 -0.0523368008
vn -0.716856003 0.693780005 -0.0691941977
vn -0.715502024 0.696668983 -0.0520443991
vn -0.848626018 0.526430011 -0.0520144999
vn -0.848626018 0.526430011 -0.0520140007
vn -0.943741024 0.326570988 -0.0520140007
vn -0.94374001 0.326570988 -0.0520139001
vn -0.992495 0.110669002 -0.0520137995
vn -0.992495 0.110669002 -0.0520141013
vn -0.992495 -0.110669002 -0.0520141013
vn -0.992495 -0.110669002 -0.0520137995
vn -0.943741024 -0.326570988 -0.0520139001
vn -0.94374001 -0.326570988 -0.0520140007
vn -0.848626018 -0.526430011 -0.0520140007
vn -0.848626018 -0.526430011 -0.0520144999
vn -0.717603981 -0.694503009 -0.0520608015
vn -0.714779019 -0.695964992 -0.0687230974
vn 0.074876003 0.995818019 -0.0523368008
vn 0.074876003 0.995818019 -0.0523370989
vn 0.125332996 -0.992115021 0
vn -0.125332996 -0.992115021 7.79638008e-15
vn -0.125332996 -0.992115021 0
vn -0.368124992 -0.929776013 0
vn -0.587785006 -0.809017003 0
vn -0.770512998 -0.637423992 0
vn -0.904826999 -0.425779015 0
vn -0.98228699 -0.187380999 0
vn -0.998027027 0.0627906024 0
vn -0.951057017 0.309017003 0
vn -0.844327986 0.535826981 0
vn -0.684547007 0.728968978 0
vn -0.481754005 0.876307011 0
vn -0.248689994 0.968582988 0
vn 0.248689994 0.968582988 0
vn 0.481754005 0.876307011 0
vn 0.684547007 0.728968978 0
vn 0.844327986 0.535826981 0
vn 0.951057017 0.309017003 0
vn 0.998027027 0.0627906024 0
vn 0.98228699 -0.187380999 0
vn 0.904826999 -0.425779015 0
vn 0.770512998 -0.637423992 0
vn 0.587785006 -0.809017003 0
vn 0.368124992 -0.929776013 0
vn 6.94524988e-06 3.33308003e-06 -1
vn -0.267343998 -0.839116991 0.473720014
vn -0.924660027 -0.346262991 -0.158445999
vn 0.543182015 -0.83425802 0.094697997
vn 0.430151999 0.902015984 -0.0365406983
vn 0.302096009 0.949455023 0.0852847025
vn -0.637526989 0.757779002 0.139033005
vn -0.725952029 -0.349227011 0.592481017
vn -0.643526018 -0.674493015 0.361847997
vn 0.675613999 -0.642436028 0.361694008
vn 0.646547019 0.447995007 0.617477
vn 0.633176029 -0.067171298 -0.771088004
vn 0.00052447198 0.00259487005 -0.999996006

# Mesh 'shape0-lib' with 3594 faces
g shape0-lib
usemtl DefaultMaterial
f  1//1 2//1 3//1
f  4//2 5//2 6//2
f  6//3 5//3 7//3
f  6//4 7//4 8//4
f  8//5 7//5 9//5
f  7//6 5//6 1//6
f  7//7 1//7 10//7
f  10//8 1//8 3//8
f  3//9 2//9 11//9
f  3//10 11//10 10//10
f  10//11 11//11 7//11
f  7//12 11//12 9//12
f  12//13 6//13 8//13
f  12//14 8//14 9//14
f  6//15 12//15 4//15
f  5//16 4//16 13//16
f  5//17 13//17 1//17
f  1//18 13//18 2//18
f  14//19 13//19 15//19
f  16//20 17//20 4//20
f  18//21 9//21 19//21
f  20//22 21//22 11//22
f  13//23 4//23 15//23
f  15//24 4//24 17//24
f  9//25 11//25 19//25
f  19//26 11//26 21//26
f  12//27 9//27 18//27
f  20//28 2//28 14//28
f  14//29 2//29 13//29
f  4//30 12//30 16//30
f  11//31 2//31 20//31
f  22//32 23//32 24//32
f  25//32 26//32 27//32
f  25//32 27//32 28//32
f  26//32 25//32 24//32
f  24//32 25//32 22//32
f  25//32 29//32 30//32
f  30//32 31//32 25//32
f  25//32 31//32 32//32
f  24//32 33//32 34//32
f  34//32 35//32 24//32
f  24//32 35//32 36//32
f  36//32 37//32 24//32
f  24//32 37//32 38//32
f  39//32 40//32 41//32
f  25//32 28//32 42//32
f  25//32 42//32 29//32
f  24//32 23//32 43//32
f  24//32 43//32 33//32
f  38//32 44//32 24//32
f  44//32 45//32 24//32
f  24//32 45//32 46//32
f  46//32 41//32 24//32
f  24//32 41//32 40//32
f  47//32 48//32 49//32
f  48//32 50//32 49//32
f  39//32 41//32 51//32
f  52//33 51//33 53//33
f  54//34 47//34 49//34
f  50//32 55//32 49//32
f  49//32 55//32 56//32
f  49//32 56//32 57//32
f  51//35 52//35 39//35
f  49//36 58//36 54//36
f  32//32 49//32 25//32
f  25//32 49//32 59//32
f  59//32 49//32 57//32
f  60//37 61//37 62//37
f  62//38 61//38 63//38
f  64//39 65//39 66//39
f  64//40 66//40 67//40
f  68//41 69//41 70//41
f  70//42 69//42 71//42
f  72//43 73//43 74//43
f  75//44 74//44 73//44
f  14//45 76//45 20//45
f  20//46 76//46 77//46
f  20//47 77//47 21//47
f  21//48 77//48 78//48
f  21//49 78//49 19//49
f  19//50 78//50 18//50
f  18//51 78//51 79//51
f  18//52 79//52 12//52
f  12//53 79//53 80//53
f  12//54 80//54 16//54
f  16//55 80//55 17//55
f  17//56 80//56 81//56
f  17//57 81//57 15//57
f  15//58 81//58 14//58
f  14//59 81//59 76//59
f  82//60 83//60 84//60
f  84//61 83//61 85//61
f  86//62 87//62 88//62
f  86//63 88//63 89//63
f  90//64 91//64 92//64
f  90//65 93//65 91//65
f  94//66 95//66 96//66
f  94//67 96//67 97//67
f  98//68 99//68 100//68
f  98//69 101//69 99//69
f  100//70 102//70 98//70
f  103//71 104//71 105//71
f  104//72 106//72 105//72
f  107//73 108//73 109//73
f  110//74 111//74 112//74
f  113//75 25//75 59//75
f  113//76 59//76 114//76
f  25//77 113//77 22//77
f  22//78 113//78 115//78
f  22//79 115//79 23//79
f  116//80 43//80 115//80
f  115//81 43//81 23//81
f  117//82 35//82 34//82
f  117//83 34//83 116//83
f  116//84 34//84 33//84
f  116//85 33//85 43//85
f  35//86 117//86 36//86
f  36//87 117//87 118//87
f  36//88 118//88 37//88
f  119//89 44//89 38//89
f  119//90 38//90 118//90
f  118//91 38//91 37//91
f  120//92 45//92 119//92
f  119//93 45//93 44//93
f  121//94 41//94 120//94
f  120//95 41//95 46//95
f  120//96 46//96 45//96
f  53//97 51//97 121//97
f  121//98 51//98 41//98
f  122//99 52//99 53//99
f  123//100 39//100 52//100
f  123//101 52//101 122//101
f  124//102 40//102 123//102
f  123//103 40//103 39//103
f  125//104 26//104 24//104
f  125//105 24//105 124//105
f  124//106 24//106 40//106
f  26//107 125//107 27//107
f  27//108 125//108 126//108
f  27//109 126//109 28//109
f  127//110 42//110 126//110
f  126//111 42//111 28//111
f  128//112 31//112 30//112
f  128//113 30//113 127//113
f  127//114 30//114 29//114
f  127//115 29//115 42//115
f  31//116 128//116 32//116
f  32//117 128//117 129//117
f  32//118 129//118 49//118
f  130//119 58//119 129//119
f  129//120 58//120 49//120
f  131//121 54//121 130//121
f  130//122 54//122 58//122
f  132//123 47//123 131//123
f  131//124 47//124 54//124
f  133//125 48//125 132//125
f  132//126 48//126 47//126
f  134//127 50//127 133//127
f  133//128 50//128 48//128
f  135//129 56//129 55//129
f  135//130 55//130 134//130
f  134//131 55//131 50//131
f  59//132 57//132 114//132
f  114//133 57//133 135//133
f  135//134 57//134 56//134
f  136//135 137//135 138//135
f  137//136 136//136 139//136
f  140//137 141//137 142//137
f  143//138 142//138 141//138
f  144//139 145//139 146//139
f  144//140 146//140 147//140
f  148//141 149//141 63//141
f  149//142 62//142 63//142
f  150//143 62//143 149//143
f  151//144 60//144 150//144
f  150//145 60//145 62//145
f  152//146 60//146 151//146
f  152//147 61//147 60//147
f  153//148 61//148 152//148
f  148//149 63//149 153//149
f  153//150 63//150 61//150
f  154//151 64//151 155//151
f  155//152 64//152 67//152
f  156//153 64//153 154//153
f  156//154 65//154 64//154
f  157//155 65//155 156//155
f  158//156 66//156 157//156
f  157//157 66//157 65//157
f  155//158 66//158 158//158
f  155//159 67//159 66//159
f  159//160 71//160 160//160
f  160//161 71//161 69//161
f  161//162 71//162 159//162
f  161//163 70//163 71//163
f  162//164 70//164 161//164
f  163//165 68//165 162//165
f  162//166 68//166 70//166
f  160//167 68//167 163//167
f  160//168 69//168 68//168
f  164//169 75//169 165//169
f  165//170 75//170 73//170
f  166//171 75//171 164//171
f  166//172 74//172 75//172
f  167//173 72//173 166//173
f  166//174 72//174 74//174
f  165//175 72//175 167//175
f  165//176 73//176 72//176
f  168//177 169//177 170//177
f  171//178 172//178 169//178
f  169//179 172//179 170//179
f  169//180 168//180 173//180
f  173//181 168//181 174//181
f  175//182 77//182 76//182
f  175//183 76//183 176//183
f  176//184 76//184 172//184
f  77//185 175//185 177//185
f  77//186 177//186 78//186
f  78//187 177//187 178//187
f  78//188 178//188 79//188
f  79//189 178//189 179//189
f  79//190 179//190 80//190
f  80//191 179//191 174//191
f  80//192 174//192 168//192
f  80//193 168//193 81//193
f  81//194 168//194 170//194
f  81//195 170//195 172//195
f  81//196 172//196 76//196
f  180//197 181//197 83//197
f  181//198 85//198 83//198
f  182//199 85//199 181//199
f  182//200 84//200 85//200
f  183//201 84//201 182//201
f  184//202 82//202 183//202
f  183//203 82//203 84//203
f  180//204 82//204 184//204
f  180//205 83//205 82//205
f  185//206 186//206 89//206
f  187//207 89//207 186//207
f  187//208 86//208 89//208
f  188//209 86//209 187//209
f  188//210 87//210 86//210
f  189//211 87//211 188//211
f  189//212 88//212 87//212
f  190//213 88//213 189//213
f  185//214 89//214 190//214
f  190//215 89//215 88//215
f  191//216 192//216 92//216
f  192//217 90//217 92//217
f  193//218 90//218 192//218
f  193//219 93//219 90//219
f  194//220 93//220 193//220
f  195//221 91//221 194//221
f  194//222 91//222 93//222
f  191//223 91//223 195//223
f  191//224 92//224 91//224
f  196//225 197//225 198//225
f  198//226 197//226 199//226
f  198//227 199//227 200//227
f  200//228 199//228 201//228
f  201//229 202//229 203//229
f  200//230 201//230 203//230
f  204//231 205//231 206//231
f  206//232 205//232 207//232
f  206//233 207//233 208//233
f  208//234 207//234 209//234
f  210//235 211//235 212//235
f  212//236 211//236 213//236
f  213//237 214//237 215//237
f  212//238 213//238 215//238
f  216//239 217//239 218//239
f  218//240 217//240 219//240
f  218//241 219//241 220//241
f  220//242 219//242 221//242
f  222//243 223//243 224//243
f  224//244 223//244 225//244
f  224//245 225//245 226//245
f  226//246 225//246 227//246
f  226//247 227//247 228//247
f  229//248 230//248 231//248
f  231//249 230//249 232//249
f  231//250 232//250 233//250
f  233//251 232//251 234//251
f  233//252 234//252 235//252
f  235//253 234//253 236//253
f  237//254 238//254 239//254
f  239//255 238//255 240//255
f  239//256 240//256 241//256
f  241//257 240//257 242//257
f  241//258 242//258 243//258
f  243//259 242//259 244//259
f  245//260 96//260 246//260
f  246//261 96//261 95//261
f  247//262 96//262 245//262
f  248//263 96//263 247//263
f  248//264 97//264 96//264
f  249//265 94//265 248//265
f  248//266 94//266 97//266
f  246//267 94//267 249//267
f  246//268 95//268 94//268
f  250//269 251//269 252//269
f  252//270 251//270 253//270
f  252//271 253//271 254//271
f  252//272 254//272 255//272
f  255//273 254//273 256//273
f  255//274 256//274 257//274
f  99//275 101//275 258//275
f  259//276 99//276 258//276
f  99//277 259//277 100//277
f  100//278 259//278 260//278
f  260//279 261//279 100//279
f  100//280 261//280 102//280
f  102//281 261//281 262//281
f  263//282 98//282 262//282
f  262//283 98//283 102//283
f  98//284 263//284 264//284
f  98//285 264//285 101//285
f  265//286 266//286 267//286
f  267//287 266//287 268//287
f  269//288 270//288 271//288
f  269//289 271//289 272//289
f  273//290 274//290 275//290
f  273//291 275//291 276//291
f  275//292 277//292 276//292
f  276//293 277//293 273//293
f  277//294 278//294 273//294
f  278//295 274//295 273//295
f  279//296 280//296 103//296
f  280//297 104//297 103//297
f  281//298 104//298 280//298
f  282//299 106//299 281//299
f  281//300 106//300 104//300
f  283//301 106//301 282//301
f  283//302 105//302 106//302
f  279//303 105//303 283//303
f  279//304 103//304 105//304
f  284//305 285//305 286//305
f  286//306 285//306 287//306
f  287//307 285//307 288//307
f  287//308 288//308 284//308
f  287//309 284//309 286//309
f  289//310 290//310 291//310
f  291//311 290//311 292//311
f  291//312 292//312 293//312
f  291//313 293//313 289//313
f  108//314 294//314 109//314
f  109//315 294//315 295//315
f  109//316 295//316 107//316
f  107//317 294//317 108//317
f  296//318 297//318 298//318
f  298//319 295//319 296//319
f  296//320 295//320 297//320
f  297//321 295//321 290//321
f  297//322 290//322 298//322
f  299//323 292//323 300//323
f  299//324 300//324 301//324
f  301//325 300//325 285//325
f  301//326 285//326 299//326
f  299//327 285//327 292//327
f  110//328 288//328 111//328
f  110//329 112//329 288//329
f  113//32 114//32 302//32
f  113//32 302//32 115//32
f  115//32 302//32 303//32
f  115//32 303//32 116//32
f  116//32 303//32 304//32
f  116//32 304//32 117//32
f  117//32 304//32 305//32
f  117//32 305//32 118//32
f  118//32 305//32 306//32
f  118//32 306//32 119//32
f  119//32 306//32 307//32
f  119//32 307//32 120//32
f  120//32 307//32 308//32
f  120//32 308//32 121//32
f  121//32 308//32 309//32
f  121//330 309//330 53//330
f  53//331 309//331 310//331
f  53//332 310//332 122//332
f  122//32 310//32 311//32
f  122//32 311//32 123//32
f  123//32 311//32 312//32
f  123//32 312//32 124//32
f  124//32 312//32 313//32
f  124//32 313//32 125//32
f  125//32 313//32 314//32
f  125//32 314//32 126//32
f  126//32 314//32 315//32
f  126//32 315//32 127//32
f  127//32 315//32 316//32
f  127//32 316//32 128//32
f  128//32 316//32 317//32
f  128//32 317//32 129//32
f  129//32 317//32 318//32
f  129//32 318//32 130//32
f  130//32 318//32 319//32
f  130//32 319//32 131//32
f  131//32 319//32 320//32
f  131//32 320//32 132//32
f  132//32 320//32 321//32
f  132//32 321//32 133//32
f  133//32 321//32 322//32
f  133//32 322//32 134//32
f  134//32 322//32 323//32
f  134//32 323//32 135//32
f  135//32 323//32 324//32
f  135//32 324//32 114//32
f  114//32 324//32 325//32
f  114//32 325//32 302//32
f  326//333 327//333 328//333
f  328//334 327//334 329//334
f  328//335 329//335 330//335
f  330//336 329//336 331//336
f  331//337 329//337 332//337
f  332//338 329//338 333//338
f  333//339 329//339 334//339
f  327//340 335//340 334//340
f  327//341 334//341 329//341
f  336//342 337//342 338//342
f  339//343 340//343 341//343
f  341//344 340//344 337//344
f  337//345 336//345 341//345
f  342//346 343//346 344//346
f  345//347 346//347 347//347
f  344//348 345//348 342//348
f  342//349 345//349 347//349
f  342//350 347//350 348//350
f  349//351 350//351 138//351
f  350//352 136//352 138//352
f  351//353 136//353 350//353
f  352//354 139//354 351//354
f  351//355 139//355 136//355
f  353//356 139//356 352//356
f  354//357 137//357 353//357
f  353//358 137//358 139//358
f  349//359 137//359 354//359
f  349//360 138//360 137//360
f  340//361 355//361 337//361
f  337//362 355//362 356//362
f  337//363 356//363 357//363
f  337//364 357//364 338//364
f  338//365 357//365 358//365
f  359//366 360//366 142//366
f  361//367 140//367 360//367
f  360//368 140//368 142//368
f  362//369 140//369 361//369
f  362//370 141//370 140//370
f  363//371 141//371 362//371
f  363//372 143//372 141//372
f  359//373 143//373 363//373
f  359//374 142//374 143//374
f  364//375 365//375 366//375
f  366//376 365//376 367//376
f  364//377 368//377 365//377
f  366//378 369//378 364//378
f  364//379 369//379 370//379
f  364//380 370//380 368//380
f  368//381 370//381 371//381
f  372//382 373//382 374//382
f  375//383 376//383 377//383
f  372//384 374//384 377//384
f  372//385 377//385 378//385
f  377//386 376//386 378//386
f  379//387 365//387 368//387
f  380//388 365//388 379//388
f  367//389 365//389 376//389
f  376//390 365//390 380//390
f  381//391 367//391 376//391
f  381//392 376//392 382//392
f  379//393 372//393 378//393
f  379//394 378//394 380//394
f  380//395 378//395 376//395
f  383//396 384//396 147//396
f  385//397 144//397 384//397
f  384//398 144//398 147//398
f  386//399 144//399 385//399
f  386//400 145//400 144//400
f  387//401 145//401 386//401
f  388//402 146//402 387//402
f  387//403 146//403 145//403
f  383//404 146//404 388//404
f  383//405 147//405 146//405
f  389//406 375//406 390//406
f  390//407 375//407 377//407
f  390//408 377//408 374//408
f  374//409 373//409 391//409
f  390//410 374//410 391//410
f  392//411 198//411 200//411
f  392//412 200//412 203//412
f  198//413 393//413 394//413
f  198//414 394//414 196//414
f  198//415 392//415 393//415
f  369//416 395//416 396//416
f  369//417 396//417 370//417
f  370//418 396//418 371//418
f  150//419 149//419 397//419
f  397//420 149//420 398//420
f  149//421 148//421 398//421
f  398//422 148//422 153//422
f  398//423 153//423 216//423
f  216//424 153//424 152//424
f  216//425 152//425 217//425
f  217//426 152//426 151//426
f  217//427 151//427 397//427
f  397//428 151//428 150//428
f  399//429 218//429 220//429
f  218//430 400//430 401//430
f  218//431 401//431 216//431
f  218//432 399//432 400//432
f  214//433 213//433 402//433
f  402//434 213//434 403//434
f  211//435 404//435 403//435
f  211//436 403//436 213//436
f  157//437 211//437 158//437
f  158//438 211//438 210//438
f  405//439 155//439 158//439
f  405//440 158//440 210//440
f  406//441 154//441 405//441
f  405//442 154//442 155//442
f  157//443 156//443 211//443
f  211//444 156//444 406//444
f  406//445 156//445 154//445
f  407//446 212//446 215//446
f  212//447 408//447 210//447
f  210//448 408//448 409//448
f  212//449 407//449 410//449
f  212//450 410//450 408//450
f  205//451 411//451 412//451
f  205//452 412//452 207//452
f  207//453 412//453 209//453
f  163//454 204//454 413//454
f  163//455 413//455 160//455
f  159//456 414//456 161//456
f  161//457 414//457 205//457
f  414//458 159//458 160//458
f  414//459 160//459 413//459
f  204//460 163//460 162//460
f  204//461 162//461 205//461
f  205//462 162//462 161//462
f  415//463 204//463 206//463
f  415//464 206//464 416//464
f  206//465 208//465 416//465
f  417//466 202//466 201//466
f  197//467 418//467 199//467
f  417//468 201//468 199//468
f  417//469 199//469 419//469
f  199//470 418//470 419//470
f  165//471 420//471 421//471
f  165//472 167//472 420//472
f  420//473 167//473 196//473
f  196//474 167//474 166//474
f  196//475 166//475 197//475
f  166//476 164//476 197//476
f  197//477 164//477 421//477
f  421//478 164//478 165//478
f  176//479 422//479 175//479
f  175//480 422//480 423//480
f  422//481 176//481 171//481
f  171//482 176//482 172//482
f  173//483 174//483 179//483
f  173//484 179//484 424//484
f  178//485 425//485 179//485
f  179//486 425//486 424//486
f  425//487 178//487 426//487
f  177//488 427//488 178//488
f  178//489 427//489 426//489
f  427//490 177//490 428//490
f  175//491 429//491 177//491
f  177//492 429//492 428//492
f  429//493 175//493 423//493
f  430//494 217//494 431//494
f  220//495 221//495 430//495
f  221//496 219//496 430//496
f  217//497 430//497 219//497
f  432//498 250//498 433//498
f  433//499 250//499 252//499
f  252//500 255//500 433//500
f  434//501 236//501 234//501
f  230//502 435//502 436//502
f  230//503 436//503 232//503
f  434//504 234//504 232//504
f  232//505 436//505 434//505
f  229//506 180//506 230//506
f  230//507 180//507 184//507
f  230//508 184//508 437//508
f  184//509 183//509 437//509
f  437//510 183//510 182//510
f  437//511 182//511 438//511
f  182//512 181//512 438//512
f  438//513 181//513 229//513
f  229//514 181//514 180//514
f  235//515 231//515 233//515
f  231//516 439//516 229//516
f  229//517 439//517 440//517
f  231//518 235//518 441//518
f  231//519 441//519 439//519
f  442//520 228//520 227//520
f  442//521 227//521 225//521
f  442//522 225//522 443//522
f  223//523 444//523 225//523
f  225//524 444//524 443//524
f  222//525 190//525 223//525
f  189//526 445//526 223//526
f  189//527 223//527 190//527
f  446//528 187//528 186//528
f  446//529 186//529 222//529
f  222//530 186//530 185//530
f  222//531 185//531 190//531
f  189//532 188//532 445//532
f  445//533 188//533 446//533
f  446//534 188//534 187//534
f  447//535 222//535 448//535
f  448//536 222//536 224//536
f  224//537 226//537 448//537
f  449//538 244//538 242//538
f  449//539 242//539 240//539
f  450//540 451//540 238//540
f  238//541 451//541 240//541
f  240//542 451//542 449//542
f  195//543 238//543 237//543
f  193//544 452//544 194//544
f  194//545 452//545 238//545
f  194//546 238//546 195//546
f  453//547 192//547 191//547
f  453//548 191//548 237//548
f  237//549 191//549 195//549
f  452//550 193//550 192//550
f  452//551 192//551 453//551
f  243//552 239//552 241//552
f  239//553 454//553 237//553
f  237//554 454//554 455//554
f  239//555 243//555 454//555
f  456//556 457//556 458//556
f  459//557 460//557 461//557
f  459//558 461//558 456//558
f  456//559 461//559 457//559
f  257//560 256//560 462//560
f  256//561 254//561 462//561
f  462//562 254//562 463//562
f  463//563 254//563 253//563
f  251//564 463//564 253//564
f  251//565 464//565 463//565
f  246//566 251//566 250//566
f  248//567 465//567 466//567
f  246//568 249//568 251//568
f  251//569 249//569 466//569
f  466//570 249//570 248//570
f  248//571 247//571 465//571
f  465//32 247//32 245//32
f  465//572 245//572 250//572
f  250//573 245//573 246//573
f  261//574 260//574 467//574
f  258//575 101//575 468//575
f  469//576 470//576 265//576
f  471//577 266//577 470//577
f  470//578 266//578 265//578
f  472//579 266//579 471//579
f  472//580 268//580 266//580
f  473//581 267//581 472//581
f  472//582 267//582 268//582
f  469//583 267//583 473//583
f  469//584 265//584 267//584
f  474//585 475//585 476//585
f  476//586 475//586 477//586
f  477//587 478//587 476//587
f  475//588 479//588 477//588
f  477//589 479//589 480//589
f  477//590 480//590 478//590
f  478//591 480//591 481//591
f  478//592 481//592 482//592
f  483//593 484//593 485//593
f  485//594 484//594 486//594
f  487//595 488//595 489//595
f  489//596 488//596 486//596
f  489//597 486//597 484//597
f  490//598 485//598 486//598
f  490//599 476//599 478//599
f  491//600 476//600 490//600
f  474//601 476//601 488//601
f  488//602 476//602 491//602
f  492//603 474//603 488//603
f  488//604 487//604 492//604
f  490//605 486//605 491//605
f  491//606 486//606 488//606
f  493//607 494//607 272//607
f  495//608 269//608 494//608
f  494//609 269//609 272//609
f  496//610 269//610 495//610
f  496//611 270//611 269//611
f  497//612 271//612 496//612
f  496//613 271//613 270//613
f  493//614 271//614 497//614
f  493//615 272//615 271//615
f  458//616 489//616 456//616
f  456//617 489//617 484//617
f  456//618 484//618 459//618
f  459//619 484//619 460//619
f  460//620 484//620 483//620
f  498//621 499//621 326//621
f  331//622 328//622 330//622
f  498//623 326//623 328//623
f  328//624 331//624 500//624
f  328//625 500//625 498//625
f  501//626 482//626 481//626
f  501//627 481//627 480//627
f  501//628 480//628 502//628
f  503//629 502//629 479//629
f  479//630 502//630 480//630
f  280//631 279//631 327//631
f  327//632 279//632 504//632
f  279//633 283//633 504//633
f  504//634 283//634 505//634
f  326//635 280//635 327//635
f  283//636 282//636 505//636
f  505//637 282//637 281//637
f  505//638 281//638 326//638
f  326//639 281//639 280//639
f  506//640 507//640 508//640
f  509//641 507//641 506//641
f  510//642 507//642 511//642
f  511//643 507//643 509//643
f  510//644 511//644 335//644
f  506//645 333//645 334//645
f  506//646 334//646 509//646
f  509//647 334//647 511//647
f  511//648 334//648 335//648
f  348//649 347//649 512//649
f  512//649 347//649 513//649
f  512//650 513//650 514//650
f  348//651 512//651 342//651
f  342//652 512//652 515//652
f  342//653 515//653 343//653
f  343//654 515//654 516//654
f  517//655 518//655 519//655
f  519//656 518//656 520//656
f  521//657 288//657 285//657
f  522//657 284//657 288//657
f  523//657 292//657 524//657
f  524//657 292//657 290//657
f  293//657 525//657 526//657
f  527//657 295//657 294//657
f  527//657 294//657 528//657
f  528//657 294//657 529//657
f  529//658 294//658 107//658
f  107//659 295//659 529//659
f  529//657 295//657 526//657
f  529//657 526//657 530//657
f  522//657 288//657 531//657
f  532//660 531//660 533//660
f  531//661 288//661 112//661
f  531//662 112//662 533//662
f  533//663 112//663 111//663
f  533//664 111//664 521//664
f  521//665 111//665 288//665
f  295//657 527//657 524//657
f  295//657 524//657 290//657
f  289//666 293//666 290//666
f  290//657 293//657 526//657
f  290//8 526//8 298//8
f  298//657 526//657 295//657
f  292//657 523//657 300//657
f  300//657 523//657 521//657
f  521//657 285//657 300//657
f  285//657 284//657 522//657
f  285//657 522//657 292//657
f  292//657 522//657 525//657
f  292//657 525//657 293//657
f  534//667 535//667 536//667
f  535//668 534//668 537//668
f  538//669 534//669 539//669
f  540//670 539//670 534//670
f  538//671 537//671 534//671
f  541//672 542//672 543//672
f  543//673 542//673 544//673
f  545//674 544//674 542//674
f  538//675 544//675 537//675
f  537//676 544//676 545//676
f  537//677 545//677 546//677
f  546//678 545//678 547//678
f  547//679 548//679 546//679
f  549//680 550//680 551//680
f  551//681 552//681 553//681
f  554//682 551//682 553//682
f  551//683 554//683 549//683
f  549//684 554//684 546//684
f  546//685 554//685 555//685
f  546//686 555//686 556//686
f  556//687 555//687 557//687
f  556//688 557//688 558//688
f  558//689 557//689 559//689
f  546//690 556//690 537//690
f  537//691 556//691 560//691
f  537//692 560//692 561//692
f  562//693 563//693 564//693
f  563//694 565//694 564//694
f  566//695 565//695 567//695
f  568//696 567//696 565//696
f  565//697 566//697 564//697
f  564//698 566//698 569//698
f  570//699 569//699 571//699
f  572//700 570//700 571//700
f  569//701 570//701 573//701
f  574//702 573//702 575//702
f  574//703 575//703 576//703
f  577//704 578//704 579//704
f  580//705 577//705 581//705
f  582//706 577//706 580//706
f  577//707 582//707 578//707
f  578//708 582//708 574//708
f  574//709 582//709 583//709
f  584//710 583//710 585//710
f  586//711 583//711 584//711
f  586//712 574//712 583//712
f  574//690 586//690 564//690
f  574//677 564//677 573//677
f  573//713 564//713 569//713
f  586//714 587//714 564//714
f  587//715 588//715 564//715
f  589//716 590//716 591//716
f  592//717 593//717 594//717
f  595//718 589//718 596//718
f  596//719 589//719 597//719
f  596//720 597//720 598//720
f  599//721 594//721 600//721
f  594//722 601//722 597//722
f  589//657 591//657 597//657
f  596//723 598//723 602//723
f  600//657 594//657 597//657
f  600//657 597//657 591//657
f  603//724 596//724 602//724
f  604//725 605//725 606//725
f  607//657 608//657 609//657
f  605//726 609//726 610//726
f  605//727 610//727 611//727
f  605//728 611//728 612//728
f  613//729 606//729 605//729
f  613//730 605//730 612//730
f  609//731 605//731 607//731
f  607//732 605//732 614//732
f  607//733 614//733 615//733
f  616//734 617//734 604//734
f  616//735 604//735 618//735
f  618//657 604//657 606//657
f  619//736 389//736 390//736
f  390//737 620//737 619//737
f  621//738 390//738 391//738
f  390//739 621//739 620//739
f  358//740 357//740 356//740
f  622//741 623//741 355//741
f  355//742 623//742 356//742
f  356//743 623//743 358//743
f  624//744 341//744 625//744
f  339//745 341//745 626//745
f  339//746 626//746 627//746
f  341//747 624//747 626//747
f  626//748 624//748 628//748
f  626//749 628//749 627//749
f  629//750 628//750 625//750
f  625//751 628//751 624//751
f  341//752 336//752 625//752
f  307//753 306//753 255//753
f  305//754 235//754 306//754
f  306//755 235//755 236//755
f  630//756 255//756 306//756
f  630//757 306//757 236//757
f  630//758 236//758 434//758
f  304//759 228//759 305//759
f  305//760 228//760 442//760
f  631//761 235//761 305//761
f  631//762 305//762 442//762
f  303//763 632//763 226//763
f  303//764 226//764 304//764
f  304//765 226//765 228//765
f  325//766 633//766 302//766
f  302//767 633//767 634//767
f  449//768 632//768 244//768
f  244//769 632//769 303//769
f  244//770 303//770 243//770
f  243//771 303//771 302//771
f  243//772 302//772 634//772
f  324//773 635//773 633//773
f  324//774 633//774 325//774
f  430//775 635//775 220//775
f  220//776 635//776 324//776
f  220//777 324//777 323//777
f  220//778 323//778 399//778
f  399//779 323//779 636//779
f  637//780 407//780 215//780
f  402//781 636//781 214//781
f  214//782 636//782 323//782
f  214//783 323//783 215//783
f  215//784 323//784 322//784
f  215//785 322//785 321//785
f  215//786 321//786 637//786
f  637//787 321//787 209//787
f  209//788 321//788 208//788
f  208//789 321//789 320//789
f  208//790 320//790 638//790
f  639//791 392//791 203//791
f  417//792 638//792 202//792
f  202//793 638//793 320//793
f  202//794 320//794 203//794
f  203//795 320//795 319//795
f  203//796 319//796 318//796
f  203//797 318//797 639//797
f  639//798 318//798 371//798
f  371//799 318//799 368//799
f  368//800 318//800 317//800
f  368//801 317//801 379//801
f  640//802 621//802 391//802
f  372//803 379//803 373//803
f  373//804 379//804 317//804
f  373//805 317//805 391//805
f  391//806 317//806 316//806
f  391//807 316//807 315//807
f  391//808 315//808 640//808
f  640//809 315//809 358//809
f  625//810 336//810 338//810
f  358//811 315//811 338//811
f  338//812 315//812 314//812
f  338//813 314//813 625//813
f  629//814 625//814 314//814
f  629//815 314//815 641//815
f  641//816 314//816 313//816
f  641//817 313//817 508//817
f  508//818 313//818 312//818
f  508//819 312//819 506//819
f  333//820 506//820 332//820
f  332//821 506//821 312//821
f  332//822 312//822 331//822
f  331//823 312//823 311//823
f  310//824 482//824 311//824
f  311//825 482//825 501//825
f  642//826 331//826 311//826
f  642//827 311//827 501//827
f  309//828 490//828 478//828
f  309//829 478//829 310//829
f  310//830 478//830 482//830
f  485//831 490//831 483//831
f  483//832 490//832 309//832
f  483//833 309//833 460//833
f  460//834 309//834 308//834
f  460//835 308//835 643//835
f  255//836 257//836 307//836
f  307//837 257//837 308//837
f  308//838 257//838 462//838
f  308//839 462//839 643//839
f  641//840 508//840 644//840
f  629//841 641//841 644//841
f  629//842 644//842 645//842
f  629//843 645//843 646//843
f  647//844 646//844 648//844
f  647//845 649//845 650//845
f  647//846 650//846 344//846
f  344//847 650//847 651//847
f  346//848 651//848 652//848
f  652//849 651//849 650//849
f  652//850 650//850 649//850
f  652//851 649//851 653//851
f  648//852 653//852 649//852
f  648//853 649//853 647//853
f  646//854 645//854 648//854
f  648//855 645//855 654//855
f  648//856 654//856 653//856
f  644//857 508//857 654//857
f  644//858 654//858 645//858
f  516//859 655//859 656//859
f  516//860 656//860 343//860
f  343//861 656//861 344//861
f  354//862 657//862 658//862
f  354//863 658//863 349//863
f  352//864 340//864 353//864
f  353//865 340//865 657//865
f  353//866 657//866 354//866
f  349//867 658//867 350//867
f  350//868 658//868 355//868
f  352//869 351//869 340//869
f  340//870 351//870 355//870
f  355//871 351//871 350//871
f  659//872 660//872 661//872
f  662//873 663//873 664//873
f  665//874 666//874 667//874
f  667//875 668//875 669//875
f  664//876 670//876 671//876
f  659//877 670//877 672//877
f  667//878 673//878 665//878
f  666//879 665//879 674//879
f  675//880 660//880 659//880
f  675//881 659//881 672//881
f  673//882 667//882 669//882
f  673//883 669//883 675//883
f  675//884 669//884 660//884
f  672//885 670//885 676//885
f  676//886 670//886 664//886
f  676//887 664//887 674//887
f  664//888 663//888 674//888
f  674//889 663//889 666//889
f  360//890 359//890 677//890
f  677//891 359//891 678//891
f  359//892 363//892 678//892
f  678//893 363//893 366//893
f  366//894 363//894 362//894
f  366//895 362//895 369//895
f  362//896 361//896 369//896
f  369//897 361//897 677//897
f  677//898 361//898 360//898
f  376//899 375//899 382//899
f  382//900 679//900 680//900
f  382//901 680//901 681//901
f  681//902 682//902 382//902
f  382//903 682//903 381//903
f  381//904 682//904 683//904
f  381//905 683//905 367//905
f  367//906 683//906 684//906
f  684//907 685//907 367//907
f  367//908 685//908 686//908
f  687//909 383//909 688//909
f  688//910 383//910 388//910
f  385//911 375//911 386//911
f  386//912 375//912 389//912
f  375//913 385//913 687//913
f  687//914 385//914 384//914
f  687//915 384//915 383//915
f  688//916 388//916 387//916
f  688//917 387//917 389//917
f  389//918 387//918 386//918
f  689//919 420//919 394//919
f  394//920 420//920 196//920
f  392//921 639//921 393//921
f  393//922 639//922 690//922
f  393//923 690//923 691//923
f  393//924 691//924 394//924
f  394//925 691//925 692//925
f  693//926 394//926 692//926
f  693//927 692//927 395//927
f  395//928 692//928 396//928
f  639//929 371//929 690//929
f  690//930 371//930 691//930
f  371//931 396//931 691//931
f  691//932 396//932 692//932
f  395//933 369//933 694//933
f  694//934 369//934 677//934
f  695//935 696//935 697//935
f  431//936 217//936 698//936
f  698//937 217//937 397//937
f  698//938 397//938 699//938
f  699//939 397//939 398//939
f  699//940 398//940 700//940
f  700//941 398//941 701//941
f  701//942 398//942 216//942
f  701//943 216//943 401//943
f  399//944 636//944 400//944
f  400//945 636//945 702//945
f  400//946 702//946 401//946
f  401//947 702//947 703//947
f  704//948 401//948 705//948
f  705//949 401//949 703//949
f  705//950 703//950 404//950
f  636//951 402//951 403//951
f  636//952 403//952 702//952
f  702//953 403//953 703//953
f  703//954 403//954 404//954
f  404//955 211//955 706//955
f  706//956 211//956 406//956
f  706//957 406//957 405//957
f  706//958 405//958 707//958
f  707//959 405//959 409//959
f  409//960 405//960 210//960
f  407//961 637//961 410//961
f  410//962 637//962 708//962
f  410//963 708//963 709//963
f  410//964 709//964 408//964
f  408//965 709//965 710//965
f  409//966 408//966 711//966
f  711//967 408//967 710//967
f  711//968 710//968 411//968
f  411//969 710//969 412//969
f  637//970 209//970 708//970
f  708//971 209//971 709//971
f  209//972 412//972 709//972
f  709//973 412//973 710//973
f  411//974 205//974 712//974
f  712//975 205//975 414//975
f  712//976 414//976 713//976
f  413//977 714//977 414//977
f  414//978 714//978 713//978
f  714//979 413//979 415//979
f  415//980 413//980 204//980
f  208//981 638//981 416//981
f  416//982 638//982 715//982
f  416//983 715//983 415//983
f  415//984 715//984 716//984
f  717//985 415//985 718//985
f  718//986 415//986 716//986
f  718//987 716//987 418//987
f  638//988 417//988 419//988
f  638//989 419//989 715//989
f  715//990 419//990 716//990
f  716//991 419//991 418//991
f  418//992 197//992 719//992
f  719//993 197//993 421//993
f  719//994 421//994 720//994
f  420//995 689//995 421//995
f  421//996 689//996 721//996
f  421//997 721//997 720//997
f  634//998 722//998 723//998
f  724//999 723//999 725//999
f  724//1000 725//1000 726//1000
f  726//1001 725//1001 727//1001
f  726//1002 727//1002 728//1002
f  728//1003 727//1003 729//1003
f  730//1004 171//1004 169//1004
f  428//1005 727//1005 427//1005
f  729//1006 429//1006 423//1006
f  171//1007 730//1007 422//1007
f  422//1008 730//1008 729//1008
f  422//1009 729//1009 423//1009
f  729//1010 727//1010 429//1010
f  429//1011 727//1011 428//1011
f  730//1012 169//1012 731//1012
f  426//1013 725//1013 723//1013
f  173//1014 722//1014 169//1014
f  169//1015 722//1015 731//1015
f  424//1016 722//1016 173//1016
f  426//1017 723//1017 425//1017
f  727//1018 725//1018 427//1018
f  427//1019 725//1019 426//1019
f  723//1020 722//1020 424//1020
f  723//1021 424//1021 425//1021
f  729//1022 730//1022 635//1022
f  722//1023 634//1023 633//1023
f  722//1024 633//1024 731//1024
f  731//1025 633//1025 730//1025
f  730//1026 633//1026 635//1026
f  732//1027 635//1027 430//1027
f  732//1028 430//1028 733//1028
f  430//1029 734//1029 735//1029
f  430//1030 735//1030 733//1030
f  734//1031 430//1031 736//1031
f  736//1032 430//1032 431//1032
f  737//1033 466//1033 738//1033
f  738//1034 466//1034 465//1034
f  738//1035 465//1035 432//1035
f  432//1036 465//1036 250//1036
f  630//1037 433//1037 255//1037
f  739//1038 433//1038 630//1038
f  740//1039 433//1039 739//1039
f  741//1040 432//1040 740//1040
f  740//1041 432//1041 433//1041
f  741//1042 740//1042 435//1042
f  435//1043 740//1043 436//1043
f  630//1044 434//1044 739//1044
f  434//1045 436//1045 739//1045
f  739//1046 436//1046 740//1046
f  435//1047 230//1047 742//1047
f  742//1048 230//1048 437//1048
f  742//1049 437//1049 743//1049
f  743//1050 437//1050 438//1050
f  743//1051 438//1051 440//1051
f  440//1052 438//1052 229//1052
f  631//1053 441//1053 235//1053
f  744//1054 439//1054 631//1054
f  631//1055 439//1055 441//1055
f  745//1056 439//1056 744//1056
f  746//1057 440//1057 745//1057
f  745//1058 440//1058 439//1058
f  746//1059 745//1059 444//1059
f  631//1060 442//1060 443//1060
f  631//1061 443//1061 744//1061
f  744//1062 443//1062 745//1062
f  745//1063 443//1063 444//1063
f  444//1064 223//1064 747//1064
f  747//1065 223//1065 445//1065
f  747//1066 445//1066 748//1066
f  748//1067 445//1067 446//1067
f  748//1068 446//1068 447//1068
f  447//1069 446//1069 222//1069
f  632//1070 448//1070 226//1070
f  749//1071 448//1071 632//1071
f  750//1072 448//1072 749//1072
f  750//1073 751//1073 447//1073
f  750//1074 447//1074 448//1074
f  751//1075 750//1075 450//1075
f  450//1076 750//1076 451//1076
f  632//1077 449//1077 749//1077
f  449//1078 451//1078 749//1078
f  749//1079 451//1079 750//1079
f  450//1080 238//1080 752//1080
f  752//1081 238//1081 452//1081
f  752//1082 452//1082 753//1082
f  753//1083 452//1083 453//1083
f  753//1084 453//1084 455//1084
f  455//1085 453//1085 237//1085
f  454//1086 243//1086 634//1086
f  754//1087 755//1087 454//1087
f  454//1088 755//1088 756//1088
f  454//1089 756//1089 455//1089
f  455//1090 756//1090 757//1090
f  643//1091 461//1091 460//1091
f  758//1092 461//1092 643//1092
f  759//1093 457//1093 758//1093
f  758//1094 457//1094 461//1094
f  759//1095 464//1095 457//1095
f  464//1096 759//1096 463//1096
f  643//1097 462//1097 463//1097
f  643//1098 463//1098 758//1098
f  758//1099 463//1099 759//1099
f  464//1100 251//1100 760//1100
f  760//1101 251//1101 466//1101
f  760//1102 466//1102 737//1102
f  101//1103 264//1103 468//1103
f  467//1104 262//1104 261//1104
f  259//1105 258//1105 260//1105
f  761//1106 762//1106 763//1106
f  764//1107 765//1107 766//1107
f  767//1108 768//1108 769//1108
f  770//1109 767//1109 771//1109
f  772//1110 766//1110 773//1110
f  763//1111 764//1111 774//1111
f  767//1112 775//1112 768//1112
f  769//1113 768//1113 776//1113
f  775//1114 767//1114 770//1114
f  775//1115 770//1115 777//1115
f  774//1116 764//1116 778//1116
f  778//1117 764//1117 766//1117
f  778//1118 766//1118 776//1118
f  770//884 761//884 777//884
f  777//1119 761//1119 763//1119
f  777//1120 763//1120 774//1120
f  766//1121 772//1121 776//1121
f  776//1122 772//1122 769//1122
f  473//1123 779//1123 469//1123
f  469//1124 779//1124 479//1124
f  780//1125 472//1125 471//1125
f  780//1126 471//1126 475//1126
f  475//1127 471//1127 479//1127
f  479//1128 471//1128 470//1128
f  479//1129 470//1129 469//1129
f  779//1130 473//1130 780//1130
f  780//1131 473//1131 472//1131
f  492//1132 781//1132 782//1132
f  492//1133 782//1133 474//1133
f  474//1134 782//1134 783//1134
f  474//1135 783//1135 784//1135
f  785//1136 487//1136 786//1136
f  785//1137 787//1137 487//1137
f  487//1138 787//1138 788//1138
f  487//1139 788//1139 492//1139
f  492//1140 788//1140 789//1140
f  492//1141 789//1141 781//1141
f  790//1142 791//1142 792//1142
f  792//1143 791//1143 458//1143
f  792//1144 458//1144 457//1144
f  497//1145 793//1145 493//1145
f  493//1146 793//1146 489//1146
f  793//1147 497//1147 496//1147
f  793//1148 496//1148 791//1148
f  496//1149 495//1149 791//1149
f  791//1150 495//1150 458//1150
f  458//1151 495//1151 494//1151
f  458//1152 494//1152 489//1152
f  489//1153 494//1153 493//1153
f  642//1154 500//1154 331//1154
f  794//1155 498//1155 642//1155
f  642//1156 498//1156 500//1156
f  795//1157 498//1157 794//1157
f  796//1158 499//1158 795//1158
f  795//1159 499//1159 498//1159
f  796//1160 795//1160 503//1160
f  503//1161 795//1161 502//1161
f  642//1162 501//1162 502//1162
f  642//1163 502//1163 794//1163
f  794//1164 502//1164 795//1164
f  503//1165 479//1165 797//1165
f  797//1166 479//1166 779//1166
f  798//1167 799//1167 800//1167
f  798//1168 800//1168 801//1168
f  798//1169 801//1169 799//1169
f  802//1170 803//1170 804//1170
f  804//1171 805//1171 802//1171
f  802//1172 805//1172 803//1172
f  805//1173 806//1173 807//1173
f  805//1174 807//1174 799//1174
f  807//1175 806//1175 799//1175
f  504//1176 808//1176 809//1176
f  504//1177 809//1177 327//1177
f  327//1178 809//1178 810//1178
f  327//1179 810//1179 335//1179
f  505//1180 811//1180 504//1180
f  504//1181 811//1181 808//1181
f  811//1182 505//1182 812//1182
f  812//1183 505//1183 326//1183
f  812//1184 326//1184 499//1184
f  513//1185 813//1185 814//1185
f  814//1186 813//1186 815//1186
f  816//1187 817//1187 818//1187
f  816//1188 818//1188 819//1188
f  819//1189 818//1189 820//1189
f  814//1190 815//1190 819//1190
f  814//1191 819//1191 820//1191
f  507//1192 653//1192 654//1192
f  507//1193 654//1193 508//1193
f  513//1194 347//1194 813//1194
f  813//1195 347//1195 346//1195
f  346//1196 652//1196 813//1196
f  813//1197 652//1197 510//1197
f  652//1198 653//1198 510//1198
f  510//1199 653//1199 507//1199
f  821//1200 510//1200 335//1200
f  821//1201 335//1201 810//1201
f  519//1202 822//1202 517//1202
f  517//1203 822//1203 823//1203
f  513//1204 814//1204 514//1204
f  514//1205 814//1205 824//1205
f  824//1206 814//1206 820//1206
f  824//1207 820//1207 825//1207
f  817//1208 826//1208 818//1208
f  818//1209 826//1209 827//1209
f  818//1210 827//1210 825//1210
f  818//1211 825//1211 820//1211
f  826//1212 817//1212 828//1212
f  656//1213 655//1213 829//1213
f  829//1214 655//1214 830//1214
f  831//1215 832//1215 833//1215
f  833//1216 832//1216 834//1216
f  833//1217 834//1217 835//1217
f  834//1218 836//1218 835//1218
f  835//1219 836//1219 830//1219
f  830//1220 836//1220 829//1220
f  837//1221 655//1221 520//1221
f  520//1222 655//1222 516//1222
f  520//1223 516//1223 519//1223
f  519//1224 516//1224 838//1224
f  519//1225 838//1225 512//1225
f  519//1226 512//1226 822//1226
f  822//1227 512//1227 514//1227
f  518//1228 839//1228 520//1228
f  520//1229 839//1229 837//1229
f  517//1230 823//1230 839//1230
f  839//1231 518//1231 517//1231
f  832//1232 831//1232 840//1232
f  841//1233 842//1233 843//1233
f  841//1234 843//1234 844//1234
f  841//1235 844//1235 842//1235
f  845//1236 846//1236 847//1236
f  845//1237 847//1237 848//1237
f  849//1238 850//1238 851//1238
f  849//1239 851//1239 852//1239
f  852//1239 851//1239 853//1239
f  853//1240 851//1240 854//1240
f  853//1241 854//1241 855//1241
f  855//1242 854//1242 856//1242
f  856//1243 854//1243 857//1243
f  858//1244 859//1244 522//1244
f  522//1245 531//1245 858//1245
f  858//1246 531//1246 860//1246
f  860//1247 531//1247 532//1247
f  860//1248 532//1248 861//1248
f  521//1249 862//1249 863//1249
f  521//1250 863//1250 533//1250
f  533//1251 863//1251 864//1251
f  533//1252 864//1252 861//1252
f  533//1253 861//1253 532//1253
f  865//1254 526//1254 525//1254
f  865//1255 525//1255 859//1255
f  859//1256 525//1256 522//1256
f  866//1257 867//1257 527//1257
f  526//1258 865//1258 868//1258
f  866//1259 527//1259 528//1259
f  866//1260 528//1260 869//1260
f  869//1261 528//1261 529//1261
f  869//1262 529//1262 868//1262
f  868//1263 529//1263 530//1263
f  868//1264 530//1264 526//1264
f  862//1265 521//1265 523//1265
f  862//1266 523//1266 867//1266
f  867//1266 523//1266 524//1266
f  867//1267 524//1267 527//1267
f  551//1268 870//1268 871//1268
f  551//1269 871//1269 552//1269
f  553//1270 552//1270 872//1270
f  872//1271 552//1271 871//1271
f  873//1272 553//1272 872//1272
f  874//1273 553//1273 873//1273
f  553//1274 874//1274 554//1274
f  874//1275 875//1275 554//1275
f  554//1276 875//1276 555//1276
f  555//1277 875//1277 557//1277
f  557//1278 875//1278 876//1278
f  557//1279 876//1279 559//1279
f  877//1280 559//1280 878//1280
f  878//1281 559//1281 876//1281
f  559//1282 877//1282 558//1282
f  558//1283 877//1283 879//1283
f  558//1284 879//1284 556//1284
f  556//1285 879//1285 560//1285
f  879//1286 880//1286 560//1286
f  881//1287 561//1287 880//1287
f  880//1288 561//1288 560//1288
f  881//1289 882//1289 535//1289
f  535//1290 537//1290 881//1290
f  881//1291 537//1291 561//1291
f  882//1292 883//1292 535//1292
f  884//1293 536//1293 883//1293
f  883//1294 536//1294 535//1294
f  884//1295 885//1295 536//1295
f  536//1296 885//1296 534//1296
f  534//1297 886//1297 540//1297
f  539//1298 540//1298 886//1298
f  539//1299 886//1299 887//1299
f  539//1300 887//1300 538//1300
f  888//1301 889//1301 538//1301
f  538//1302 889//1302 544//1302
f  544//1303 890//1303 543//1303
f  541//1304 543//1304 891//1304
f  891//1305 543//1305 890//1305
f  892//1306 541//1306 893//1306
f  893//1307 541//1307 891//1307
f  894//1308 542//1308 892//1308
f  892//1309 542//1309 541//1309
f  542//1310 894//1310 545//1310
f  545//1311 894//1311 547//1311
f  894//1312 895//1312 547//1312
f  896//1313 897//1313 548//1313
f  898//1314 547//1314 895//1314
f  896//1315 548//1315 898//1315
f  898//1316 548//1316 547//1316
f  897//1317 899//1317 549//1317
f  549//1318 546//1318 897//1318
f  897//1319 546//1319 548//1319
f  900//1320 901//1320 549//1320
f  900//1321 549//1321 899//1321
f  902//1322 550//1322 901//1322
f  901//1323 550//1323 549//1323
f  902//1324 870//1324 550//1324
f  550//1325 870//1325 551//1325
f  577//1326 903//1326 581//1326
f  581//1327 903//1327 904//1327
f  904//1328 905//1328 581//1328
f  905//1329 580//1329 581//1329
f  906//1330 580//1330 905//1330
f  580//1331 906//1331 582//1331
f  906//1332 907//1332 582//1332
f  582//1333 907//1333 583//1333
f  583//1334 907//1334 908//1334
f  583//1335 908//1335 585//1335
f  909//1336 584//1336 908//1336
f  584//1337 585//1337 908//1337
f  584//1338 909//1338 910//1338
f  584//1339 910//1339 911//1339
f  584//1340 911//1340 586//1340
f  586//1341 911//1341 587//1341
f  911//1342 912//1342 587//1342
f  913//1343 587//1343 912//1343
f  914//1344 588//1344 913//1344
f  913//1345 588//1345 587//1345
f  914//1346 915//1346 562//1346
f  562//1347 564//1347 914//1347
f  914//1348 564//1348 588//1348
f  915//1349 916//1349 562//1349
f  917//1350 563//1350 916//1350
f  916//1351 563//1351 562//1351
f  917//1352 565//1352 563//1352
f  565//1353 918//1353 568//1353
f  919//1354 567//1354 918//1354
f  567//1355 568//1355 918//1355
f  567//1356 919//1356 920//1356
f  567//1357 920//1357 566//1357
f  920//1358 921//1358 566//1358
f  566//1359 921//1359 569//1359
f  569//1360 921//1360 571//1360
f  571//1361 921//1361 922//1361
f  922//1362 923//1362 572//1362
f  572//1363 571//1363 922//1363
f  924//1364 572//1364 923//1364
f  924//1365 570//1365 572//1365
f  570//1366 924//1366 925//1366
f  570//1367 925//1367 573//1367
f  573//1368 925//1368 575//1368
f  925//1369 926//1369 575//1369
f  927//1370 576//1370 926//1370
f  926//1371 576//1371 575//1371
f  927//1372 928//1372 578//1372
f  578//1373 574//1373 927//1373
f  927//1374 574//1374 576//1374
f  928//1375 929//1375 578//1375
f  929//1376 579//1376 578//1376
f  929//1377 903//1377 579//1377
f  579//1378 903//1378 577//1378
f  930//1379 602//1379 931//1379
f  931//1380 602//1380 598//1380
f  930//1381 932//1381 602//1381
f  602//1382 932//1382 603//1382
f  933//1383 596//1383 603//1383
f  933//1384 603//1384 932//1384
f  934//1385 596//1385 933//1385
f  934//1386 595//1386 596//1386
f  595//1387 934//1387 589//1387
f  935//1388 600//1388 591//1388
f  935//1389 591//1389 590//1389
f  935//1390 936//1390 600//1390
f  600//1391 936//1391 599//1391
f  592//1392 594//1392 599//1392
f  592//1393 599//1393 936//1393
f  937//1394 601//1394 938//1394
f  938//1395 601//1395 594//1395
f  938//1396 594//1396 593//1396
f  931//1397 598//1397 937//1397
f  601//1398 937//1398 597//1398
f  597//1399 937//1399 598//1399
f  609//1400 939//1400 940//1400
f  940//1401 939//1401 941//1401
f  942//1402 610//1402 940//1402
f  940//1403 610//1403 609//1403
f  939//1404 609//1404 943//1404
f  943//1405 609//1405 608//1405
f  943//1406 608//1406 607//1406
f  943//1407 607//1407 944//1407
f  945//1408 605//1408 946//1408
f  946//1409 605//1409 947//1409
f  944//1410 607//1410 948//1410
f  948//1411 607//1411 615//1411
f  948//1412 615//1412 945//1412
f  945//1413 615//1413 614//1413
f  945//1414 614//1414 605//1414
f  850//1415 947//1415 604//1415
f  947//1416 605//1416 604//1416
f  949//1417 950//1417 604//1417
f  850//1418 604//1418 950//1418
f  850//1419 950//1419 951//1419
f  604//1420 617//1420 949//1420
f  949//1421 617//1421 952//1421
f  952//1422 617//1422 616//1422
f  952//1423 616//1423 618//1423
f  952//1424 618//1424 953//1424
f  618//1425 606//1425 953//1425
f  953//1426 606//1426 954//1426
f  606//1427 613//1427 954//1427
f  954//1428 613//1428 955//1428
f  613//1429 612//1429 955//1429
f  955//1430 612//1430 956//1430
f  956//1431 612//1431 611//1431
f  956//1432 611//1432 942//1432
f  942//1433 611//1433 610//1433
f  939//1434 957//1434 958//1434
f  958//1435 959//1435 960//1435
f  961//1436 962//1436 963//1436
f  963//1436 962//1436 964//1436
f  965//1437 966//1437 967//1437
f  967//1438 966//1438 968//1438
f  967//1439 968//1439 969//1439
f  969//1439 968//1439 970//1439
f  969//1440 970//1440 971//1440
f  971//1441 970//1441 972//1441
f  971//1442 972//1442 973//1442
f  973//1443 972//1443 974//1443
f  973//1444 974//1444 975//1444
f  975//1445 974//1445 976//1445
f  975//1446 976//1446 961//1446
f  961//1447 976//1447 962//1447
f  977//1448 978//1448 979//1448
f  979//1449 978//1449 980//1449
f  979//1450 980//1450 981//1450
f  981//1451 980//1451 982//1451
f  981//1452 982//1452 983//1452
f  983//1453 982//1453 984//1453
f  983//1454 984//1454 985//1454
f  985//1455 984//1455 986//1455
f  985//1456 986//1456 987//1456
f  987//1456 986//1456 988//1456
f  987//1457 988//1457 989//1457
f  989//1458 988//1458 990//1458
f  991//1436 992//1436 977//1436
f  977//1436 992//1436 978//1436
f  993//1459 994//1459 991//1459
f  991//1460 994//1460 992//1460
f  995//1461 994//1461 993//1461
f  996//1462 997//1462 998//1462
f  999//1463 1000//1463 996//1463
f  999//1464 996//1464 998//1464
f  999//1465 998//1465 1001//1465
f  1001//1466 998//1466 1002//1466
f  1001//1467 1002//1467 995//1467
f  995//1468 1002//1468 994//1468
f  996//1469 1000//1469 1003//1469
f  1003//1470 1004//1470 996//1470
f  996//1471 1004//1471 1005//1471
f  1005//1472 1004//1472 1006//1472
f  1007//1473 1008//1473 1009//1473
f  1007//1474 1009//1474 1010//1474
f  1010//1474 1009//1474 1011//1474
f  1010//1475 1011//1475 1012//1475
f  1010//1476 1012//1476 1013//1476
f  1014//1477 1015//1477 1016//1477
f  1016//1478 1015//1478 997//1478
f  997//1479 996//1479 1005//1479
f  1006//1476 1008//1476 1005//1476
f  1005//1476 1008//1476 1007//1476
f  1005//1478 1007//1478 997//1478
f  997//1478 1007//1478 1010//1478
f  997//1478 1010//1478 1016//1478
f  1016//1476 1010//1476 1013//1476
f  1016//1480 1013//1480 1017//1480
f  1017//1474 1018//1474 1016//1474
f  1016//1481 1018//1481 1014//1481
f  1018//1482 1019//1482 1014//1482
f  1020//1483 1021//1483 1022//1483
f  1023//1484 1024//1484 1020//1484
f  1014//1485 1019//1485 1025//1485
f  1023//1486 1020//1486 1022//1486
f  1023//1487 1022//1487 1026//1487
f  1026//1487 1022//1487 1027//1487
f  1026//1488 1027//1488 1028//1488
f  1028//1488 1027//1488 1029//1488
f  1028//1489 1029//1489 1025//1489
f  1025//1489 1029//1489 1030//1489
f  1025//1490 1030//1490 1014//1490
f  1014//1491 1030//1491 1015//1491
f  1031//1492 1020//1492 1024//1492
f  1031//1493 1032//1493 1020//1493
f  1020//1494 1032//1494 1033//1494
f  1033//1495 1032//1495 1034//1495
f  1035//1473 1036//1473 1037//1473
f  1038//1474 1039//1474 1037//1474
f  1037//1474 1039//1474 1035//1474
f  1039//1475 1038//1475 1040//1475
f  1039//1476 1040//1476 1041//1476
f  1042//1496 1043//1496 1044//1496
f  1044//1478 1043//1478 1021//1478
f  1021//1497 1020//1497 1033//1497
f  1034//1476 1036//1476 1033//1476
f  1033//1476 1036//1476 1035//1476
f  1033//1478 1035//1478 1021//1478
f  1021//1478 1035//1478 1039//1478
f  1021//1478 1039//1478 1044//1478
f  1044//1476 1039//1476 1041//1476
f  1044//1498 1041//1498 1045//1498
f  1045//1474 1046//1474 1044//1474
f  1044//1499 1046//1499 1042//1499
f  1042//1500 1046//1500 1047//1500
f  1042//1501 1047//1501 1048//1501
f  1049//1502 1050//1502 1051//1502
f  1051//1503 1050//1503 1048//1503
f  1048//1504 1050//1504 1052//1504
f  1048//1505 1052//1505 1042//1505
f  1042//1506 1052//1506 1043//1506
f  1053//1507 1054//1507 1049//1507
f  1049//1508 1054//1508 1050//1508
f  1054//1509 1053//1509 964//1509
f  964//1509 1053//1509 963//1509
f  1055//1510 688//1510 1056//1510
f  1056//1511 688//1511 389//1511
f  1056//1512 389//1512 619//1512
f  621//1513 640//1513 620//1513
f  620//1514 640//1514 1057//1514
f  620//1515 1057//1515 1058//1515
f  620//1516 1058//1516 619//1516
f  619//1517 1058//1517 1059//1517
f  1060//1518 619//1518 1061//1518
f  1061//1519 619//1519 1059//1519
f  1061//1520 1059//1520 623//1520
f  623//1521 622//1521 1061//1521
f  640//1522 358//1522 1057//1522
f  1057//1523 358//1523 1058//1523
f  358//1524 623//1524 1058//1524
f  1058//1525 623//1525 1059//1525
f  340//1526 339//1526 1062//1526
f  340//1527 1062//1527 657//1527
f  657//1528 1062//1528 1063//1528
f  657//1529 1063//1529 1064//1529
f  627//1530 1065//1530 339//1530
f  339//1531 1065//1531 1066//1531
f  1062//1532 339//1532 1066//1532
f  627//1533 628//1533 646//1533
f  646//1534 628//1534 629//1534
f  627//1535 646//1535 647//1535
f  627//1536 647//1536 1065//1536
f  1065//1537 647//1537 344//1537
f  1065//1538 344//1538 1067//1538
f  344//1539 656//1539 1067//1539
f  1067//1540 656//1540 1068//1540
f  1068//1541 656//1541 829//1541
f  836//1542 1068//1542 829//1542
f  834//1543 1069//1543 836//1543
f  836//1544 1069//1544 1068//1544
f  834//1545 832//1545 1070//1545
f  1070//1546 1069//1546 834//1546
f  622//1547 355//1547 658//1547
f  622//1548 658//1548 1071//1548
f  657//1549 1064//1549 658//1549
f  658//1550 1064//1550 1071//1550
f  1072//1551 1073//1551 661//1551
f  1074//1552 659//1552 1073//1552
f  1073//1553 659//1553 661//1553
f  1075//1554 670//1554 1074//1554
f  1074//1555 670//1555 659//1555
f  1076//1556 671//1556 1075//1556
f  1075//1557 671//1557 670//1557
f  1077//1558 664//1558 1076//1558
f  1076//1559 664//1559 671//1559
f  1078//1560 662//1560 1077//1560
f  1077//1561 662//1561 664//1561
f  1079//1562 663//1562 1078//1562
f  1078//1563 663//1563 662//1563
f  1080//1564 666//1564 1079//1564
f  1079//1565 666//1565 663//1565
f  1081//1566 666//1566 1080//1566
f  668//1567 667//1567 1081//1567
f  1081//1568 667//1568 666//1568
f  661//1569 660//1569 1072//1569
f  1072//1570 660//1570 669//1570
f  1072//1571 669//1571 1082//1571
f  1082//1572 669//1572 668//1572
f  675//1573 1083//1573 1084//1573
f  1083//1574 675//1574 672//1574
f  1083//1575 672//1575 1085//1575
f  1085//1576 672//1576 1086//1576
f  1086//1577 672//1577 676//1577
f  1086//1578 676//1578 1087//1578
f  1087//1579 676//1579 1088//1579
f  1088//1580 676//1580 1089//1580
f  674//1581 1090//1581 1089//1581
f  674//1582 1089//1582 676//1582
f  1090//1583 674//1583 665//1583
f  1090//1584 665//1584 1091//1584
f  1091//1585 665//1585 1092//1585
f  1092//1586 665//1586 673//1586
f  1092//1587 673//1587 1093//1587
f  1093//1588 673//1588 1084//1588
f  1084//1589 673//1589 675//1589
f  1094//1590 695//1590 678//1590
f  678//1591 695//1591 697//1591
f  678//1592 697//1592 677//1592
f  677//1593 697//1593 694//1593
f  366//1594 367//1594 678//1594
f  678//1595 367//1595 686//1595
f  678//1596 686//1596 1094//1596
f  1094//1596 686//1596 1095//1596
f  1095//1597 686//1597 1096//1597
f  1096//1598 686//1598 685//1598
f  1096//1599 685//1599 1097//1599
f  1097//1600 685//1600 684//1600
f  1097//1601 684//1601 683//1601
f  1097//1602 683//1602 1098//1602
f  1098//1603 683//1603 682//1603
f  680//1604 1099//1604 681//1604
f  1099//1605 1100//1605 681//1605
f  681//1606 1100//1606 1101//1606
f  681//1607 1101//1607 682//1607
f  682//1608 1101//1608 1098//1608
f  1099//1609 680//1609 679//1609
f  1099//1610 679//1610 1102//1610
f  1103//1611 1102//1611 687//1611
f  687//1611 1102//1611 679//1611
f  687//1612 679//1612 375//1612
f  375//1613 679//1613 382//1613
f  1104//1614 1103//1614 1105//1614
f  1105//1615 1103//1615 687//1615
f  1105//1616 687//1616 1055//1616
f  1055//1617 687//1617 688//1617
f  1106//1618 696//1618 695//1618
f  1106//1618 695//1618 1107//1618
f  701//1619 401//1619 704//1619
f  415//1620 717//1620 714//1620
f  699//1621 700//1621 1108//1621
f  699//1622 1109//1622 698//1622
f  698//1623 1109//1623 1110//1623
f  698//1624 1110//1624 431//1624
f  431//1625 1110//1625 736//1625
f  1108//1626 1111//1626 699//1626
f  699//1627 1111//1627 1112//1627
f  699//1628 1112//1628 1109//1628
f  694//1629 697//1629 1113//1629
f  1113//1630 697//1630 696//1630
f  1114//1631 395//1631 694//1631
f  694//1632 1113//1632 1114//1632
f  394//1633 693//1633 1115//1633
f  394//1634 1115//1634 689//1634
f  689//1635 1115//1635 721//1635
f  1115//1636 1116//1636 721//1636
f  721//1637 1116//1637 720//1637
f  720//1638 1116//1638 1117//1638
f  720//1639 1117//1639 719//1639
f  719//1640 1117//1640 418//1640
f  705//1641 1118//1641 704//1641
f  704//1642 1118//1642 1108//1642
f  704//1643 1108//1643 701//1643
f  701//1644 1108//1644 700//1644
f  411//1645 1119//1645 711//1645
f  711//1646 1119//1646 1120//1646
f  711//1647 1120//1647 409//1647
f  409//1648 1120//1648 1121//1648
f  409//1649 1121//1649 707//1649
f  707//1650 1121//1650 1122//1650
f  707//1651 1122//1651 706//1651
f  706//1652 1122//1652 1123//1652
f  706//1653 1123//1653 1118//1653
f  706//1654 1118//1654 404//1654
f  404//1655 1118//1655 705//1655
f  1119//1656 411//1656 712//1656
f  1119//1657 712//1657 1124//1657
f  1124//1658 712//1658 713//1658
f  1124//1659 713//1659 1125//1659
f  1125//1660 713//1660 714//1660
f  1125//1661 714//1661 1126//1661
f  1126//1662 714//1662 717//1662
f  1126//1663 717//1663 718//1663
f  1126//1664 718//1664 1117//1664
f  1117//1665 718//1665 418//1665
f  395//1666 1114//1666 693//1666
f  693//1667 1114//1667 1115//1667
f  1127//1668 1128//1668 728//1668
f  1127//1669 728//1669 729//1669
f  1127//1670 729//1670 732//1670
f  732//1671 729//1671 635//1671
f  726//1672 1128//1672 1129//1672
f  726//1673 728//1673 1128//1673
f  724//1674 726//1674 1130//1674
f  1130//1675 726//1675 1131//1675
f  1131//1676 726//1676 1129//1676
f  634//1677 723//1677 1132//1677
f  1132//1678 723//1678 1130//1678
f  1130//1679 723//1679 724//1679
f  1128//1680 1127//1680 1133//1680
f  732//1681 733//1681 1127//1681
f  1127//1682 733//1682 1133//1682
f  733//1683 735//1683 1133//1683
f  1133//1684 735//1684 1134//1684
f  1134//1685 735//1685 734//1685
f  1134//1686 734//1686 1135//1686
f  1135//1687 734//1687 736//1687
f  1135//1688 736//1688 1136//1688
f  1135//1689 1136//1689 1137//1689
f  1135//1690 1137//1690 1138//1690
f  1110//1691 1109//1691 1139//1691
f  1140//1692 1138//1692 1139//1692
f  1139//1693 1138//1693 1137//1693
f  736//1694 1110//1694 1136//1694
f  1136//1695 1110//1695 1139//1695
f  1136//1696 1139//1696 1137//1696
f  1141//1697 1140//1697 1142//1697
f  1142//1698 1140//1698 1139//1698
f  1109//1699 1112//1699 1139//1699
f  1139//1700 1112//1700 1143//1700
f  1139//1701 1143//1701 1142//1701
f  1144//1702 1132//1702 1130//1702
f  454//1703 634//1703 1132//1703
f  454//1704 1132//1704 754//1704
f  754//1705 1132//1705 1144//1705
f  754//1706 1144//1706 755//1706
f  755//1707 1144//1707 1145//1707
f  755//1708 1145//1708 756//1708
f  1146//1709 756//1709 1147//1709
f  1146//1710 1147//1710 1148//1710
f  756//1711 1145//1711 1147//1711
f  757//1712 756//1712 1146//1712
f  1149//1713 1150//1713 1151//1713
f  1152//1714 1149//1714 1153//1714
f  1149//1715 1151//1715 1153//1715
f  1153//1716 1151//1716 1146//1716
f  1153//1717 1146//1717 1148//1717
f  757//1718 1146//1718 1154//1718
f  1154//1719 1146//1719 1151//1719
f  1154//1720 1151//1720 1155//1720
f  1155//1721 1151//1721 1150//1721
f  792//1722 457//1722 1156//1722
f  792//1723 1156//1723 1157//1723
f  792//1724 1157//1724 790//1724
f  790//1725 1157//1725 1158//1725
f  790//1726 1158//1726 1159//1726
f  790//1727 1159//1727 1160//1727
f  1160//1728 1159//1728 1161//1728
f  1160//1729 1161//1729 1162//1729
f  1162//1730 1161//1730 1163//1730
f  464//1731 1164//1731 457//1731
f  457//1732 1164//1732 1156//1732
f  737//1733 1165//1733 1166//1733
f  737//1734 1166//1734 760//1734
f  760//1735 1166//1735 1167//1735
f  760//1736 1167//1736 464//1736
f  464//1737 1167//1737 1164//1737
f  455//1738 757//1738 1154//1738
f  455//1739 1154//1739 753//1739
f  753//1740 1154//1740 1155//1740
f  1155//1741 1168//1741 753//1741
f  753//1742 1168//1742 752//1742
f  752//1743 1168//1743 1169//1743
f  748//1744 1170//1744 1171//1744
f  748//1745 1171//1745 747//1745
f  747//1746 1171//1746 1172//1746
f  747//1747 1172//1747 1173//1747
f  747//1748 1173//1748 444//1748
f  440//1749 746//1749 743//1749
f  432//1750 741//1750 738//1750
f  435//1751 1174//1751 741//1751
f  741//1752 1174//1752 1175//1752
f  741//1753 1175//1753 1176//1753
f  741//1754 1176//1754 738//1754
f  738//1755 1176//1755 1177//1755
f  738//1756 1177//1756 1178//1756
f  738//1757 1178//1757 737//1757
f  737//1758 1178//1758 1165//1758
f  1174//1759 435//1759 742//1759
f  1174//1760 742//1760 1179//1760
f  1179//1761 742//1761 1180//1761
f  1180//1762 742//1762 743//1762
f  1180//1763 743//1763 1181//1763
f  1181//1764 743//1764 746//1764
f  1181//1765 746//1765 1173//1765
f  1173//1766 746//1766 444//1766
f  748//1767 447//1767 1170//1767
f  1170//1768 447//1768 751//1768
f  1170//1769 751//1769 1169//1769
f  1169//1770 751//1770 450//1770
f  1169//1771 450//1771 752//1771
f  262//1772 1182//1772 263//1772
f  264//1773 1183//1773 1184//1773
f  264//1774 1184//1774 468//1774
f  1183//1775 264//1775 263//1775
f  468//1776 1184//1776 1185//1776
f  468//1777 1185//1777 258//1777
f  260//1778 1186//1778 467//1778
f  467//1779 1186//1779 1187//1779
f  467//1780 1187//1780 1182//1780
f  467//1781 1182//1781 262//1781
f  258//1782 1185//1782 1188//1782
f  258//1783 1188//1783 260//1783
f  260//1784 1188//1784 1186//1784
f  1182//1785 1187//1785 1165//1785
f  1165//1786 1187//1786 1166//1786
f  1188//1787 1164//1787 1186//1787
f  1186//1788 1164//1788 1167//1788
f  1186//1789 1167//1789 1187//1789
f  1187//1790 1167//1790 1166//1790
f  1164//1791 1188//1791 1156//1791
f  1156//1792 1188//1792 1185//1792
f  1184//1793 1158//1793 1157//1793
f  1184//1794 1157//1794 1185//1794
f  1185//1795 1157//1795 1156//1795
f  1184//1796 1183//1796 1159//1796
f  1184//1797 1159//1797 1158//1797
f  1189//1798 763//1798 762//1798
f  1190//1554 764//1554 1189//1554
f  1189//1555 764//1555 763//1555
f  1191//1799 765//1799 1190//1799
f  1190//1800 765//1800 764//1800
f  1192//1801 766//1801 1191//1801
f  1191//1802 766//1802 765//1802
f  1193//1803 773//1803 1192//1803
f  1192//1804 773//1804 766//1804
f  1194//1805 772//1805 1193//1805
f  1193//1806 772//1806 773//1806
f  1195//1807 769//1807 1194//1807
f  1194//1808 769//1808 772//1808
f  1196//1809 769//1809 1195//1809
f  1197//1810 767//1810 1196//1810
f  1196//1811 767//1811 769//1811
f  1198//1812 771//1812 1197//1812
f  1197//1813 771//1813 767//1813
f  762//1814 761//1814 1199//1814
f  1199//1815 761//1815 770//1815
f  1199//1816 770//1816 1198//1816
f  1198//1817 770//1817 771//1817
f  777//1818 1200//1818 1201//1818
f  1200//1819 777//1819 774//1819
f  1200//1820 774//1820 1202//1820
f  1202//1821 774//1821 1203//1821
f  1203//1822 774//1822 778//1822
f  1203//1823 778//1823 1204//1823
f  1204//1824 778//1824 1205//1824
f  776//1825 1206//1825 1205//1825
f  776//1826 1205//1826 778//1826
f  1206//1583 776//1583 768//1583
f  1206//1827 768//1827 1207//1827
f  1207//1828 768//1828 775//1828
f  1207//1829 775//1829 1208//1829
f  1208//1830 775//1830 1201//1830
f  1201//1831 775//1831 777//1831
f  797//1832 779//1832 1209//1832
f  1209//1833 779//1833 780//1833
f  1209//1834 780//1834 1210//1834
f  1210//1835 780//1835 1211//1835
f  475//1836 474//1836 780//1836
f  780//1837 474//1837 784//1837
f  780//1838 784//1838 1211//1838
f  1211//1839 784//1839 1212//1839
f  1212//1840 784//1840 1213//1840
f  1213//1841 784//1841 783//1841
f  1213//1842 783//1842 1214//1842
f  1214//1843 783//1843 782//1843
f  1214//1844 782//1844 1215//1844
f  1215//1845 782//1845 781//1845
f  1215//1846 781//1846 1216//1846
f  789//1847 1216//1847 781//1847
f  786//1848 1217//1848 785//1848
f  785//1849 1217//1849 1218//1849
f  785//1850 1218//1850 787//1850
f  1218//1851 1219//1851 787//1851
f  787//1852 1219//1852 788//1852
f  788//1853 1219//1853 1220//1853
f  788//1854 1220//1854 789//1854
f  789//1855 1220//1855 1216//1855
f  1221//1856 1217//1856 793//1856
f  793//1856 1217//1856 786//1856
f  793//1857 786//1857 489//1857
f  489//1858 786//1858 487//1858
f  1222//1859 1221//1859 1162//1859
f  1162//1860 1221//1860 793//1860
f  1162//1861 793//1861 1160//1861
f  1160//1862 793//1862 791//1862
f  1160//1863 791//1863 790//1863
f  1222//1864 1162//1864 1163//1864
f  1163//1865 1223//1865 1222//1865
f  1222//1865 1223//1865 1224//1865
f  1209//1866 1225//1866 1226//1866
f  1209//1867 1226//1867 797//1867
f  812//1868 499//1868 796//1868
f  812//1869 796//1869 1227//1869
f  1227//1870 796//1870 1228//1870
f  1228//1871 796//1871 503//1871
f  1228//1872 503//1872 797//1872
f  1225//1873 1209//1873 1229//1873
f  1229//1874 1209//1874 1210//1874
f  1229//1875 1210//1875 1230//1875
f  845//1876 277//1876 846//1876
f  845//1877 278//1877 277//1877
f  846//1878 277//1878 275//1878
f  800//1879 799//1879 1231//1879
f  1232//1880 803//1880 805//1880
f  1231//1881 804//1881 1233//1881
f  1232//1882 805//1882 799//1882
f  1232//1883 801//1883 1234//1883
f  801//1884 800//1884 1234//1884
f  1233//1885 804//1885 1235//1885
f  1235//1886 804//1886 803//1886
f  1235//1887 803//1887 1232//1887
f  1234//1888 800//1888 1231//1888
f  801//1889 1232//1889 799//1889
f  1231//1890 799//1890 806//1890
f  1231//1891 806//1891 804//1891
f  806//1892 805//1892 804//1892
f  810//1893 809//1893 821//1893
f  821//1894 809//1894 813//1894
f  821//1895 813//1895 510//1895
f  808//1896 1236//1896 1237//1896
f  816//1897 808//1897 1237//1897
f  808//1898 816//1898 819//1898
f  819//1899 815//1899 808//1899
f  808//1900 815//1900 809//1900
f  809//1901 815//1901 813//1901
f  816//1902 1237//1902 1238//1902
f  1238//1903 1237//1903 1239//1903
f  1238//1904 1239//1904 1240//1904
f  811//1905 1241//1905 1242//1905
f  811//1906 1242//1906 1243//1906
f  811//1907 1243//1907 808//1907
f  808//1908 1243//1908 1236//1908
f  1241//1909 811//1909 1244//1909
f  1226//1910 1245//1910 797//1910
f  797//1911 1245//1911 1246//1911
f  797//1912 1246//1912 1247//1912
f  797//1913 1247//1913 1228//1913
f  1228//1914 1247//1914 1227//1914
f  1227//1915 1247//1915 1248//1915
f  811//1916 812//1916 1244//1916
f  1244//1917 812//1917 1227//1917
f  1244//1918 1227//1918 1248//1918
f  1240//1919 1249//1919 1250//1919
f  1240//1920 1250//1920 1238//1920
f  1238//1921 1250//1921 817//1921
f  817//1922 816//1922 1238//1922
f  828//1923 817//1923 1250//1923
f  828//1924 1250//1924 1251//1924
f  1252//1925 1251//1925 1250//1925
f  1252//1926 1250//1926 1249//1926
f  830//1927 655//1927 837//1927
f  830//32 837//32 835//32
f  835//1928 837//1928 839//1928
f  835//1929 839//1929 833//1929
f  833//1930 839//1930 831//1930
f  1253//1931 840//1931 1254//1931
f  839//1932 1255//1932 1254//1932
f  839//1933 1254//1933 840//1933
f  839//1934 840//1934 831//1934
f  827//1935 826//1935 839//1935
f  839//1936 826//1936 828//1936
f  839//1937 823//1937 827//1937
f  827//1938 823//1938 825//1938
f  825//1939 823//1939 822//1939
f  825//32 822//32 824//32
f  824//1940 822//1940 514//1940
f  1255//1941 1251//1941 1252//1941
f  839//1942 828//1942 1255//1942
f  1255//1943 828//1943 1251//1943
f  1253//1944 1256//1944 1257//1944
f  1257//1945 1256//1945 1258//1945
f  1253//1946 1257//1946 840//1946
f  840//1947 1257//1947 832//1947
f  1259//1948 1257//1948 1260//1948
f  1260//1949 1257//1949 1258//1949
f  1257//1950 1259//1950 1070//1950
f  1070//1951 832//1951 1257//1951
f  844//1952 1261//1952 842//1952
f  842//1953 1261//1953 1262//1953
f  842//1954 1263//1954 1264//1954
f  842//1955 1264//1955 843//1955
f  843//1956 1265//1956 1266//1956
f  843//1957 1266//1957 844//1957
f  844//1958 1266//1958 1267//1958
f  844//1959 1267//1959 1268//1959
f  847//1960 1269//1960 1270//1960
f  847//1961 1270//1961 848//1961
f  848//1962 1270//1962 1271//1962
f  1272//1963 1273//1963 965//1963
f  965//1963 1273//1963 966//1963
f  951//1964 1274//1964 850//1964
f  850//1965 1274//1965 851//1965
f  1275//1966 1276//1966 857//1966
f  857//1967 854//1967 1275//1967
f  1275//1968 854//1968 1274//1968
f  1274//1969 854//1969 851//1969
f  1274//1970 951//1970 950//1970
f  1277//1971 1276//1971 950//1971
f  950//1972 1276//1972 1275//1972
f  950//1973 1275//1973 1274//1973
f  960//1974 959//1974 1278//1974
f  1278//1975 959//1975 1279//1975
f  1280//1976 1281//1976 957//1976
f  957//1977 1281//1977 1282//1977
f  957//1978 1282//1978 958//1978
f  958//1979 1282//1979 959//1979
f  959//1980 1282//1980 1279//1980
f  957//1981 939//1981 1280//1981
f  1280//1982 939//1982 943//1982
f  948//1983 1283//1983 944//1983
f  944//1984 1283//1984 1280//1984
f  944//1985 1280//1985 943//1985
f  948//1986 945//1986 1283//1986
f  1283//1987 945//1987 1284//1987
f  1284//1988 945//1988 946//1988
f  1284//1989 946//1989 947//1989
f  947//1990 850//1990 1284//1990
f  1284//1991 850//1991 849//1991
f  853//1992 1285//1992 852//1992
f  852//1993 1285//1993 1286//1993
f  852//1994 1286//1994 849//1994
f  849//1995 1286//1995 1284//1995
f  856//1996 857//1996 1287//1996
f  856//1997 1287//1997 855//1997
f  853//1998 855//1998 1285//1998
f  989//1963 990//1963 1288//1963
f  1288//1963 990//1963 1289//1963
f  970//657 950//657 972//657
f  972//657 950//657 949//657
f  972//657 949//657 952//657
f  970//657 968//657 950//657
f  950//657 968//657 966//657
f  950//657 966//657 1277//657
f  1277//657 966//657 1273//657
f  862//657 900//657 899//657
f  937//1999 954//1999 955//1999
f  865//2000 937//2000 868//2000
f  954//2001 937//2001 953//2001
f  868//2002 937//2002 869//2002
f  869//2003 937//2003 938//2003
f  869//657 938//657 866//657
f  956//2004 931//2004 955//2004
f  955//2005 931//2005 937//2005
f  860//657 976//657 858//657
f  858//657 976//657 974//657
f  858//657 974//657 972//657
f  858//657 972//657 859//657
f  859//657 972//657 952//657
f  920//2006 919//2006 922//2006
f  891//2007 1027//2007 893//2007
f  893//657 1027//657 1022//657
f  931//2008 956//2008 942//2008
f  931//2009 942//2009 940//2009
f  982//2010 934//2010 984//2010
f  953//2011 937//2011 865//2011
f  953//657 865//657 952//657
f  952//657 865//657 859//657
f  986//2012 933//2012 932//2012
f  986//657 932//657 988//657
f  988//657 932//657 990//657
f  934//2013 933//2013 984//2013
f  984//2014 933//2014 986//2014
f  878//2015 873//2015 872//2015
f  1015//2016 924//2016 923//2016
f  1015//657 923//657 997//657
f  997//2017 923//2017 922//2017
f  908//2018 980//2018 909//2018
f  1027//2019 891//2019 890//2019
f  1027//657 890//657 1029//657
f  1052//2020 1050//2020 863//2020
f  1022//657 1021//657 893//657
f  893//657 1021//657 1043//657
f  893//657 1043//657 892//657
f  1289//657 990//657 1290//657
f  1290//657 990//657 932//657
f  1290//657 932//657 940//657
f  940//657 932//657 930//657
f  940//2021 930//2021 931//2021
f  908//2022 934//2022 980//2022
f  980//2023 934//2023 982//2023
f  904//2024 936//2024 905//2024
f  905//2025 936//2025 935//2025
f  928//2026 881//2026 880//2026
f  928//2027 880//2027 929//2027
f  1029//2028 887//2028 1030//2028
f  1030//2029 887//2029 1015//2029
f  863//2030 1050//2030 864//2030
f  929//2031 880//2031 936//2031
f  873//2032 878//2032 876//2032
f  887//2033 886//2033 1015//2033
f  1015//2034 886//2034 924//2034
f  924//2035 886//2035 926//2035
f  922//2036 919//2036 997//2036
f  888//657 890//657 889//657
f  864//2037 1050//2037 1054//2037
f  864//657 1054//657 861//657
f  861//657 1054//657 964//657
f  861//657 964//657 860//657
f  860//657 964//657 962//657
f  860//657 962//657 976//657
f  896//657 898//657 1043//657
f  1043//2038 898//2038 895//2038
f  1043//2039 895//2039 892//2039
f  935//2040 906//2040 905//2040
f  936//2041 904//2041 929//2041
f  877//2042 592//2042 936//2042
f  878//657 866//657 938//657
f  878//2043 938//2043 877//2043
f  877//2044 938//2044 593//2044
f  592//2045 877//2045 593//2045
f  871//2046 902//2046 862//2046
f  862//2047 902//2047 901//2047
f  862//657 901//657 900//657
f  992//2048 913//2048 912//2048
f  896//657 1043//657 897//657
f  897//657 1043//657 1052//657
f  897//657 1052//657 899//657
f  899//657 1052//657 863//657
f  899//657 863//657 862//657
f  880//2049 877//2049 936//2049
f  866//657 878//657 867//657
f  867//2050 878//2050 872//2050
f  867//2051 872//2051 862//2051
f  862//2052 872//2052 871//2052
f  538//2053 887//2053 888//2053
f  888//2054 887//2054 1029//2054
f  888//657 1029//657 890//657
f  885//2055 884//2055 886//2055
f  886//2056 884//2056 926//2056
f  926//2057 884//2057 883//2057
f  926//2058 883//2058 927//2058
f  927//2059 883//2059 882//2059
f  927//2060 882//2060 928//2060
f  928//2061 882//2061 881//2061
f  920//2062 922//2062 921//2062
f  589//2063 934//2063 590//2063
f  590//2064 934//2064 908//2064
f  590//2065 908//2065 935//2065
f  909//2066 980//2066 978//2066
f  909//2067 978//2067 910//2067
f  910//2068 978//2068 992//2068
f  910//2069 992//2069 912//2069
f  890//2070 544//2070 889//2070
f  935//2071 908//2071 906//2071
f  873//2072 876//2072 874//2072
f  925//2073 924//2073 926//2073
f  565//2074 917//2074 918//2074
f  915//2075 994//2075 916//2075
f  916//2076 994//2076 917//2076
f  917//2077 994//2077 1002//2077
f  895//2078 894//2078 892//2078
f  903//2079 929//2079 904//2079
f  534//2080 885//2080 886//2080
f  880//2081 879//2081 877//2081
f  870//2082 902//2082 871//2082
f  997//2083 919//2083 918//2083
f  997//2084 918//2084 998//2084
f  998//2085 918//2085 1002//2085
f  1002//2086 918//2086 917//2086
f  994//2087 915//2087 914//2087
f  994//2088 914//2088 992//2088
f  992//2089 914//2089 913//2089
f  910//2090 912//2090 911//2090
f  907//2091 906//2091 908//2091
f  875//2092 874//2092 876//2092
f  1291//2093 1290//2093 1292//2093
f  1292//1971 1290//1971 940//1971
f  1292//2094 940//2094 941//2094
f  1292//2095 941//2095 958//2095
f  958//2096 941//2096 939//2096
f  1292//2097 958//2097 960//2097
f  1292//2098 960//2098 1291//2098
f  985//657 987//657 989//657
f  973//657 975//657 961//657
f  967//657 969//657 965//657
f  965//657 969//657 971//657
f  995//657 993//657 1293//657
f  1009//657 1008//657 1006//657
f  977//657 989//657 991//657
f  991//657 989//657 1288//657
f  991//657 1288//657 993//657
f  993//657 1288//657 1294//657
f  993//657 1294//657 1293//657
f  1047//2099 1046//2099 1295//2099
f  1295//657 1046//657 1045//657
f  1041//657 1040//657 1045//657
f  1045//657 1040//657 1038//657
f  1045//657 1038//657 1295//657
f  1295//657 1038//657 1037//657
f  1036//657 1034//657 1037//657
f  1037//657 1034//657 1032//657
f  1037//657 1032//657 1295//657
f  1295//657 1032//657 1031//657
f  983//657 985//657 981//657
f  981//657 985//657 989//657
f  981//657 989//657 979//657
f  979//657 989//657 977//657
f  971//657 973//657 965//657
f  965//657 973//657 961//657
f  965//657 961//657 1272//657
f  1272//657 961//657 963//657
f  1272//657 963//657 1296//657
f  1296//657 963//657 1053//657
f  1296//657 1053//657 1295//657
f  1295//657 1053//657 1049//657
f  1295//657 1049//657 1051//657
f  1018//657 1017//657 1293//657
f  1293//657 1295//657 1018//657
f  1018//657 1295//657 1031//657
f  1018//2100 1031//2100 1019//2100
f  1019//2101 1031//2101 1024//2101
f  1013//657 1012//657 1017//657
f  1017//657 1012//657 1011//657
f  1017//657 1011//657 1293//657
f  1293//657 1011//657 1009//657
f  1293//657 1009//657 1004//657
f  1004//657 1009//657 1006//657
f  1004//657 1003//657 1293//657
f  1293//2102 1003//2102 1000//2102
f  1051//657 1048//657 1295//657
f  1295//2103 1048//2103 1047//2103
f  1000//2104 999//2104 1293//2104
f  1293//657 999//657 1001//657
f  1293//657 1001//657 995//657
f  1026//657 1028//657 1023//657
f  1023//657 1028//657 1025//657
f  1023//2105 1025//2105 1024//2105
f  1024//2106 1025//2106 1019//2106
f  1104//2107 1105//2107 1297//2107
f  1297//2108 1298//2108 1104//2108
f  1104//2109 1298//2109 1299//2109
f  1105//2110 1055//2110 1300//2110
f  1105//2111 1300//2111 1297//2111
f  619//2112 1060//2112 1056//2112
f  1056//2113 1060//2113 1301//2113
f  1056//2114 1301//2114 1055//2114
f  1055//2115 1301//2115 1300//2115
f  1061//2116 1302//2116 1060//2116
f  1060//2117 1302//2117 1303//2117
f  1060//2118 1303//2118 1301//2118
f  1061//2119 622//2119 1302//2119
f  1302//2120 622//2120 1071//2120
f  1302//2121 1304//2121 1305//2121
f  1302//2122 1305//2122 1303//2122
f  1303//2123 1305//2123 1301//2123
f  1306//2124 1300//2124 1307//2124
f  1307//2125 1300//2125 1301//2125
f  1307//2126 1301//2126 1305//2126
f  1302//2127 1071//2127 1304//2127
f  1304//2128 1071//2128 1308//2128
f  1064//2129 1309//2129 1310//2129
f  1064//2130 1310//2130 1071//2130
f  1071//2131 1310//2131 1308//2131
f  1068//2132 1069//2132 1063//2132
f  1063//2133 1069//2133 1070//2133
f  1063//2134 1311//2134 1064//2134
f  1064//2135 1311//2135 1312//2135
f  1064//2136 1312//2136 1309//2136
f  1259//2137 1260//2137 1070//2137
f  1063//2138 1070//2138 1311//2138
f  1311//2139 1070//2139 1260//2139
f  1063//2140 1062//2140 1066//2140
f  1068//2141 1063//2141 1067//2141
f  1067//2142 1063//2142 1066//2142
f  1067//2143 1066//2143 1065//2143
f  1073//2144 1313//2144 1074//2144
f  1075//2145 1074//2145 1076//2145
f  1076//2146 1074//2146 1314//2146
f  1076//2147 1314//2147 1077//2147
f  1077//2148 1314//2148 1078//2148
f  1079//2149 1078//2149 1080//2149
f  1080//2150 1078//2150 1081//2150
f  1082//2151 668//2151 1315//2151
f  1082//2152 1315//2152 1072//2152
f  1072//2153 1315//2153 1316//2153
f  1072//2154 1316//2154 1073//2154
f  1073//2154 1316//2154 1313//2154
f  1317//2155 1318//2155 1319//2155
f  1319//2156 1318//2156 1320//2156
f  1319//2156 1320//2156 1321//2156
f  1321//2157 1320//2157 1322//2157
f  1321//2157 1322//2157 1323//2157
f  1323//2158 1322//2158 1324//2158
f  1323//2158 1324//2158 1325//2158
f  1325//2159 1324//2159 1326//2159
f  1325//2159 1326//2159 1327//2159
f  1327//2160 1326//2160 1328//2160
f  1327//2160 1328//2160 1329//2160
f  1329//2161 1328//2161 1330//2161
f  1329//2161 1330//2161 1331//2161
f  1331//2162 1330//2162 1332//2162
f  1331//2162 1332//2162 1333//2162
f  1333//2163 1332//2163 1334//2163
f  1333//2163 1334//2163 1335//2163
f  1335//2164 1334//2164 1336//2164
f  1335//2164 1336//2164 1337//2164
f  1337//2165 1336//2165 1338//2165
f  1337//2165 1338//2165 1339//2165
f  1339//2166 1338//2166 1340//2166
f  1339//2166 1340//2166 1317//2166
f  1317//2155 1340//2155 1318//2155
f  1341//32 1342//32 1107//32
f  1107//32 1325//32 1327//32
f  1325//32 1107//32 1094//32
f  1094//2167 1107//2167 695//2167
f  1341//32 1089//32 1343//32
f  1343//32 1089//32 1090//32
f  1090//32 1091//32 1343//32
f  1343//32 1091//32 1299//32
f  1343//32 1299//32 1344//32
f  1344//2168 1299//2168 1345//2168
f  1327//32 1329//32 1107//32
f  1107//32 1329//32 1331//32
f  1107//32 1331//32 1341//32
f  1341//32 1331//32 1333//32
f  1341//32 1333//32 1335//32
f  1335//32 1337//32 1103//32
f  1103//32 1337//32 1339//32
f  1103//32 1339//32 1102//32
f  1102//32 1339//32 1317//32
f  1102//2169 1317//2169 1099//2169
f  1099//2170 1317//2170 1319//2170
f  1095//32 1321//32 1094//32
f  1094//32 1321//32 1323//32
f  1094//32 1323//32 1325//32
f  1101//2171 1100//2171 1319//2171
f  1319//2172 1100//2172 1099//2172
f  1091//2173 1092//2173 1299//2173
f  1299//2174 1092//2174 1104//2174
f  1086//32 1087//32 1341//32
f  1341//32 1087//32 1088//32
f  1341//32 1088//32 1089//32
f  1321//2175 1098//2175 1319//2175
f  1319//2176 1098//2176 1101//2176
f  1095//2177 1096//2177 1321//2177
f  1321//2178 1096//2178 1097//2178
f  1335//32 1103//32 1341//32
f  1341//32 1103//32 1085//32
f  1341//32 1085//32 1086//32
f  1321//2179 1097//2179 1098//2179
f  1092//2180 1093//2180 1104//2180
f  1104//2181 1093//2181 1084//2181
f  1104//2182 1084//2182 1103//2182
f  1103//32 1084//32 1083//32
f  1103//32 1083//32 1085//32
f  1143//2183 1112//2183 1111//2183
f  1346//2184 1141//2184 1347//2184
f  1347//2185 1141//2185 1142//2185
f  1347//2186 1142//2186 1348//2186
f  1142//2187 1143//2187 1348//2187
f  1348//2188 1143//2188 1111//2188
f  1348//2189 1111//2189 1349//2189
f  1111//2190 1108//2190 1349//2190
f  1349//2191 1108//2191 1350//2191
f  1350//2192 1108//2192 1118//2192
f  1350//2193 1118//2193 1351//2193
f  1351//2194 1118//2194 1352//2194
f  1352//2195 1118//2195 1123//2195
f  1352//2196 1123//2196 1353//2196
f  1353//2197 1123//2197 1122//2197
f  1353//2198 1122//2198 1354//2198
f  1354//2199 1122//2199 1121//2199
f  1354//2200 1121//2200 1355//2200
f  1355//2201 1121//2201 1120//2201
f  1355//2202 1120//2202 1356//2202
f  1356//2203 1120//2203 1119//2203
f  1356//2204 1119//2204 1357//2204
f  1357//2205 1119//2205 1124//2205
f  1357//2206 1124//2206 1358//2206
f  1124//2207 1125//2207 1358//2207
f  1358//2208 1125//2208 1359//2208
f  1359//2209 1125//2209 1126//2209
f  1359//2210 1126//2210 1360//2210
f  1360//2211 1126//2211 1361//2211
f  1361//2212 1126//2212 1117//2212
f  1362//2213 1363//2213 696//2213
f  1361//2214 1117//2214 1116//2214
f  1361//2215 1116//2215 1364//2215
f  1364//2216 1116//2216 1365//2216
f  1365//2217 1116//2217 1115//2217
f  1365//2218 1115//2218 1366//2218
f  1366//2219 1115//2219 1367//2219
f  1367//2220 1115//2220 1114//2220
f  1367//2221 1114//2221 1368//2221
f  1368//2222 1114//2222 1113//2222
f  1368//2223 1113//2223 1363//2223
f  1363//2224 1113//2224 696//2224
f  696//2225 1106//2225 1362//2225
f  1362//2226 1106//2226 1369//2226
f  1369//2227 1106//2227 1107//2227
f  1369//2228 1107//2228 1342//2228
f  1370//2229 1371//2229 1372//2229
f  1370//2230 1372//2230 1373//2230
f  1370//2231 1373//2231 1374//2231
f  1375//2232 1370//2232 1376//2232
f  1376//2233 1370//2233 1374//2233
f  1377//2234 1378//2234 1346//2234
f  1347//2235 1379//2235 1346//2235
f  1346//2235 1379//2235 1380//2235
f  1346//2234 1380//2234 1377//2234
f  1379//2236 1347//2236 1348//2236
f  1381//2237 1382//2237 1383//2237
f  1383//2237 1382//2237 1384//2237
f  1385//2238 1386//2238 1387//2238
f  1387//2156 1386//2156 1388//2156
f  1387//2156 1388//2156 1389//2156
f  1389//2239 1388//2239 1390//2239
f  1389//2239 1390//2239 1391//2239
f  1391//2240 1390//2240 1392//2240
f  1391//2240 1392//2240 1393//2240
f  1393//2241 1392//2241 1394//2241
f  1393//2242 1394//2242 1395//2242
f  1395//2160 1394//2160 1396//2160
f  1395//2160 1396//2160 1397//2160
f  1397//2161 1396//2161 1398//2161
f  1397//2161 1398//2161 1399//2161
f  1399//2243 1398//2243 1400//2243
f  1399//2243 1400//2243 1401//2243
f  1401//2244 1400//2244 1402//2244
f  1401//2244 1402//2244 1403//2244
f  1403//2245 1402//2245 1404//2245
f  1403//2245 1404//2245 1405//2245
f  1405//2246 1404//2246 1406//2246
f  1405//2247 1406//2247 1407//2247
f  1407//2248 1406//2248 1408//2248
f  1407//2248 1408//2248 1385//2248
f  1385//2238 1408//2238 1386//2238
f  1409//2155 1410//2155 1411//2155
f  1411//2156 1410//2156 1412//2156
f  1411//2156 1412//2156 1413//2156
f  1413//2249 1412//2249 1414//2249
f  1413//2249 1414//2249 1415//2249
f  1415//2250 1414//2250 1416//2250
f  1415//2250 1416//2250 1417//2250
f  1417//2251 1416//2251 1418//2251
f  1417//2251 1418//2251 1419//2251
f  1419//2252 1418//2252 1420//2252
f  1419//2252 1420//2252 1421//2252
f  1421//2161 1420//2161 1422//2161
f  1421//2161 1422//2161 1423//2161
f  1423//2162 1422//2162 1424//2162
f  1423//2162 1424//2162 1425//2162
f  1425//2163 1424//2163 1426//2163
f  1425//2163 1426//2163 1427//2163
f  1427//2245 1426//2245 1428//2245
f  1427//2245 1428//2245 1429//2245
f  1429//2247 1428//2247 1430//2247
f  1429//2247 1430//2247 1431//2247
f  1431//2253 1430//2253 1432//2253
f  1431//2253 1432//2253 1409//2253
f  1409//2155 1432//2155 1410//2155
f  1433//2254 1434//2254 1435//2254
f  1433//2255 1435//2255 1436//2255
f  1437//2256 1436//2256 1435//2256
f  1438//2257 1439//2257 1152//2257
f  1346//32 1378//32 1141//32
f  1141//32 1378//32 1423//32
f  1141//32 1423//32 1140//32
f  1140//32 1423//32 1425//32
f  1438//2258 1152//2258 1440//2258
f  1440//2259 1152//2259 1411//2259
f  1140//2260 1401//2260 1138//2260
f  1138//2261 1401//2261 1403//2261
f  1138//2262 1403//2262 1135//2262
f  1153//32 1148//32 1407//32
f  1407//32 1385//32 1153//32
f  1153//32 1385//32 1387//32
f  1153//32 1387//32 1389//32
f  1429//32 1393//32 1427//32
f  1427//32 1393//32 1395//32
f  1427//32 1395//32 1425//32
f  1425//32 1395//32 1397//32
f  1425//32 1397//32 1140//32
f  1140//32 1397//32 1399//32
f  1140//32 1399//32 1401//32
f  1411//2263 1152//2263 1409//2263
f  1409//2264 1152//2264 1153//2264
f  1409//32 1153//32 1431//32
f  1431//32 1153//32 1389//32
f  1431//32 1389//32 1429//32
f  1429//32 1389//32 1391//32
f  1429//32 1391//32 1393//32
f  1441//32 1419//32 1378//32
f  1378//32 1419//32 1421//32
f  1378//32 1421//32 1423//32
f  1134//2265 1135//2265 1403//2265
f  1134//2266 1403//2266 1133//2266
f  1133//2267 1403//2267 1128//2267
f  1407//2268 1130//2268 1131//2268
f  1407//2269 1131//2269 1405//2269
f  1405//2270 1131//2270 1403//2270
f  1403//2271 1131//2271 1129//2271
f  1403//2272 1129//2272 1128//2272
f  1411//32 1413//32 1440//32
f  1440//32 1413//32 1415//32
f  1440//32 1415//32 1441//32
f  1441//32 1415//32 1417//32
f  1441//32 1417//32 1419//32
f  1148//32 1147//32 1407//32
f  1407//2273 1147//2273 1145//2273
f  1145//2274 1144//2274 1407//2274
f  1407//2275 1144//2275 1130//2275
f  1159//2276 1183//2276 1442//2276
f  1442//2277 1183//2277 1443//2277
f  1443//2278 1183//2278 263//2278
f  1443//2279 263//2279 1444//2279
f  1445//2280 1224//2280 1446//2280
f  1446//2281 1224//2281 1223//2281
f  1159//2282 1442//2282 1161//2282
f  1161//2283 1442//2283 1447//2283
f  1161//2284 1447//2284 1163//2284
f  1163//2285 1447//2285 1446//2285
f  1163//2286 1446//2286 1223//2286
f  1444//2287 263//2287 1448//2287
f  263//2288 1182//2288 1448//2288
f  1448//2289 1182//2289 1165//2289
f  1448//2290 1165//2290 1449//2290
f  1449//2291 1165//2291 1178//2291
f  1449//2292 1178//2292 1450//2292
f  1450//2293 1178//2293 1177//2293
f  1450//2294 1177//2294 1451//2294
f  1451//2295 1177//2295 1176//2295
f  1451//2296 1176//2296 1452//2296
f  1452//2297 1176//2297 1175//2297
f  1452//2298 1175//2298 1453//2298
f  1175//2299 1174//2299 1453//2299
f  1453//2300 1174//2300 1179//2300
f  1453//2301 1179//2301 1454//2301
f  1454//2302 1179//2302 1455//2302
f  1179//2303 1180//2303 1455//2303
f  1455//2304 1180//2304 1456//2304
f  1456//2305 1180//2305 1181//2305
f  1456//2306 1181//2306 1457//2306
f  1457//2307 1181//2307 1458//2307
f  1181//2308 1173//2308 1458//2308
f  1458//2309 1173//2309 1172//2309
f  1458//2310 1172//2310 1459//2310
f  1172//2311 1171//2311 1459//2311
f  1459//2312 1171//2312 1460//2312
f  1460//2313 1171//2313 1461//2313
f  1171//2314 1170//2314 1461//2314
f  1461//2315 1170//2315 1462//2315
f  1462//2316 1170//2316 1169//2316
f  1462//2317 1169//2317 1463//2317
f  1463//2318 1169//2318 1168//2318
f  1463//2319 1168//2319 1464//2319
f  1464//2320 1168//2320 1155//2320
f  1155//2321 1150//2321 1464//2321
f  1464//2322 1150//2322 1465//2322
f  1152//2323 1439//2323 1149//2323
f  1149//2324 1439//2324 1465//2324
f  1149//2325 1465//2325 1150//2325
f  1190//2326 1189//2326 1191//2326
f  1191//2327 1189//2327 1466//2327
f  1191//2328 1466//2328 1192//2328
f  1192//2329 1466//2329 1467//2329
f  1192//2330 1467//2330 1193//2330
f  1193//2331 1467//2331 1194//2331
f  1195//2332 1194//2332 1196//2332
f  1196//2333 1194//2333 1468//2333
f  1196//2334 1468//2334 1197//2334
f  1198//2335 1197//2335 1199//2335
f  1199//2336 1197//2336 1469//2336
f  1199//2337 1469//2337 762//2337
f  1470//2155 1471//2155 1472//2155
f  1472//2156 1471//2156 1473//2156
f  1472//2156 1473//2156 1474//2156
f  1474//2239 1473//2239 1475//2239
f  1474//2239 1475//2239 1476//2239
f  1476//2338 1475//2338 1477//2338
f  1476//2338 1477//2338 1478//2338
f  1478//2339 1477//2339 1479//2339
f  1478//2339 1479//2339 1480//2339
f  1480//2340 1479//2340 1481//2340
f  1480//2340 1481//2340 1482//2340
f  1482//2161 1481//2161 1483//2161
f  1482//2161 1483//2161 1484//2161
f  1484//2162 1483//2162 1485//2162
f  1484//2162 1485//2162 1486//2162
f  1486//2341 1485//2341 1487//2341
f  1486//2341 1487//2341 1488//2341
f  1488//2342 1487//2342 1489//2342
f  1488//2342 1489//2342 1490//2342
f  1490//2343 1489//2343 1491//2343
f  1490//2343 1491//2343 1492//2343
f  1492//2253 1491//2253 1493//2253
f  1492//2253 1493//2253 1470//2253
f  1470//2155 1493//2155 1471//2155
f  1494//32 1495//32 1230//32
f  1230//2344 1495//2344 1496//2344
f  1230//2345 1210//2345 1206//2345
f  1211//32 1212//32 1486//32
f  1486//2346 1212//2346 1213//2346
f  1486//2347 1213//2347 1484//2347
f  1205//32 1206//32 1211//32
f  1211//2348 1206//2348 1210//2348
f  1486//32 1488//32 1211//32
f  1211//32 1488//32 1490//32
f  1211//32 1490//32 1205//32
f  1205//32 1490//32 1492//32
f  1205//32 1492//32 1204//32
f  1204//32 1492//32 1470//32
f  1204//32 1470//32 1472//32
f  1484//2349 1213//2349 1214//2349
f  1206//2350 1207//2350 1230//2350
f  1230//2351 1207//2351 1494//2351
f  1494//2352 1207//2352 1208//2352
f  1219//2353 1218//2353 1480//2353
f  1480//2354 1218//2354 1478//2354
f  1478//2355 1218//2355 1217//2355
f  1478//32 1217//32 1476//32
f  1476//32 1217//32 1221//32
f  1476//32 1221//32 1474//32
f  1216//2356 1482//2356 1215//2356
f  1215//2357 1482//2357 1484//2357
f  1215//2358 1484//2358 1214//2358
f  1208//32 1201//32 1494//32
f  1494//32 1201//32 1224//32
f  1494//32 1224//32 1497//32
f  1497//2359 1224//2359 1445//2359
f  1201//32 1200//32 1224//32
f  1224//32 1200//32 1202//32
f  1224//2360 1202//2360 1222//2360
f  1472//32 1474//32 1204//32
f  1204//32 1474//32 1221//32
f  1204//2361 1221//2361 1203//2361
f  1203//2362 1221//2362 1222//2362
f  1203//2363 1222//2363 1202//2363
f  1482//2364 1216//2364 1220//2364
f  1482//32 1220//32 1480//32
f  1480//2365 1220//2365 1219//2365
f  1245//2366 1226//2366 1498//2366
f  1498//2367 1226//2367 1499//2367
f  1498//2368 1499//2368 1500//2368
f  1501//2369 1502//2369 1499//2369
f  1226//2370 1225//2370 1499//2370
f  1499//2371 1225//2371 1229//2371
f  1499//2372 1229//2372 1501//2372
f  1501//2373 1229//2373 1496//2373
f  1496//2374 1229//2374 1230//2374
f  1503//2375 1502//2375 1501//2375
f  1495//2376 1504//2376 1496//2376
f  1496//2377 1504//2377 1503//2377
f  1496//2378 1503//2378 1501//2378
f  1503//2379 1504//2379 1505//2379
f  1503//2380 1505//2380 1506//2380
f  1498//2381 1500//2381 1507//2381
f  1507//2382 1508//2382 1498//2382
f  1498//2383 1508//2383 1509//2383
f  1498//2384 1509//2384 1245//2384
f  275//2385 1510//2385 846//2385
f  846//2386 1510//2386 1511//2386
f  846//2387 1511//2387 847//2387
f  847//2388 1511//2388 1269//2388
f  1510//2389 275//2389 274//2389
f  1512//2390 1510//2390 274//2390
f  1512//2391 274//2391 1513//2391
f  1513//2392 274//2392 278//2392
f  848//2393 1271//2393 845//2393
f  845//2394 1271//2394 1514//2394
f  845//2395 1514//2395 278//2395
f  278//2396 1514//2396 1513//2396
f  1235//2397 1515//2397 1233//2397
f  1233//2398 1515//2398 1516//2398
f  1235//2399 1232//2399 1515//2399
f  1515//2400 1232//2400 1517//2400
f  1517//2401 1232//2401 1518//2401
f  1518//2402 1232//2402 1519//2402
f  1232//2403 1234//2403 1519//2403
f  1519//2404 1234//2404 1520//2404
f  1520//2405 1234//2405 1521//2405
f  1234//2406 1231//2406 1521//2406
f  1521//2407 1231//2407 1522//2407
f  1522//2408 1231//2408 1523//2408
f  1523//2409 1231//2409 1233//2409
f  1523//2410 1233//2410 1516//2410
f  1244//2411 1248//2411 1524//2411
f  1524//2412 1248//2412 1525//2412
f  1524//2413 1525//2413 1526//2413
f  1248//2414 1247//2414 1525//2414
f  1525//2415 1247//2415 1527//2415
f  1527//2416 1247//2416 1246//2416
f  1509//2417 1527//2417 1245//2417
f  1245//2418 1527//2418 1246//2418
f  1528//2419 1529//2419 1307//2419
f  1307//2420 1529//2420 1306//2420
f  1305//2421 1304//2421 1530//2421
f  1531//2422 1305//2422 1530//2422
f  1531//2423 1530//2423 1532//2423
f  1532//2424 1530//2424 1533//2424
f  1531//2425 1528//2425 1305//2425
f  1305//2426 1528//2426 1307//2426
f  1534//2427 1535//2427 1536//2427
f  1236//2428 1523//2428 1516//2428
f  1249//2429 1240//2429 1239//2429
f  1236//2430 1516//2430 1237//2430
f  1237//2431 1516//2431 1239//2431
f  1239//2432 1516//2432 1249//2432
f  1249//2433 1516//2433 1252//2433
f  1252//2434 1516//2434 1515//2434
f  1252//2435 1515//2435 1537//2435
f  1538//2436 1241//2436 1526//2436
f  1526//2437 1241//2437 1524//2437
f  1524//2438 1241//2438 1244//2438
f  1236//2439 1243//2439 1523//2439
f  1523//2440 1243//2440 1538//2440
f  1538//2441 1243//2441 1242//2441
f  1538//2442 1242//2442 1241//2442
f  1252//2443 1537//2443 1255//2443
f  1255//2444 1537//2444 1539//2444
f  1255//2445 1539//2445 1254//2445
f  1254//2446 1539//2446 1253//2446
f  1253//2447 1539//2447 1540//2447
f  1253//2448 1540//2448 1256//2448
f  1256//2449 1540//2449 1541//2449
f  1256//2450 1541//2450 1258//2450
f  1258//2451 1541//2451 1311//2451
f  1258//2452 1311//2452 1260//2452
f  1309//2453 1312//2453 1534//2453
f  1311//2454 1541//2454 1312//2454
f  1312//2455 1541//2455 1534//2455
f  1309//2456 1534//2456 1310//2456
f  1310//2457 1534//2457 1308//2457
f  1308//2458 1534//2458 1536//2458
f  1308//2459 1536//2459 1533//2459
f  1308//2460 1533//2460 1304//2460
f  1304//2461 1533//2461 1530//2461
f  1542//2462 1514//2462 1271//2462
f  844//2463 1271//2463 1261//2463
f  1266//2464 1543//2464 1267//2464
f  1267//2465 1543//2465 1544//2465
f  1267//2465 1544//2465 1268//2465
f  1268//2466 1544//2466 1542//2466
f  1268//2467 1542//2467 844//2467
f  844//2468 1542//2468 1271//2468
f  1535//2469 1534//2469 1265//2469
f  1265//2470 1534//2470 1266//2470
f  1266//2471 1534//2471 1543//2471
f  1535//2472 1265//2472 843//2472
f  1535//2473 843//2473 1545//2473
f  1545//2474 843//2474 1264//2474
f  1545//2475 1264//2475 1546//2475
f  1546//2476 1264//2476 1263//2476
f  1546//2476 1263//2476 1547//2476
f  1547//2477 1263//2477 842//2477
f  1547//2478 842//2478 1548//2478
f  842//2479 1269//2479 1548//2479
f  1548//2480 1269//2480 1511//2480
f  1261//2481 1271//2481 1270//2481
f  1261//2482 1270//2482 1262//2482
f  1262//2483 1270//2483 1269//2483
f  1262//2484 1269//2484 842//2484
f  1277//2485 1273//2485 1272//2485
f  857//2486 1276//2486 1277//2486
f  857//2487 1277//2487 1549//2487
f  1549//2488 1277//2488 1272//2488
f  1549//2488 1272//2488 1550//2488
f  1550//1509 1272//1509 1296//1509
f  1549//2489 1551//2489 857//2489
f  857//2490 1551//2490 1287//2490
f  1278//2491 1279//2491 1552//2491
f  1279//2492 1282//2492 1552//2492
f  1552//2493 1282//2493 1281//2493
f  1284//2494 1286//2494 1551//2494
f  1551//2495 1286//2495 1285//2495
f  1285//2496 855//2496 1551//2496
f  1551//2497 855//2497 1287//2497
f  1281//2498 1280//2498 1552//2498
f  1552//2499 1280//2499 1283//2499
f  1552//2500 1283//2500 1551//2500
f  1551//2501 1283//2501 1284//2501
f  1553//2502 960//2502 1552//2502
f  1552//2503 960//2503 1278//2503
f  1290//2504 1291//2504 960//2504
f  1554//2505 1294//2505 1553//2505
f  1553//2505 1294//2505 1288//2505
f  1288//2505 1289//2505 1553//2505
f  1553//2506 1289//2506 1290//2506
f  1553//2507 1290//2507 960//2507
f  1555//2508 1293//2508 1554//2508
f  1554//2509 1293//2509 1294//2509
f  1295//2510 1293//2510 1556//2510
f  1556//2510 1293//2510 1555//2510
f  1295//2511 1556//2511 1296//2511
f  1296//2512 1556//2512 1550//2512
f  1557//2513 1558//2513 1559//2513
f  1557//2514 1559//2514 1560//2514
f  1561//2515 1562//2515 1563//2515
f  1561//2516 1563//2516 1564//2516
f  1565//2517 1566//2517 1563//2517
f  1562//2518 1344//2518 1345//2518
f  1562//2519 1345//2519 1563//2519
f  1563//2520 1345//2520 1565//2520
f  1567//2521 1566//2521 1565//2521
f  1345//2522 1299//2522 1565//2522
f  1299//2523 1298//2523 1565//2523
f  1565//2524 1298//2524 1567//2524
f  1567//2525 1298//2525 1297//2525
f  1567//2526 1297//2526 1300//2526
f  1306//2527 1568//2527 1567//2527
f  1300//2528 1306//2528 1567//2528
f  1569//2529 1568//2529 1306//2529
f  1529//2530 1570//2530 1569//2530
f  1569//2531 1306//2531 1529//2531
f  1561//2532 1564//2532 1571//2532
f  1561//2533 1572//2533 1562//2533
f  1562//2534 1572//2534 1573//2534
f  1562//2535 1573//2535 1344//2535
f  1574//2536 1341//2536 1573//2536
f  1573//2537 1341//2537 1343//2537
f  1573//2538 1343//2538 1344//2538
f  1575//2539 1576//2539 1577//2539
f  1577//2540 1576//2540 1578//2540
f  1578//2541 1576//2541 1579//2541
f  1580//2542 1581//2542 1582//2542
f  1582//2543 1581//2543 1583//2543
f  1582//2544 1583//2544 1584//2544
f  1575//2545 1577//2545 1585//2545
f  1575//2546 1585//2546 1584//2546
f  1586//2547 1316//2547 1587//2547
f  1587//2548 1316//2548 1588//2548
f  1587//2549 1588//2549 1579//2549
f  1579//2550 1588//2550 1578//2550
f  1581//2551 1580//2551 1589//2551
f  1589//2552 1580//2552 1318//2552
f  1589//2553 1318//2553 1587//2553
f  1587//2554 1318//2554 1586//2554
f  1585//2555 1590//2555 1584//2555
f  1584//2555 1590//2555 1591//2555
f  1584//2556 1591//2556 1582//2556
f  1316//2557 1586//2557 1592//2557
f  1592//2558 1586//2558 1582//2558
f  1592//2555 1582//2555 1591//2555
f  1341//2559 1574//2559 1342//2559
f  1342//2560 1574//2560 1593//2560
f  1342//2561 1593//2561 1369//2561
f  1369//2562 1593//2562 1362//2562
f  1362//2563 1593//2563 1363//2563
f  1594//2564 1595//2564 1372//2564
f  1594//2565 1372//2565 1596//2565
f  1596//2566 1372//2566 1371//2566
f  1596//2567 1371//2567 1597//2567
f  1597//2568 1371//2568 1370//2568
f  1597//2569 1370//2569 1375//2569
f  1598//2570 1380//2570 1379//2570
f  1599//2571 1366//2571 1600//2571
f  1600//2572 1366//2572 1367//2572
f  1600//2573 1367//2573 1601//2573
f  1601//2574 1367//2574 1593//2574
f  1593//2575 1367//2575 1368//2575
f  1593//2576 1368//2576 1363//2576
f  1602//2577 1359//2577 1360//2577
f  1602//2578 1360//2578 1603//2578
f  1603//2579 1360//2579 1361//2579
f  1603//2580 1361//2580 1599//2580
f  1599//2581 1361//2581 1364//2581
f  1599//2582 1364//2582 1365//2582
f  1599//2583 1365//2583 1366//2583
f  1359//2584 1602//2584 1358//2584
f  1358//2585 1602//2585 1357//2585
f  1357//2586 1602//2586 1604//2586
f  1357//2587 1604//2587 1356//2587
f  1356//2588 1604//2588 1355//2588
f  1355//2589 1604//2589 1605//2589
f  1355//2590 1605//2590 1354//2590
f  1354//2590 1605//2590 1353//2590
f  1353//2591 1605//2591 1352//2591
f  1352//2592 1605//2592 1606//2592
f  1352//2593 1606//2593 1351//2593
f  1351//2594 1606//2594 1607//2594
f  1351//2595 1607//2595 1350//2595
f  1350//2596 1607//2596 1598//2596
f  1350//2597 1598//2597 1349//2597
f  1349//2598 1598//2598 1379//2598
f  1349//2599 1379//2599 1348//2599
f  1608//2600 1373//2600 1595//2600
f  1595//2601 1373//2601 1372//2601
f  1383//1266 1384//1266 1376//1266
f  1608//1266 1609//1266 1373//1266
f  1373//2602 1609//2602 1610//2602
f  1373//2603 1610//2603 1383//2603
f  1373//1266 1383//1266 1374//1266
f  1374//1266 1383//1266 1376//1266
f  1611//2604 1438//2604 1612//2604
f  1612//2605 1438//2605 1440//2605
f  1612//2606 1440//2606 1613//2606
f  1613//2606 1440//2606 1441//2606
f  1613//2607 1441//2607 1377//2607
f  1377//2608 1441//2608 1378//2608
f  1376//2609 1384//2609 1375//2609
f  1375//2610 1384//2610 1382//2610
f  1382//2611 1614//2611 1375//2611
f  1375//2612 1614//2612 1377//2612
f  1375//2613 1377//2613 1597//2613
f  1597//2614 1377//2614 1380//2614
f  1597//2615 1380//2615 1596//2615
f  1614//1266 1382//1266 1615//1266
f  1615//1266 1382//1266 1381//1266
f  1610//2616 1616//2616 1383//2616
f  1383//2617 1616//2617 1617//2617
f  1383//2618 1617//2618 1381//2618
f  1381//2619 1617//2619 1615//2619
f  1618//2620 1619//2620 1434//2620
f  1433//2621 1620//2621 1616//2621
f  1616//2622 1620//2622 1621//2622
f  1616//2623 1621//2623 1617//2623
f  1622//2624 1434//2624 1623//2624
f  1623//2625 1434//2625 1619//2625
f  1386//2626 1624//2626 1625//2626
f  1625//2627 1624//2627 1623//2627
f  1618//2628 1434//2628 1433//2628
f  1618//2629 1433//2629 1626//2629
f  1386//2630 1627//2630 1624//2630
f  1624//2631 1627//2631 1628//2631
f  1628//2632 1627//2632 1629//2632
f  1628//2633 1629//2633 1616//2633
f  1626//2634 1433//2634 1616//2634
f  1616//2635 1629//2635 1630//2635
f  1631//2636 1632//2636 1633//2636
f  1633//2637 1632//2637 1625//2637
f  1633//2638 1625//2638 1623//2638
f  1633//2639 1623//2639 1410//2639
f  1410//2640 1623//2640 1619//2640
f  1626//2641 1616//2641 1631//2641
f  1631//2642 1616//2642 1630//2642
f  1631//2643 1630//2643 1632//2643
f  1620//2644 1433//2644 1436//2644
f  1620//2645 1436//2645 1634//2645
f  1634//2646 1436//2646 1635//2646
f  1634//2647 1635//2647 1636//2647
f  1636//2648 1635//2648 1437//2648
f  1636//2649 1437//2649 1637//2649
f  1637//2650 1437//2650 1435//2650
f  1637//2651 1435//2651 1434//2651
f  1637//2652 1434//2652 1622//2652
f  1439//2653 1438//2653 1611//2653
f  1611//2654 1638//2654 1439//2654
f  1439//2655 1638//2655 1465//2655
f  1465//2656 1638//2656 1464//2656
f  1448//2657 1449//2657 1639//2657
f  1640//2658 1461//2658 1641//2658
f  1641//2659 1461//2659 1462//2659
f  1641//2660 1462//2660 1638//2660
f  1638//2661 1462//2661 1463//2661
f  1638//2662 1463//2662 1464//2662
f  1642//2663 1456//2663 1457//2663
f  1642//2664 1457//2664 1643//2664
f  1643//2665 1457//2665 1458//2665
f  1643//2666 1458//2666 1644//2666
f  1644//2667 1458//2667 1640//2667
f  1640//2668 1458//2668 1459//2668
f  1640//2669 1459//2669 1460//2669
f  1640//2670 1460//2670 1461//2670
f  1456//2663 1642//2663 1455//2663
f  1455//2671 1642//2671 1454//2671
f  1454//2672 1642//2672 1645//2672
f  1639//2673 1449//2673 1450//2673
f  1639//2674 1450//2674 1646//2674
f  1646//2675 1450//2675 1451//2675
f  1646//2676 1451//2676 1452//2676
f  1646//2677 1452//2677 1645//2677
f  1645//2678 1452//2678 1453//2678
f  1645//2679 1453//2679 1454//2679
f  1448//2680 1639//2680 1444//2680
f  1444//2681 1639//2681 1647//2681
f  1444//2682 1647//2682 1443//2682
f  1443//2683 1647//2683 1442//2683
f  1442//2684 1647//2684 1648//2684
f  1442//2685 1648//2685 1447//2685
f  1446//2686 1447//2686 1648//2686
f  1649//2687 1497//2687 1648//2687
f  1648//2688 1497//2688 1445//2688
f  1648//2689 1445//2689 1446//2689
f  1650//2690 1471//2690 1651//2690
f  1652//2691 1653//2691 1654//2691
f  1654//2692 1653//2692 1469//2692
f  1654//2693 1469//2693 1655//2693
f  1655//2694 1469//2694 1656//2694
f  1655//2695 1656//2695 1657//2695
f  1650//2696 1651//2696 1658//2696
f  1658//2697 1651//2697 1659//2697
f  1658//2698 1659//2698 1660//2698
f  1660//2699 1659//2699 1657//2699
f  1660//2700 1657//2700 1661//2700
f  1661//2701 1657//2701 1656//2701
f  1662//2702 1663//2702 1664//2702
f  1659//2703 1651//2703 1663//2703
f  1663//2704 1651//2704 1664//2704
f  1650//2705 1652//2705 1471//2705
f  1471//2706 1652//2706 1654//2706
f  1471//2707 1654//2707 1665//2707
f  1665//2708 1654//2708 1666//2708
f  1665//2709 1666//2709 1667//2709
f  1667//2710 1666//2710 1668//2710
f  1667//2711 1668//2711 1662//2711
f  1667//2712 1662//2712 1664//2712
f  1504//2713 1495//2713 1494//2713
f  1497//2714 1649//2714 1494//2714
f  1494//2715 1649//2715 1669//2715
f  1494//2716 1669//2716 1504//2716
f  1504//2717 1669//2717 1670//2717
f  1671//2718 1506//2718 1505//2718
f  1504//2719 1670//2719 1505//2719
f  1672//1266 1673//1266 1674//1266
f  1674//1266 1673//1266 1675//1266
f  1502//2720 1503//2720 1506//2720
f  1671//2721 1676//2721 1506//2721
f  1506//2722 1676//2722 1677//2722
f  1499//2723 1502//2723 1500//2723
f  1500//2724 1502//2724 1506//2724
f  1500//2725 1506//2725 1507//2725
f  1507//2726 1506//2726 1677//2726
f  1507//2727 1677//2727 1508//2727
f  1508//2728 1677//2728 1678//2728
f  1508//2729 1678//2729 1509//2729
f  1534//2730 1541//2730 1543//2730
f  1528//32 1531//32 1546//32
f  1536//2731 1535//2731 1545//2731
f  1536//32 1545//32 1533//32
f  1533//32 1545//32 1546//32
f  1533//32 1546//32 1532//32
f  1532//32 1546//32 1531//32
f  1513//32 1514//32 1542//32
f  1518//32 1519//32 1679//32
f  1679//32 1519//32 1678//32
f  1678//2732 1519//2732 1520//2732
f  1509//2733 1522//2733 1527//2733
f  1528//2734 1546//2734 1529//2734
f  1529//2735 1546//2735 1547//2735
f  1529//2736 1547//2736 1679//2736
f  1679//32 1547//32 1548//32
f  1679//32 1548//32 1511//32
f  1511//2737 1510//2737 1679//2737
f  1512//32 1513//32 1518//32
f  1537//2738 1515//2738 1517//2738
f  1537//32 1517//32 1539//32
f  1678//2739 1520//2739 1521//2739
f  1678//32 1521//32 1509//32
f  1509//2740 1521//2740 1522//2740
f  1538//2741 1522//2741 1523//2741
f  1538//2742 1526//2742 1522//2742
f  1522//2743 1526//2743 1525//2743
f  1522//2744 1525//2744 1527//2744
f  1543//32 1541//32 1544//32
f  1544//32 1541//32 1540//32
f  1544//32 1540//32 1542//32
f  1518//32 1513//32 1542//32
f  1518//32 1542//32 1517//32
f  1517//32 1542//32 1540//32
f  1517//32 1540//32 1539//32
f  1679//2745 1510//2745 1512//2745
f  1679//32 1512//32 1518//32
f  1680//2746 1570//2746 1679//2746
f  1679//2747 1570//2747 1529//2747
f  1549//2748 1550//2748 1681//2748
f  1681//2749 1550//2749 1682//2749
f  1683//2750 1551//2750 1681//2750
f  1681//2751 1551//2751 1549//2751
f  1552//2752 1551//2752 1684//2752
f  1684//2752 1551//2752 1683//2752
f  1685//2753 1553//2753 1684//2753
f  1684//2754 1553//2754 1552//2754
f  1554//2755 1553//2755 1686//2755
f  1686//2756 1553//2756 1685//2756
f  1555//2757 1554//2757 1687//2757
f  1687//2758 1554//2758 1686//2758
f  1556//2759 1555//2759 1688//2759
f  1688//2759 1555//2759 1687//2759
f  1550//2760 1556//2760 1682//2760
f  1682//2761 1556//2761 1688//2761
f  1689//2762 1557//2762 1560//2762
f  1689//2763 1560//2763 1690//2763
f  1690//2764 1560//2764 1691//2764
f  1691//2765 1560//2765 1559//2765
f  1691//2766 1559//2766 1692//2766
f  1558//2767 1692//2767 1559//2767
f  1693//2768 1692//2768 1558//2768
f  1689//2769 1694//2769 1557//2769
f  1557//2770 1694//2770 1695//2770
f  1557//2771 1695//2771 1558//2771
f  1558//1266 1695//1266 1696//1266
f  1558//1266 1696//1266 1693//1266
f  1697//2772 1571//2772 1680//2772
f  1680//2773 1571//2773 1564//2773
f  1564//2774 1563//2774 1568//2774
f  1568//2775 1563//2775 1566//2775
f  1568//2776 1566//2776 1567//2776
f  1564//2777 1568//2777 1680//2777
f  1680//2778 1568//2778 1569//2778
f  1680//2779 1569//2779 1570//2779
f  1698//1266 1699//1266 1700//1266
f  1700//1266 1701//1266 1698//1266
f  1698//1266 1701//1266 1702//1266
f  1698//1266 1702//1266 1703//1266
f  1704//1266 1705//1266 1706//1266
f  1706//1266 1705//1266 1707//1266
f  1706//1266 1707//1266 1708//1266
f  1708//1266 1707//1266 1709//1266
f  1703//1266 1710//1266 1698//1266
f  1698//1266 1710//1266 1711//1266
f  1698//1266 1711//1266 1707//1266
f  1707//1266 1711//1266 1712//1266
f  1707//1266 1712//1266 1709//1266
f  1713//1266 1714//1266 1715//1266
f  1716//1266 1717//1266 1718//1266
f  1718//1266 1717//1266 1719//1266
f  1718//1266 1719//1266 1720//1266
f  1716//1266 1721//1266 1717//1266
f  1717//1266 1721//1266 1714//1266
f  1717//1266 1714//1266 1722//1266
f  1722//1266 1714//1266 1723//1266
f  1713//1266 1724//1266 1714//1266
f  1714//1266 1724//1266 1725//1266
f  1714//1266 1725//1266 1723//1266
f  1715//1266 1726//1266 1713//1266
f  1713//1266 1726//1266 1727//1266
f  1713//1266 1727//1266 1728//1266
f  1728//1266 1729//1266 1713//1266
f  1713//1266 1729//1266 1730//1266
f  1713//1266 1730//1266 1731//1266
f  1720//1266 1732//1266 1718//1266
f  1718//1266 1732//1266 1733//1266
f  1718//1266 1733//1266 1734//1266
f  1734//1266 1735//1266 1718//1266
f  1718//1266 1735//1266 1736//1266
f  1718//1266 1736//1266 1737//1266
f  1694//2780 1738//2780 1695//2780
f  1695//2780 1738//2780 1739//2780
f  1739//2781 1740//2781 1695//2781
f  1695//2781 1740//2781 1696//2781
f  1741//2782 1693//2782 1740//2782
f  1740//2782 1693//2782 1696//2782
f  1571//2783 1742//2783 1561//2783
f  1561//2784 1742//2784 1743//2784
f  1561//2785 1743//2785 1744//2785
f  1561//2786 1744//2786 1572//2786
f  1573//2787 1745//2787 1574//2787
f  1574//2788 1745//2788 1575//2788
f  1579//2789 1745//2789 1746//2789
f  1746//2790 1745//2790 1573//2790
f  1746//2791 1573//2791 1744//2791
f  1744//2792 1573//2792 1572//2792
f  1747//2793 1587//2793 1746//2793
f  1746//2794 1587//2794 1579//2794
f  1748//2795 1583//2795 1749//2795
f  1749//2796 1583//2796 1750//2796
f  1749//2797 1750//2797 1751//2797
f  1751//2798 1750//2798 1752//2798
f  1751//2799 1752//2799 1747//2799
f  1747//2800 1752//2800 1587//2800
f  1753//2801 1583//2801 1748//2801
f  1748//2802 1754//2802 1753//2802
f  1753//2803 1754//2803 1593//2803
f  1753//2804 1593//2804 1575//2804
f  1575//2805 1593//2805 1574//2805
f  1596//2806 1380//2806 1594//2806
f  1594//2807 1380//2807 1598//2807
f  1594//2808 1598//2808 1607//2808
f  1594//2809 1607//2809 1595//2809
f  1593//2810 1754//2810 1601//2810
f  1601//2811 1754//2811 1755//2811
f  1595//2812 1607//2812 1756//2812
f  1756//2813 1607//2813 1606//2813
f  1756//2814 1606//2814 1757//2814
f  1757//2815 1606//2815 1605//2815
f  1757//2816 1605//2816 1758//2816
f  1758//2817 1605//2817 1604//2817
f  1758//2818 1604//2818 1759//2818
f  1759//2819 1604//2819 1760//2819
f  1604//2820 1602//2820 1760//2820
f  1760//2821 1602//2821 1761//2821
f  1602//2822 1603//2822 1761//2822
f  1761//2823 1603//2823 1762//2823
f  1603//2824 1599//2824 1762//2824
f  1762//2825 1599//2825 1755//2825
f  1755//2826 1599//2826 1600//2826
f  1755//2827 1600//2827 1601//2827
f  1609//2614 1608//2614 1763//2614
f  1763//2828 1608//2828 1595//2828
f  1764//2829 1765//2829 1624//2829
f  1624//2830 1765//2830 1766//2830
f  1609//2831 1763//2831 1610//2831
f  1610//2832 1763//2832 1767//2832
f  1610//2833 1767//2833 1765//2833
f  1610//2834 1765//2834 1616//2834
f  1616//2835 1765//2835 1764//2835
f  1768//2836 1623//2836 1766//2836
f  1766//2836 1623//2836 1624//2836
f  1769//2837 1620//2837 1613//2837
f  1634//2838 1612//2838 1613//2838
f  1634//2839 1613//2839 1620//2839
f  1634//2840 1637//2840 1612//2840
f  1612//2841 1637//2841 1770//2841
f  1770//2842 1637//2842 1622//2842
f  1617//2843 1769//2843 1615//2843
f  1615//2844 1769//2844 1613//2844
f  1615//2845 1613//2845 1614//2845
f  1614//2846 1613//2846 1377//2846
f  1771//2847 1611//2847 1768//2847
f  1768//2848 1611//2848 1612//2848
f  1768//2849 1612//2849 1623//2849
f  1623//2850 1612//2850 1770//2850
f  1771//2851 1772//2851 1611//2851
f  1611//2852 1772//2852 1638//2852
f  1648//2853 1647//2853 1773//2853
f  1773//2854 1647//2854 1774//2854
f  1638//2855 1772//2855 1641//2855
f  1641//2856 1772//2856 1775//2856
f  1774//2857 1647//2857 1639//2857
f  1774//2858 1639//2858 1776//2858
f  1776//2859 1639//2859 1646//2859
f  1776//2860 1646//2860 1777//2860
f  1777//2861 1646//2861 1645//2861
f  1777//2862 1645//2862 1778//2862
f  1778//2863 1645//2863 1779//2863
f  1645//2864 1642//2864 1779//2864
f  1779//2865 1642//2865 1780//2865
f  1642//2866 1643//2866 1780//2866
f  1780//2867 1643//2867 1644//2867
f  1780//2868 1644//2868 1781//2868
f  1644//2869 1640//2869 1781//2869
f  1781//2870 1640//2870 1775//2870
f  1775//2871 1640//2871 1641//2871
f  1648//2872 1782//2872 1649//2872
f  1649//2873 1782//2873 1654//2873
f  1783//2874 1668//2874 1773//2874
f  1773//2875 1668//2875 1782//2875
f  1773//2876 1782//2876 1648//2876
f  1784//2877 1659//2877 1785//2877
f  1785//2878 1659//2878 1786//2878
f  1785//2879 1786//2879 1787//2879
f  1787//2880 1786//2880 1788//2880
f  1787//2881 1788//2881 1783//2881
f  1783//2882 1788//2882 1668//2882
f  1789//2883 1657//2883 1784//2883
f  1784//2884 1657//2884 1659//2884
f  1790//2885 1670//2885 1789//2885
f  1789//2886 1670//2886 1669//2886
f  1789//2887 1669//2887 1657//2887
f  1649//2888 1654//2888 1669//2888
f  1669//2889 1654//2889 1791//2889
f  1669//2890 1791//2890 1657//2890
f  1670//2891 1790//2891 1505//2891
f  1505//2892 1790//2892 1792//2892
f  1793//2893 1671//2893 1792//2893
f  1792//2894 1671//2894 1505//2894
f  1675//2782 1794//2782 1674//2782
f  1674//2782 1794//2782 1795//2782
f  1795//2617 1796//2617 1674//2617
f  1674//2617 1796//2617 1672//2617
f  1797//2780 1673//2780 1796//2780
f  1796//2780 1673//2780 1672//2780
f  1797//2781 1798//2781 1676//2781
f  1671//2781 1793//2781 1794//2781
f  1675//2781 1673//2781 1794//2781
f  1794//2781 1673//2781 1797//2781
f  1794//2781 1797//2781 1671//2781
f  1671//2781 1797//2781 1676//2781
f  1684//657 1678//657 1685//657
f  1685//657 1678//657 1677//657
f  1685//657 1677//657 1686//657
f  1686//657 1677//657 1676//657
f  1686//657 1676//657 1687//657
f  1687//657 1676//657 1798//657
f  1687//657 1798//657 1688//657
f  1688//657 1798//657 1799//657
f  1688//657 1799//657 1682//657
f  1682//657 1799//657 1697//657
f  1682//657 1697//657 1681//657
f  1681//657 1697//657 1680//657
f  1681//657 1680//657 1683//657
f  1683//657 1680//657 1679//657
f  1683//657 1679//657 1684//657
f  1684//657 1679//657 1678//657
f  1697//2617 1799//2617 1738//2617
f  1694//2895 1689//2895 1738//2895
f  1692//2896 1693//2896 1741//2896
f  1692//2897 1741//2897 1691//2897
f  1741//2898 1742//2898 1691//2898
f  1691//2899 1742//2899 1571//2899
f  1691//2900 1571//2900 1697//2900
f  1691//2901 1697//2901 1690//2901
f  1690//2902 1697//2902 1738//2902
f  1690//2903 1738//2903 1689//2903
f  1707//2782 1800//2782 1698//2782
f  1698//2782 1800//2782 1801//2782
f  1698//2836 1801//2836 1699//2836
f  1699//2836 1801//2836 1802//2836
f  1699//2237 1802//2237 1700//2237
f  1700//2237 1802//2237 1803//2237
f  1700//2904 1803//2904 1701//2904
f  1701//2905 1803//2905 1804//2905
f  1701//2906 1804//2906 1702//2906
f  1702//2907 1804//2907 1805//2907
f  1702//2908 1805//2908 1703//2908
f  1703//2909 1805//2909 1806//2909
f  1703//2910 1806//2910 1710//2910
f  1710//2911 1806//2911 1807//2911
f  1710//2912 1807//2912 1808//2912
f  1808//2913 1807//2913 1809//2913
f  1808//2914 1809//2914 1712//2914
f  1712//2915 1809//2915 1810//2915
f  1712//2916 1810//2916 1709//2916
f  1709//2917 1810//2917 1811//2917
f  1709//2918 1811//2918 1708//2918
f  1708//2919 1811//2919 1812//2919
f  1708//2920 1812//2920 1706//2920
f  1706//2921 1812//2921 1813//2921
f  1706//2922 1813//2922 1704//2922
f  1704//2923 1813//2923 1814//2923
f  1704//2237 1814//2237 1705//2237
f  1705//2237 1814//2237 1815//2237
f  1705//2619 1815//2619 1707//2619
f  1707//2619 1815//2619 1800//2619
f  1733//2924 1816//2924 1734//2924
f  1734//2925 1816//2925 1817//2925
f  1734//2926 1817//2926 1735//2926
f  1735//2927 1817//2927 1818//2927
f  1735//2927 1818//2927 1736//2927
f  1736//2928 1818//2928 1819//2928
f  1736//2928 1819//2928 1737//2928
f  1737//2929 1819//2929 1820//2929
f  1737//2929 1820//2929 1718//2929
f  1718//2930 1820//2930 1821//2930
f  1718//2930 1821//2930 1716//2930
f  1716//2931 1821//2931 1822//2931
f  1716//2931 1822//2931 1721//2931
f  1721//2932 1822//2932 1823//2932
f  1721//2932 1823//2932 1714//2932
f  1714//2933 1823//2933 1824//2933
f  1714//2933 1824//2933 1715//2933
f  1715//2934 1824//2934 1825//2934
f  1715//2934 1825//2934 1726//2934
f  1726//2935 1825//2935 1826//2935
f  1726//2935 1826//2935 1727//2935
f  1727//2936 1826//2936 1827//2936
f  1727//2936 1827//2936 1728//2936
f  1728//2937 1827//2937 1828//2937
f  1728//2937 1828//2937 1729//2937
f  1729//486 1828//486 1829//486
f  1729//486 1829//486 1730//486
f  1730//2938 1829//2938 1830//2938
f  1730//2938 1830//2938 1731//2938
f  1731//2939 1830//2939 1831//2939
f  1731//2939 1831//2939 1713//2939
f  1713//2940 1831//2940 1832//2940
f  1713//2940 1832//2940 1724//2940
f  1724//2941 1832//2941 1833//2941
f  1724//2941 1833//2941 1725//2941
f  1725//2942 1833//2942 1834//2942
f  1725//2942 1834//2942 1723//2942
f  1723//2943 1834//2943 1835//2943
f  1723//2943 1835//2943 1722//2943
f  1722//2944 1835//2944 1836//2944
f  1722//2944 1836//2944 1717//2944
f  1717//2945 1836//2945 1837//2945
f  1717//2945 1837//2945 1719//2945
f  1719//2946 1837//2946 1838//2946
f  1719//2946 1838//2946 1720//2946
f  1720//2947 1838//2947 1839//2947
f  1720//2947 1839//2947 1732//2947
f  1732//2948 1839//2948 1840//2948
f  1732//2948 1840//2948 1733//2948
f  1733//2924 1840//2924 1816//2924
f  1755//1266 1754//1266 1748//1266
f  1755//1266 1748//1266 1762//1266
f  1747//1266 1814//1266 1813//1266
f  1776//1266 1783//1266 1774//1266
f  1774//1266 1783//1266 1773//1266
f  1763//2949 1595//2949 1756//2949
f  1747//1266 1813//1266 1751//1266
f  1771//1266 1768//1266 1772//1266
f  1772//1266 1768//1266 1766//1266
f  1772//1266 1766//1266 1775//1266
f  1756//1266 1757//1266 1763//1266
f  1763//1266 1757//1266 1758//1266
f  1763//1266 1758//1266 1759//1266
f  1828//1266 1827//1266 1759//1266
f  1759//1266 1760//1266 1748//1266
f  1748//1266 1760//1266 1761//1266
f  1748//1266 1761//1266 1762//1266
f  1759//1266 1748//1266 1813//1266
f  1813//1266 1748//1266 1749//1266
f  1813//1266 1749//1266 1751//1266
f  1790//1266 1789//1266 1792//1266
f  1792//1266 1789//1266 1784//1266
f  1792//1266 1784//1266 1793//1266
f  1742//1266 1741//1266 1740//1266
f  1776//1266 1777//1266 1766//1266
f  1766//1266 1777//1266 1778//1266
f  1766//1266 1778//1266 1779//1266
f  1813//1266 1831//1266 1830//1266
f  1813//1266 1830//1266 1759//1266
f  1759//1266 1830//1266 1829//1266
f  1759//1266 1829//1266 1828//1266
f  1746//1266 1744//1266 1747//1266
f  1747//1266 1744//1266 1743//1266
f  1738//1266 1799//1266 1739//1266
f  1739//1266 1799//1266 1798//1266
f  1739//1266 1798//1266 1796//1266
f  1796//1266 1798//1266 1797//1266
f  1779//1266 1780//1266 1766//1266
f  1766//1266 1780//1266 1781//1266
f  1766//1266 1781//1266 1775//1266
f  1840//1266 1839//1266 1804//1266
f  1804//1266 1839//1266 1838//1266
f  1804//1266 1838//1266 1805//1266
f  1805//1266 1838//1266 1837//1266
f  1827//1266 1826//1266 1759//1266
f  1759//1266 1826//1266 1825//1266
f  1759//1266 1825//1266 1763//1266
f  1763//1266 1825//1266 1824//1266
f  1763//1266 1824//1266 1767//1266
f  1767//1266 1824//1266 1823//1266
f  1767//1266 1823//1266 1765//1266
f  1765//1266 1823//1266 1822//1266
f  1765//1266 1822//1266 1766//1266
f  1766//1266 1822//1266 1821//1266
f  1831//1266 1813//1266 1832//1266
f  1832//1266 1813//1266 1812//1266
f  1832//1266 1812//1266 1833//1266
f  1833//1266 1812//1266 1811//1266
f  1833//1266 1811//1266 1834//1266
f  1834//1266 1811//1266 1810//1266
f  1834//1266 1810//1266 1835//1266
f  1835//1266 1810//1266 1841//1266
f  1835//1266 1841//1266 1836//1266
f  1836//1266 1841//1266 1807//1266
f  1836//1266 1807//1266 1837//1266
f  1837//1266 1807//1266 1806//1266
f  1837//1266 1806//1266 1805//1266
f  1821//1266 1820//1266 1766//1266
f  1766//1266 1820//1266 1819//1266
f  1766//1266 1819//1266 1776//1266
f  1776//1266 1819//1266 1818//1266
f  1801//1266 1800//1266 1802//1266
f  1802//1266 1800//1266 1815//1266
f  1743//1266 1742//1266 1747//1266
f  1747//1266 1742//1266 1740//1266
f  1747//1266 1740//1266 1814//1266
f  1814//1266 1740//1266 1739//1266
f  1814//1266 1739//1266 1815//1266
f  1818//1266 1817//1266 1776//1266
f  1776//1266 1817//1266 1816//1266
f  1776//1266 1816//1266 1783//1266
f  1783//1266 1816//1266 1840//1266
f  1815//1266 1739//1266 1802//1266
f  1802//1266 1739//1266 1796//1266
f  1802//1266 1796//1266 1803//1266
f  1803//1266 1796//1266 1795//1266
f  1803//1266 1795//1266 1804//1266
f  1794//1266 1793//1266 1795//1266
f  1795//1266 1793//1266 1784//1266
f  1795//1266 1784//1266 1804//1266
f  1804//1266 1784//1266 1785//1266
f  1804//1266 1785//1266 1840//1266
f  1840//1266 1785//1266 1787//1266
f  1840//1266 1787//1266 1783//1266
f  1842//2950 1843//2950 1844//2950
f  1844//2951 1843//2951 1845//2951
f  1846//2952 1842//2952 1844//2952
f  1845//2953 1842//2953 1846//2953
f  1845//2954 1843//2954 1842//2954
f  1845//2955 1847//2955 1848//2955
f  1845//2956 1848//2956 1844//2956
f  1844//2957 1848//2957 1849//2957
f  1844//2958 1849//2958 1846//2958
f  1846//2959 1847//2959 1845//2959
f  1847//2960 1846//2960 1849//2960
f  1847//2961 1849//2961 1848//2961

