# File produced by Open Asset Import Library (http://www.assimp.sf.net)
# (assimp v5.3.0)

mtllib link_1.mtl

# 3344 vertex positions
v -0.0315661989 -0.112660997 -0.335500002
v -0.0159315001 0.115910001 -0.335500002
v -8.2263806e-15 -0.116999999 -0.335500002
v 5.34142026e-15 0.116999999 -0.335500002
v 0.0159315001 0.115910001 -0.335500002
v -0.114552997 -0.0238044001 -0.335500002
v -0.116727002 0.00798435975 -0.335500002
v -0.110244997 0.0391809009 -0.335500002
v 0.103882998 -0.0538275987 -0.335500002
v 0.0855078027 -0.079858698 -0.335500002
v 0.0607912987 -0.0999670997 -0.335500002
v -0.103882998 -0.0538275987 -0.335500002
v 0.0466128998 0.107313998 -0.335500002
v 0.0738373026 0.090758197 -0.335500002
v 0.0955855027 0.0674716011 -0.335500002
v 0.110244997 0.0391809009 -0.335500002
v 0.116727002 0.00798435975 -0.335500002
v 0.0315661989 -0.112660997 -0.335500002
v -0.0855078027 -0.079858698 -0.335500002
v -0.0955855027 0.0674716011 -0.335500002
v -0.0738373026 0.090758197 -0.335500002
v -0.0607912987 -0.0999670997 -0.335500002
v -0.0466128998 0.107313998 -0.335500002
v 0.114552997 -0.0238044001 -0.335500002
v 0.0122116003 0.116760001 -0.32949999
v -0.0159315001 0.115910001 -0.32949999
v 0.0466128998 0.107313998 -0.32949999
v 0.0738373026 0.090758197 -0.32949999
v 0.0955855027 0.0674716011 -0.32949999
v 0.110244997 0.0391809009 -0.32949999
v 0.116727002 0.00798435975 -0.32949999
v 0.114552997 -0.0238044001 -0.32949999
v 0.103882998 -0.0538275987 -0.32949999
v 0.0855078027 -0.079858698 -0.32949999
v 0.0607912987 -0.0999670997 -0.32949999
v 0.0315661989 -0.112660997 -0.32949999
v -8.22885986e-15 -0.116999999 -0.32949999
v -0.0315661989 -0.112660997 -0.32949999
v -0.0607912987 -0.0999670997 -0.32949999
v -0.0855078027 -0.079858698 -0.32949999
v -0.103882998 -0.0538275987 -0.32949999
v -0.114552997 -0.0238044001 -0.32949999
v -0.116727002 0.00798435975 -0.32949999
v -0.110244997 0.0391809009 -0.32949999
v -0.0955855027 0.0674716011 -0.32949999
v -0.0738373026 0.090758197 -0.32949999
v -0.0466128998 0.107313998 -0.32949999
v 0.00104862999 -0.132250994 -0.247117996
v 0.00199900009 -0.141359001 -0.246952996
v -0.0046544401 -0.138000995 -0.248466998
v 0.00437356997 0.138729006 -0.247684002
v 0.000881223008 0.132421002 -0.247435004
v -0.00389852002 0.140100002 -0.247525007
v 0.0328695998 0.122671001 -0.32949999
v 0.0634991974 0.109984003 -0.32949999
v 0.0898014009 0.0898014009 -0.32949999
v 0.107178003 0.0698798969 -0.32949999
v 0.122668996 0.0328691006 -0.32949999
v 0.126996994 8.40279024e-16 -0.32949999
v 0.122668996 -0.0328691006 -0.32949999
v 0.109984003 -0.0634991974 -0.32949999
v 0.0898014009 -0.0898014009 -0.32949999
v 0.0698511973 -0.107217997 -0.32949999
v 0.0328695998 -0.122671001 -0.32949999
v -1.48102e-14 -0.126998007 -0.32949999
v -0.0328695998 -0.122671001 -0.32949999
v -0.0634991974 -0.109984003 -0.32949999
v -0.0898014009 -0.0898014009 -0.32949999
v -0.106679998 -0.0713505968 -0.32949999
v -0.122668996 -0.0328691006 -0.32949999
v -0.126996994 6.68178976e-16 -0.32949999
v -0.122668996 0.0328691006 -0.32949999
v -0.109984003 0.0634991974 -0.32949999
v -0.0898014009 0.0898014009 -0.32949999
v -0.0634991974 0.109984003 -0.32949999
v -0.0328695998 0.122671001 -0.32949999
v -1.45399002e-16 0.126998007 -0.32949999
v 0.0102591002 0.127499998 -0.0780375004
v -0.00678595994 0.127499998 -0.0959483981
v -0.0281215999 0.127499998 -0.0883215964
v 0.00432155002 0.127499998 -0.0558785014
v -0.0340590999 0.127499998 -0.0661624968
v -0.0170140006 0.127499998 -0.0482515991
v 0.0312166996 0.116890997 -0.133478001
v 0.0115767 0.115246996 -0.151628003
v 0.00367895002 0.115225002 -0.133497
v 0.0138197998 0.115240999 -0.112706997
v 0.0476526991 0.115240999 -0.154634997
v 0.0290488992 0.115235999 -0.160677999
v 0.0373727009 0.115241997 -0.107364997
v 0.0563259013 0.115249999 -0.122281998
v 0.0558806993 0.115226999 -0.143072993
v 0.00453861011 -0.135377005 -0.25850001
v -0.00453861011 0.135377005 -0.25850001
v -0.122672997 0.0328699984 -0.32949999
v -0.126996994 6.68247003e-16 -0.32949999
v -0.126998007 6.68245997e-16 -0.328999996
v 0.122672997 -0.0328699984 -0.32949999
v 0.126996994 8.40346999e-16 -0.32949999
v 0.126998007 8.40347951e-16 -0.328999996
v -0.0282927994 0.129500002 -0.0901663005
v -0.0119000003 0.129500002 -0.0958499983
v 0.00616879016 0.129500002 -0.0884810016
v 0.0118500004 0.129500002 -0.0720999986
v 0.00449280022 0.129500002 -0.054033801
v -0.0119000003 0.129500002 -0.0483499989
v -0.0299688 0.129500002 -0.0557190999
v -0.03565 0.129500002 -0.0720999986
v 0.0490778014 0.110248998 -0.10706
v 0.0121886004 0.1105 -0.108360998
v 0.0314396992 0.110817999 -0.101737
v 0.00428160001 0.110482 -0.117031999
v 0.0043880702 0.1105 -0.150082007
v -0.00134182 0.110330001 -0.133505002
v 0.0121882996 0.1105 -0.158638999
v 0.0456168987 0.110462002 -0.161576003
v 0.0293263998 0.110260002 -0.165527001
v 0.0590552986 0.109967999 -0.149947003
v 0.0605424009 0.1105 -0.122119002
v 0.0626702011 0.1105 -0.133499995
v 0.0513839014 -0.216983005 -0.238076001
v 0.052214399 -0.212364003 -0.248668998
v 0.0413260013 -0.217381999 -0.234210998
v 0.0467475988 -0.217254996 -0.231539994
v 0.0404359996 -0.218539 -0.230390996
v 0.035790801 -0.214964002 -0.231760994
v 0.0302978996 -0.219844997 -0.214633003
v 0.0307529997 -0.217083007 -0.225877002
v 0.112170003 0.108499996 0.0745330006
v 0.109903 0.108499996 0.0645017996
v 0.102534004 0.108499996 0.0788946003
v 0.101719998 0.108499996 0.0627447963
v 0.0955533981 0.108499996 0.0713410005
v 0.237829998 0.108499996 0.0668883994
v 0.240098 0.108499996 0.0769196972
v 0.25386101 0.108499996 0.0707106963
v 0.250624001 0.108499996 0.0779613033
v 0.249532998 0.108499996 0.062830098
v 0.245080993 0.108499996 -0.0794465989
v 0.240098 0.108499996 -0.0645012036
v 0.248282 0.108499996 -0.0627451986
v 0.254447013 0.108499996 -0.0713407025
v 0.237526998 0.108499996 -0.072466597
v 0.101719998 0.108499996 -0.0786764994
v 0.0961055979 0.108499996 -0.0724669024
v 0.100466996 0.108499996 -0.0628300011
v 0.109902002 0.108499996 -0.0769196004
v 0.112170003 0.108499996 -0.0668883994
v 0.112154998 0.0842968971 -0.341500014
v 0.121827997 0.0797699988 -0.341495007
v 0.111340001 0.068148002 -0.341500014
v 0.105175003 0.0767432973 -0.341500014
v 0.119524002 0.0699039027 -0.341500014
v 0.0743571967 0.122095004 -0.341500014
v 0.0838721022 0.117743 -0.341435999
v 0.0735414028 0.105945997 -0.341500014
v 0.0673772022 0.114542 -0.341500014
v 0.0817259029 0.107702002 -0.341500014
v 0.0249715 0.142551005 -0.341500014
v 0.0329364985 0.139980003 -0.341500014
v 0.0243948009 0.126385003 -0.341500014
v 0.0179433003 0.134846002 -0.341500014
v 0.0340012982 0.129394993 -0.341500014
v -0.0205186997 0.139981002 -0.341500014
v -0.0290584993 0.126385003 -0.341500014
v -0.0349133983 0.132493004 -0.341500014
v -0.0302795004 0.142293006 -0.341443002
v -0.0194534995 0.129394993 -0.341500014
v -0.078684099 0.105945997 -0.341500014
v -0.0842968971 0.112154998 -0.341500014
v -0.0799153 0.121882997 -0.341493994
v -0.0699042007 0.119524002 -0.341500014
v -0.0688626021 0.108998001 -0.341500014
v -0.117829002 0.0840030015 -0.341497004
v -0.107702002 0.0817259997 -0.341500014
v -0.116483003 0.068148002 -0.341500014
v -0.122095004 0.0743568987 -0.341500014
v -0.106660999 0.0711996034 -0.341500014
v -0.138187006 0.0346290991 -0.341500014
v -0.126487002 0.0305500999 -0.341500014
v -0.142124996 0.0223495997 -0.341500014
v -0.130072996 0.0192722008 -0.341500014
v -0.126487002 -0.0229046997 -0.341500014
v -0.142124996 -0.0311050992 -0.341500014
v -0.138187006 -0.0188255999 -0.341500014
v -0.130072996 -0.0341826007 -0.341500014
v -0.115667 -0.0679292977 -0.341500014
v -0.107702002 -0.0705002993 -0.341500014
v -0.116483003 -0.084078297 -0.341500014
v -0.122647002 -0.0754828975 -0.341500014
v -0.106660999 -0.0810267031 -0.341500014
v -0.0840784982 -0.111340001 -0.341500014
v -0.0778693035 -0.105728 -0.341500014
v -0.0823441967 -0.119622998 -0.341497004
v -0.0699039996 -0.108298004 -0.341500014
v -0.0681476966 -0.116481997 -0.341500014
v -0.0743568987 -0.122095004 -0.341500014
v -0.0292690005 -0.142428994 -0.341497988
v -0.0349110998 -0.136124 -0.341500014
v -0.0323994011 -0.128142998 -0.341500014
v -0.0243957993 -0.126385003 -0.341500014
v -0.0185413007 -0.132493004 -0.341500014
v -0.0211143997 -0.140577003 -0.341500014
v 0.0241858009 -0.142428994 -0.341497988
v 0.0185435992 -0.136124 -0.341500014
v 0.0210554004 -0.128142998 -0.341500014
v 0.0349133983 -0.132493004 -0.341500014
v 0.0290587004 -0.126385003 -0.341500014
v 0.0323401988 -0.140577003 -0.341500014
v 0.074357301 -0.105728 -0.341500014
v 0.0823222995 -0.108298004 -0.341500014
v 0.0736076981 -0.121922001 -0.341502011
v 0.0673772022 -0.113280997 -0.341500014
v 0.0835298002 -0.118340001 -0.341515005
v 0.112154998 -0.0679292977 -0.341500014
v 0.121792004 -0.0722907037 -0.341500014
v 0.111340001 -0.084078297 -0.341500014
v 0.105175003 -0.0754828975 -0.341500014
v 0.120039001 -0.0819291994 -0.337657988
v 0.142248005 -0.0229046997 -0.341500014
v 0.126487002 -0.0305500999 -0.341500014
v 0.130545005 -0.0188468006 -0.341500014
v 0.138190001 -0.034607999 -0.341500014
v 0.130545005 0.034607999 -0.341500014
v 0.142248005 0.0305500999 -0.341500014
v 0.126487002 0.0229045991 -0.341500014
v 0.138190001 0.0188468006 -0.341500014
v 0.00300000003 -0.131804004 -0.25850001
v 0.00519614993 -0.134000003 -0.25850001
v 0.00600000005 -0.136999995 -0.25850001
v 0.00519614993 -0.140000001 -0.25850001
v 0.00300000003 -0.142196 -0.25850001
v -1.58898993e-14 -0.143000007 -0.25850001
v -0.00300000003 -0.142196 -0.25850001
v -0.00519614993 -0.140000001 -0.25850001
v -0.00600000005 -0.136999995 -0.25850001
v -0.00519614993 -0.134000003 -0.25850001
v -0.00300000003 -0.131804004 -0.25850001
v -1.51927997e-14 -0.130999997 -0.25850001
v 0.00300000003 0.142196 -0.25850001
v 0.00519614993 0.140000001 -0.25850001
v 0.00600000005 0.136999995 -0.25850001
v 0.00519614993 0.134000003 -0.25850001
v 0.00300000003 0.131804004 -0.25850001
v 6.80200999e-15 0.130999997 -0.25850001
v -0.00300000003 0.131804004 -0.25850001
v -0.00519614993 0.134000003 -0.25850001
v -0.00600000005 0.136999995 -0.25850001
v -0.00519614993 0.140000001 -0.25850001
v -0.00300000003 0.142196 -0.25850001
v 7.49904018e-15 0.143000007 -0.25850001
v -0.0313594006 0.129500002 -0.109410003
v -0.0442751013 0.129482999 -0.0982732996
v -0.0521215983 0.129495993 -0.0802901015
v -0.0526035018 0.129499003 -0.0628103986
v -0.0439939015 0.129493997 -0.0466004014
v -0.0297384001 0.129493997 -0.0352314003
v 0.0279904008 0.129494995 -0.0818068981
v 0.0201251004 0.129493997 -0.0976815
v 0.00596108008 0.129500002 -0.108992003
v -0.0127649 0.129495993 -0.113147996
v -0.0119233001 0.129492998 -0.0311757997
v 0.00755942985 0.129500002 -0.0347900987
v 0.0204751007 0.129482999 -0.0459267013
v 0.0279919002 0.129493997 -0.0629384965
v 0.00389038003 0.102499999 -0.149250001
v -0.000329825009 0.102499999 -0.133499995
v 0.0159235001 0.102058001 -0.160629004
v 0.0316355005 0.102063999 -0.164663002
v 0.047042001 0.102394998 -0.160264999
v 0.0584499985 0.102499999 -0.149250001
v 0.0626702011 0.102499999 -0.133499995
v 0.0584499985 0.102499999 -0.117749996
v 0.0463845991 0.102069996 -0.106289998
v 0.0307918992 0.102352001 -0.102383003
v 0.0154202003 0.102499999 -0.106219999
v 0.00404922012 0.102444999 -0.118247002
v 0.0628387034 -0.221634001 -0.234237999
v 0.0535718016 -0.214145005 -0.250304013
v 0.0189525001 -0.214141995 -0.230313003
v 0.0282179005 -0.221639007 -0.214249998
v 0.0171325002 -0.198516995 -0.209427997
v 0.0236411002 -0.192817003 -0.213565007
v 0.0255679991 -0.193894997 -0.206829995
v 0.0614801012 -0.219849005 -0.232620999
v 0.021032 -0.212357998 -0.230681002
v 0.063500002 0.301699996 -0.00753366016
v 0.063500002 0.301699996 -0.0204662997
v 0.063500002 0.290499985 -0.00106736994
v 0.063500002 0.290499985 -0.0269326996
v 0.063500002 0.279300004 -0.00753366016
v 0.063500002 0.279300004 -0.0204662997
v 0.0649999976 0.290499985 0.0238150004
v 0.0649999976 0.298999995 0.0189075004
v 0.0649999976 0.282000005 0.0189075004
v 0.0649999976 0.298999995 0.00909250975
v 0.0649999976 0.282000005 0.00909250975
v 0.0649999976 0.290499985 0.00418506004
v 0.0993757024 0.0965000018 0.077961199
v 0.0963238999 0.0965000018 0.0681397989
v 0.102532998 0.0965000018 0.0625270009
v 0.110499002 0.0965000018 0.0650978982
v 0.112255 0.0965000018 0.0732813999
v 0.108364001 0.0965000018 0.0777688026
v 0.237526998 0.0965000018 0.0724672973
v 0.238653004 0.0965000018 0.0666356981
v 0.243955001 0.0965000018 0.0625268966
v 0.251920015 0.0965000018 0.0650980026
v 0.25296101 0.0965000018 0.075624302
v 0.243139997 0.0965000018 0.0786762014
v 0.237526998 0.0965000018 -0.0689546987
v 0.238653004 0.0965000018 -0.0747857019
v 0.241635993 0.0965000018 -0.0777688026
v 0.250624001 0.0965000018 -0.077961199
v 0.253675997 0.0965000018 -0.0681397989
v 0.247466996 0.0965000018 -0.0625270009
v 0.241635993 0.0965000018 -0.0636525974
v 0.246999994 0.319499999 0.0540000014
v 0.229000002 0.319499999 0.0719999969
v 0.246999994 0.0965000018 0.0540000014
v 0.229000002 0.0965000018 0.0719999969
v 0.256000012 0.0965000018 0.0540000014
v 0.256000012 0.319499999 0.0540000014
v 0.256000012 0.319499999 -0.0540000014
v 0.256000012 0.0965000018 -0.0540000014
v 0.246999994 0.319499999 -0.0540000014
v 0.246999994 0.0965000018 -0.0540000014
v 0.229000002 0.319499999 -0.0719999969
v 0.229000002 0.0965000018 -0.0719999969
v 0.229000002 0.319499999 -0.0810000002
v 0.229000002 0.0965000018 -0.0810000002
v 0.0939999968 0.319499999 0.0540000014
v 0.0939999968 0.0965000018 0.0540000014
v 0.103 0.319499999 0.0540000014
v 0.103 0.0965000018 0.0540000014
v 0.120999999 0.319499999 0.0719999969
v 0.120999999 0.0965000018 0.0719999969
v 0.120999999 0.319499999 0.0810000002
v 0.120999999 0.0965000018 0.0810000002
v 0.229000002 0.319499999 0.0810000002
v 0.229000002 0.0965000018 0.0810000002
v 0.0972312018 0.0965000018 -0.0666356981
v 0.0963238999 0.0965000018 -0.0732816011
v 0.102532998 0.0965000018 -0.0788945034
v 0.108364001 0.0965000018 -0.0777688026
v 0.112473004 0.0965000018 -0.0724672973
v 0.109902002 0.0965000018 -0.0645013973
v 0.101718999 0.0965000018 -0.0627451986
v 0.120999999 0.319499999 -0.0810000002
v 0.120999999 0.0965000018 -0.0810000002
v 0.120999999 0.319499999 -0.0719999969
v 0.120999999 0.0965000018 -0.0719999969
v 0.103 0.0965000018 -0.0540000014
v 0.0939999968 0.0965000018 -0.0540000014
v 0.103 0.319499999 -0.0540000014
v 0.0939999968 0.319499999 -0.0540000014
v 0.12218 0.0745600984 -0.329501003
v 0.116480999 0.0681471974 -0.32949999
v 0.105945997 0.0735422 -0.32949999
v 0.107703999 0.0817276984 -0.32949999
v 0.115630999 0.0843057036 -0.32949999
v 0.0842965022 0.112153001 -0.32949999
v 0.0786850005 0.105945997 -0.32949999
v 0.0705004036 0.107702002 -0.32949999
v 0.0679297 0.115668997 -0.32949999
v 0.0744510964 0.122336999 -0.329501003
v 0.0267271008 0.126056001 -0.32949999
v 0.0196642 0.130298004 -0.32949999
v 0.0185436998 0.136124 -0.32949999
v 0.0241563991 0.142333001 -0.32949999
v 0.0308024008 0.141425997 -0.32949999
v 0.0346930996 0.136941999 -0.329501987
v 0.0337977 0.130302995 -0.32949999
v -0.0267277006 0.126056001 -0.32949999
v -0.0346992016 0.131886005 -0.32949999
v -0.0329632014 0.139953002 -0.329501003
v -0.0242708996 0.142349005 -0.329540014
v -0.0187618993 0.136938006 -0.32949999
v -0.0196674 0.130294994 -0.32949999
v -0.0745557994 0.122178003 -0.329501003
v -0.0673772022 0.114541002 -0.32949999
v -0.0735422 0.105945997 -0.32949999
v -0.0817271993 0.107703 -0.32949999
v -0.0842451975 0.116674997 -0.329501003
v -0.118561 0.0829756036 -0.329501003
v -0.112129003 0.0842949003 -0.32949999
v -0.105945997 0.0786850005 -0.32949999
v -0.107625999 0.0704703033 -0.32949999
v -0.117734 0.0682326034 -0.32949999
v -0.122087002 0.0766766965 -0.32949999
v -0.141425997 0.0226524007 -0.32949999
v -0.142517999 0.0267274994 -0.329504013
v -0.140600994 0.0322727002 -0.32949999
v -0.132569 0.0348909982 -0.32949999
v -0.126402006 0.0292984005 -0.32949999
v -0.128159001 0.0211140998 -0.32949999
v -0.136175007 0.0185154993 -0.329501003
v -0.138181001 -0.0346556008 -0.329501003
v -0.142827004 -0.0325993001 -0.328500003
v -0.140644997 -0.0212367997 -0.329501003
v -0.130495995 -0.0188924 -0.32949999
v -0.126184002 -0.0284835994 -0.32949999
v -0.130316004 -0.0338132009 -0.32949999
v -0.115667 -0.0842991993 -0.329501003
v -0.120968997 -0.0801881999 -0.329508007
v -0.122097 -0.0743608996 -0.329501003
v -0.114541002 -0.0673772022 -0.32949999
v -0.105728 -0.0778694004 -0.32949999
v -0.109802 -0.0831545964 -0.32949999
v -0.0829935968 -0.118538 -0.32949999
v -0.0842965022 -0.112153001 -0.32949999
v -0.0786850005 -0.105945997 -0.32949999
v -0.0705004036 -0.107702002 -0.32949999
v -0.0679297 -0.115668997 -0.32949999
v -0.0744483992 -0.122335002 -0.32949999
v -0.032210201 -0.140746996 -0.329504013
v -0.0349255018 -0.132278994 -0.329501003
v -0.0279843993 -0.126307994 -0.32949999
v -0.020978 -0.128124997 -0.32949999
v -0.0185774006 -0.134368002 -0.32949999
v -0.0210743006 -0.140830994 -0.32949999
v 0.0194827002 -0.139283001 -0.329504997
v 0.0196672007 -0.130294994 -0.32949999
v 0.0267277006 -0.126056001 -0.32949999
v 0.0354346 -0.133892 -0.329501987
v 0.0303272009 -0.141727999 -0.329497993
v 0.0767083019 -0.122179002 -0.32949999
v 0.0720380992 -0.120968997 -0.32949999
v 0.0681471974 -0.116480999 -0.32949999
v 0.0735422 -0.105945997 -0.32949999
v 0.0817271993 -0.107703 -0.32949999
v 0.0842415988 -0.116682 -0.32949999
v 0.116439 -0.0840962008 -0.32949999
v 0.108298004 -0.0823222026 -0.32949999
v 0.105697997 -0.0740062967 -0.32949999
v 0.113283001 -0.0673770979 -0.32949999
v 0.121880002 -0.0735483989 -0.329501003
v 0.136935994 -0.0346987993 -0.329501003
v 0.128756002 -0.0329374 -0.32949999
v 0.126233995 -0.0269277003 -0.32949999
v 0.128159001 -0.0211140998 -0.32949999
v 0.136121005 -0.0185432006 -0.32949999
v 0.142324999 -0.0241292994 -0.32949999
v 0.141426995 -0.0308014993 -0.329504997
v 0.139281005 0.0194766 -0.329501003
v 0.128755003 0.0205182005 -0.32949999
v 0.126218006 0.0267274007 -0.32949999
v 0.127369002 0.0309424996 -0.32949999
v 0.131798998 0.0346935987 -0.32949999
v 0.139980003 0.0329366997 -0.32949999
v 0.142517999 0.0267280005 -0.329501987
v -0.00300000003 -0.142196 -0.32949999
v -1.58943988e-14 -0.143000007 -0.32949999
v 0.00299974997 -0.142196998 -0.32949999
v 0.00519614993 -0.140000001 -0.32949999
v 0.00600000005 -0.136999995 -0.32949999
v 0.00519614993 -0.134000003 -0.32949999
v 0.00300000003 -0.131804004 -0.32949999
v -1.51955e-14 -0.130999997 -0.32949999
v -0.00300000003 -0.131804004 -0.32949999
v -0.00519614993 -0.134000003 -0.32949999
v -0.00600000005 -0.136999995 -0.32949999
v -0.00519614993 -0.140000001 -0.32949999
v -0.00300000003 0.131804004 -0.32949999
v 6.80239031e-15 0.130999997 -0.32949999
v 0.00300000003 0.131804004 -0.32949999
v 0.00519614993 0.134000003 -0.32949999
v 0.00600000005 0.136999995 -0.32949999
v 0.00519614993 0.140000001 -0.32949999
v 0.00300047989 0.142196 -0.329501987
v 7.49568e-15 0.143000007 -0.32949999
v -0.00300000003 0.142196 -0.32949999
v -0.00519614993 0.140000001 -0.32949999
v -0.00600000005 0.136999995 -0.32949999
v -0.00519614993 0.134000003 -0.32949999
v 0.124139003 -0.0217279997 -0.32949999
v 0.124139003 0.0217279997 -0.32949999
v 0.127000004 8.40347951e-16 -0.32949999
v -0.124139003 0.0217279997 -0.32949999
v -0.127000004 -2.63945003e-05 -0.32949999
v -0.127000004 6.68243986e-16 -0.32949999
v -0.0211068001 0.126853004 -0.112062998
v -0.0374560989 0.126490995 -0.104163997
v -0.0488561988 0.126597002 -0.0543720983
v -0.0374387018 0.127076 -0.0400428995
v -0.00267019006 0.126938999 -0.0321585014
v 0.0136623997 0.126493007 -0.0400432982
v 0.0250217002 0.126926005 -0.0899216011
v 0.0136388 0.127076 -0.104157001
v -0.00278150011 0.127627999 -0.112051003
v 0.0160719994 0.102499999 -0.107349001
v 0.000973752991 0.102499999 -0.133499995
v 0.00501930993 0.102499999 -0.148598
v 0.0573210008 0.102499999 -0.148598
v 0.0613665991 0.102499999 -0.133499995
v 0.0573210008 0.102499999 -0.118401997
v 0.0735374987 -0.194267005 -0.241265997
v 0.0700801983 -0.190908 -0.231452003
v 0.0656078011 -0.192977995 -0.240014002
v 0.0163921993 -0.190780997 -0.210146993
v 0.0850000009 0.279300004 -0.0204662997
v 0.0850000009 0.279300004 -0.00753366016
v 0.0850000009 0.290499985 -0.00106736994
v 0.0850000009 0.301699996 -0.00753366016
v 0.0850000009 0.301699996 -0.0204662997
v 0.0850000009 0.290499985 -0.0269326996
v 0.090555802 0.0965000018 -0.0533148982
v 0.090555802 0.319499999 -0.0533148982
v 0.0876360014 0.0965000018 -0.0513640009
v 0.0876360014 0.319499999 -0.0513640009
v 0.0856850967 0.0965000018 -0.0484440997
v 0.0856850967 0.319499999 -0.0484440997
v 0.0850000009 0.0965000018 -0.0450000018
v 0.0850000009 0.319499999 -0.0450000018
v 0.0850000009 0.319499999 0.0450000018
v 0.0850000009 0.0965000018 0.0450000018
v 0.0862058029 0.0965000018 0.0494999997
v 0.0862058029 0.319499999 0.0494999997
v 0.0895000026 0.0965000018 0.0527941994
v 0.0895000026 0.319499999 0.0527941994
v 0.0850000009 0.282000005 0.0189075004
v 0.0850000009 0.290499985 0.0238150004
v 0.0850000009 0.298999995 0.0189075004
v 0.0850000009 0.298999995 0.00909250975
v 0.0850000009 0.290499985 0.00418506004
v 0.0850000009 0.282000005 0.00909250975
v 0.101125002 0.0965000018 0.0830669031
v 0.127000004 0.0965000018 0.0900000036
v 0.125499994 0.0965000018 0.0887942016
v 0.129999995 0.0965000018 0.0900000036
v 0.0850000009 0.0965000018 0.0480000004
v 0.0919331014 0.0965000018 0.0738745034
v 0.122206002 0.0965000018 0.0855000019
v 0.0954798013 0.0965000018 0.0801159963
v 0.122206002 0.319499999 0.0855000019
v 0.125499994 0.319499999 0.0887942016
v 0.129999995 0.319499999 0.0900000036
v 0.219999999 0.319499999 0.0900000036
v 0.219999999 0.0965000018 0.0900000036
v 0.2245 0.0965000018 0.0887942016
v 0.2245 0.319499999 0.0887942016
v 0.227794006 0.0965000018 0.0855000019
v 0.227794006 0.319499999 0.0855000019
v 0.223000005 0.0965000018 0.0900000036
v 0.248875007 0.0965000018 0.0830669031
v 0.260500014 0.0965000018 0.0527941994
v 0.258067012 0.0965000018 0.0738745034
v 0.263794005 0.0965000018 0.0494999997
v 0.264999986 0.0965000018 0.0480000004
v 0.264999986 0.0965000018 0.0450000018
v 0.254702002 0.0965000018 0.0797023028
v 0.260500014 0.319499999 0.0527941994
v 0.263794005 0.319499999 0.0494999997
v 0.264999986 0.319499999 0.0450000018
v 0.264999986 0.319499999 -0.0450000018
v 0.264999986 0.0965000018 -0.0450000018
v 0.263794005 0.0965000018 -0.0494999997
v 0.263794005 0.319499999 -0.0494999997
v 0.260500014 0.0965000018 -0.0527941994
v 0.260500014 0.319499999 -0.0527941994
v 0.227794006 0.0965000018 -0.0855000019
v 0.2245 0.0965000018 -0.0887942016
v 0.264999986 0.0965000018 -0.0480000004
v 0.258067012 0.0965000018 -0.0738746002
v 0.219999999 0.0965000018 -0.0900000036
v 0.223000005 0.0965000018 -0.0900000036
v 0.252828002 0.0965000018 -0.0819415972
v 0.227794006 0.319499999 -0.0855000019
v 0.2245 0.319499999 -0.0887942016
v 0.219999999 0.319499999 -0.0900000036
v 0.123636 0.319499999 -0.0873640031
v 0.121684998 0.319499999 -0.0844442025
v 0.129999995 0.319499999 -0.0900000036
v 0.126555994 0.319499999 -0.0893149003
v 0.129999995 0.0965000018 -0.0900000036
v 0.126555994 0.0965000018 -0.0893149003
v 0.123636 0.0965000018 -0.0873640031
v 0.121684998 0.0965000018 -0.0844442025
v 0.0850000009 0.0965000018 -0.0480000004
v 0.0919331014 0.0965000018 -0.0738746002
v 0.0952977017 0.0965000018 -0.0797023028
v 0.127000004 0.0965000018 -0.0900000036
v 0.101125002 0.0965000018 -0.0830669031
v 0.0261585992 0.144145995 -0.328500003
v 0.0365163982 -0.141659006 -0.32940501
v 0.0964168012 0.110303998 -0.329492986
v 0.139365003 0.0451719016 -0.329492003
v 0.127000004 8.40279977e-16 -0.32949999
v 0.146010995 -0.00902817957 -0.329497993
v -6.29694966e-07 0.146092996 -0.329448998
v -0.0131561002 -0.145913005 -0.329474986
v 0.0664056987 0.081848897 -0.144073993
v 0.0743106008 0.0818499029 -0.153955996
v 0.0662534013 0.0812537968 -0.156645998
v 0.0210787002 0.0810730979 -0.0333676003
v 0.0324839987 0.0816498026 -0.0442759991
v 0.0275715999 0.0785494 -0.048026301
v 0.0334758013 0.0813355967 -0.0344261006
v -0.0529000014 0.126499996 -0.0720999986
v 0.0250397008 0.126499996 -0.0543107986
v 0.00588922994 0.126499996 -0.0351602994
v -0.0210234001 0.126499996 -0.0321278982
v -0.0488396995 0.126499996 -0.0898891985
v -0.0296892002 0.126499996 -0.10904
v 0.0291000009 0.126499996 -0.0720999986
v 0.00501930993 0.0979999974 -0.118401997
v 0.000973752991 0.0979999974 -0.133499995
v 0.00501930993 0.0979999974 -0.148598
v 0.0160719994 0.0979999974 -0.159650996
v 0.0311702006 0.0979999974 -0.163696006
v 0.0462683998 0.0979999974 -0.159650996
v 0.0573210008 0.0979999974 -0.148598
v 0.0613665991 0.0979999974 -0.133499995
v 0.0573210008 0.0979999974 -0.118401997
v 0.0462683998 0.0979999974 -0.107349001
v 0.0311702006 0.0979999974 -0.103303999
v 0.0160719994 0.0979999974 -0.107349001
v 0.0690151006 -0.191130996 -0.223572001
v 0.0597427003 -0.183638006 -0.239631996
v 0.0770576 -0.189225003 -0.234467
v 0.0343713984 -0.191137001 -0.203575
v 0.025099 -0.183643997 -0.219635993
v 0.0216809008 -0.189480007 -0.201782003
v 0.0272020996 -0.181780994 -0.219981998
v 0.0364680998 -0.189284995 -0.203922004
v 0.0583926998 -0.181813002 -0.238001004
v 0.0673632026 -0.190742001 -0.222435996
v 0.162074998 0.0649757981 0.113637
v 0.168639004 0.0649975985 0.132919997
v 0.174869001 0.0649982989 0.106614999
v 0.185196996 0.0649947971 0.129245996
v 0.188044995 0.0649866015 0.115567997
v 0.161212996 0.0604199991 -0.123075999
v 0.165766999 0.0649952963 -0.109793
v 0.164802 0.0649906024 -0.129245996
v 0.177918002 0.064996697 -0.133451998
v 0.179207996 0.0649947971 -0.106895
v 0.188513994 0.0649866015 -0.117315002
v 0.127000004 0.0780000016 -0.0900000036
v 0.101125002 0.0780000016 -0.0830669031
v 0.0952977017 0.0780000016 -0.0797023028
v 0.0919331014 0.0780000016 -0.0738746002
v 0.0850000009 0.0780000016 -0.0480000004
v 0.0850000009 0.0780000016 0.0480000004
v 0.0919331014 0.0780000016 0.0738745034
v 0.0948838964 0.0780000016 0.0795202032
v 0.101125002 0.0780000016 0.0830669031
v 0.127000004 0.0780000016 0.0900000036
v 0.223000005 0.0780000016 0.0900000036
v 0.248875007 0.0780000016 0.0830669031
v 0.254702002 0.0780000016 0.0797023028
v 0.258067012 0.0780000016 0.0738745034
v 0.264999986 0.0780000016 0.0480000004
v 0.264999986 0.0780000016 -0.0480000004
v 0.258067012 0.0780000016 -0.0738746002
v 0.255115986 0.0780000016 -0.0795202032
v 0.248875007 0.0780000016 -0.0830669031
v 0.223000005 0.0780000016 -0.0900000036
v -0.0514764003 0.137158006 -0.328500003
v 0.0131321996 -0.145909995 -0.328500003
v -4.49109998e-15 -0.146500006 -0.328500003
v 0.0635640025 -0.131991997 -0.328500003
v 0.0389744006 -0.141221002 -0.328500003
v 0.105889 -0.101241 -0.328500003
v 0.0999602005 -0.106421001 -0.328500003
v 0.0861105025 -0.118520997 -0.328500003
v 0.145173997 0.0196652003 -0.328500003
v 0.146351993 -0.00657270011 -0.328500003
v 0.129006997 0.069421798 -0.328500003
v 0.132101998 0.0621820018 -0.328500003
v 0.0751397014 0.125762999 -0.328500003
v 0.0857639015 0.118043996 -0.328500003
v 0.0514764003 0.137158006 -0.328500003
v 0.0538382009 0.136021003 -0.328500003
v 0.0183169004 0.144850999 -0.328500003
v -0.0261585992 0.144145995 -0.328500003
v -0.0183169004 0.144850999 -0.328500003
v -0.0963879973 0.110325001 -0.328500003
v -0.0857639015 0.118043996 -0.328500003
v -0.0751397014 0.125762999 -0.328500003
v -0.129006997 0.069421798 -0.328500003
v -0.114537999 0.0913413018 -0.328500003
v -0.112727001 0.0932359993 -0.328500003
v -0.145173997 0.0196652003 -0.328500003
v -0.143421993 0.0273410995 -0.328500003
v -0.13933 0.0452710018 -0.328500003
v -0.105889 -0.101241 -0.328500003
v -0.122265004 -0.0807064027 -0.328500003
v -0.123507001 -0.078398101 -0.328500003
v -0.0861105025 -0.118520997 -0.328500003
v -0.0999602005 -0.106421001 -0.328500003
v 0.114537999 0.0913413018 -0.328500003
v 0.142827004 -0.0325993001 -0.328500003
v 0.134710997 -0.0575781986 -0.328500003
v 0.122265004 -0.0807064027 -0.328500003
v -0.0389744006 -0.141221002 -0.328500003
v -0.0635640025 -0.131991997 -0.328500003
v -0.134710997 -0.0575781986 -0.328500003
v -0.146351993 -0.00657270011 -0.328500003
v 0.0699680001 0.0779642984 -0.141413003
v 0.060596101 0.0778661966 -0.154861003
v 0.0671764985 0.0966702998 -0.161146998
v 0.0592858009 0.0979965031 -0.152693003
v 0.0619568005 0.0779282004 -0.144559994
v 0.0620729998 0.097988598 -0.143371999
v 0.0724314004 0.0983256996 -0.141083002
v -0.0417777002 0.0821999982 -0.152122006
v -0.0395768993 0.0779716969 -0.158612996
v -0.0542033985 0.0817335993 -0.158463001
v -0.0514536016 0.0779434964 -0.146636993
v -0.0402011983 0.0779211968 -0.150203004
v -0.0525088012 0.0993907973 -0.146103993
v -0.0453185998 0.0780000016 -0.146409005
v -0.0423749983 0.0979998037 -0.146788001
v -0.0380576998 0.0979999006 -0.155468002
v -0.0414896011 0.0981694981 -0.162401006
v -0.0497363992 0.0979999974 -0.0538790002
v -0.0521190017 0.0979999974 -0.0600157008
v -0.0514586009 0.0978214964 -0.0436838008
v -0.0388840996 0.0979098976 -0.0317736007
v -0.0232260991 0.0977516994 -0.0314708017
v -0.0382224992 0.0979999974 -0.0357381999
v -0.0382826999 0.0981777981 -0.0394068994
v -0.0474995002 0.0979999974 -0.0445417017
v -0.0430677012 0.0979999974 -0.0432709008
v -0.0495361015 0.0820489004 -0.0280575994
v -0.0388849005 0.0779421031 -0.0334328003
v -0.0412528999 0.0779177994 -0.0411360003
v -0.0485352986 0.0817440003 -0.0417179018
v -0.0412555002 0.0930060968 -0.0277603995
v -0.0493209995 0.0779230967 -0.0439722985
v 0.0375133008 0.0779827982 -0.0439356007
v 0.0317524001 0.0981877968 -0.0483228005
v 0.0259290002 0.0979999974 -0.0484474003
v 0.0213737004 0.0779578015 -0.0450304002
v 0.0202553999 0.0979783013 -0.0447846018
v 0.0191405993 0.0779997036 -0.0384792984
v 0.0184390005 0.0979999006 -0.0384096988
v 0.0210449006 0.0980591998 -0.0321184993
v 0.000361706014 0.0979999006 -0.0319347009
v -0.00736152986 0.0961012989 -0.0302840006
v -0.0148101998 0.0959225968 -0.0301329009
v -0.0540919006 0.0962869003 -0.0693117976
v -0.0531772003 0.0979909971 -0.0798773021
v -0.0497363992 0.0979999974 -0.0903211012
v -0.0380836017 0.0979999974 -0.104933001
v -0.0212447997 0.0979999974 -0.113041997
v -0.00255518011 0.0979999974 -0.113041997
v 0.0142836003 0.0979999974 -0.104933001
v 0.0259364005 0.0979999974 -0.0903211012
v 0.0301165003 0.0979136005 -0.0725783035
v 0.0259364005 0.0979999974 -0.0538790002
v 0.0294381995 0.0975994021 -0.0641209036
v 0.0142836003 0.0979999974 -0.0392667986
v 0.0350865982 0.0979999006 -0.0854056999
v -0.0562447011 0.0979999974 -0.138739005
v -0.0321856998 0.0979999974 -0.164092004
v 0.0495248996 0.0979999974 -0.164092004
v 0.0491026007 0.0979999974 -0.104956001
v 0.0696417987 0.098000899 -0.126397997
v 0.0660753027 -0.186281994 -0.235662997
v 0.0727028996 -0.185594007 -0.241456002
v 0.0280486997 -0.188445002 -0.207526997
v 0.0167119 -0.186281994 -0.207163006
v 0.0217936002 -0.185298994 -0.212907001
v 0.0120774005 -0.182021007 -0.211279005
v 0.0209782999 -0.191095993 -0.195859
v 0.0185793005 -0.188930005 -0.194509
v 0.0735223964 -0.181848004 -0.246693999
v 0.0702591017 -0.189254999 -0.223416999
v -0.259041011 -0.00215514004 -0.269499987
v -0.241381004 0.00688664988 -0.269499987
v -0.238999993 2.68142997e-16 -0.269499987
v -0.252153993 -0.00977357011 -0.269499987
v -0.242112994 -0.00761868991 -0.269499987
v -0.257660002 0.00499999989 -0.269499987
v -0.251154989 0.0100413999 -0.269499987
v -0.171504006 0.0749956965 -0.182003006
v -0.144982994 0.0749951974 -0.172646001
v -0.151820004 0.0749986991 -0.192038998
v -0.164363995 0.074989602 -0.166077003
v -0.202616006 -0.0586853996 -0.132400006
v -0.194137007 -0.0507509001 -0.132400006
v -0.199833006 -0.0445877016 -0.132400006
v -0.207695007 -0.0481463 -0.132400006
v -0.194137007 0.0517796017 -0.132400006
v -0.199832007 0.0579426996 -0.132400006
v -0.202617005 0.0438452996 -0.132400006
v -0.207695007 0.0543842018 -0.132400006
v -0.0982204005 0.0441371985 -0.132400006
v -0.0916066021 0.0517794006 -0.132400006
v -0.0992493033 0.0583932996 -0.132400006
v -0.105862997 0.0507511012 -0.132400006
v -0.099248901 -0.0441371016 -0.132400006
v -0.105835997 -0.0538051985 -0.132400006
v -0.0922354013 -0.0491673984 -0.132400006
v -0.0947254971 -0.0571812987 -0.132400006
v 0.178342998 0.0600887015 0.105430998
v 0.185616001 0.0600702986 -0.128803
v 0.0470621996 0.044888299 -0.00249570003
v 0.0493075997 0.044888299 0.00379202003
v 0.0535878986 0.043721199 -0.00128484005
v 0.0920185 0.0780000016 -0.082981497
v 0.0830625966 0.0780000016 -0.0495576002
v 0.257981986 0.0780000016 0.082981497
v 0.266936988 0.0780000016 0.0495576002
v 0.0920185 0.0780000016 0.082981497
v 0.125441998 0.0780000016 0.0919374004
v 0.0830625966 0.0780000016 0.0495576002
v 0.257981986 0.0780000016 -0.082981497
v 0.224557996 0.0780000016 -0.0919374004
v 0.224557996 0.0780000016 0.0919374004
v 0.125441998 0.0780000016 -0.0919374004
v 0.266936988 0.0780000016 -0.0495576002
v -0.0702081025 -0.127595007 -0.261999995
v -0.0452710018 -0.13933 -0.261999995
v -0.036270801 -0.141047001 -0.261999995
v -0.00919880997 -0.146210998 -0.261999995
v -5.43835995e-05 -0.145636007 -0.261999995
v -0.138523996 -0.0449521989 -0.261999995
v -0.128379002 -0.0705768988 -0.261999995
v -0.122993 -0.0779894963 -0.261999995
v -0.106794 -0.100285999 -0.261999995
v -0.0997340977 -0.106127001 -0.261999995
v -0.0784986019 -0.123694003 -0.261999995
v -0.131751999 0.0620578006 -0.261999995
v -0.141896993 0.0364331007 -0.261999995
v -0.143046007 0.0273428001 -0.261999995
v -0.146500006 8.40447054e-16 -0.261999995
v -0.145352006 -0.00909025967 -0.261999995
v -0.141896993 -0.0364331007 -0.261999995
v -0.0855584964 0.117853999 -0.261999995
v -0.106794 0.100285999 -0.261999995
v -0.112179004 0.0928734988 -0.261999995
v -0.128379002 0.0705768988 -0.261999995
v 0.0856465027 0.117789999 -0.261999995
v 0.0623767003 0.132557005 -0.261999995
v 0.0536626019 0.135389 -0.261999995
v 0.0274513997 0.143904999 -0.261999995
v 7.7795597e-15 0.146500006 -0.261999995
v 7.77171025e-15 0.146500006 -0.328500003
v -0.00919880997 0.146210998 -0.261999995
v -0.0181990005 0.144493997 -0.261999995
v -0.0452710018 0.13933 -0.261999995
v -0.0535615012 0.135428995 -0.261999995
v -0.0784986019 0.123694003 -0.261999995
v 0.143066004 0.0272359997 -0.261999995
v 0.136212006 0.0539302006 -0.261999995
v 0.131797999 0.0619594008 -0.261999995
v 0.118520997 0.0861105025 -0.261999995
v 0.112249002 0.0927897021 -0.261999995
v 0.093382597 0.112879999 -0.261999995
v 0.138491005 -0.0450556017 -0.261999995
v 0.145345002 -0.0183613002 -0.261999995
v 0.145345002 -0.00919880997 -0.261999995
v 0.145345002 0.0183613002 -0.261999995
v 0.0701128021 -0.127647996 -0.261999995
v 0.093382597 -0.112879999 -0.261999995
v 0.0996548012 -0.106201001 -0.261999995
v 0.118520997 -0.0861105025 -0.261999995
v 0.122934997 -0.0780813992 -0.261999995
v 0.136212006 -0.0539302006 -0.261999995
v 0.138769001 -0.045088701 -0.328500003
v 0.0274513997 -0.143904999 -0.261999995
v 0.0361654013 -0.141074002 -0.261999995
v 0.0623767003 -0.132557005 -0.261999995
v 0.0495248996 0.0930000022 -0.168266997
v 0.059599001 0.092978999 -0.166409999
v 0.0691464022 0.0780000016 -0.161069006
v 0.0782103986 0.076127097 -0.144694
v 0.0775415972 0.0930218026 -0.144042999
v 0.0774118006 0.0930000022 -0.135381997
v 0.0727192014 0.0930894017 -0.123561002
v -0.0350744016 0.092997998 -0.168265
v -0.060413599 0.0930000022 -0.138521001
v -0.0600016005 0.0930000022 -0.145027995
v -0.058140099 0.0930214003 -0.151194006
v -0.0583306998 0.0780000016 -0.152054995
v -0.0456023999 0.0780000016 -0.165472999
v -0.0447129011 0.0930508971 -0.165309995
v -0.0552988984 0.0930000022 -0.0409263
v -0.0557294004 0.0764999986 -0.0381300002
v 0.0205685999 0.0930000022 -0.0277602002
v -0.0441946983 0.0764999986 -0.0271840002
v -0.0525393002 0.0736297965 -0.0286810994
v 0.0259167999 0.0930000022 -0.0288005993
v 0.0272665992 0.0739794001 -0.0286324993
v 0.0370898992 0.0930351987 -0.0447566994
v 0.0377915017 0.0719911978 -0.0446253009
v 0.0364507996 0.0729233995 -0.0511134006
v 0.0346775018 0.0930000022 -0.0738966987
v 0.0334692001 0.0929953977 -0.0619146004
v 0.0388071015 0.0930000022 -0.0834639966
v 0.0523090996 0.0930000022 -0.102282003
v 0.0825003982 -0.190546006 -0.231128007
v 0.0368640013 -0.184706002 -0.217136994
v 0.0567885004 -0.184899002 -0.228088006
v 0.0177577995 -0.176356003 -0.231360003
v 0.0324121006 -0.178875998 -0.231229007
v 0.00356586999 -0.177000999 -0.219933003
v 0.0845677033 -0.188571006 -0.233631998
v 0.0702496022 -0.177000999 -0.258433014
v 0.0474068001 -0.178831995 -0.239954993
v 0.0472794995 -0.185539007 -0.220769003
v 0.0465914011 -0.186671004 -0.217138007
v -0.239225999 0.00315459003 -0.247500002
v -0.240339994 -0.00499999989 -0.247500002
v -0.244000003 -0.00866025034 -0.247500002
v -0.248999998 -0.00999999978 -0.247500002
v -0.255887002 -0.00761868991 -0.247500002
v -0.259041011 0.00215478009 -0.247500002
v -0.254000008 0.00866025034 -0.247500002
v -0.248999998 0.00999999978 -0.247500002
v -0.244000003 0.00866025034 -0.247500002
v -0.263999999 -0.00869285967 -0.247500002
v -0.26404801 -0.00832892954 -0.211596996
v -0.263999999 0.00869285967 -0.247500002
v -0.263996989 0.00869452022 -0.214090005
v -0.158096999 0.0701111034 -0.195654005
v -0.255997002 0.0171144996 -0.215724006
v -0.260708988 0.00871958025 -0.208536997
v -0.196199 -0.0466854982 -0.142000005
v -0.196384996 -0.0570154004 -0.142000005
v -0.206331998 -0.0558449998 -0.142000005
v -0.206146002 -0.0455149002 -0.142000005
v -0.176933005 0.0864999965 0.050999999
v -0.170466006 0.0864999965 0.0621999986
v -0.170466006 0.0864999965 0.0397999994
v -0.157534003 0.0864999965 0.0621999986
v -0.157534003 0.0864999965 0.0397999994
v -0.151067004 0.0864999965 0.050999999
v -0.195515007 0.0561455004 -0.142000005
v -0.196686 0.0461988002 -0.142000005
v -0.207014993 0.0463849008 -0.142000005
v -0.205844998 0.0563317016 -0.142000005
v -0.131010994 0.0850000009 0.0596136004
v -0.126098007 0.0850000009 0.0509499982
v -0.140993997 0.0850000009 0.0595499985
v -0.131092995 0.0850000009 0.0423999988
v -0.145901993 0.0850000009 0.0510499999
v -0.140907004 0.0850000009 0.0423999988
v -0.0936682969 0.0558449998 -0.142000005
v -0.0938545018 0.0455149002 -0.142000005
v -0.103800997 0.0466854982 -0.142000005
v -0.103615001 0.0570154004 -0.142000005
v -0.202735007 0.0379999988 0.0799999982
v -0.193000004 0.0487442017 0.0799999982
v -0.202735007 0.0379999988 -0.142000005
v -0.193000004 0.0487442017 -0.142000005
v -0.215000004 0.0379999988 -0.142000005
v -0.215000004 0.0379999988 0.0799999982
v -0.215000004 -0.0430000015 -0.142000005
v -0.198743999 -0.0430000015 -0.142000005
v -0.215000004 -0.0430000015 0.0799999982
v -0.198743999 -0.0430000015 0.0799999982
v -0.187999994 -0.0527351983 0.0799999982
v -0.187999994 -0.0527351983 -0.142000005
v -0.112000003 0.0527351983 0.0799999982
v -0.101255998 0.0430000015 0.0799999982
v -0.112000003 0.0527351983 -0.142000005
v -0.101255998 0.0430000015 -0.142000005
v -0.0929846019 -0.0463849008 -0.142000005
v -0.0941549987 -0.0563317016 -0.142000005
v -0.104484998 -0.0561455004 -0.142000005
v -0.103313997 -0.0461988002 -0.142000005
v -0.0972647965 -0.0379999988 0.0799999982
v -0.107000001 -0.0487442017 0.0799999982
v -0.0972647965 -0.0379999988 -0.142000005
v -0.107000001 -0.0487442017 -0.142000005
v -0.0279377997 0.044888299 -0.00249570003
v -0.0256923996 0.044888299 0.00379202003
v -0.0214121006 0.043721199 -0.00128484005
v 0.0470621996 0.044888299 0.107504003
v 0.0476576015 0.0449810997 0.11259
v 0.0522868 0.0434546992 0.107440002
v 0.0529377982 0.044888299 0.112496004
v 0.157502994 0.0601163991 0.120333999
v 0.165702999 0.0599999987 0.109715
v 0.188556001 0.0599999987 0.117091
v 0.184296995 0.0599999987 0.130284995
v 0.166207001 0.0601092018 0.134951994
v 0.185993001 0.0579999983 0.105509996
v 0.186000004 0.0579999983 0.0936871991
v 0.174603999 0.0579999983 0.101878002
v 0.164000005 0.0579999983 0.0936871991
v 0.164166003 0.0597539991 0.105653003
v 0.172091007 0.0599999987 -0.133555993
v 0.190513 0.0601199009 -0.112227999
v 0.177909002 0.0599999987 -0.106444001
v 0.164715007 0.0599999987 -0.110702999
v 0.186875001 0.0480000004 0.105184004
v 0.186875001 0.0480000004 0.0945620984
v 0.260125011 0.0480000004 0.085124597
v 0.224903002 0.0480000004 0.0945620984
v 0.269562006 0.0480000004 0.0499031991
v 0.269562006 0.0480000004 -0.0499030985
v 0.260125011 0.0480000004 -0.0851245001
v 0.224903002 0.0480000004 -0.0945620984
v 0.164006993 0.0579999983 -0.105509996
v 0.164000005 0.0579999983 -0.0936871991
v 0.175395995 0.0579999983 -0.101878002
v 0.186000004 0.0579999983 -0.0936871991
v 0.185834005 0.0597539991 -0.105653003
v 0.186875001 0.0480000004 -0.105184004
v 0.186875001 0.0480000004 -0.0945620984
v 0.0463691019 0.0649999976 -0.00129856996
v 0.0506908 0.0649999976 0.00379368989
v 0.0529399998 0.0649999976 -0.00249515008
v 0.163124993 0.0480000004 -0.105184004
v 0.163124993 0.0480000004 -0.0945620984
v 0.125097007 0.0480000004 -0.0945620984
v 0.0898754001 0.0480000004 -0.0851245001
v 0.0804378986 0.0480000004 -0.0499030985
v 0.0804378986 0.0480000004 0.0499031991
v 0.0898754001 0.0480000004 0.085124597
v 0.125097007 0.0480000004 0.0945620984
v 0.163124993 0.0480000004 0.0945620984
v 0.163124993 0.0480000004 0.105184004
v 0.0581021011 0.154062003 -0.266965985
v 0.0408088006 0.160026997 -0.281919986
v 0.0380425006 0.160543993 -0.266957998
v 0.0237379 0.163305998 -0.281693012
v 0.0427317992 0.159970999 -0.297953993
v 0.0607373007 0.153457001 -0.278658003
v 0.0676682964 0.150655001 -0.297048986
v 0.0779663995 0.145519003 -0.282151014
v 0.0977045968 0.134008005 -0.282353014
v 0.0848065019 0.141892001 -0.296959013
v 0.0739886984 0.147143006 -0.267116994
v 0.0847676024 0.141185001 -0.267457008
v -4.28241012e-15 -0.145999998 -0.261500001
v -0.00916741975 -0.145712003 -0.261500001
v 0.0271067005 -0.143483996 -0.260672003
v 0.0360420011 -0.140591994 -0.261500001
v 0.0621651001 -0.132087007 -0.261532009
v 0.0929772034 -0.112551004 -0.261503994
v 0.117743999 -0.0863526985 -0.260852993
v 0.122515 -0.0778148994 -0.261500001
v 0.135839 -0.0537196994 -0.262039989
v 0.144751996 -0.0185841005 -0.261869013
v 0.144832 0.0183055997 -0.261532009
v 0.135774001 0.0536461994 -0.261503994
v 0.118510999 0.0852966011 -0.260852993
v 0.111865997 0.0924730003 -0.261500001
v 0.093066901 0.11259 -0.262039989
v 0.0624055006 0.131925002 -0.261869013
v 0.0273461994 0.143399999 -0.261530012
v -0.00906397961 0.145706996 -0.261501998
v -0.0451164991 0.138853997 -0.261500001
v -0.0533787012 0.134966001 -0.261500001
v -0.0783203021 0.123304002 -0.262039989
v -0.106183998 0.100117996 -0.261869013
v -0.127930999 0.0703205019 -0.261532009
v -0.141376004 0.0364055 -0.261498988
v -0.144930005 -0.00863990001 -0.26147601
v -0.141470999 -0.0363840982 -0.262039989
v -0.128031 -0.0700485036 -0.261869013
v -0.106412001 -0.0999395996 -0.261532009
v -0.0783111975 -0.123207003 -0.261503994
v -0.0457414985 -0.138666004 -0.260852993
v -0.0361469984 -0.140564993 -0.261500001
v -0.00606459985 0.149887994 -0.233004004
v -0.00740537979 0.161678001 -0.238450006
v -0.0129365996 0.148760006 -0.235158995
v 0.063188903 0.0728128031 -0.165672004
v 0.0737218037 0.0729542002 -0.156788006
v 0.0684551969 0.0721812025 -0.117989004
v 0.0766334981 0.0726689026 -0.129938006
v 0.0495248996 0.075000003 -0.168895006
v -0.0321856998 0.075000003 -0.168895006
v -0.0441204011 0.0726882964 -0.166592002
v -0.0531422012 0.0725376979 -0.160624996
v -0.0592118017 0.0724987015 -0.151186004
v -0.0610412993 0.075000003 -0.138487995
v 0.0205685999 0.075000003 -0.0271316003
v 0.0343131013 0.0733506009 -0.0678768009
v 0.0395933986 0.0724337995 -0.0833458975
v 0.0528231002 0.0722301975 -0.101783998
v 0.0859671012 -0.186471999 -0.231190994
v 0.0192956999 -0.186472997 -0.192697003
v 0.0580824986 -0.184219003 -0.221533
v 0.0554145984 -0.181738004 -0.227082998
v 0.0502071008 -0.181962997 -0.223434001
v 0.0433554985 -0.184398994 -0.212513998
v 0.0434133001 -0.181865007 -0.219790995
v 0.0381910019 -0.182285994 -0.215573996
v 0.0217434 -0.173705995 -0.230637997
v 0.0405810997 -0.176734 -0.232820004
v 0.0466056988 -0.176093996 -0.238125995
v 0.0515649989 -0.173544005 -0.248348996
v -0.255997002 -0.0171146002 -0.215724006
v -0.255997986 -0.0171144996 -0.247500002
v -0.217244998 -0.0239477009 -0.180831
v -0.217645004 -0.0163129997 -0.169762
v -0.232452005 0.000758573005 -0.247502998
v -0.225064993 -0.0132729998 -0.236884996
v -0.234889999 -0.0158095993 -0.247472003
v -0.229370996 -0.0218093991 -0.225463003
v -0.243800998 -0.0192491002 -0.247497007
v -0.225164995 0.0130342003 -0.237028003
v -0.233429 0.0134533998 -0.247500002
v -0.224601999 0.0193789005 -0.230471998
v -0.241236001 0.0192981008 -0.247499004
v -0.229479998 0.0217904001 -0.226754993
v -0.255997986 0.0171144996 -0.247500002
v -0.140860006 0.0700509027 -0.181602001
v -0.149918005 0.0700510964 -0.192664996
v -0.172112003 0.0700355023 -0.186811998
v -0.175139993 0.0700509027 -0.176397994
v -0.166081995 0.0700510964 -0.165335
v -0.155397996 0.0700509027 -0.161860004
v -0.143887997 0.0700355023 -0.171187997
v -0.217645004 0.0163129997 -0.169762
v -0.217244998 0.0239477009 -0.180831
v -0.218500003 7.90738026e-16 -0.170532003
v -0.187999994 -0.0649999976 -0.142000005
v -0.187999994 -0.0649999976 0.0799999982
v -0.107000001 -0.0649999976 0.0799999982
v -0.107000001 -0.0649999976 -0.142000005
v -0.198331997 -0.0649999976 -0.142000005
v -0.215000004 -0.0483321995 -0.142000005
v -0.215000004 0.0483321995 -0.142000005
v -0.215000004 0.0483321995 -0.157000005
v -0.215000004 -0.0483321995 -0.157000005
v -0.170466006 0.0649999976 0.0621999986
v -0.157534003 0.0649999976 0.0621999986
v -0.151067004 0.0649999976 0.050999999
v -0.157534003 0.0649999976 0.0397999994
v -0.170466006 0.0649999976 0.0397999994
v -0.176933005 0.0649999976 0.050999999
v -0.198331997 0.0649999976 -0.142000005
v -0.193000004 0.0649999976 -0.142000005
v -0.112000003 0.0649999976 -0.142000005
v -0.112000003 0.0649999976 0.0799999982
v -0.193000004 0.0649999976 0.0799999982
v -0.126098007 0.0649999976 0.0509499982
v -0.131092995 0.0649999976 0.0423999988
v -0.140907004 0.0649999976 0.0423999988
v -0.145901993 0.0649999976 0.0510499999
v -0.140993997 0.0649999976 0.0595499985
v -0.131010994 0.0649999976 0.0596136004
v -0.0850000009 0.0483321995 -0.142000005
v -0.0850000009 0.0430000015 -0.142000005
v -0.101668 0.0649999976 -0.142000005
v -0.0850000009 -0.0379999988 -0.142000005
v -0.0850000009 -0.0379999988 0.0799999982
v -0.0850000009 0.0430000015 0.0799999982
v -0.0850000009 -0.0483321995 -0.142000005
v -0.101668 -0.0649999976 -0.142000005
v -0.0286308993 0.0649999976 -0.00129856996
v -0.0243091993 0.0649999976 0.00379368989
v -0.0220599994 0.0649999976 -0.00249515008
v 0.0470600016 0.0649999976 0.112494998
v 0.052341599 0.0649999976 0.11259
v 0.051409699 0.0649999976 0.106147997
v 0.175000995 0.0332354009 -0.283446014
v 0.175000995 -0.0332354009 -0.283446014
v 0.174000993 0.0332354009 -0.283446014
v 0.174000993 -0.0332354009 -0.283446014
v 0.175000995 -0.0435950011 -0.276084989
v 0.174000993 -0.0435950011 -0.276084989
v 0.174003005 0.0436283983 -0.276021987
v 0.175000995 0.0435950011 -0.276084989
v 0.234500006 0.0355431996 -0.247200996
v 0.234503001 0.0267491993 -0.232001007
v 0.235497996 0.0355765 -0.247263998
v 0.235499993 0.0270000007 -0.233999997
v 0.235503003 -0.0268482007 -0.232010007
v 0.234500006 -0.0270000007 -0.234999999
v 0.235499993 -0.0355431996 -0.247200996
v 0.234500006 -0.0355431996 -0.247200996
v 0.183969006 0.0599999987 0.135534003
v 0.190533996 0.0599999987 0.128968999
v 0.192937002 0.0599999987 0.119999997
v 0.190533996 0.0599999987 0.111031003
v 0.159465998 0.0599999987 0.111031003
v 0.159465998 0.0599999987 0.128968999
v 0.174999997 0.0599999987 0.137936994
v 0.171123996 0.0600197017 -0.101985
v 0.192937002 0.0599999987 -0.119999997
v 0.190533996 0.0599999987 -0.128968999
v 0.183969006 0.0599999987 -0.135534003
v 0.174999997 0.0599999987 -0.137936994
v 0.166031003 0.0599999987 -0.135534003
v 0.159465998 0.0599999987 -0.128968999
v 0.157063007 0.0599999987 -0.119999997
v 0.159465998 0.0599999987 -0.111031003
v 0.191442996 0.0480000004 -0.110505998
v 0.183724999 0.0479859002 0.137156993
v 0.194898993 0.0480000004 0.136051998
v 0.191442996 0.0480000004 0.129493997
v 0.259696007 0.0480000004 -0.108318001
v 0.302237988 0.0480000004 -0.0521221012
v 0.284628987 0.0480000004 -0.0829923972
v 0.191442996 0.0480000004 0.110505998
v 0.193986997 0.0480000004 0.119999997
v 0.229104996 0.0480000004 0.126407996
v 0.259696007 0.0480000004 0.108318001
v 0.284628987 0.0480000004 0.0829923972
v 0.302237988 0.0480000004 0.0521221012
v 0.193986997 0.0480000004 -0.119999997
v 0.229104996 0.0480000004 -0.126407996
v 0.191442996 0.0480000004 -0.129493997
v 0.194898993 0.0480000004 -0.136051998
v 0.183715999 0.0479619987 -0.137113005
v 0.311347008 0.0480000004 0.0177698005
v 0.3125 0.0480000004 4.76837014e-09
v 0.311347008 0.0480000004 -0.0177696999
v 0.0617499985 0.0649999976 4.76837014e-09
v 0.0601757988 0.0649999976 -0.00587499002
v 0.0558749996 0.0649999976 -0.0101758
v 0.0500000007 0.0649999976 -0.0117499996
v 0.0441249982 0.0649999976 -0.0101758
v 0.0398241989 0.0649999976 -0.00587499002
v 0.0382499993 0.0649999976 4.76837014e-09
v 0.0398241989 0.0649999976 0.0058749998
v 0.0441249982 0.0649999976 0.0101758
v 0.0500000007 0.0649999976 0.0117499996
v 0.0558749996 0.0649999976 0.0101758
v 0.0601757988 0.0649999976 0.0058749998
v 0.0396699011 0.0480000004 0.0243315008
v 0.0491449013 0.0480000004 0.0553782992
v 0.0500000007 0.0480000004 0.0129386997
v 0.115639001 0.0480000004 -0.124026
v 0.156012997 0.0480000004 -0.119999997
v 0.146367997 0.0480000004 -0.134486005
v 0.158556998 0.0480000004 -0.129493997
v 0.166256994 0.0479953997 -0.137147993
v 0.146367997 0.0480000004 0.134486005
v 0.166301996 0.0479838997 0.137132004
v 0.158556998 0.0480000004 0.129493997
v 0.115639001 0.0480000004 0.124026
v 0.156012997 0.0480000004 0.119999997
v 0.0435305983 0.0480000004 0.0112052998
v 0.0377476998 0.0479865 0.00519595016
v 0.158556998 0.0480000004 -0.110505998
v 0.158556998 0.0480000004 0.110505998
v 0.0396699011 0.0480000004 -0.0243315008
v 0.0377526991 0.0479687005 -0.00523403985
v 0.0435305983 0.0480000004 -0.0112052998
v 0.0491449013 0.0480000004 -0.0553782992
v 0.0629388019 0.0480000004 4.76837014e-09
v 0.0612053014 0.0480000004 0.00646936987
v 0.0564693995 0.0480000004 0.0112052998
v 0.0882183015 0.0480000004 -0.106655002
v 0.0656341016 0.0480000004 -0.0833387002
v 0.0500000007 0.0480000004 -0.0129388003
v 0.0564693995 0.0480000004 -0.0112052998
v 0.0612053014 0.0480000004 -0.00646936009
v 0.0882183015 0.0480000004 0.106655002
v 0.0656341016 0.0480000004 0.0833387002
v 0.0232487004 0.164263994 -0.281190991
v 0.0383431986 0.161832005 -0.296808988
v 0.0528022014 0.157799006 -0.297073007
v 0.084181197 0.143531993 -0.297255993
v 0.0876907036 0.140803993 -0.267298013
v 0.0718201995 0.150007993 -0.265749991
v 0.0512255989 0.158227995 -0.265634
v 0.0645838976 -0.177413002 -0.26118499
v 0.0561382994 -0.181199998 -0.252472013
v 0.0570808016 -0.179730996 -0.265877992
v 0.0607699007 -0.176745996 -0.272040009
v 0.0562303998 -0.177000001 -0.252943993
v 0.0465593003 -0.176909 -0.264068991
v 0.0520340018 -0.176001996 -0.263603002
v -4.36552014e-15 -0.145999998 -0.25150001
v -0.0268466007 -0.143699005 -0.251206994
v -0.036158599 -0.140869007 -0.25150001
v -0.074758701 -0.125534996 -0.251552999
v -0.0960590988 -0.109948002 -0.25150001
v -0.0996721014 -0.106169999 -0.25150001
v -0.113771997 -0.0915400013 -0.252119988
v -0.128481001 -0.0695206001 -0.251204014
v -0.138853997 -0.0451164991 -0.25150001
v -0.144961998 -0.0188728999 -0.251206994
v -0.145147994 -0.00914209988 -0.25150001
v -0.146014005 0.00035584101 -0.26148501
v -0.142447993 0.032466799 -0.251679987
v -0.134250998 0.0573817007 -0.25150001
v -0.131773993 0.0619856007 -0.25150001
v -0.122217 0.0799162984 -0.252119988
v -0.105820999 0.100709997 -0.251204014
v -0.0858165994 0.118115999 -0.25150001
v -0.0626832023 0.132072002 -0.251195997
v -0.0535479002 0.135218993 -0.25150001
v -0.0395155996 0.140572995 -0.252202988
v -0.0129530998 0.145425007 -0.251924992
v 0.00947401021 0.145502001 -0.25248
v 0.0286807995 0.143142998 -0.259294987
v 0.0388414003 0.140738994 -0.25150001
v 0.0630799979 0.131762996 -0.251204014
v 0.0858165994 0.118115999 -0.25150001
v 0.106183 0.100474998 -0.251206994
v 0.112053998 0.0927120969 -0.25150001
v 0.134325996 0.0574624017 -0.251679987
v 0.142339006 0.0324881002 -0.25150001
v 0.143041 0.0273071993 -0.25150001
v 0.145849004 0.00718377996 -0.252119988
v 0.144806996 -0.0192757994 -0.251204014
v 0.138853997 -0.0451164991 -0.25150001
v 0.128370002 -0.0699379966 -0.251206994
v 0.122800998 -0.0779199004 -0.25150001
v 0.0960832015 -0.110050999 -0.252561003
v 0.0748832971 -0.125333995 -0.25150001
v 0.0701728985 -0.127601996 -0.25150001
v 0.051902201 -0.136491001 -0.252119988
v 0.036158599 -0.140869007 -0.25150001
v -0.0124655999 0.163651004 -0.236903995
v -0.00754946982 0.163076997 -0.232039005
v 0.0495248996 0.0719999969 -0.168789998
v -0.0321856998 0.0719999969 -0.168789998
v -0.0609367006 0.0719999969 -0.138493001
v -0.0555922017 0.0719999969 -0.0365144983
v -0.0458151996 0.0719999969 -0.0272364002
v 0.0205685999 0.0719999969 -0.0272364002
v 0.00375471008 -0.173995003 -0.219389006
v 0.0706828013 -0.173879996 -0.258365005
v 0.00569735002 -0.181201994 -0.236168995
v 0.0159732997 -0.181202993 -0.231156006
v 0.00381201995 -0.178461999 -0.226410002
v -0.000868312025 -0.176121995 -0.237489
v -0.00394923007 -0.176894993 -0.233198002
v 0.00789782032 -0.175787002 -0.238627002
v 0.0147649003 -0.176479995 -0.242053002
v -0.217217997 -0.0239713993 -0.215994
v -0.215930998 -0.0490233004 -0.157000005
v -0.218500003 2.76990018e-16 -0.157000005
v -0.215930998 -0.0490233004 -0.212274998
v -0.211860001 -0.0170278996 -0.229096994
v -0.212049007 -0.0228837002 -0.225137994
v -0.222402006 -0.0209852997 -0.228118002
v -0.217819005 -0.0152820004 -0.230741993
v -0.218011007 0.0149558 -0.230626002
v -0.205962002 -0.000351541006 -0.229199007
v -0.209143996 0.0160721 -0.229448006
v -0.209856004 0.0217764005 -0.226404995
v -0.2148 0.0240234006 -0.221617997
v -0.217237994 0.0239487998 -0.213688001
v -0.166924998 0.0700000003 -0.194457993
v -0.215930998 0.0490233004 -0.157000005
v -0.215918005 0.0490448996 -0.216114998
v -0.207901999 0.0566419996 -0.157000005
v -0.207901999 -0.0566419996 -0.157000005
v -0.198331997 -0.0649999976 -0.157000005
v -0.101668 -0.0649999976 -0.157000005
v -0.203534007 -0.060787499 -0.157000005
v -0.198331997 0.0649999976 -0.157000005
v -0.101668 0.0649999976 -0.157000005
v -0.0850000009 0.0483321995 -0.157000005
v -0.0850000009 -0.0483321995 -0.157000005
v -0.0132499998 0.0649999976 4.76837014e-09
v -0.0160987005 0.0650061965 -0.0081605399
v -0.0250000004 0.0649999976 -0.0117499996
v -0.0308749992 0.0649999976 -0.0101758
v -0.0367224999 0.065030098 -0.00267763995
v -0.0351758003 0.0649999976 0.0058749998
v -0.0308749992 0.0649999976 0.0101758
v -0.0250000004 0.0649999976 0.0117499996
v -0.0191249996 0.0649999976 0.0101758
v -0.0148242004 0.0649999976 0.0058749998
v 0.0558749996 0.0649999976 0.0998241976
v 0.0500000007 0.0649999976 0.0982500017
v 0.0441249982 0.0649999976 0.0998241976
v 0.0398241989 0.0649999976 0.104125001
v 0.0382499993 0.0649999976 0.109999999
v 0.0398241989 0.0649999976 0.115874998
v 0.0441249982 0.0649999976 0.120176002
v 0.0500000007 0.0649999976 0.121749997
v 0.0558749996 0.0649999976 0.120176002
v 0.0601757988 0.0649999976 0.115874998
v 0.0617499985 0.0649999976 0.109999999
v 0.0601757988 0.0649999976 0.104125001
v 0.233906999 0.0367530994 -0.248115003
v 0.234312996 0.0367530994 -0.249027997
v 0.235212997 -0.0361130983 -0.248234004
v 0.233906999 -0.0367530994 -0.248115003
v 0.234312996 -0.0367530994 -0.249027997
v 0.175594002 -0.0448049009 -0.275171995
v 0.175129995 -0.0447716005 -0.274286002
v 0.175594002 0.0448049009 -0.275171995
v 0.175187007 0.0448049009 -0.274257988
v 0.165142 0.0289999992 0.138144001
v 0.174999997 0.0289999992 0.140650004
v 0.184857994 0.0289999992 0.138144001
v 0.184857994 0.0289999992 -0.138144001
v 0.195042998 0.0289999992 -0.137038007
v 0.229497001 0.0289999992 -0.127323002
v 0.260309011 0.0289999992 -0.109103002
v 0.285423011 0.0289999992 -0.0835933983
v 0.303160012 0.0289999992 -0.0524995998
v 0.312334001 0.0289999992 -0.0178983994
v 0.313495994 0.0289999992 4.76837014e-09
v 0.312334001 0.0289999992 0.0178983994
v 0.303160012 0.0289999992 0.0524994992
v 0.285423011 0.0289999992 0.0835933983
v 0.260309011 0.0289999992 0.109103002
v 0.229497001 0.0289999992 0.127323002
v 0.195042998 0.0289999992 0.137038007
v 0.165142 0.0289999992 -0.138144001
v 0.174999997 0.0289999992 -0.140650004
v 0.0359168984 0.0290003996 0.000645712018
v 0.0386899002 0.0289999992 -0.0245076995
v 0.0482335016 0.0289999992 -0.0557793006
v 0.0648420975 0.0289999992 -0.0839421973
v 0.0875898972 0.0289999992 -0.107427001
v 0.115208998 0.0289999992 -0.124925002
v 0.146161005 0.0289999992 -0.135460004
v 0.0386551991 0.0289999992 0.0243688002
v 0.146161005 0.0289999992 0.135460004
v 0.115208998 0.0289999992 0.124925002
v 0.0875898972 0.0289999992 0.107427001
v 0.0648420975 0.0289999992 0.0839421973
v 0.0482335016 0.0289999992 0.0557793006
v 0.0430203006 0.0289999992 -0.0425411984
v 0.0405014008 0.0719999969 -0.0428728014
v 0.0299890004 0.0289999992 -0.0239305999
v 0.0288159009 0.0719999969 -0.0261841007
v 0.0392076001 0.0289999992 -0.0530164018
v 0.0370899998 0.0719999969 -0.0522455983
v 0.0349696986 0.0719999969 -0.0642701015
v 0.0371349007 0.0289999992 -0.0648304969
v 0.0351466984 0.0719999969 -0.0677928999
v 0.045150701 0.0289999004 -0.0838999003
v 0.0374078006 0.0399999991 -0.0713680014
v 0.0415809005 0.0399999991 -0.0817641988
v 0.040151 0.0719999969 -0.0826404989
v 0.0640254021 0.0289999992 0.107384004
v 0.063315697 0.0400002003 0.107501999
v 0.0865646973 0.0289999992 0.126592994
v 0.0862345025 0.0399999991 0.127066001
v 0.119962998 0.0289999992 0.144282997
v 0.119758002 0.0399999991 0.144822001
v 0.156657994 0.0289999992 0.153329998
v 0.15659 0.0399999991 0.153902993
v 0.186785996 0.0289999992 0.153972998
v 0.186068997 0.0399999991 0.154604003
v 0.022442 0.0289999992 -0.0239305999
v 0.0219496991 0.0399999991 -0.0245069992
v 0.0206314009 0.0289999992 0.00411948981
v 0.0200552009 0.0399999991 0.00413487013
v 0.0257460997 0.0289999992 0.0396220982
v 0.0251889993 0.0399999991 0.0397699997
v 0.0389134996 0.0289999992 0.0729869977
v 0.0384055004 0.0399999991 0.0732593983
v 0.0543782003 0.0289999992 0.0964210033
v 0.0542563982 0.0399999991 0.0971904993
v 0.0794223025 0.146957994 -0.299771011
v 0.0927823037 0.138091996 -0.298712999
v 0.0291265007 0.163104996 -0.265298009
v 0.0269728992 0.164728001 -0.300020993
v 0.0462329984 -0.174094006 -0.255952001
v 0.0637091026 -0.174204007 -0.270633996
v -4.36608003e-15 -0.158108994 -0.314283013
v -0.0267526004 -0.155831993 -0.314283013
v -0.0260770991 -0.152659997 -0.312225997
v -0.0520461984 -0.148389995 -0.314206988
v -0.0764688998 -0.137311995 -0.314182997
v -0.0755926967 -0.135371 -0.31162101
v 0.000324336987 -0.156049997 -0.313398987
v 1.22827996e-05 -0.155217007 -0.311067998
v -0.132012993 -0.0813141987 -0.31162101
v -0.116371997 -0.102454998 -0.31162101
v -0.117767997 -0.104213998 -0.314208001
v -0.133812994 -0.0825802013 -0.314206988
v -0.154906005 -0.00660635019 -0.31162101
v -0.151561007 -0.0326903984 -0.31162101
v -0.153649002 -0.0334145986 -0.314202011
v -0.158907995 -0.00202154997 -0.314446002
v -0.155941993 0.0195039008 -0.31416899
v -0.148258001 0.0453763008 -0.31162101
v -0.153794006 0.0196678992 -0.31162101
v -0.126681 0.0931691006 -0.314204991
v -0.124672003 0.0921749994 -0.31162101
v -0.140584007 0.0704801008 -0.314208001
v -0.138457 0.0697792992 -0.31162101
v -0.150478005 0.0455658995 -0.31418699
v -0.0868438035 0.128443003 -0.31162101
v -0.107302003 0.111919001 -0.31162101
v -0.109031998 0.113243997 -0.314202994
v -0.0883842036 0.130009994 -0.314175993
v -0.0638874024 0.141271994 -0.31162101
v -0.0651346967 0.143136993 -0.314208001
v -0.0131748002 0.154486001 -0.31162101
v -0.0390935987 0.150037006 -0.31162101
v -0.0403654985 0.151945993 -0.314204991
v -0.0142155001 0.156579003 -0.314191014
v 0.063840203 0.141294003 -0.31162101
v 0.0390431993 0.150049999 -0.31162101
v 0.0390770994 0.152331993 -0.314209998
v 0.0641973987 0.143505007 -0.314204991
v 0.124641001 0.0922167972 -0.31162101
v 0.107263997 0.111955002 -0.31162101
v 0.108448997 0.113894999 -0.314211011
v 0.126147002 0.0939060971 -0.314209998
v 0.148410007 0.0454627983 -0.311067998
v 0.138432994 0.0698257983 -0.31162101
v 0.149482995 0.0467361994 -0.314107001
v 0.140189007 0.0711311996 -0.314204007
v 0.153787002 0.0197195001 -0.31162101
v 0.155922994 0.0205262005 -0.314211011
v 0.151423007 -0.0325041004 -0.312222987
v 0.154908001 -0.00655444991 -0.31162101
v 0.157125995 -0.00631592982 -0.314206988
v 0.116406001 -0.102416001 -0.31162101
v 0.132039994 -0.0812698975 -0.31162101
v 0.134174004 -0.0820282996 -0.314209998
v 0.118431002 -0.103387997 -0.314204991
v 0.0516767018 -0.146181002 -0.31162101
v 0.0756380036 -0.135344997 -0.31162101
v 0.0770691037 -0.137075007 -0.314206988
v 0.0528163016 -0.148121998 -0.314208001
v 0.0269639995 -0.154860005 -0.314195007
v 0.0262285993 -0.152812004 -0.31162101
v 7.37512964e-05 -0.158113003 -0.314283013
v -0.0516277999 -0.146199003 -0.31162101
v -0.0973832011 -0.120647997 -0.31162101
v -0.0984376967 -0.122617997 -0.314199001
v -0.144018993 -0.0578849986 -0.311067998
v -0.144963995 -0.0590094998 -0.314002991
v 0.0131510999 0.154659003 -0.311067998
v 0.0121542998 0.156128004 -0.314069986
v 0.0868005976 0.128472 -0.31162101
v 0.0875443965 0.130640998 -0.314206988
v 0.144029006 -0.0578623004 -0.311067998
v 0.145655006 -0.0575667992 -0.314107001
v 0.157288998 -0.0397537984 -0.314532012
v 0.0974235013 -0.120614998 -0.31162101
v 0.0992588028 -0.121964 -0.314200997
v 0.0268711001 -0.156712994 -0.299318999
v 0.0529691018 -0.149917006 -0.299318999
v 0.0775434002 -0.138808995 -0.299318999
v 0.0998867974 -0.123706996 -0.299318999
v 0.119356997 -0.105047002 -0.299318999
v 0.135392994 -0.0833647028 -0.299318999
v 0.147533998 -0.0592840984 -0.299318999
v 0.155431002 -0.0334978998 -0.299318999
v 0.158856004 -0.00674813986 -0.299318999
v 0.157711998 0.0201958008 -0.299318999
v 0.152030006 0.0465587005 -0.299318999
v 0.141975001 0.0715823025 -0.299318999
v 0.127835006 0.0945464969 -0.299318999
v 0.110018 0.114790998 -0.299318999
v 0.0890358016 0.131733 -0.299318999
v 0.0654921979 0.144885004 -0.299318999
v 0.0400643982 0.153869003 -0.299318999
v 0.0134840999 0.158427 -0.299318999
v -0.0134840999 0.158427 -0.299318999
v -0.0400643982 0.153869003 -0.299318999
v -0.0654921979 0.144885004 -0.299318999
v -0.0890358016 0.131733 -0.299318999
v -0.110018 0.114790998 -0.299318999
v -0.127835006 0.0945464969 -0.299318999
v -0.141975001 0.0715823025 -0.299318999
v -0.152030006 0.0465587005 -0.299318999
v -0.157711998 0.0201958008 -0.299318999
v -0.158856004 -0.00674813986 -0.299318999
v -0.155431002 -0.0334978998 -0.299318999
v -0.147533998 -0.0592840984 -0.299318999
v -0.135392994 -0.0833647028 -0.299318999
v -0.119356997 -0.105047002 -0.299318999
v -0.0998867974 -0.123706996 -0.299318999
v -0.0775434002 -0.138808995 -0.299318999
v -0.0529691018 -0.149917006 -0.299318999
v -0.0268711001 -0.156712994 -0.299318999
v -4.42174026e-15 -0.158999994 -0.299318999
v 0.0749358013 -0.125541002 -0.252000988
v 0.142553002 0.0324738994 -0.252000988
v -0.134415001 0.0575186014 -0.252000988
v -0.0962402001 -0.110062003 -0.252000988
v -0.0514154993 -0.136865005 -0.251951009
v -0.139039993 -0.0451943986 -0.252005994
v -0.146054998 0.0066054198 -0.251951009
v -0.0859479979 0.118268996 -0.252005994
v 0.0859208032 0.118288003 -0.252005994
v 0.122043997 0.0805051029 -0.251951009
v 0.139050007 -0.0451622009 -0.252005994
v 0.114278004 -0.0911929011 -0.251951009
v 0.0261000004 -0.143852994 -0.251893014
v 1.68954994e-05 -0.146200001 -0.252005994
v -0.106807999 -0.0998431966 -0.259472996
v -0.127963006 0.0707269013 -0.259470999
v -0.0466503017 0.138207003 -0.259178013
v 0.0105688004 0.146114007 -0.253509015
v 0.0536212996 0.135404006 -0.252029002
v 0.145096004 0.0179894008 -0.259474993
v 0.061952699 -0.132432997 -0.259481996
v -0.00649173977 0.171899006 -0.226841003
v -0.00107442006 0.171990007 -0.237725005
v -0.00915073045 0.171961993 -0.244092003
v -0.0175922997 0.171961993 -0.235349
v -0.0835691988 0.0490233004 -0.174712002
v -0.0835691988 0.0490233004 -0.157000005
v -0.0810000002 7.98354017e-16 -0.172999993
v -0.0810000002 8.14517046e-16 -0.157000005
v 0.0705619007 0.0399999991 -0.116527997
v 0.0694426 0.0719999969 -0.117776997
v 0.0548079014 0.0399999991 -0.100198999
v 0.0535198003 0.0719999969 -0.101273
v -0.0620585009 0.0719999969 -0.139789999
v -0.0566430986 0.0719999969 -0.0364594012
v -0.0321856998 0.0719999969 -0.169843003
v 0.0495248996 0.0719999969 -0.169843003
v -0.0569981001 0.0653091967 -0.0348577015
v -0.0458151996 0.0719999969 -0.0261841007
v 0.0791374967 0.0719999969 -0.143699005
v 0.0774767995 0.0719999969 -0.129546002
v -0.166260004 0.00899999961 -0.314723015
v -0.165983006 0.00899177045 -0.305539012
v -0.161664993 0.0135928001 -0.314498991
v -0.166502997 0.00200774008 -0.314673007
v -0.166985005 0.00200000009 -0.29785499
v -0.166979998 -0.00199457002 -0.29795
v -0.166626006 -0.00200000009 -0.314729989
v -0.166038007 -0.00906805042 -0.305474997
v -0.166260004 -0.00899999961 -0.314723015
v -0.161687002 -0.0135714002 -0.314500004
v -0.215111002 -0.0497963987 -0.217484996
v -0.198041007 -0.0659999996 -0.199105993
v -0.198041007 -0.0659999996 -0.157000005
v -0.207349002 -0.0495023988 -0.225786999
v -0.193138003 -0.066000402 -0.208649993
v -0.211411998 -0.0502534993 -0.222837001
v -0.203553006 -0.0490233004 -0.227026999
v -0.205678999 0.00844457 -0.228810996
v -0.210255995 0.0500097014 -0.224215001
v -0.203553006 0.0490233004 -0.227026999
v -0.139798 0.066000402 -0.175073996
v -0.148935005 0.0659999996 -0.163299993
v -0.158000007 0.0659999996 -0.160870999
v -0.170601994 0.0659999996 -0.165295005
v -0.176128998 0.0659999996 -0.179000005
v -0.173700005 0.0659999996 -0.188065007
v -0.163744003 0.0660000965 -0.196706995
v -0.145495996 0.0660016984 -0.192799002
v -0.198041007 0.0659999996 -0.157000005
v -0.198041007 0.0659999996 -0.199105993
v -0.196281001 0.0660007969 -0.206164002
v -0.190210998 0.0659999996 -0.209182993
v -0.101458997 0.0659999996 -0.175304994
v -0.101458997 0.0659999996 -0.157000005
v -0.101458997 -0.0659999996 -0.157000005
v -0.0835691988 -0.0490233004 -0.157000005
v -0.139480993 0.118757002 -0.234006003
v -0.139471993 0.118928999 -0.226006001
v -0.132790998 0.125986993 -0.233501002
v -0.131729007 0.125983 -0.226499006
v -0.130477995 0.119952999 -0.226077005
v -0.127902001 0.119139001 -0.23398
v -0.127584994 0.112946004 -0.234412998
v -0.127900004 0.112833001 -0.225578994
v -0.134185001 0.116261996 -0.234181002
v -0.0809234008 -0.152778 -0.234057993
v -0.0866371021 -0.155725002 -0.225998998
v -0.0814184025 -0.161484003 -0.226502001
v -0.0863559991 -0.148274004 -0.225516006
v -0.077265501 -0.145325005 -0.234455004
v -0.0887911022 -0.153848007 -0.234175995
v -0.0848833025 -0.162678003 -0.233502001
v -0.0941620991 -0.157213002 -0.225917995
v -0.0943716988 -0.155883998 -0.234175995
v -0.120399997 -0.112180002 -0.234467
v -0.126975 -0.118648998 -0.225986004
v -0.130429998 -0.111954004 -0.225518003
v -0.130573004 -0.112162001 -0.234467998
v -0.133026004 -0.118648 -0.234015003
v -0.131061003 -0.125935003 -0.226495996
v -0.131709993 -0.125991002 -0.233500004
v -0.139382005 -0.119855002 -0.233930007
v -0.139488995 -0.118738003 -0.225991994
v -0.0390195996 0.0637390986 -0.0257507004
v -0.0193271991 0.0611361004 -0.0237194002
v 0.00322809 0.0594233982 -0.0255249999
v -0.0502258018 0.0612356998 -0.0261799991
v 0.00411093002 0.0399999991 -0.0245069992
v 0.0477248989 0.0400426984 0.0967347994
v 0.00236761989 0.0399999991 -0.000930438982
v 0.0216669999 0.0399999991 0.063155897
v 0.00912567042 0.0400036983 0.048413001
v 0.0043153502 0.0399999991 0.0258924998
v 0.00311913993 0.0449864008 0.0196371991
v 0.00195797998 0.0522885993 -0.00648749992
v -0.0238425005 0.0442721993 0.0134129999
v -0.0161755998 0.0486076996 0.00941821001
v -0.0322928987 0.0427738018 0.0114711998
v -0.0378991999 0.0460436009 0.00243391003
v -0.0359098017 0.0521256998 -0.00683483994
v -0.0296922997 0.0568093993 -0.0115708997
v -0.0205789004 0.0563176982 -0.0123100998
v -0.0118640997 0.0507395007 0.000718338997
v -0.00430249982 0.0438635983 0.0270773005
v 0.0623558983 0.0289999992 0.102866001
v 0.0356164984 0.0314157009 0.110804997
v 0.0381813012 0.0349911004 0.102126002
v 0.0624781996 0.0400334001 0.115267999
v 0.0573864989 0.0356155001 0.121973999
v 0.0507105999 0.032623101 0.123995997
v 0.0454825014 0.0310089998 0.123384997
v 0.0409139991 0.0302035008 0.120890997
v 0.0379890986 0.0302108005 0.117541999
v 0.0571337007 0.0289999992 0.0976440981
v 0.186539993 0.0399999991 0.159988001
v 0.162067994 0.0399999991 0.159881994
v 0.127706006 0.0399999991 0.153273001
v 0.095594801 0.0399999991 0.139370993
v 0.0199494995 8.57576019e-16 0.166867003
v 0.0199951995 0.00999999978 0.166345
v 0.00444997987 0.00996613968 0.161467001
v -0.00646746997 -0.00996613968 0.150549993
v -0.00634302991 0.00999999978 0.150098994
v -0.0118667996 8.68220047e-16 0.135049999
v -0.0113447001 0.00999999978 0.135004997
v 0.00606469018 5.75492025e-16 0.133481994
v 0.00118060003 1.93362997e-16 0.077656202
v 0.00554260984 0.00999999978 0.133526996
v 0.000494098 0.00999999978 0.0758225992
v 0.0101645999 -9.38175981e-06 0.143707007
v 0.0108757 0.00999952015 0.145189002
v 0.0231301002 -1.54974003e-07 0.149406999
v 0.0231737997 0.00999999978 0.149932995
v 0.035174299 4.97459993e-08 0.146707997
v 0.032024499 0.00999999978 0.148631006
v 0.0379668996 0.00999999978 0.144296005
v 0.0409903005 -0.00985613 0.137301996
v 0.0419661999 0.00999967009 0.133340001
v 0.0407111011 -0.00986730959 0.130110994
v 0.0369514003 -0.00986053981 0.123484001
v 0.0376348011 0.00999999978 0.123883002
v 0.0290770009 2.77657982e-16 0.114528
v 0.0294892006 0.00999999978 0.114205003
v 0.214744002 0.0514547005 -0.256646007
v 0.215112001 0.0514821 -0.257577002
v 0.186802998 0.0515000001 -0.269086987
v 0.184494004 0.0514920019 -0.271209002
v 0.184088007 -0.0514920019 -0.270294994
v 0.187208995 -0.0515000001 -0.270000011
v 0.215150997 -0.0514547005 -0.257560015
v 0.214705005 -0.0514821 -0.256664008
v 0.216033995 -0.0285 -0.256072015
v 0.216441005 -0.0285 -0.256985992
v 0.204786003 -0.0398119017 -0.262174994
v 0.207673997 -0.0376506001 -0.259793997
v 0.182983994 -0.0377698988 -0.270787001
v 0.181952 -0.0362875015 -0.272341013
v 0.180748999 -0.00622829981 -0.271795005
v 0.181802005 -0.00851665996 -0.272408009
v 0.181759998 0.00844271015 -0.271337986
v 0.179331005 0.0345744006 -0.273508012
v 0.181545004 0.0362875015 -0.271427989
v 0.204379007 0.0398119017 -0.261260986
v 0.208081007 0.0376506001 -0.260706991
v 0.216441005 0.0285 -0.256985992
v 0.216033995 0.0285 -0.256072015
v 0.184448004 -0.0107027004 -0.340995014
v 0.190283 0.0168888997 -0.33961001
v 0.210384995 0.0142620001 -0.340995997
v 0.218546003 0.00251435 -0.340101004
v 0.211976007 -0.0137889003 -0.340893
v 0.235012993 -0.0270000007 -0.231663004
v 0.245332003 0.0271061994 -0.224703997
v 0.247040004 0.0268894993 -0.231999993
v 0.250970006 -0.0255119 -0.231999993
v 0.25099799 0.0215246007 -0.231999993
v 0.244966 -0.0271604992 -0.224777997
v 0.251004994 0.0176474005 -0.224281996
v 0.276044011 0.0458194986 -0.149776995
v 0.267482013 0.0466200002 -0.145867005
v 0.290935993 0.0400291011 -0.128340006
v 0.266449004 0.0511494018 -0.167243004
v 0.244138002 0.0551825017 -0.159117997
v 0.229333997 0.0615696013 -0.165116996
v 0.251305014 0.0625967011 -0.193945006
v 0.192028999 0.00488922 0.194603994
v 0.190601006 0.00500010001 0.178319007
v 0.190968007 0.0235227998 0.193651006
v 0.189431995 0.0299254991 0.180552006
v 0.186943993 0.0160000008 0.145348996
v 0.185958996 0.0289999992 0.144514993
v 0.188105002 0.0160000008 0.15862
v 0.187342003 0.0280000009 0.159522995
v 0.188945994 0.0280000009 0.177852005
v 0.0700533018 0.0399999991 -0.114067003
v 0.0457834005 0.0399999991 -0.0856041983
v 0.301043987 0.0399999991 -0.0902108997
v 0.299389005 0.0399999991 -0.107065998
v 0.275763005 0.0399999991 -0.117779002
v 0.134466007 0.0399999991 -0.167811006
v 0.135159001 0.0399999991 -0.149792001
v 0.170406997 0.0399999991 -0.172575995
v 0.172203004 0.0399999991 -0.154974997
v 0.206551999 0.0399999991 -0.169729993
v 0.209409997 0.0399999991 -0.151132002
v 0.241303995 0.0399999991 -0.159397006
v 0.244613007 0.0399999991 -0.138487995
v 0.273131996 0.0399999991 -0.142033994
v 0.324066013 0.0399999991 -0.0424759984
v 0.329286993 0.0399999991 -0.0438746996
v 0.318984002 0.0399999991 -0.0573890992
v 0.323514998 0.0399999991 -0.060602501
v 0.315396994 0.0399999991 -0.0775761008
v 0.100312002 0.0399999991 -0.155644998
v 0.0808930993 0.0399999991 -0.144715995
v 0.100435004 0.0399999991 -0.135885999
v 0.0790475979 0.0399999991 -0.128959
v 0.323718011 0.0289999992 -0.0415864997
v 0.318448991 0.0289999992 -0.0571756996
v 0.300574988 0.0289999992 -0.0898754001
v 0.275388002 0.0289999992 -0.117340997
v 0.244354993 0.0289999992 -0.137972996
v 0.209281996 0.0289999992 -0.150570005
v 0.172214001 0.0289999992 -0.154397994
v 0.135306999 0.0289999992 -0.149234995
v 0.100712001 0.0289999992 -0.135380998
v 0.0704436004 0.0289999992 -0.113642
v 0.315669 0.0160000008 -0.0384883992
v 0.314547986 0.0289999992 -0.0391292013
v 0.320349008 0.0160000008 -0.0119442996
v 0.31951499 0.0289999992 -0.0109588001
v 0.347900987 0.00499999989 -0.0463286005
v 0.346895993 0.0280000009 -0.0477243997
v 0.353318989 0.00499999989 -0.0156009002
v 0.352851987 0.0280000009 -0.0139455004
v 0.329124004 0.0280000009 -0.042962499
v 0.334522992 0.0280000009 -0.0123420004
v 0.333620012 0.0160000008 -0.0131053999
v 0.328536987 0.0160000008 -0.0419364013
v 0.214129001 0.0289999992 0.139548004
v 0.32939899 0.0289999992 0.0081889201
v 0.328972995 0.0289999992 -0.0117862001
v 0.323282003 0.0289999992 0.0431181006
v 0.310402989 0.0289999992 0.0742473975
v 0.291079998 0.0289999992 0.101842999
v 0.266232997 0.0289999992 0.124591999
v 0.237044007 0.0289999992 0.141411006
v 0.216585994 0.0289999992 0.148717999
v 0.213487998 0.0160000008 0.140669003
v 0.216936007 0.0160000008 0.153537005
v 0.217961997 0.0280000009 0.154124007
v 0.222724006 0.0280000009 0.171895996
v 0.221329004 0.00499999989 0.172901005
v 0.217475995 0.0399999991 0.149066001
v 0.218875006 0.0399999991 0.154286996
v 0.237276003 0.0399999991 0.141938999
v 0.239307001 0.0399999991 0.146948993
v 0.266573995 0.0399999991 0.125056997
v 0.269692004 0.0399999991 0.129471004
v 0.291514009 0.0399999991 0.102223001
v 0.295554996 0.0399999991 0.105810001
v 0.31090799 0.0399999991 0.0745244995
v 0.315661013 0.0399999991 0.0770957991
v 0.323834985 0.0399999991 0.0432791002
v 0.329050004 0.0399999991 0.0446996987
v 0.330053985 0.0399998985 0.0076878001
v 0.335081011 0.0399999991 0.0101688998
v 0.335067004 0.040022999 -0.0115385996
v 0.329604 0.0399999991 -0.0110692997
v -0.0835691988 -0.0490233004 -0.174712002
v -0.101458997 -0.0659999996 -0.175304994
v 0.00973458029 0.166614994 -0.280120999
v 0.0542331003 0.158020005 -0.299721986
v 0.102557003 0.131565005 -0.28845799
v 0.105640002 0.129121006 -0.282662988
v 0.0928710029 0.138016 -0.264748007
v 0.069056198 -0.173999995 -0.265500009
v 0.069056198 -0.173999995 -0.252999991
v 0.0644809008 -0.173999995 -0.248425007
v 0.0582308993 -0.173999995 -0.246749997
v 0.0519809015 -0.173999995 -0.270074993
v -0.157295004 -0.0398247018 -0.314498991
v -0.148587003 -0.0651860014 -0.314500988
v -0.135836005 -0.0887461975 -0.314500004
v -0.119384997 -0.109885998 -0.314496994
v -0.0996564031 -0.128047004 -0.314500004
v -0.0772178993 -0.142703995 -0.314500988
v -0.0526847988 -0.153466001 -0.314500004
v -0.0261307992 -0.160166994 -0.314496011
v 0.0266893003 -0.160046995 -0.314500004
v 0.0526759997 -0.153468996 -0.314500004
v 0.0772309005 -0.142698005 -0.314500004
v 0.0996603966 -0.128043994 -0.314500004
v 0.119369999 -0.109899998 -0.314500988
v 0.135835007 -0.088747099 -0.314500004
v 0.148595005 -0.0651694015 -0.314500004
v 0.161702007 -0.0134068998 -0.314502001
v 0.161702007 0.0134052997 -0.314500004
v 0.157291993 0.0398317985 -0.314500004
v 0.148592994 0.065170899 -0.314500988
v 0.135836005 0.0887466967 -0.314500004
v 0.119365998 0.109903999 -0.314500004
v 0.0996603966 0.128043994 -0.314500004
v 0.0772316009 0.142697006 -0.314500988
v 0.0526784994 0.153467 -0.314500988
v 0.026695 0.160045996 -0.314500004
v -4.33155031e-15 0.162257001 -0.314500004
v -0.0267082006 0.160043001 -0.314500988
v -0.0527011007 0.153453007 -0.314514995
v -0.0772257969 0.142701 -0.314500004
v -0.0996545032 0.128049001 -0.314498007
v -0.119379997 0.109885998 -0.314505994
v -0.148587003 0.0651943982 -0.314493001
v -0.135836005 0.0887461975 -0.314500004
v -0.157297 0.039815601 -0.314500004
v -0.0268187001 0.156709 -0.282267988
v 0.0062951399 0.158877 -0.282279015
v 0.0156989004 0.157589003 -0.264986992
v -0.0267283991 -0.156020999 -0.264907002
v -0.0527415983 -0.149250001 -0.264905006
v -0.0771996006 -0.138193995 -0.264905989
v -0.0994146988 -0.123181999 -0.264907002
v -0.118826002 -0.104583003 -0.264905989
v -0.134804994 -0.0829759985 -0.264905989
v -0.146880001 -0.0590213016 -0.264905989
v -0.154739007 -0.0333633013 -0.264905989
v -0.158152997 -0.00670272019 -0.264892995
v -0.157012999 0.0201063007 -0.264905989
v -0.151363999 0.0463262983 -0.264905989
v -0.141342998 0.0712698996 -0.264901996
v -0.127269 0.0941274017 -0.264905989
v -0.109559998 0.114252001 -0.264905989
v -0.0886451006 0.131145999 -0.264905989
v -0.0651829019 0.144251004 -0.264905006
v -0.0398867987 0.153187007 -0.264905989
v -0.0332801007 0.154759005 -0.264908999
v 0.0651739016 0.144254997 -0.264905006
v 0.0398867987 0.153187007 -0.264905989
v 0.0886436999 0.131146997 -0.264907002
v 0.127239004 0.0941653028 -0.264903992
v 0.109530002 0.114281997 -0.264905989
v 0.141341999 0.0712718964 -0.264905989
v 0.151362002 0.0463345982 -0.264908999
v 0.158152997 -0.00669708988 -0.264908999
v 0.157012999 0.0201063007 -0.264905989
v 0.154740006 -0.0333589017 -0.264907986
v 0.134810001 -0.0829659998 -0.264910996
v 0.146880001 -0.0590213016 -0.264905989
v 0.118827 -0.104581997 -0.264907002
v 0.0994136035 -0.123181999 -0.264901012
v 0.0527447015 -0.149249002 -0.264905989
v 0.0771996006 -0.138193995 -0.264905989
v -4.42264997e-15 -0.158295006 -0.264905989
v 0.0267353002 -0.156020999 -0.264903992
v -0.0462765992 0.141642004 -0.264412999
v -0.0342723988 0.145052999 -0.264420986
v -0.130609006 -0.0717971027 -0.264421999
v -0.144360006 -0.0370616987 -0.264420986
v -0.149040997 7.72443014e-16 -0.264420986
v -0.0798700005 -0.125834003 -0.264423013
v -0.108654998 -0.102016002 -0.264420986
v -0.00937935989 -0.148745 -0.264421999
v -0.0460755005 -0.141739994 -0.264420986
v 0.0634154975 -0.134884 -0.26443699
v 0.0278981999 -0.146405995 -0.264421999
v -4.30078988e-15 -0.158295006 -0.264905989
v 0.0950763971 -0.114758 -0.264393985
v 0.147880003 -0.0186739992 -0.26444301
v 0.138554007 -0.0549160019 -0.264425009
v 0.120577 -0.0876042992 -0.264420986
v 0.138548002 0.0549208 -0.264411986
v 0.147862002 0.0187145006 -0.264423013
v 0.0634372979 0.134867996 -0.264423013
v 0.094975397 0.114860997 -0.264421999
v 0.120561004 0.0876282975 -0.264423996
v 0.0192042999 0.149067 -0.264443994
v -0.130609006 0.0717960969 -0.264421999
v -0.108654 0.102015004 -0.264418989
v -0.0798721984 0.125833005 -0.264421999
v -0.144358993 0.0370621011 -0.264420986
v 0.118055001 -0.0860878974 -0.259357989
v -0.0329809003 0.142380998 -0.257162005
v -0.149040997 7.77156011e-16 -0.264420986
v -0.146013007 -0.000551183999 -0.259333014
v -0.141605005 -0.0363642015 -0.25950101
v -0.128142998 -0.0703461021 -0.259460986
v -0.0783381984 -0.123438999 -0.259498
v -0.0453885011 -0.138881996 -0.259355992
v -0.00917433016 -0.145912006 -0.259499997
v 0.0273048002 -0.143610001 -0.259463996
v 0.0931899026 -0.112649001 -0.259498
v 0.135934994 -0.0538146012 -0.259499997
v 0.0157053005 0.145350993 -0.259043992
v 0.0623224005 0.132231995 -0.259461999
v 0.0931864977 0.112653002 -0.259499997
v 0.118354999 0.085675098 -0.259357005
v 0.135932997 0.0538180992 -0.259498
v 0.145017996 -0.0184124 -0.259461999
v -0.0783440024 0.123437002 -0.25950101
v -0.106501997 0.100133002 -0.259460986
v -0.141606003 0.0363578983 -0.259499013
v -0.0264502 0.143792003 -0.252476007
v -0.146200001 7.99507993e-16 -0.259499997
v -0.00899999961 0.172000006 -0.220080003
v -0.00129021995 0.172000006 -0.222146004
v 0.00620912993 0.172018006 -0.231143996
v 0.00435373001 0.172000006 -0.243210003
v -0.00129021995 0.172000006 -0.248853996
v -0.00899999961 0.172000006 -0.250919998
v -0.0167098008 0.172000006 -0.248853996
v -0.0223536994 0.172000006 -0.243210003
v -0.0244196001 0.172000006 -0.235499993
v -0.0223536994 0.172000006 -0.227789998
v -0.0167098008 0.172000006 -0.222146004
v -0.0740479007 0.0661176965 -0.175285995
v -0.0621856004 0.0659999996 -0.175304994
v -0.100455999 0.092552498 -0.176231995
v -0.109747998 0.0804662034 -0.175809994
v -0.118803002 0.0659995973 -0.175329998
v -0.079400897 7.82018033e-16 -0.172999993
v -0.0296071991 0.0660073981 -0.179451004
v -0.0578663014 0.0885254964 -0.181358993
v -0.0448284 0.0659995973 -0.176409006
v -0.0950371027 0.0999374986 -0.177379996
v -0.0918098018 0.106657997 -0.179998994
v -0.0178047009 0.0659997016 -0.182088003
v -0.0876664966 0.115691997 -0.184373006
v -0.0841801986 0.118574999 -0.184920996
v -0.0157690998 0.0659997016 -0.182494
v -0.00957963988 0.0659999996 -0.182807997
v 0.128079996 0.0660000965 -0.183455005
v 0.118708 0.082915999 -0.183951005
v 0.106596999 0.0982777998 -0.184380993
v 0.087187998 0.116480999 -0.184866995
v 0.0674358979 0.129204005 -0.185192004
v 0.0458556004 0.138524994 -0.185417995
v 0.0231040008 0.144181997 -0.185553998
v -0.000103951999 0.146051005 -0.185598999
v -0.0236214008 0.144098997 -0.185552999
v -0.0462675989 0.138389006 -0.185415998
v -0.0675316006 0.129153997 -0.185190007
v 0.231269002 0.064768903 -0.180961996
v 0.217602998 0.0650506988 -0.168651998
v 0.245413005 0.065206103 -0.200228006
v 0.206349999 0.0659999996 -0.171152994
v 0.223176003 0.0659999996 -0.188452005
v 0.238758996 0.0660227016 -0.207334995
v 0.170370996 0.0659999996 -0.173938006
v 0.134146005 0.0659999996 -0.169136003
v 0.0997226983 0.0659999996 -0.156874001
v 0.0792189017 0.0659999996 -0.145264998
v 0.063508898 0.0659999996 -0.166719005
v 0.0495248996 0.0659999996 -0.170157
v 0.0743042976 0.0659999996 -0.157187998
v -0.0321856998 0.0659999996 -0.170157
v -0.0440900996 0.0659999996 -0.167707995
v -0.0540609993 0.0659999996 -0.160759002
v -0.0605610982 0.0660000965 -0.150233999
v -0.0623015985 0.0659999996 -0.138421997
v -0.0570488982 0.0659999996 -0.0381935984
v -0.00219621998 -0.173988 -0.224834993
v 0.0178503003 -0.174003005 -0.221616998
v 0.0088674603 -0.173999995 -0.218250006
v 0.00936612021 -0.164966002 -0.244352996
v 0.00261745998 -0.173999995 -0.241575003
v -0.162628993 -0.00144664 -0.305617005
v -0.118349999 -0.0659999996 -0.175304994
v -0.129607007 -0.0659999996 -0.184973001
v -0.148544997 -0.0659999996 -0.211500004
v -0.149059996 -0.0659774989 -0.216465995
v -0.141011998 -0.0659999996 -0.19799
v -0.156457007 -0.0507235005 -0.233308002
v -0.157147005 -0.0490233004 -0.235209003
v -0.161686003 -0.0309915002 -0.235368997
v -0.164709002 1.65633989e-14 -0.236485004
v -0.164175004 -0.0126000997 -0.235909
v -0.157147005 0.0490233004 -0.235209003
v -0.160160005 0.0383895002 -0.235244006
v -0.163605005 0.0185630005 -0.235691994
v -0.149155006 0.0659942031 -0.216428995
v -0.141090006 0.0660014972 -0.198543996
v -0.132929996 0.0659999996 -0.188418001
v -0.148947999 0.0660177022 -0.211374
v -0.0323068984 0.162981004 -0.260816991
v -0.0278583001 0.163497999 -0.255228996
v -0.0225294009 0.164235994 -0.253504008
v -0.0317023993 0.163553998 -0.274576008
v -0.0241579004 0.165152997 -0.28155601
v -0.105981998 0.125992998 -0.233502001
v -0.104868002 0.126000002 -0.226500005
v -0.118564002 0.113098003 -0.225598007
v -0.142877996 0.079860501 -0.223276004
v -0.130677 0.0987111032 -0.224592
v -0.142677993 0.082302399 -0.236555994
v -0.120702997 0.111855999 -0.234488994
v -0.132486001 0.0977365971 -0.235477
v -0.0964478999 -0.132317007 -0.224225998
v -0.0963423997 -0.133523002 -0.235691994
v -0.0749498978 -0.146054998 -0.225604996
v -0.0585364997 -0.153124005 -0.226500005
v -0.0593345985 -0.153413996 -0.233500004
v -0.142900005 -0.079763703 -0.223267004
v -0.142677993 -0.082302399 -0.236555994
v -0.121094003 -0.110379003 -0.225417003
v -0.104868002 -0.126000002 -0.226500005
v -0.133337006 -0.0950741991 -0.224336997
v -0.105737999 -0.126000002 -0.233500004
v -0.131754994 -0.0987112969 -0.235407993
v -0.137615994 -0.0899062976 -0.236024007
v -0.0194569007 0.00999999978 0.042281799
v -0.0199670997 -1.42661008e-10 0.0424639992
v 0.00508627016 0.0300136991 0.0752509013
v 0.0326743014 0.0300136991 0.111704998
v -0.0345452987 0.0392985009 0.0168396998
v -0.0460693985 0.0463669002 -0.00193360006
v -0.0493701994 0.0488725007 -0.00748958997
v -0.0494497009 0.0490459017 -0.00777532998
v -0.0219414998 0.0341133997 0.0363693982
v -0.00906569976 0.0310744997 0.0553646982
v -0.0574860983 0.0659999996 -0.038123101
v -0.0674230978 7.81189e-16 -0.161642
v -0.0640802979 0.0659999996 -0.163947001
v -0.067997098 1.65124004e-06 -0.164720997
v -0.0653776973 0.0659994036 -0.168767005
v -0.0705664009 5.65258961e-06 -0.169129997
v -0.0685819983 0.0659999996 -0.172689006
v -0.0745922998 3.44008986e-05 -0.171994001
v 0.170855001 0.0235226005 0.193641007
v 0.121655002 0.0300136991 0.172884002
v 0.133457005 0.0300136991 0.176092997
v 0.139236003 0.0292291008 0.179021999
v 0.143898994 0.0250957999 0.188474998
v 0.148647994 0.0235699005 0.192424998
v 0.159337997 0.0235226005 0.193635002
v 0.108268999 0.0300136991 0.167089
v 0.0847949982 0.0299634002 0.156911001
v 0.0534230992 0.0300137997 0.134000003
v 0.0318492018 0.00999999978 0.112351999
v 0.0505762994 0.00999999978 0.132792994
v 0.0773369968 0.00999999978 0.153549001
v 0.107479997 0.00999999978 0.168985993
v 0.127957001 0.00999999978 0.175789997
v -0.0117296996 0.00999999978 0.0534842983
v 0.129462004 -7.27908991e-06 0.176449001
v -0.0113447001 -0.00999999978 0.135004997
v 0.00490095001 -0.00999999978 0.161342993
v 0.0199951995 -0.00999999978 0.166345
v 0.000494098 -0.00999999978 0.0758225992
v 0.00554260984 -0.00999999978 0.133526996
v 0.0107725002 -0.00999914017 0.145595998
v 0.0112934997 9.3824101e-06 0.144835994
v 0.0247533992 -0.00999999978 0.149744004
v 0.0379668996 -0.00999999978 0.144296005
v 0.032024499 -0.00999999978 0.148631006
v 0.0294892006 -0.00999999978 0.114205003
v 0.146290004 8.78319988e-05 0.192380995
v 0.151121005 0.00499999989 0.193772003
v 0.158999994 -0.0489999987 0.210999995
v 0.166237995 -0.0460424982 0.210999995
v 0.168284997 -0.0365034007 0.210999995
v 0.152457997 -0.0467380993 0.210999995
v 0.161047995 -0.0299608 0.210999995
v 0.149499997 -0.0395000018 0.210999995
v 0.151761994 -0.0329575017 0.210999995
v 0.150959998 -0.000945683976 0.193984002
v 0.170828998 0 0.195455
v 0.191067994 -0.000215808002 0.194840997
v 0.139900997 -0.000222903996 0.183458999
v 0.179638997 4.62203019e-07 -0.259081006
v 0.180241004 0.00371554005 -0.273102999
v 0.179943994 -0.00208289991 -0.273229986
v 0.219500005 0.00394078996 -0.255623013
v 0.219863996 -0.00199674 -0.255461991
v 0.219093993 -0.00559596997 -0.254709989
v 0.219093993 0.00559596997 -0.254709989
v 0.219883993 0.000569181982 -0.254357994
v 0.179811001 1.04083006e-15 -0.272199005
v 0.181217998 0.00718283001 -0.33851701
v 0.199892998 -0.0199986007 -0.338481992
v 0.186629996 0.0149702001 -0.335999995
v 0.182997003 0.00970670022 -0.335999995
v 0.180038005 -0.00241073011 -0.335999995
v 0.183432996 -0.0113613 -0.335999995
v 0.190597996 -0.0177091006 -0.335999995
v 0.209187001 -0.0177091006 -0.335999995
v 0.216352001 -0.0113613 -0.335999995
v 0.219747007 -0.00241073011 -0.335999995
v 0.213155001 0.0149702001 -0.335999995
v 0.216787994 0.00970670022 -0.335999995
v 0.218593001 0.0070921001 -0.335999995
v 0.195125997 0.0194243006 -0.336979002
v 0.199891999 0.0199999996 -0.335999995
v 0.204581007 0.0194288995 -0.337852001
v 0.229000002 1.35994003e-14 -0.235263005
v 0.230186999 0.0340000018 -0.234598994
v 0.244077995 -0.0340059996 -0.225191996
v 0.230186999 -0.0340000018 -0.234599993
v 0.244103 0.0340002999 -0.225244001
v 0.250988007 -0.0217352007 -0.224758998
v 0.210464999 0.0560136996 -0.247042999
v 0.204723999 0.0659999996 -0.227339
v 0.224112004 0.0560666993 -0.241958007
v 0.222216994 0.0659999028 -0.220258996
v 0.239126995 0.0561489016 -0.233361006
v 0.254352003 0.0560518987 -0.220475003
v 0.260995001 0.0551561005 -0.213018999
v 0.267338991 0.0522481985 -0.204276994
v 0.270139992 0.0503478982 -0.199714005
v 0.251406997 0.0340000018 -0.225187004
v 0.255165011 0.000102919999 -0.223968998
v 0.240036994 0.0340000987 -0.234329998
v 0.230186999 0.0339995995 -0.240318999
v 0.229000002 7.55427975e-16 -0.243054003
v 0.280992001 0.0422501005 -0.180950999
v 0.292086989 0.0361686982 -0.161531001
v 0.303353995 0.0321338996 -0.141578004
v 0.31596601 0.0300267003 -0.118980996
v 0.333359987 0.0300136991 -0.0875018016
v 0.204829007 0.0049987901 0.181097001
v 0.222123995 0.00499776984 0.175990999
v 0.198648006 0.00500012981 0.190539002
v 0.194524005 0.00500047021 0.19359
v 0.34930101 0.0300136991 -0.0485147014
v 0.342516005 0.0300136991 -0.0683590025
v 0.351027995 0.00499999989 -0.0471666008
v 0.356539011 0.00499974983 -0.0160383992
v 0.355383009 0.0300136991 -0.0140255997
v 0.223516002 0.0300165992 0.174300998
v 0.247534007 0.0300136991 0.165750995
v 0.261761993 0.0300136991 0.157566994
v 0.281807989 0.0300136991 0.146036997
v 0.292501986 0.0300136991 0.136252999
v 0.310979992 0.0300136991 0.119347997
v 0.318192989 0.0300136991 0.109047003
v 0.333658993 0.0300136991 0.0869600028
v 0.337729007 0.0300136991 0.0771112964
v 0.355636001 0.0300083999 0.0110171996
v 0.348942012 0.0299832001 0.0499328002
v -0.0525657982 -0.0811557993 -0.113757998
v -0.0494646989 -0.102840997 -0.111124001
v -0.0514336005 -0.0822622031 -0.101585001
v -0.0491640009 -0.101328999 -0.101668
v -0.0658421963 -0.0704784989 -0.175464004
v -0.0981485993 -0.0954744965 -0.176352993
v -0.0585374013 -0.0783469006 -0.177425995
v -0.092220597 -0.105466999 -0.179466993
v -0.0879525989 -0.114830002 -0.184081003
v -0.0764008015 -0.0592320003 -0.175068006
v -0.110757001 -0.0789979026 -0.175759003
v -0.0843131989 -0.118491001 -0.184919
v -0.0462378003 -0.0917847976 -0.183789998
v -0.0502693988 -0.0874413997 -0.182765007
v 0.0932101011 0.138648003 -0.299717009
v 0.0273039006 0.163624004 -0.255694002
v 0.0686319992 -0.151636004 -0.268716007
v 0.0511922985 -0.158313006 -0.271023989
v 0.0620163009 -0.154633 -0.272662997
v 0.0446162 -0.159885004 -0.257431
v 0.0460750982 -0.159805 -0.265204996
v 0.0486276001 -0.158256993 -0.249619007
v 0.0582545996 -0.154703006 -0.245400995
v 0.052999001 -0.156657994 -0.246574998
v 0.0637321025 -0.152602002 -0.246373996
v 0.0705458969 -0.149873003 -0.251560986
v 0.0723790005 -0.149507001 -0.260823995
v -0.160129994 0.0405505002 -0.307431996
v -0.166429996 0.0137908002 -0.300000012
v -0.151271999 0.0663539991 -0.307431996
v -0.138286993 0.0903474987 -0.307431996
v -0.121529996 0.111877002 -0.307431996
v -0.101458997 0.130354002 -0.307431996
v -0.0786193013 0.145275995 -0.307431996
v -0.0536353998 0.156234995 -0.307431996
v -0.0271885004 0.162931994 -0.307431996
v -4.36662001e-15 0.165185004 -0.307431996
v -4.32837012e-15 0.162257001 -0.314500004
v 0.0786193013 0.145275995 -0.307431996
v 0.0536353998 0.156234995 -0.307431996
v 0.0271885004 0.162931994 -0.307431996
v 0.101458997 0.130354002 -0.307431996
v 0.121529996 0.111877002 -0.307431996
v 0.138286993 0.0903474987 -0.307431996
v 0.151271999 0.0663539991 -0.307431996
v 0.164620996 -0.0136409001 -0.307431996
v 0.164620996 0.0136409001 -0.307431996
v 0.160129994 0.0405505002 -0.307431996
v 0.160129994 -0.0405505002 -0.307431996
v 0.151271999 -0.0663539991 -0.307431996
v 0.138286993 -0.0903474987 -0.307431996
v 0.121529996 -0.111877002 -0.307431996
v 0.0536353998 -0.156234995 -0.307431996
v 0.0786193013 -0.145275995 -0.307431996
v 0.101458997 -0.130354002 -0.307431996
v 0.0271885004 -0.162931994 -0.307431996
v -4.36610968e-15 -0.165185004 -0.307431996
v -4.36574969e-15 -0.162257001 -0.314500004
v -0.0271885004 -0.162931994 -0.307431996
v -0.0536353998 -0.156234995 -0.307431996
v -0.121529996 -0.111877002 -0.307431996
v -0.101458997 -0.130354002 -0.307431996
v -0.0786193013 -0.145275995 -0.307431996
v -0.138286993 -0.0903474987 -0.307431996
v -0.151271999 -0.0663539991 -0.307431996
v -0.160129994 -0.0405505002 -0.307431996
v -0.166429996 -0.0137908002 -0.300000012
v -0.16189 0.0409961008 -0.300000012
v -0.152934 0.067083098 -0.300000012
v -0.139807001 0.0913403034 -0.300000012
v -0.122865997 0.113105997 -0.300000012
v -0.102573998 0.131786004 -0.300000012
v -0.0794832036 0.146871999 -0.300000012
v -0.0542248003 0.157950997 -0.300000012
v -0.0274873003 0.164721996 -0.300000012
v -4.32793983e-15 0.166999996 -0.300000012
v 0.102573998 0.131786004 -0.300000012
v 0.122865997 0.113105997 -0.300000012
v 0.139807001 0.0913403034 -0.300000012
v 0.152934 0.067083098 -0.300000012
v 0.16189 0.0409961008 -0.300000012
v 0.166429996 0.0137908002 -0.300000012
v 0.166429996 -0.0137908002 -0.300000012
v 0.16189 -0.0409961008 -0.300000012
v 0.152934 -0.067083098 -0.300000012
v 0.139807001 -0.0913403034 -0.300000012
v 0.122865997 -0.113105997 -0.300000012
v 0.102573998 -0.131786004 -0.300000012
v 0.0794832036 -0.146871999 -0.300000012
v 0.0542248003 -0.157950997 -0.300000012
v 0.0274873003 -0.164721996 -0.300000012
v -4.36640995e-15 -0.166999996 -0.300000012
v -0.0274873003 -0.164721996 -0.300000012
v -0.0542248003 -0.157950997 -0.300000012
v -0.0794832036 -0.146871999 -0.300000012
v -0.102573998 -0.131786004 -0.300000012
v -0.122865997 -0.113105997 -0.300000012
v -0.139807001 -0.0913403034 -0.300000012
v -0.152934 -0.067083098 -0.300000012
v -0.16189 -0.0409961008 -0.300000012
v 0.00201876997 0.166935995 -0.281563014
v 0.0141655002 0.166077003 -0.275694013
v 0.0133804996 0.165427998 -0.258363992
v 0.0046019298 0.166061997 -0.253506005
v 0.000494062027 0.165527999 -0.248621002
v 0.00708418991 0.164552003 -0.237127006
v 0.0058643301 0.164077997 -0.229615003
v -0.00319727999 0.163627997 -0.219604
v -0.0216230005 0.162327006 -0.223839998
v -0.0250714999 0.162716001 -0.235485002
v -0.0232314002 0.16358 -0.243790999
v -0.0143526001 0.165044993 -0.250537008
v -0.105084002 0.101655997 -0.185811996
v -0.119970001 0.0835679024 -0.185811996
v 0.111599997 0.107965998 -0.197910994
v -0.133366004 0.092899099 -0.211472005
v -0.127480999 0.0887996033 -0.198029995
v -0.116774 0.113050997 -0.211468995
v -0.111662999 0.10802 -0.198029995
v -0.0971997008 0.130263999 -0.211466998
v -0.0929777026 0.124467 -0.198029995
v -0.0752355978 0.144087002 -0.211501002
v -0.0719057024 0.137718007 -0.198029995
v -0.0512565002 0.154254004 -0.211500004
v -0.048987899 0.147434995 -0.198029995
v -0.0259882007 0.160454005 -0.211499006
v -0.0248124003 0.153365999 -0.198029995
v -4.43394982e-15 0.162547007 -0.211500004
v -4.43394982e-15 0.155359998 -0.198029995
v 0.0259601995 0.160459995 -0.211500004
v 0.0248124003 0.153365999 -0.198029995
v 0.0267395005 0.160269007 -0.211500004
v 0.048987899 0.147434995 -0.198029995
v 0.0513247997 0.154237002 -0.211512998
v 0.0719057024 0.137718007 -0.198029995
v 0.0753753036 0.144027993 -0.211527005
v 0.0929777026 0.124467 -0.198029995
v 0.0975093022 0.130078003 -0.211546004
v 0.117146 0.112732001 -0.211568996
v 0.127480999 0.0887996033 -0.198029995
v 0.133765996 0.0924253985 -0.211596996
v 0.139979005 0.0660002008 -0.196740001
v 0.146504 0.0704130977 -0.211500004
v 0.148544997 0.0659999996 -0.211500004
v 0.151332006 0.066000402 -0.24289
v 0.154675007 0.0595657006 -0.255694002
v 0.156490996 0.0560136996 -0.262768
v 0.00190789998 -0.163379997 -0.219025999
v 0.0119003002 -0.162689999 -0.217767
v 0.0205191001 -0.162408993 -0.223589003
v 0.0218083002 -0.163249999 -0.235842004
v -0.00249494007 -0.164639995 -0.237428993
v -0.00433905004 -0.164051995 -0.228700995
v -0.0194569007 -0.00999999978 0.042281799
v -0.0517624989 -8.67677009e-05 -0.00626708986
v -0.0607945994 1.64023e-08 -0.0351604
v -0.0719187036 -0.0637520999 -0.174401
v -0.0676821992 -0.0683353022 -0.172095999
v -0.0684681013 -4.43744e-07 -0.165534005
v -0.0649503991 -0.0710443035 -0.168594003
v -0.0637739003 -0.072048001 -0.164158002
v -0.00238259998 -0.0513365008 -0.0769134983
v -0.000649044989 -0.0517158993 -0.073445797
v -0.00411762018 -0.0484446995 -0.0743079036
v 0.127957001 -0.00999999978 0.175789997
v 0.0507676005 -0.00999999978 0.132972002
v 0.0318492018 -0.00999999978 0.112351999
v -0.0117296996 -0.00999999978 0.0534843989
v 0.077828899 -0.00999999978 0.153860003
v 0.108318999 -0.00999999978 0.169319004
v 0.142440006 -1.83850005e-15 0.188587993
v 0.146516994 -7.47294967e-13 0.192497998
v 0.143072993 -1.01417991e-14 0.189509004
v 0.149499997 -0.0395000018 0.188999996
v 0.151761994 -0.0460424982 0.188999996
v 0.158999994 -0.0489999987 0.188999996
v 0.163749993 -0.0477272011 0.188999996
v 0.167227 -0.0442500003 0.188999996
v 0.168540001 -0.0374566987 0.188999996
v 0.163749993 -0.0312727988 0.188999996
v 0.158999994 -0.0299999993 0.188999996
v 0.152457997 -0.0322621986 0.188999996
v 0.196966007 -2.82520996e-13 0.192431003
v 0.196255997 1.96974987e-08 0.193065003
v 0.193935007 -3.72593015e-12 0.194022
v 0.195788994 -4.78226975e-05 0.193324
v 0.201197997 -3.77433995e-09 0.186872005
v 0.199323997 6.46860963e-06 0.190266997
v 0.172608003 -0.0294997003 0.194030002
v 0.152478993 -0.0295000002 0.192642003
v 0.189390004 -0.0294978991 0.193433002
v 0.195142001 -0.0295000002 0.191025004
v 0.197470993 -0.0295000002 0.188999996
v 0.198424995 -1.07044989e-05 0.191192001
v 0.148411006 -0.0295000002 0.191407993
v 0.145183995 -0.0295001008 0.189002007
v 0.203127995 4.25478987e-07 0.183368996
v 0.206259996 -2.42862006e-05 0.180634007
v 0.210199997 -1.57710007e-15 0.179073006
v 0.200264007 -0.0514979996 0.180677995
v 0.206140995 -4.56163969e-12 0.180680007
v 0.136314005 -0.00697143003 0.178772002
v 0.138830006 -1.60105002e-12 0.181693003
v 0.138960004 -1.52240991e-12 0.181912005
v 0.199891999 0.0199999996 -0.252088994
v 0.193417996 0.0189229008 -0.254034013
v 0.187972993 0.0160597004 -0.255777001
v 0.211708993 0.0161850005 -0.248857006
v 0.205771998 0.0191162005 -0.250425011
v 0.166198 -0.000767886988 -0.262959987
v 0.164984003 0.0200063009 -0.262259007
v 0.184104994 0.0120358998 -0.25712499
v 0.161730006 0.0382427983 -0.262212008
v 0.182572007 -0.00999999978 -0.257681012
v 0.217213005 -0.00999999978 -0.247437999
v 0.220182002 7.47729018e-06 -0.246915996
v 0.216254994 0.0115131997 -0.247681007
v 0.189891994 -0.0173205007 -0.255149007
v 0.199891999 -0.0199999996 -0.252088994
v 0.209892005 -0.0173205007 -0.249321997
v 0.211881995 -0.0160079002 -0.248814002
v 0.230370998 -0.0338950008 -0.240275994
v 0.251406997 -0.0340000018 -0.225187004
v 0.257120997 7.66534006e-16 -0.221690997
v 0.271923006 8.7328901e-16 -0.201942995
v 0.334737003 8.44857025e-16 -0.0882626027
v 0.228074998 7.73359027e-16 0.174612001
v 0.343715996 7.6332301e-16 -0.0695781037
v 0.34878099 8.44785981e-16 -0.0524162017
v 0.354460001 7.63427037e-16 -0.0331737995
v 0.35591501 8.45092024e-16 -0.0146936001
v 0.357439995 7.63942033e-16 0.00466543995
v 0.242406994 8.53954053e-16 0.168565005
v 0.263045996 7.7136003e-16 0.159857005
v 0.276345998 8.51949974e-16 0.150608003
v 0.294209003 7.69429006e-16 0.138187006
v 0.305748999 8.50053996e-16 0.125918001
v 0.320214987 7.67649972e-16 0.110538997
v 0.329302013 8.48349978e-16 0.0955986008
v 0.339938998 7.66100061e-16 0.0781105012
v 0.345952988 8.46914998e-16 0.0610057004
v 0.352528989 7.64846029e-16 0.0423028991
v 0.354959011 8.45813008e-16 0.0236855
v -0.0050586802 -0.0550813004 -0.0793780982
v -0.0615850985 -0.0541732013 -0.104493
v -0.0606797002 -0.072048001 -0.105114996
v -0.0394244008 -0.107000001 -0.0976572037
v -0.000172127999 -0.107000001 -0.0801787004
v -0.0398943014 -0.107000001 -0.106623001
v -0.0275948998 -0.107000001 -0.101147003
v -0.0319514982 -0.107000001 -0.184276998
v 0.0876194984 -0.116145998 -0.184858993
v 0.0980698019 -0.107000001 -0.184616998
v -0.0446586013 -0.138914004 -0.185430005
v -0.0218401998 -0.144376993 -0.185561001
v 0.00133664999 -0.146039993 -0.185597003
v 0.0245542992 -0.143932 -0.185549006
v 0.0470804982 -0.138102993 -0.185408995
v 0.0682900026 -0.128744006 -0.185179994
v -0.0659267977 -0.129994005 -0.185211003
v 0.108064003 -0.107000001 -0.193185002
v -0.12613 -0.0907090008 -0.198029995
v -0.118698999 -0.0853646994 -0.185811996
v -0.103642002 -0.103124999 -0.185811996
v -0.085956499 -0.118271001 -0.185811996
v 0.122362003 -0.107000001 -0.211500004
v 0.116617002 -0.107000001 -0.202901006
v 0.117242001 -0.112576999 -0.211502999
v 0.0979740992 -0.129702002 -0.211501002
v 0.0936394036 -0.123970002 -0.198029995
v 0.0761905983 -0.143565997 -0.211469993
v 0.0727720037 -0.137263 -0.198029995
v 0.0523740984 -0.153877005 -0.211499006
v 0.0500589013 -0.147074997 -0.198029995
v 0.0272825006 -0.160240993 -0.211500004
v 0.0260763001 -0.153155997 -0.198029995
v 0.0267506 -0.160288006 -0.211500004
v 0.00143227004 -0.155353993 -0.198029995
v 0.00149327004 -0.162539005 -0.211498007
v -0.0232480001 -0.153611004 -0.198029995
v -0.0243234001 -0.160716996 -0.211500004
v -0.0267139003 -0.160156995 -0.211500004
v -0.0473387018 -0.147972003 -0.198029995
v -0.0494121015 -0.154823005 -0.211438999
v -0.0702288002 -0.138580993 -0.198029995
v -0.0734867007 -0.144981995 -0.211492002
v -0.0913378 -0.125674993 -0.198029995
v -0.0955628976 -0.131487995 -0.211500004
v -0.0996183977 -0.128014997 -0.211500004
v -0.110129997 -0.109581999 -0.198029995
v -0.115238003 -0.114634 -0.211498007
v -0.131906003 -0.0949503034 -0.211455002
v -0.145356998 -0.0727524012 -0.211500004
v 0.138873994 0.0907310992 -0.255694002
v 0.151914001 0.0666356981 -0.255694002
v 0.126211002 -0.107000001 -0.247975007
v -0.151914001 0.0666356981 -0.255694002
v -0.138873994 0.0907310992 -0.255694002
v -0.101888999 0.130906999 -0.255694002
v -0.122046001 0.112351999 -0.255694002
v -0.0789529979 -0.145891994 -0.255694002
v -0.101888999 -0.130906999 -0.255694002
v -0.0538631007 -0.156898007 -0.255694002
v -0.122046001 -0.112351999 -0.255694002
v -0.138873994 -0.0907310992 -0.255694002
v -0.151914001 -0.0666356981 -0.255694002
v 0.0538631007 0.156898007 -0.255694002
v 0.0789529979 0.145891994 -0.255694002
v 0.122046001 0.112351999 -0.255694002
v 0.101888999 0.130906999 -0.255694002
v -4.42265971e-15 0.166999996 -0.300000012
v 0.0273039006 -0.163624004 -0.255694002
v 0.0789529979 -0.145891994 -0.255694002
v -0.165318996 -0.0136987995 -0.255694002
v -0.165318996 0.0136987995 -0.255694002
v -4.42331998e-15 -0.165886 -0.255694002
v -0.0273039006 -0.163624004 -0.255694002
v -0.160809994 0.0407226011 -0.255694002
v -0.160809994 -0.0407226011 -0.255694002
v 0.122046001 -0.112351999 -0.255694002
v 0.132488996 -0.0995524004 -0.255690992
v 0.139881998 -0.0900250971 -0.265749007
v 0.148585007 -0.0746169016 -0.264055997
v 0.155545995 -0.0586034991 -0.262901992
v 0.161271006 -0.0401423015 -0.262241989
v 0.164620996 -0.0227831006 -0.262212992
v -4.42487005e-15 0.162547007 -0.211500004
v -4.3851802e-15 0.165773004 -0.253504008
v -0.0538631007 0.156898007 -0.255694002
v -0.0789529979 0.145891994 -0.255694002
v 0.101888999 -0.130906999 -0.255694002
v -4.42215022e-15 -0.166999996 -0.300000012
v 0.196888 -0.107000001 -0.227384001
v 0.199974999 -0.0900233015 -0.248243004
v 0.00219434989 -0.100336999 -0.0709168017
v -0.000681456004 -0.0550813004 -0.0697008967
v 0.00290625007 -0.106798999 -0.0758738965
v -0.00534078013 -0.0550813004 -0.0513897017
v -0.00723152002 -0.060197901 -0.0388256013
v -0.0494400002 -0.0474999994 -0.00746574998
v -0.0101178 -0.0474999994 0.0523599982
v 0.033395201 -0.0474999994 0.111138999
v -0.0583419986 -0.0474999994 -0.0359283015
v -0.0616736002 -0.0512606017 -0.103266001
v -0.0614771992 -0.0474999994 -0.095752202
v -0.0616510995 -0.0485030003 -0.100074999
v -0.00830810983 -0.0474999994 -0.0720798001
v -0.00697246986 -0.0504412986 -0.0517555997
v -0.0160700995 -0.0474999994 -0.0316611007
v -0.0132085998 -0.0474999994 -0.0527855009
v -0.0140065998 -0.0483874008 -0.0190300997
v -0.0166395009 -0.0474999994 -0.0109249996
v -0.00997424033 -0.051058501 -0.0261174999
v 0.133525997 -0.0258443002 0.176330999
v 0.135893002 -0.0514543988 0.175533995
v 0.125328004 -0.0474999994 0.173022002
v 0.109039001 -0.0474999994 0.167490005
v 0.0788782984 -0.0474999994 0.152199
v 0.0521093011 -0.0474999994 0.131536007
v 0.143731996 -1.8787599e-14 0.190466002
v 0.139432997 -0.00885982998 0.181523994
v 0.141452 1.11171999e-14 0.187152997
v 0.14745 -0.0515000001 0.188999996
v 0.145441994 -0.0515000001 0.186909005
v 0.141387999 -0.0515000001 0.179006994
v 0.146985993 -8.6983296e-13 0.192839995
v 0.195189998 -0.0515000001 0.188999996
v 0.196309 -0.0515000001 0.187459007
v 0.192540005 -5.64503999e-12 0.194598004
v 0.196254998 -5.36347984e-13 0.193065003
v 0.199634999 -0.0256459005 0.185721993
v 0.197550997 -0.0515000001 0.185747996
v 0.203143001 -4.91087986e-12 0.183355004
v 0.206514999 -0.0513211004 0.177047998
v 0.135896996 -1.65127992e-12 0.178997993
v 0.260473013 -0.0474999994 -0.162998006
v 0.252361 -0.0484310985 -0.167906001
v 0.228119999 -0.0474999994 -0.179580003
v 0.239537999 -0.0536231995 -0.174379006
v 0.194530994 -0.107000001 -0.185828999
v 0.192557007 -0.107000001 -0.186173007
v 0.211324006 -0.0864194036 -0.183059007
v 0.195961997 -0.0474999994 -0.188737005
v 0.227767006 -0.0660540983 -0.178673998
v 0.202386007 -0.0474999994 -0.249862
v 0.210767001 -0.0474999994 -0.247419998
v 0.270240992 -0.0474999994 -0.199839994
v 0.25482899 -0.0474999994 -0.220749006
v 0.234548002 -0.0474999994 -0.236974001
v 0.332558006 -0.0474999994 -0.0870585963
v 0.343715996 8.44736959e-16 -0.0695781037
v 0.347342998 -0.0474999994 -0.0519765988
v 0.354460001 8.44841038e-16 -0.0331737995
v 0.354420006 -0.0474999994 -0.0145698003
v 0.357439995 8.45355981e-16 0.00466543995
v 0.353471994 -0.0474999994 0.0234887004
v 0.352528989 8.46259977e-16 0.0423028991
v 0.344541013 -0.0474999994 0.0604965985
v 0.339938998 8.47513956e-16 0.0781105012
v 0.328025997 -0.0474999994 0.0947986022
v 0.320214987 8.49063973e-16 0.110538997
v 0.304668009 -0.0474999994 0.124861002
v 0.294209003 8.5084306e-16 0.138187006
v 0.275509 -0.0474999994 0.149338007
v 0.263045996 8.52774084e-16 0.159857005
v 0.241854995 -0.0474999994 0.167135
v 0.228074998 8.54773081e-16 0.174612001
v 0.216817006 -0.0474999994 0.175086007
v 0.259209991 -0.0474999994 -0.150986001
v 0.231958002 -0.0591843016 -0.163988993
v 0.245307997 -0.0500002988 -0.158251002
v 0.193397 -0.107000001 -0.175035998
v 0.213869005 -0.0817366987 -0.170296997
v 0.174999997 -0.107000001 -0.175999999
v 0.135836005 -0.107000001 -0.171587005
v 0.0652657971 -0.107000001 -0.137602001
v 0.0986365005 -0.107000001 -0.158571005
v 0.0142160002 -0.107000001 -0.0715856031
v 0.0164295007 -0.107000001 -0.0763634965
v 0.0373977013 -0.107000001 -0.109733999
v 0.00906170998 -0.0864901021 -0.0553468987
v 0.00566588016 -0.0663525015 -0.0386616997
v 0.00423823996 -0.0572197996 -0.0302860998
v 0.0019863199 -0.0474996008 -0.00118397002
v 0.00247892994 -0.0484521016 -0.0119091999
v 0.00316893007 -0.0513157994 -0.0207692999
v 0.126928002 -0.0474999994 0.166063994
v 0.0999893993 -0.0474999994 0.155761003
v 0.0672099963 -0.0474999994 0.135163993
v 0.00645276997 -0.0474999994 0.0384697989
v 0.0192389004 -0.0474999994 0.0750105977
v 0.0398355983 -0.0474999994 0.107790001
v 0.137531996 -0.0515000001 0.168988004
v 0.204806 -0.0515000001 0.170506001
v 0.174999997 -0.0515000001 0.173090994
v 0.215529993 -0.0474999994 0.168063998
v 0.347882003 -0.0474999994 4.76837014e-09
v 0.343546987 -0.0474999994 -0.0384697989
v 0.250010997 -0.0474999994 0.155761003
v 0.282790005 -0.0474999994 0.135163993
v 0.310164005 -0.0474999994 0.107790001
v 0.330760986 -0.0474999994 0.0750105977
v 0.343546987 -0.0474999994 0.0384697989
v 0.330760986 -0.0474999994 -0.0750105977
v 0.310164005 -0.0474999994 -0.107790001
v 0.282790005 -0.0474999994 -0.135163993
v 0.249181002 -0.0109999999 -0.154037997
v 0.213044003 -0.0109999999 -0.166682005
v 0.174999997 -0.0109999999 -0.170968994
v 0.00831769034 -0.0109999999 -0.0380441993
v 0.0209624004 -0.0109999999 -0.074180603
v 0.100818999 -0.0109999999 0.154037997
v 0.0684027001 -0.0109999999 0.133669004
v 0.0413312018 -0.0109999999 0.106596999
v 0.0209624004 -0.0109999999 0.074180603
v 0.00831769034 -0.0109999999 0.0380441993
v 0.00403115014 -0.0109999999 4.76837014e-09
v 0.136956006 -0.0109999999 0.166682005
v 0.174999997 -0.0109999999 0.170968994
v 0.213044003 -0.0109999999 0.166682005
v 0.281596988 -0.0109999999 -0.133669004
v 0.308669001 -0.0109999999 -0.106596999
v 0.329037994 -0.0109999999 -0.074180603
v 0.341681987 -0.0109999999 -0.0380441993
v 0.345968992 -0.0109999999 4.76837014e-09
v 0.341681987 -0.0109999999 0.0380441993
v 0.329037994 -0.0109999999 0.074180603
v 0.308669001 -0.0109999999 0.106596999
v 0.281596988 -0.0109999999 0.133669004
v 0.249181002 -0.0109999999 0.154037997
v 0.0413312018 -0.0109999999 -0.106596999
v 0.0684027001 -0.0109999999 -0.133669004
v 0.100818999 -0.0109999999 -0.154037997
v 0.136956006 -0.0109999999 -0.166682005
v 0.0622970983 -0.0109999999 0.119457997
v 0.0377861001 -0.0109999999 0.0902469978
v 0.0206723996 -0.0109999999 0.0561706014
v 0.0118784001 -0.0109999999 0.0190661997
v 0.0118784001 -0.0109999999 -0.0190661997
v 0.0206723996 -0.0109999999 -0.0561706983
v 0.0377861001 -0.0109999999 -0.0902469978
v 0.0622970983 -0.0109999999 -0.119457997
v 0.0928839967 -0.0109999999 -0.142229006
v 0.127897993 -0.0109999999 -0.157333001
v 0.165451005 -0.0109999999 -0.163954005
v 0.203519002 -0.0109999999 -0.161736995
v 0.240049005 -0.0109999999 -0.150801003
v 0.273072988 -0.0109999999 -0.131733999
v 0.300808996 -0.0109999999 -0.105566002
v 0.321763009 -0.0109999999 -0.0737072006
v 0.334805012 -0.0109999999 -0.0378745012
v 0.339231998 -0.0109999999 4.76837014e-09
v 0.334805012 -0.0109999999 0.0378745012
v 0.321763009 -0.0109999999 0.0737072006
v 0.300808996 -0.0109999999 0.105566002
v 0.273072988 -0.0109999999 0.131733999
v 0.240049005 -0.0109999999 0.150801003
v 0.203519002 -0.0109999999 0.161736995
v 0.165451005 -0.0109999999 0.163954005
v 0.127897993 -0.0109999999 0.157333001
v 0.0928839967 -0.0109999999 0.142229006
v 0.0580637008 -0.0151110003 -0.0916422009
v 0.0519162007 -0.0150603997 -0.100442998
v 0.0646651983 -0.0151837999 -0.0987619013
v 0.289236993 -0.0159153994 0.103444003
v 0.285593003 -0.0150367999 0.0975586995
v 0.297434986 -0.0151252998 0.0993257016
v 0.292398006 -0.0155627001 0.0919113979
v 0.337500006 -0.00800106023 7.5298899e-06
v 0.333121985 -0.00800103974 -0.0374678001
v 0.32021901 -0.00800106023 -0.0729233027
v 0.299486995 -0.00800100993 -0.104447
v 0.272044003 -0.00800109003 -0.130340993
v 0.239370003 -0.00800109003 -0.149206996
v 0.203227997 -0.00800586026 -0.160030007
v 0.174999997 -0.00800000038 -0.162499994
v 0.165551007 -0.00800000038 -0.162224993
v 0.128401995 -0.00800106023 -0.155676007
v 0.0937564 -0.00800109003 -0.140733004
v 0.0634910986 -0.00800106023 -0.118202999
v 0.0392372012 -0.00800106023 -0.0893014967
v 0.0223022997 -0.00800106954 -0.0555852987
v 0.0135995001 -0.00800106954 -0.0188724995
v 0.0135976998 -0.00800106023 0.0188577008
v 0.0222973004 -0.00800106954 0.0555713996
v 0.0392290018 -0.00800104998 0.0892890021
v 0.0634803027 -0.00800109003 0.118193001
v 0.0937433988 -0.00800106023 0.140726
v 0.128387004 -0.00800106954 0.155671
v 0.165544003 -0.00800111983 0.162224993
v 0.203210995 -0.00800106023 0.160033002
v 0.239355996 -0.00800103042 0.149213001
v 0.272031993 -0.00800104998 0.130349994
v 0.299477994 -0.00800099038 0.104459003
v 0.320212007 -0.00800106954 0.0729366988
v 0.333117992 -0.00800109003 0.0374822989
v 0.0576213002 -0.0199999996 -0.103670001
v 0.0533807985 -0.0269079003 -0.0954791978
v 0.28747499 -0.0199999996 0.0937547013
v 0.174999997 -0.0299999993 -0.162499994
v 0.137525007 -0.0299999993 -0.158120006
v 0.102069996 -0.0299999993 -0.145215005
v 0.0705469996 -0.0299999993 -0.124481998
v 0.0446549989 -0.0299999993 -0.0970382988
v 0.0257898998 -0.0299999993 -0.0643630028
v 0.0149686998 -0.0299999993 -0.0282178
v 0.0127748996 -0.0299999993 0.00944853015
v 0.0193266999 -0.0299999993 0.0466055013
v 0.0342709012 -0.0299999993 0.081249997
v 0.0568017997 -0.0299999993 0.111514002
v 0.0857048035 -0.0299999993 0.135766998
v 0.119422004 -0.0299999993 0.152700007
v 0.156134993 -0.0299999993 0.161401004
v 0.193865001 -0.0299999993 0.161401004
v 0.230578005 -0.0299999993 0.152700007
v 0.264295012 -0.0299999993 0.135766998
v 0.293197989 -0.0299999993 0.111514002
v 0.315728992 -0.0299999993 0.081249997
v 0.330673009 -0.0299999993 0.0466055013
v 0.33722499 -0.0299999993 0.00944853015
v 0.335031003 -0.0299999993 -0.0282178
v 0.324209988 -0.0299999993 -0.0643630028
v 0.305344999 -0.0299999993 -0.0970382988
v 0.279453009 -0.0299999993 -0.124481998
v 0.247930005 -0.0299999993 -0.145215005
v 0.212475002 -0.0299999993 -0.158120006
v 0.0344601013 -0.0485000014 -0.0285590999
v 0.0302012004 -0.0485000014 -0.0180396009
v 0.0259943996 -0.0485000014 -0.0362213999
v 0.0185272004 -0.0485000014 -0.0197512005
v 0.0163663998 -0.0485000014 -0.0292808991
v 0.0344212987 -0.0485000014 -0.0788863972
v 0.0387891009 -0.0485000014 -0.0839240998
v 0.0363941006 -0.0485000014 -0.0696974024
v 0.0462515987 -0.0485000014 -0.0849424005
v 0.0453363992 -0.0485000014 -0.0668122023
v 0.0531719998 -0.0485000014 -0.0752926022
v 0.114867002 -0.0485000014 -0.148344994
v 0.123012997 -0.0407136008 -0.151982993
v 0.131381005 -0.0485000014 -0.147657007
v 0.116085999 -0.0485000014 -0.136501998
v 0.124985002 -0.0485000014 -0.133645996
v 0.130936995 -0.0485000014 -0.138257995
v 0.177213997 -0.0483541004 -0.161227003
v 0.181300998 -0.0485000014 -0.145028993
v 0.168494999 -0.0485000014 -0.158859
v 0.172114 -0.0485000014 -0.143057004
v 0.184235007 -0.0485000014 -0.154018998
v 0.165971994 -0.0485000014 -0.149700001
v 0.229873002 -0.0485000014 -0.151776001
v 0.233671993 -0.0485000014 -0.136074007
v 0.220686004 -0.0485000014 -0.149804994
v 0.224101007 -0.0485000014 -0.133890003
v 0.236201003 -0.0351360999 -0.145071998
v 0.234910995 -0.0485000014 -0.147407994
v 0.217837006 -0.0485000014 -0.142832994
v 0.219062999 -0.0485000014 -0.138257995
v 0.263855994 -0.0485000014 -0.112147003
v 0.277278006 -0.0484649986 -0.124362998
v 0.281892002 -0.0485000014 -0.118410997
v 0.268411994 -0.0485000014 -0.125285998
v 0.276995003 -0.0485000014 -0.107591003
v 0.302345008 -0.0485000014 -0.0848475024
v 0.315483004 -0.0485000014 -0.0802918002
v 0.297789007 -0.0485000014 -0.0717082024
v 0.310927004 -0.0485000014 -0.0671525002
v 0.318064004 -0.0485000014 0.0329293013
v 0.315540999 -0.0389307998 0.0263944995
v 0.316767007 -0.0485000014 0.0218195003
v 0.333537996 -0.0485000014 0.0221031997
v 0.332614988 -0.0485000014 0.0309695005
v 0.322719991 -0.0485000014 0.0172064994
v 0.326660991 -0.0485000014 0.0355825983
v 0.315483004 -0.0485000014 0.0717085972
v 0.314559996 -0.0485000014 0.0805749968
v 0.304664999 -0.0485000014 0.0668120012
v 0.305929005 -0.0485000014 0.0858078972
v 0.298711985 -0.0485000014 0.0714249983
v 0.29747799 -0.0451660007 0.0776086003
v 0.281551003 -0.0485000014 0.112147003
v 0.280627996 -0.0485000014 0.121013999
v 0.270732999 -0.0485000014 0.107251003
v 0.274673998 -0.0485000014 0.125626996
v 0.264780015 -0.0485000014 0.111864001
v 0.263855994 -0.0485000014 0.120729998
v 0.181301996 -0.0485000014 0.158970997
v 0.174999997 -0.0485000014 0.161149994
v 0.174999997 -0.0485000014 0.142849997
v 0.183847994 -0.0485000014 0.147708997
v 0.168697998 -0.0485000014 0.145028993
v 0.166152 -0.0485000014 0.156290993
v 0.233289003 -0.0485000014 0.149803996
v 0.226987004 -0.0485000014 0.151982993
v 0.226987004 -0.0485000014 0.133682996
v 0.235855997 -0.0485000014 0.138545007
v 0.220302001 -0.0485000014 0.136074007
v 0.218618006 -0.0484999008 0.147655994
v 0.0854365006 -0.0485000014 0.121955
v 0.0717801973 -0.0485000014 0.124578997
v 0.0828123987 -0.0485000014 0.108298004
v 0.0691561028 -0.0485000014 0.110922001
v 0.0171179008 -0.0485000014 0.0210352
v 0.0253091995 -0.0485000014 0.0172444992
v 0.0302003995 -0.0485000014 0.0347497016
v 0.0185263995 -0.0485000983 0.0330371
v 0.0340128988 -0.0484999008 0.0218956005
v 0.0404792018 -0.0485000014 0.0849431977
v 0.0413929 -0.0485000014 0.066812098
v 0.0503351018 -0.0485000014 0.0696984008
v 0.051504299 -0.0485000014 0.0815164968
v 0.0335563011 -0.0485000014 0.075292401
v 0.195370004 -0.0149999997 -0.148397997
v 0.197218001 -0.0149999997 -0.154274002
v 0.203076005 -0.0149999997 -0.15557
v 0.199502006 -0.0149999997 -0.143827006
v 0.207422003 -0.0149999997 -0.151105002
v 0.205526993 -0.0149999997 -0.145119995
v 0.147312999 -0.0149999997 0.143665999
v 0.154406995 -0.0149999997 0.146877006
v 0.144988 -0.0149999997 0.155028999
v 0.152738005 -0.0149999997 0.154262006
v 0.142740995 -0.0149999997 0.147798002
v 0.0857596993 -0.0299999993 0.135683
v 0.0568744987 -0.0299999993 0.111446001
v 0.0343574993 -0.0299999993 0.0812000036
v 0.0194224995 -0.0299999993 0.0465768985
v 0.0128747998 -0.0299999993 0.00944268983
v 0.0150672002 -0.0299999993 -0.0282004997
v 0.0258817002 -0.0299999993 -0.0643234029
v 0.0447352007 -0.0299999993 -0.0969785005
v 0.0706112981 -0.0299999993 -0.124406002
v 0.102114998 -0.0299999993 -0.145126
v 0.137548 -0.0299999993 -0.158022001
v 0.174999997 -0.0299999993 -0.162400007
v 0.212451994 -0.0299999993 -0.158022001
v 0.247885004 -0.0299999993 -0.145126
v 0.279388994 -0.0299999993 -0.124406002
v 0.305265009 -0.0299999993 -0.0969785005
v 0.324117988 -0.0299999993 -0.0643234029
v 0.334933013 -0.0299999993 -0.0282004997
v 0.337125003 -0.0299999993 0.00944268983
v 0.330576986 -0.0299999993 0.0465768985
v 0.315643013 -0.0299999993 0.0812000036
v 0.293125004 -0.0299999993 0.111446001
v 0.264239997 -0.0299999993 0.135683
v 0.230544001 -0.0299999993 0.152605996
v 0.193853006 -0.0299999993 0.161302
v 0.156147003 -0.0299999993 0.161302
v 0.119456001 -0.0299999993 0.152605996
v 0.0185713992 -0.0350000001 -0.0200686008
v 0.0161591992 -0.0350000001 -0.0263944995
v 0.0182000995 -0.0350000001 -0.0324459001
v 0.0273556001 -0.0350000001 -0.0355474018
v 0.0321896002 -0.0350000001 -0.0200315993
v 0.0253132991 -0.0349996984 -0.0172406007
v 0.0332341008 -0.0350000001 -0.0309685003
v 0.0347869992 -0.0349927992 -0.0256207995
v 0.0496659018 -0.0350000001 -0.0829716027
v 0.0404777005 -0.0350000001 -0.0849428028
v 0.0354091004 -0.0350000001 -0.0807757974
v 0.0342141017 -0.0350000001 -0.0759999976
v 0.0370633006 -0.0350000001 -0.0690284967
v 0.0462502018 -0.034999501 -0.0670569986
v 0.0512885004 -0.0349996984 -0.0714251995
v 0.0525140986 -0.0350000001 -0.0759999976
v 0.125942007 -0.0349951014 -0.133840993
v 0.116838001 -0.0350000001 -0.135792002
v 0.113844998 -0.0350000001 -0.144846007
v 0.118810996 -0.0350001007 -0.151173994
v 0.129314005 -0.0350000001 -0.149803996
v 0.132164001 -0.0350000001 -0.142826006
v 0.130936995 -0.0349976011 -0.138256997
v 0.181970999 -0.0350000001 -0.145698994
v 0.174912006 -0.0350013003 -0.142780006
v 0.168697998 -0.0350000001 -0.145028993
v 0.165704995 -0.0350000001 -0.154073998
v 0.170424998 -0.0350000001 -0.159924001
v 0.180581003 -0.0350001007 -0.159369007
v 0.184149995 -0.0350000001 -0.152000993
v 0.233435005 -0.0350000001 -0.136178002
v 0.226954997 -0.0349960998 -0.133676007
v 0.220813006 -0.0350000001 -0.135792002
v 0.217837006 -0.0350000001 -0.142831996
v 0.220016003 -0.0350000001 -0.149134994
v 0.226987004 -0.0350000001 -0.151982993
v 0.231562003 -0.0350000001 -0.150757
v 0.272704005 -0.0350000001 -0.125588998
v 0.265724987 -0.0350000001 -0.122735001
v 0.263592005 -0.0349812992 -0.115358002
v 0.266402006 -0.0350000001 -0.109467998
v 0.275590003 -0.0350000001 -0.107496001
v 0.280627996 -0.0350000001 -0.111864001
v 0.281646013 -0.0350001007 -0.119324997
v 0.308607996 -0.0350000001 -0.0851878971
v 0.299665987 -0.0350000001 -0.0823037997
v 0.297641993 -0.0350166 -0.0729345009
v 0.302109987 -0.0350007005 -0.0680551976
v 0.306636006 -0.0350000001 -0.0668499991
v 0.31121099 -0.0350000001 -0.0680759028
v 0.314559996 -0.0350000001 -0.0714249983
v 0.315786004 -0.0350000001 -0.0759999976
v 0.314750999 -0.0350000001 -0.0804988965
v 0.316240996 -0.0349613018 0.0224727001
v 0.321815014 -0.034999799 0.0174436998
v 0.330989987 -0.0350000001 0.0194221009
v 0.333840996 -0.0350000001 0.0263946
v 0.331661999 -0.0350000001 0.0326960012
v 0.322717994 -0.0350000001 0.0355821997
v 0.31676501 -0.0350000001 0.0309679005
v 0.312936991 -0.0350000001 0.0690284967
v 0.305397987 -0.0349970981 0.0669116974
v 0.302060992 -0.0350000001 0.0680757985
v 0.298711985 -0.0349992998 0.0714251027
v 0.298711985 -0.0350000001 0.0805749968
v 0.304663986 -0.0350000001 0.0851878971
v 0.314009994 -0.0350000001 0.082434997
v 0.316448987 -0.0350000001 0.0791276023
v 0.274675012 -0.0350000001 0.107251003
v 0.267969996 -0.0349994004 0.108612001
v 0.262896001 -0.0350000001 0.117146999
v 0.270731986 -0.0350000001 0.125626996
v 0.27727899 -0.0350000001 0.124362998
v 0.280627996 -0.0350000001 0.121013999
v 0.281646013 -0.0350000001 0.113551997
v 0.181301996 -0.0350000001 0.145028993
v 0.174999997 -0.0350000001 0.142849997
v 0.170424998 -0.0350000001 0.144076005
v 0.165812001 -0.0350000001 0.150028005
v 0.168697998 -0.0350000001 0.158970997
v 0.174999997 -0.0350000001 0.161149994
v 0.179574996 -0.0350000001 0.159924001
v 0.184187993 -0.0350000001 0.153972
v 0.233958006 -0.0350000001 0.149134994
v 0.226987004 -0.0350000001 0.151982993
v 0.220686004 -0.0350000001 0.149803996
v 0.217834994 -0.0350000001 0.142812997
v 0.221003994 -0.0350507013 0.13549
v 0.226987004 -0.0350000001 0.133682996
v 0.233160004 -0.0349994004 0.135790005
v 0.236137003 -0.0350000001 0.142831996
v 0.0818713009 -0.0350000001 0.108515002
v 0.0772980973 -0.0349982008 0.107288003
v 0.0727213025 -0.0350000001 0.108515002
v 0.0681084022 -0.0350000001 0.114467002
v 0.0710349977 -0.0350001007 0.123365
v 0.080182597 -0.0350000001 0.125382006
v 0.0864840001 -0.0350000001 0.118410997
v 0.0852254033 -0.0350001007 0.111869998
v 0.0173850991 -0.0350000001 0.0309695005
v 0.0160700995 -0.0349996984 0.0275916997
v 0.0182003994 -0.0350000001 0.0203428995
v 0.0253085997 -0.0350000001 0.0172445998
v 0.0321896002 -0.0350000001 0.0327574015
v 0.0232842006 -0.0350000001 0.0356369019
v 0.031941101 -0.0350000001 0.0196058005
v 0.0345147997 -0.0349972993 0.0260313004
v 0.0479388982 -0.0350000001 0.0680757016
v 0.0378483012 -0.0350000001 0.0678593963
v 0.0342141017 -0.0350000001 0.0759999976
v 0.0354400016 -0.0350000001 0.0805749968
v 0.0413925014 -0.0350000001 0.0851878971
v 0.0503370017 -0.034999799 0.0823045
v 0.0523601994 -0.0350022018 0.0729036033
v 0.0560990013 -0.0350000001 -0.0926271975
v 0.0636415035 -0.0350000001 -0.0952498019
v 0.0621768013 -0.0350000001 -0.101704001
v 0.0553960018 -0.0350000001 -0.102374002
v 0.200312003 -0.0350000001 -0.155893996
v 0.207261994 -0.0349998996 -0.151537001
v 0.205965996 -0.0350000001 -0.145558998
v 0.201395005 -0.0350000001 -0.143691003
v 0.197262004 -0.0350000001 -0.145119995
v 0.195382997 -0.0350000001 -0.150316
v 0.147312999 -0.0350000001 0.155716002
v 0.153176993 -0.0350000001 0.153823003
v 0.153943002 -0.0350000001 0.146072999
v 0.148605004 -0.0350000001 0.143691003
v 0.144033998 -0.0350000001 0.145558998
v 0.142740995 -0.0350000001 0.151583999
v 0.286767989 -0.0350000001 0.100869
v 0.294604003 -0.0350000001 0.102374002
v 0.296570003 -0.0350000001 0.0960476026
v 0.294070005 -0.0350000001 0.0931579024
v 0.288269013 -0.0349996984 0.0930365995
v 0.137531996 -0.0350000001 -0.158020005
v 0.175001994 -0.0349998996 -0.162400007
v 0.102045 -0.0350000001 -0.145085007
v 0.0706667975 -0.0350000001 -0.124458
v 0.0447904989 -0.0350000001 -0.0970408022
v 0.0258789994 -0.0350000001 -0.0643149987
v 0.0150672002 -0.0350000001 -0.0282004997
v 0.0128723001 -0.0350000001 0.00941099972
v 0.0343110003 -0.0350000001 0.0811161995
v 0.0567676015 -0.0350000001 0.111316003
v 0.0857470036 -0.0350000001 0.135674
v 0.119346 -0.0350000001 0.152564004
v 0.156147003 -0.0350000001 0.161302
v 0.193841994 -0.0350000001 0.161302999
v 0.230542004 -0.0350000001 0.152606994
v 0.264286011 -0.0350000001 0.135646001
v 0.293150008 -0.0350000001 0.111414999
v 0.330570012 -0.0350000001 0.0466043018
v 0.33713001 -0.0350000001 0.00938083977
v 0.334933013 -0.0350000001 -0.0282004997
v 0.324117988 -0.0350000001 -0.0643234029
v 0.305007011 -0.0350000001 -0.0972570032
v 0.279417992 -0.0350000001 -0.124376997
v 0.247903004 -0.0350000001 -0.145116001
v 0.212452993 -0.0349998996 -0.158022001
v 0.137709007 -0.0350226983 0.136512995
v 0.163342997 -0.0350141004 0.141135007
v 0.187114 -0.0350054987 0.141262993
v 0.117595002 -0.0350020006 0.129584
v 0.0739628971 -0.0350055993 0.0992143974
v 0.0436232015 -0.0350000001 0.0531284995
v 0.0921961963 -0.0350000001 -0.114605002
v 0.285160989 -0.0350000001 -0.0894147009
v 0.316404015 -0.0350000001 -0.0120799998
v 0.280292988 -0.0350275002 0.0949210972
v 0.192906007 -0.0371983014 0.140879005
v 0.122813001 -0.0371830016 0.132073998
v 0.0355774015 -0.0368921012 0.0269309003
v 0.0332855992 -0.0373232998 -0.00893754046
v 0.0399308018 -0.0373202004 -0.0438373983
v 0.0550322011 -0.037093401 -0.0759996027
v 0.0775516033 -0.0368579999 -0.103283003
v 0.106591001 -0.0371674001 -0.124417
v 0.139682993 -0.0370256007 -0.137510002
v 0.175007999 -0.0373011008 -0.141993001
v 0.210310996 -0.0370483994 -0.137516007
v 0.272193998 -0.0372392014 -0.103505999
v 0.243386 -0.0371587016 -0.124427997
v 0.294910014 -0.0372872017 -0.0760542005
v 0.284386009 -0.0372475013 0.0905366987
v 0.303474993 -0.0372392014 0.0604523011
v 0.227228999 -0.0371837988 0.132038996
v 0.258614004 -0.0371485017 0.114771999
v 0.0916208997 -0.0371248983 0.114960998
v 0.225419 -0.0354408994 -0.132188007
v 0.0648650005 -0.0354430005 -0.0888027027
v 0.316724002 -0.0371755995 -0.00901058037
v 0.310038 -0.0372808017 -0.0439379998
v 0.157226995 -0.0374212004 0.140885994
v 0.0656130984 -0.0373187996 0.0905548036
v 0.0465397984 -0.0372412018 0.0605336018
v 0.314534009 -0.0370074995 0.0263442993
v 0.157203004 -0.0545670018 -0.140880004
v 0.150156006 -0.0545263998 -0.139794007
v 0.122703001 -0.0545510985 -0.132018
v 0.0915345028 -0.0545670018 -0.114880003
v 0.0785607994 -0.0545670018 -0.102697
v 0.0655871034 -0.0545670018 -0.0905141979
v 0.0560507998 -0.0545670018 -0.0754873976
v 0.0465146005 -0.0545670018 -0.0604607016
v 0.0410148986 -0.0545670018 -0.0435344018
v 0.0355152003 -0.0545670018 -0.0266081002
v 0.0332802013 -0.0545670018 0.00891625974
v 0.0366150998 -0.0545670018 0.0263982993
v 0.0399499983 -0.0545670018 0.0438803993
v 0.0475277007 -0.0545670018 0.0599839017
v 0.0551053993 -0.0545670018 0.0760874003
v 0.066449903 -0.0545670018 0.0898004994
v 0.0777942985 -0.0545670018 0.103514001
v 0.0921925977 -0.0545670018 0.113975003
v 0.106591001 -0.0545670018 0.124435998
v 0.123139001 -0.0545670018 0.130987003
v 0.139686003 -0.0545670018 0.137538999
v 0.157343 -0.0545670018 0.139769003
v 0.174999997 -0.0545670018 0.142000005
v 0.192656994 -0.0545670018 0.139769003
v 0.210915998 -0.0539771989 0.137343004
v 0.243408993 -0.0545670018 0.124435998
v 0.257806987 -0.0545670018 0.113975003
v 0.272206008 -0.0545670018 0.103514001
v 0.294903994 -0.0545584001 0.0760712996
v 0.310050011 -0.0545670018 0.0438803993
v 0.31338501 -0.0545670018 0.0263982993
v 0.316720009 -0.0545670018 0.00891625974
v 0.315602005 -0.0545670018 -0.00884594955
v 0.314485013 -0.0545670018 -0.0266081002
v 0.308984995 -0.0545670018 -0.0435344018
v 0.303485006 -0.0545670018 -0.0604607016
v 0.28441301 -0.0545670018 -0.0905141979
v 0.271100014 -0.0573477 -0.102715999
v 0.258450001 -0.0545584001 -0.114891
v 0.227256 -0.0545584001 -0.132035002
v 0.192797005 -0.0545670018 -0.140880004
v 0.157233998 -0.0549999997 -0.140632004
v 0.140026003 -0.0549999997 -0.136214003
v 0.122818001 -0.0549999997 -0.131796002
v 0.107249998 -0.0549999997 -0.123236999
v 0.0916813985 -0.0549999997 -0.114678003
v 0.0787305981 -0.0549999997 -0.102516003
v 0.0657797009 -0.0549999997 -0.0903548971
v 0.0562602989 -0.0549999997 -0.0753545016
v 0.0467408001 -0.0549999997 -0.0603541993
v 0.0412507989 -0.0549999997 -0.0434577987
v 0.0357608013 -0.0549999997 -0.0265612993
v 0.0346451998 -0.0549999997 -0.00883036014
v 0.0335296988 -0.0549999997 0.0089005297
v 0.0368587002 -0.0549999997 0.0263519008
v 0.0401877016 -0.0549999997 0.0438032001
v 0.047752101 -0.0549999997 0.0598783009
v 0.0553165004 -0.0549999997 0.0759534016
v 0.0666410029 -0.0549999997 0.0896423981
v 0.0779654011 -0.0549999997 0.103331
v 0.0923383981 -0.0549999997 0.113774002
v 0.106711 -0.0549999997 0.124215998
v 0.123230003 -0.0549999997 0.130757004
v 0.139748007 -0.0549999997 0.137297004
v 0.157373995 -0.0549999997 0.139523
v 0.174999997 -0.0549999997 0.141749993
v 0.192625999 -0.0549999997 0.139523
v 0.210252002 -0.0549999997 0.137297004
v 0.226769999 -0.0549999997 0.130757004
v 0.243288994 -0.0549999997 0.124215998
v 0.257661998 -0.0549999997 0.113774002
v 0.272035003 -0.0549999997 0.103331
v 0.283358991 -0.0549999997 0.0896423981
v 0.294683009 -0.0549999997 0.0759534016
v 0.302248001 -0.0549999997 0.0598783009
v 0.309812009 -0.0549999997 0.0438032001
v 0.313140988 -0.0549999997 0.0263519008
v 0.316469997 -0.0549999997 0.0089005297
v 0.315355003 -0.0549999997 -0.00883036014
v 0.314238995 -0.0549999997 -0.0265612993
v 0.30874899 -0.0549999997 -0.0434577987
v 0.303258985 -0.0549999997 -0.0603541993
v 0.293740004 -0.0549999997 -0.0753545016
v 0.28422001 -0.0549999997 -0.0903548971
v 0.25831899 -0.0549999997 -0.114678003
v 0.242750004 -0.0549999997 -0.123236999
v 0.227182001 -0.0549999997 -0.131796002
v 0.209974006 -0.0549999997 -0.136214003
v 0.192765996 -0.0549999997 -0.140632004
v 0.174999997 -0.0549999997 -0.141749993
v 0.166072994 -0.106477998 -0.141466007
v 0.150385007 -0.105999999 -0.139596
v 0.139831007 -0.105999999 -0.136965007
v 0.131277993 -0.106487997 -0.134848997
v 0.107068002 -0.105999999 -0.123457998
v 0.0991118997 -0.106490001 -0.119736001
v 0.0784996003 -0.105999999 -0.102686003
v 0.0717189014 -0.106489003 -0.0971015021
v 0.0559944995 -0.105999999 -0.0754609033
v 0.0508168004 -0.106490999 -0.0683510974
v 0.0409668982 -0.105999999 -0.0434947014
v 0.0377150998 -0.106487997 -0.0353345014
v 0.0343611017 -0.105999999 -0.00879552029
v 0.0332407989 -0.106486998 -8.29193013e-05
v 0.0365922004 -0.105999999 0.0264561996
v 0.0376738012 -0.106486998 0.0351737998
v 0.0475198999 -0.105999999 0.0600457005
v 0.0507486984 -0.106489003 0.0682270974
v 0.0664577037 -0.105999999 0.0898623019
v 0.0716053024 -0.106486998 0.0969804972
v 0.0922155976 -0.105999999 0.114032
v 0.0989864022 -0.106489003 0.119645998
v 0.123175003 -0.105999999 0.131037995
v 0.131128997 -0.106489003 0.134791002
v 0.157390997 -0.105999999 0.139808998
v 0.166029006 -0.106489003 0.141467005
v 0.192713007 -0.105999999 0.139796004
v 0.201481998 -0.106486 0.139264002
v 0.226923004 -0.105999999 0.130998999
v 0.235291004 -0.106489003 0.128289998
v 0.257869989 -0.105999999 0.113971002
v 0.265300989 -0.106489003 0.109265998
v 0.283609003 -0.105999999 0.0897812024
v 0.289636999 -0.106486 0.083390899
v 0.302525014 -0.105999999 0.0599505007
v 0.30677399 -0.106486 0.0522621982
v 0.313428015 -0.105999999 0.0263528991
v 0.315631002 -0.106486 0.0178493001
v 0.315631986 -0.105999999 -0.00890055019
v 0.315641999 -0.106489003 -0.0176960994
v 0.309000999 -0.105999999 -0.0435946994
v 0.306834996 -0.106486 -0.0521081015
v 0.293949008 -0.105999999 -0.0755496994
v 0.289719999 -0.106489003 -0.0832619965
v 0.271423995 -0.105999999 -0.102757998
v 0.265410006 -0.106489003 -0.109176002
v 0.242840007 -0.105999999 -0.123508997
v 0.235418007 -0.106489003 -0.128230006
v 0.209993005 -0.105999999 -0.136500001
v 0.201643005 -0.106489003 -0.139226004
v 0.174999997 -0.1065 -0.137500003
v 0.210587993 -0.1065 -0.132815003
v 0.243750006 -0.1065 -0.119078003
v 0.272226989 -0.1065 -0.0972272009
v 0.294077992 -0.1065 -0.0687500015
v 0.307814986 -0.1065 -0.0355876014
v 0.3125 -0.1065 4.76837014e-09
v 0.307814986 -0.1065 0.0355876014
v 0.294077992 -0.1065 0.0687500015
v 0.272226989 -0.1065 0.0972272009
v 0.243750006 -0.1065 0.119079001
v 0.210587993 -0.1065 0.132815003
v 0.174999997 -0.1065 0.137500003
v 0.139412001 -0.1065 0.132815003
v 0.106250003 -0.1065 0.119079001
v 0.0777728036 -0.1065 0.0972272009
v 0.0559214987 -0.1065 0.0687500015
v 0.0421851985 -0.1065 0.0355876014
v 0.0375000015 -0.1065 4.76837014e-09
v 0.0421851985 -0.1065 -0.0355876014
v 0.0559214987 -0.1065 -0.0687500015
v 0.0777728036 -0.1065 -0.0972272009
v 0.106250003 -0.1065 -0.119078003
v 0.139412001 -0.1065 -0.132815003
v 0.139412001 -0.101499997 -0.132815003
v 0.174999997 -0.101499997 -0.137500003
v 0.210587993 -0.101499997 -0.132815003
v 0.243750006 -0.101499997 -0.119078003
v 0.272226989 -0.101499997 -0.0972272009
v 0.294077992 -0.101499997 -0.0687500015
v 0.307814986 -0.101499997 -0.0355876014
v 0.3125 -0.101499997 4.76837014e-09
v 0.307814986 -0.101499997 0.0355876014
v 0.294077992 -0.101499997 0.0687500015
v 0.272226989 -0.101499997 0.0972272009
v 0.243750006 -0.101499997 0.119079001
v 0.210587993 -0.101499997 0.132815003
v 0.174999997 -0.101499997 0.137500003
v 0.139412001 -0.101499997 0.132815003
v 0.106250003 -0.101499997 0.119079001
v 0.0777728036 -0.101499997 0.0972272009
v 0.0559214987 -0.101499997 0.0687500015
v 0.0421851985 -0.101499997 0.0355876014
v 0.0375000015 -0.101499997 4.76837014e-09
v 0.0421851985 -0.101499997 -0.0355876014
v 0.0559214987 -0.101499997 -0.0687500015
v 0.0777728036 -0.101499997 -0.0972272009
v 0.106250003 -0.101499997 -0.119078003
v 0.158319995 -0.101499997 -0.121358998
v 0.191679999 -0.101499997 -0.121358998
v 0.223803997 -0.101499997 -0.112357996
v 0.252308011 -0.101499997 -0.0950246006
v 0.275079012 -0.101499997 -0.0706432983
v 0.290426999 -0.101499997 -0.0410226993
v 0.297214001 -0.101499997 -0.00835970044
v 0.294937998 -0.101499997 0.0249233991
v 0.283766001 -0.101499997 0.0563579984
v 0.264526993 -0.101499997 0.0836127028
v 0.238648996 -0.101499997 0.104666002
v 0.208049998 -0.101499997 0.117957003
v 0.174999997 -0.101499997 0.122500002
v 0.141949996 -0.101499997 0.117957003
v 0.111350998 -0.101499997 0.104666002
v 0.0854725987 -0.101499997 0.0836127028
v 0.0662340969 -0.101499997 0.0563579984
v 0.0550622009 -0.101499997 0.0249233991
v 0.0527856015 -0.101499997 -0.00835970044
v 0.0595729984 -0.101499997 -0.0410226993
v 0.0749211982 -0.101499997 -0.0706432983
v 0.0976916999 -0.101499997 -0.0950246006
v 0.126195997 -0.101499997 -0.112357996
v 0.208049998 -0.122500002 0.117957003
v 0.174999997 -0.122500002 0.122500002
v 0.141949996 -0.122500002 0.117957003
v 0.111350998 -0.122500002 0.104666002
v 0.0854725987 -0.122500002 0.0836127028
v 0.0662340969 -0.122500002 0.0563579984
v 0.0550622009 -0.122500002 0.0249233991
v 0.0527856015 -0.122500002 -0.00835970044
v 0.0595729984 -0.122500002 -0.0410226993
v 0.0749211982 -0.122500002 -0.0706432983
v 0.0976916999 -0.122500002 -0.0950246006
v 0.126195997 -0.122500002 -0.112357996
v 0.158319995 -0.122500002 -0.121358998
v 0.191679999 -0.122500002 -0.121358998
v 0.223803997 -0.122500002 -0.112357996
v 0.252308011 -0.122500002 -0.0950246006
v 0.275079012 -0.122500002 -0.0706432983
v 0.290426999 -0.122500002 -0.0410226993
v 0.297214001 -0.122500002 -0.00835970044
v 0.294937998 -0.122500002 0.0249233991
v 0.283766001 -0.122500002 0.0563579984
v 0.264526993 -0.122500002 0.0836127028
v 0.238648996 -0.122500002 0.104666002

# 0 UV coordinates

# 5421 vertex normals
vn 0 0 -1
vn 0.0679102018 0.992812991 -0.0985459015
vn -0.0300353002 0.994446993 0.100864001
vn 0.264694989 0.963937998 0.0275487993
vn 0.269796997 0.96291697 0
vn 0.519584 0.854418993 0
vn 0.730835974 0.682552993 0
vn 0.887884974 0.460065007 0
vn 0.979084015 0.203455999 0
vn 0.997668982 -0.0682424009 0
vn 0.942260981 -0.334879994 0
vn 0.816969991 -0.576680005 0
vn 0.631088018 -0.775711 0
vn 0.398400992 -0.917210996 0
vn 0.136167005 -0.990685999 0
vn -0.136167005 -0.990685999 -5.62269933e-17
vn -0.136167005 -0.990685999 0
vn -0.398400992 -0.917210996 0
vn -0.631088018 -0.775711 0
vn -0.816969991 -0.576680005 0
vn -0.942260981 -0.334879994 0
vn -0.997668982 -0.0682424009 0
vn -0.979084015 0.203455999 0
vn -0.887884974 0.460065007 0
vn -0.730835974 0.682552993 0
vn -0.519584 0.854418993 0
vn -0.269796997 0.96291697 0
vn -0.0682424009 0.997668982 0
vn 0.224586993 0.00585934008 -0.974435985
vn -0.0235840995 -0.0264542997 -0.999372005
vn 0 1 0
vn -0.0603502989 0.997861981 -0.0250901002
vn -0.0603804998 0.997762024 0.0287127998
vn 0.0199388005 0.997856975 -0.0623186007
vn -0.0295953993 0.997856021 -0.0583706014
vn -0.0151463002 0.997664988 0.0665903986
vn 0.0414468013 0.997721016 0.0532526001
vn 0.0663253963 0.997794986 -0.00253168005
vn 0.0530941002 0.997919977 -0.036566101
vn -0.958505988 -0.104791 -0.265112996
vn 0.819763005 0.507142007 -0.266072989
vn -0.991451979 0.130426005 -0.00333851995
vn -0.991438985 -0.130526006 -0.00333887991
vn 0.991451979 -0.130426005 -0.00333851995
vn 0.991438985 0.130526006 -0.00333887991
vn 0.256906986 0.620464027 0.740961015
vn -0.265540987 -0.711021006 0.651104987
vn -0.309249997 0.904296994 0.29429999
vn -0.922490001 -0.215993002 0.319936007
vn -0.526834011 0.838163972 -0.141165003
vn -0.851696014 0.392830998 -0.346839994
vn -0.250532001 0.667869985 -0.700845003
vn -0.256909013 0.620463014 -0.740961015
vn 0.265543014 -0.71101898 -0.651106
vn 0.309249014 0.904296994 -0.29429999
vn 0.922490001 -0.215993002 -0.319936007
vn 0.526834011 0.838163972 0.141165003
vn 0.851696014 0.392830014 0.346839994
vn 0.250528991 0.667873025 0.700842977
vn 0.343299001 0.831543982 0.436670005
vn -0.242788002 0.699581981 0.672040999
vn -0.120640002 0.838261008 0.531755984
vn 0.244960994 0.619859993 0.745498002
vn -0.521494985 0.814643979 0.25376901
vn -0.557769001 0.656930983 0.507282019
vn -0.570387006 0.783194005 -0.24752
vn -0.679539979 0.697395027 -0.227743
vn -0.680230021 0.697355986 0.225791007
vn -0.286545992 0.781527996 -0.554171026
vn -0.54935497 0.668874025 -0.500815988
vn 0.192759007 0.780901015 -0.594169974
vn 0.161688 0.693390012 -0.702188015
vn -0.270821005 0.664092004 -0.696877003
vn 0.509772003 0.780525982 -0.361817002
vn 0.526103973 0.620523989 -0.581519008
vn 0.640317023 0.585447013 0.49723801
vn 0.738367021 0.660117984 0.138049006
vn 0.584016025 0.811631978 -0.0134105003
vn 0.720251977 0.669954002 -0.179997995
vn 0.119516999 0.906608999 0.404693007
vn 0.136629999 -0.96320802 -0.231435001
vn 0.148003995 -0.955577016 -0.254887015
vn -0.217970997 0.96924299 -0.114266999
vn -0.490806013 -0.783680022 -0.380730003
vn -0.501851976 -0.788434982 -0.355688006
vn 0.526952028 0.548918009 0.648854017
vn 0.252938002 0.937135994 0.240413994
vn 3.01933005e-06 1 1.54575991e-06
vn -1.12891996e-06 1 5.69280019e-08
vn -1.87183005e-07 1 7.85048996e-07
vn 4.83090048e-07 1 2.27078999e-06
vn 7.78165997e-07 1 -3.26363988e-06
vn 8.49676042e-07 1 2.83302995e-07
vn 2.39829001e-06 1 -1.34217002e-08
vn -2.90848993e-06 1 -2.29840992e-07
vn 2.48769993e-06 1 1.66588995e-06
vn 0.000523713999 -2.64598984e-05 -1
vn -0.000109676999 0.000545172021 -1
vn 0.00655438984 -0.000331132003 -0.999979019
vn -4.51656024e-06 2.28179999e-07 -1
vn -0.00141984003 0.00665207999 -0.999976993
vn -0.0040153102 0.00771865016 -0.999961972
vn 3.86315014e-06 -2.42647002e-06 -1
vn 0.000470192987 0.000434621004 -1
vn -0.000550240977 0.000355791009 -1
vn 3.79731978e-06 -2.4553799e-06 -1
vn -0.000223519994 0.000144550999 -1
vn 0.000193827 0.000179991999 -1
vn -1.53003998e-06 2.91774995e-06 -1
vn 3.32592003e-06 -6.34242997e-06 -1
vn -1.53001997e-06 2.91775996e-06 -1
vn 3.32587001e-06 -6.34245998e-06 -1
vn 0.000299531996 -0.000336674013 -1
vn -7.02306934e-05 -0.000217594003 -1
vn -0.000308199 0.000330329 -1
vn -0.000224460004 -4.81705974e-05 -1
vn 0.000282996014 -9.65284999e-05 -1
vn 3.67674002e-05 -0.000150480002 -1
vn -0.000260422006 -6.02139989e-05 -1
vn 0.00030644401 -0.000103908002 -1
vn -0.000120668003 -0.000115666 -1
vn 3.58401994e-05 -0.000163200006 -1
vn -0.000313364988 9.23742919e-05 -1
vn 3.62850988e-05 0.000112415997 -1
vn -0.000134475005 0.000120320001 -1
vn -0.00182123994 0.00130059 -0.99999702
vn -4.51656024e-06 2.28181008e-07 -1
vn 0.451095998 -0.399996012 -0.797819018
vn -1.48506001e-06 3.06142988e-06 -1
vn 1.48506001e-06 -3.06142988e-06 -1
vn -1.48508002e-06 3.06141987e-06 -1
vn 1.48509002e-06 -3.06142988e-06 -1
vn -1.46500988e-05 -1.46499997e-05 -1
vn -2.90345997e-05 -7.7798195e-06 -1
vn -1.57156992e-05 4.21099003e-06 -1
vn -0.950680017 -0.135208994 -0.279152989
vn -0.702669978 0.702670991 -0.111840002
vn -0.257723004 0.961824 -0.0920479968
vn 0.477674991 0.854496002 -0.204114005
vn 0.243432999 0.908492029 -0.339679003
vn 0.696039975 0.696040988 -0.176225007
vn 0.960772991 0.257438004 -0.103152998
vn 0.954473019 -0.255751014 -0.153531998
vn 0.712373018 -0.637791991 -0.292825013
vn 0.681046009 -0.681043029 -0.268990993
vn 0.256657988 -0.957867026 -0.128909007
vn -0.694073975 -0.719744027 -0.0151517
vn -2.52654013e-06 -9.42923998e-06 -1
vn -0.700573981 -0.700576007 -0.135606006
vn -0.960756004 -0.257432997 -0.103318997
vn -0.949531972 0.254426986 -0.183457002
vn -0.847943008 0.458994001 -0.265172988
vn -0.696539998 0.696537018 -0.172242999
vn -0.257443011 0.960798025 -0.102912001
vn 0.686699986 0.712096989 -0.146155998
vn 2.52654013e-06 9.42923998e-06 -1
vn 1.46500988e-05 1.46499997e-05 -1
vn 2.90345997e-05 7.7798195e-06 -1
vn 1.57156992e-05 -4.21099003e-06 -1
vn 0.983175993 0.139832005 -0.117522001
vn 0.705009997 -0.705012023 -0.0769336
vn 0.255439013 -0.953297973 -0.161162004
vn -0.161406994 -0.938471973 -0.305317998
vn -0.249445006 -0.930927992 -0.266739994
vn 4.83404028e-06 1 1.39422e-05
vn -0.00119896 0.999998987 0.000205777003
vn -0.000907181995 1 -0.000369435991
vn 7.28856976e-05 1 -0.000692408008
vn -0.000169463005 1 -0.000205004995
vn -4.80080962e-05 1 1.66500995e-05
vn -0.000172600005 1 0.000414331997
vn -0.000250528014 1 0.000294474012
vn -0.000119495002 1 0.00029299999
vn 0.000273473008 1 -9.48451998e-05
vn 0.000313502998 1 -0.000225729993
vn 0.000444498 1 -2.70229993e-05
vn 9.22311938e-06 1 -2.26149987e-05
vn -0.000124829006 1 -0.000204805998
vn 0.000167446997 1 -0.000219419002
vn -2.80817985e-05 1 0.000417302013
vn -0.000305074995 1 0.000416925992
vn -4.8340703e-06 1 -1.3942099e-05
vn 0.00119896 0.999998987 -0.000205775999
vn 0.000907181995 1 0.000369435991
vn -1.01487994e-05 1 0.000671732996
vn 0.000351394992 1 3.47217974e-05
vn -0.944921017 0.0248352997 -0.326355994
vn -0.958465993 -0.124036998 -0.256819993
vn -0.738789976 -0.0241020992 -0.673503995
vn -0.683528006 -0.133243993 -0.71766001
vn -0.245030999 -0.169666007 -0.954554021
vn -0.37175101 0.0540017001 -0.926760018
vn 0.235949993 -0.0359049998 -0.971101999
vn 0.275054991 -0.106743999 -0.955483973
vn 0.694566011 0.00574296992 -0.719406009
vn 0.646863997 -0.122649997 -0.752677977
vn 0.960897028 -0.101910003 -0.257472008
vn 0.976687014 0 -0.214671001
vn 0.965925992 0 0.258819014
vn 0.971112013 -0.154850006 0.181555003
vn 0.683010995 -0.157753006 0.713168979
vn 0.788654029 0.122745 0.602460027
vn 0.288762987 -0.00494782999 0.957387984
vn 0.240449995 -0.0921116993 0.966280997
vn -0.242324993 -0.0553442985 0.968614995
vn -0.324786007 0.119888 0.938157976
vn -0.733685017 -0.117245004 0.66929698
vn -0.723972023 -0.0826032981 0.684866011
vn -0.961093009 -0.0139178 0.275875986
vn -0.939061999 -0.121160001 0.321686
vn -0.198386997 -0.866490006 -0.458079994
vn -0.191540003 -0.923789024 -0.331551999
vn -0.172159001 -0.967783988 -0.183724999
vn -0.183051005 -0.930504978 -0.317259014
vn -0.285329998 -0.921123981 -0.264797002
vn -0.0868009999 -0.921005011 -0.379758
vn -0.0515633002 -0.970750988 -0.234487996
vn -0.317727 -0.857271016 -0.405135989
vn 0.52611798 -0.803331017 -0.279033005
vn 0.187067002 0.927348018 0.324086994
vn 0.182977006 0.968289018 0.170102999
vn 0.0423730016 0.914601982 0.402130008
vn 0.187315002 0.927219987 0.324308008
vn 0.186718002 0.862424016 0.470490009
vn 0.327039003 0.914583027 0.237874001
vn 0.187296003 0.927150011 0.324519992
vn 0.187462002 0.927065015 0.32466799
vn -1 0 0
vn -0.945675015 -0.139106005 0.293850988
vn -0.808257997 0.102771997 -0.579789996
vn -0.670262992 -0.0319508985 -0.741436005
vn 0.209823996 0.0319538005 -0.977217019
vn 0.306984991 -0.0320034996 -0.951175988
vn 0.974708974 0.0374692008 -0.220315993
vn 0.977331996 0.0287918001 -0.209745005
vn 0.754074991 -0.0628516003 0.653774023
vn 0.409673005 0.114131004 0.905065
vn 0.0213293992 -0.0831070021 0.996312022
vn -0.727267981 0.139139995 0.672101974
vn -0.97991699 -0.0631818026 -0.189133003
vn -0.61233598 -0.0253283996 -0.790192008
vn -0.322670013 0.173500001 -0.930473983
vn 0.305034995 -0.117922999 -0.945011973
vn 0.873494029 0.0830971003 -0.479689986
vn 0.988638997 -0.114148997 -0.0977900028
vn 0.908761024 0.0979847983 0.405651987
vn 0.294333994 -0.127143994 0.947207987
vn -0.0977632031 0.119828999 0.987968981
vn -0.738831997 -0.0895441025 0.667913973
vn -0.967599988 0.126124993 0.218728006
vn -0.980364978 -0.0553893 -0.189254999
vn -0.676554978 0.0780479014 -0.732245028
vn -0.703302026 0.10362 -0.703298986
vn -0.0212114006 -0.132459 -0.990962029
vn 0.640636027 0.204297006 -0.740167975
vn 0.945676029 -0.139106005 -0.293848008
vn 0.808291972 0.102743 0.579748988
vn 0.670261025 -0.0319947004 0.741436005
vn -0.209693998 0.0319982991 0.977243006
vn -0.189318001 0.0451087989 0.980879009
vn -0.789119005 -0.0578566007 0.611509979
vn -0.947820008 0.0895427018 0.305972993
vn 0.707105994 0 0.707108021
vn 0 0 1
vn 0.707107008 0 -0.707107008
vn 1 0 0
vn -0.707105994 0 0.707108021
vn -0.990441978 -0.0271977 0.135220006
vn -0.741402984 0.0320205018 -0.670296013
vn -0.670222998 -0.0319829993 -0.741469979
vn 0.209812999 0.0319777988 -0.977217972
vn 0.189357996 0.0451402999 -0.980870008
vn 0.789088011 -0.0578676015 -0.611548007
vn 0.967603028 0.126120999 -0.218718007
vn 0.945024014 -0.117931001 0.304995
vn 0.325078011 0.125020996 0.93738699
vn 0.209748 0.0287810005 0.977331996
vn -0.653774023 -0.0628357977 0.754076004
vn -0.905071974 0.114165001 0.409648001
vn -0.707107008 0 -0.707107008
vn 0.966012001 -0.225549996 -0.126287997
vn 0.744327009 -0.661458015 0.0919331014
vn 0.208921 -0.973820984 -0.0895768031
vn -0.182542995 -0.980087996 0.0781408995
vn -0.912068009 -0.306798011 -0.272040993
vn -0.808327973 -0.579698026 -0.102738
vn -0.970887005 0.208483994 0.117954001
vn -0.728568971 0.67325598 -0.126149997
vn -0.308028013 0.947248995 0.0885273963
vn 0.420738012 0.898868978 -0.122536004
vn 0.969633996 -0.206426993 -0.131141007
vn 0.738819003 -0.667936027 0.0894936994
vn 0.208922997 -0.973824024 -0.0895458981
vn -0.208913997 -0.973824978 0.0895519033
vn -0.806777 -0.578585982 -0.119791999
vn -0.949181974 -0.30626899 0.0724795014
vn -0.714514017 0.698853016 -0.0327734984
vn -0.734414995 0.678655028 -0.00791965984
vn 0.415973991 0.909120977 -0.0215616003
vn 0.297895014 -0.950895011 -0.0840092003
vn -0.513404012 -0.854746997 0.0763140023
vn -0.789903998 -0.60235399 -0.114984997
vn -0.979656994 -0.188411996 0.0690916032
vn -0.741383016 0.670203984 -0.0343184993
vn -0.738312006 0.673393011 -0.0378981009
vn 0.135215998 0.990441978 0.0272077993
vn 0.306620985 0.949945986 -0.0598774999
vn 0.754115999 0.654408991 0.0553016998
vn 0.987854004 0.0993648022 -0.119465999
vn 0.990670025 -0.133598998 0.0269153994
vn 0.513495982 -0.854947984 0.0733811036
vn 0.297971994 -0.950875998 -0.0839558989
vn -0.587795973 -0.803746998 0.0921289995
vn -0.721724987 -0.691825986 -0.0221283995
vn -0.977235019 0.210291997 0.0280830003
vn -0.897415996 0.425006986 -0.118380003
vn 0.228183001 0.966229975 -0.119718
vn 0.698276997 0.711543977 0.0781868026
vn 0.987855017 0.0994028971 -0.119419999
vn 0.990455985 -0.134996995 0.0277814995
vn 0.513355017 -0.855041981 0.0732721016
vn 0.227476999 0.96568203 -0.125354007
vn 0.72241801 0.679148018 0.129887
vn 0.981280029 0.0970939994 -0.166323006
vn 0.801279008 -0.574708998 0.166316003
vn 0.294358999 -0.947335005 -0.126132995
vn -0.209058002 -0.973792017 0.0895778015
vn -0.738861024 -0.667878985 -0.0895683989
vn -0.957445025 -0.268707007 0.105336003
vn -0.901560009 0.406150013 -0.149103999
vn -0.484293014 0.852779984 0.195515007
vn -0.200414002 0.977101982 0.0714588985
vn 0.217558995 0.967759013 -0.126923993
vn 0.669322014 0.73762399 0.0889881998
vn 0.987975001 0.0977419987 -0.119797997
vn 0.97755897 -0.199897006 0.0664848983
vn 0.215968996 -0.975499988 -0.0419090986
vn 0.296478003 -0.954298019 0.0376216993
vn -0.739923 -0.668784022 -0.0723980963
vn -0.885334015 -0.456387013 0.0888521001
vn -0.911822975 0.403237998 -0.0773150027
vn -0.872563004 0.488368988 -0.0113963
vn -0.964024007 -0.25830999 0.0627240017
vn -0.934612989 0.323175013 -0.148516998
vn -0.944078982 0.30280599 -0.130469993
vn -0.30755201 0.943494976 0.123404004
vn 0.324297994 0.930163026 -0.172126994
vn 0.670041978 0.738793015 0.0723145977
vn 0.977326989 -0.209765002 -0.0288065001
vn 0.947740018 -0.301304013 -0.104907997
vn 0.306923985 -0.946841002 0.0963827968
vn -0.243184 -0.952418029 -0.183743
vn -0.617892027 -0.784280002 0.0558129996
vn -0.424080998 -0.896821022 -0.125968993
vn -0.982080996 0.185783997 -0.0316460989
vn -0.943816006 0.302727997 -0.132541999
vn -0.222589001 0.96360898 0.148025006
vn 0.322461993 0.924881995 -0.201524004
vn 0.899528027 0.404395014 0.165270999
vn 0.940289974 -0.298943996 -0.162751004
vn 0.789815009 -0.612353981 0.0348579995
vn 0.106432997 -0.993780017 0.0327528007
vn -0.242344007 -0.949102998 -0.201176003
vn 0.296478987 -0.954293013 -0.0377439
vn -0.612495005 -0.790009022 0.0271252003
vn -0.807309985 -0.578969002 -0.114219002
vn -0.979853988 -0.189620003 0.0626923963
vn -0.678306997 0.733820975 -0.0374921001
vn -0.733916998 0.678195 0.0376465991
vn 0.306362987 0.949155986 -0.0724171996
vn 0.450969011 0.892194986 0.0248230994
vn 0.986787021 0.144244 -0.0737956986
vn 0.989875019 0.0979306996 -0.102743998
vn 0.788161993 -0.607527018 0.0985533968
vn 0.190097004 -0.974034011 -0.122970998
vn -0.979207993 -0.199828997 -0.034926299
vn -0.978281021 -0.204851002 -0.0316485986
vn -0.741421998 0.670278013 0.0319481008
vn -0.670231998 0.741460025 -0.0320461988
vn 0.209648997 0.977250993 0.0320581011
vn 0.307000011 0.951170981 -0.0320138
vn 0.951197028 0.306919008 0.0320198014
vn 0.977237999 0.209721997 -0.0319655016
vn 0.714545012 -0.698745012 0.0343628004
vn 0.670548975 -0.741801023 -0.00973690022
vn -0.295594007 -0.955074012 -0.0213728994
vn -0.405348003 -0.912154019 0.0605632998
vn -0.742254972 -0.664201021 -0.0888490975
vn -0.947808981 -0.303961009 0.0962601006
vn -0.949392974 0.298779011 -0.0968746021
vn -0.647203982 0.752312005 0.123098001
vn -0.213947996 0.974316001 -0.0702425018
vn 0.250463009 0.965686023 0.0686981976
vn 0.717958987 0.688166976 -0.104694001
vn 0.931747973 0.358316004 0.0587757006
vn 0.931482017 -0.359843999 -0.0534207001
vn 0.952849984 -0.303290009 -0.00961539987
vn 0.221487999 -0.974928021 -0.0214133002
vn -0.00756173022 -0.990527987 0.137103006
vn -0.740125 -0.662302971 -0.116489999
vn -0.996308982 0.0204080995 0.083376199
vn -0.952359974 0.299712986 -0.0564097986
vn -0.512480021 0.853559017 0.0938140973
vn -0.213997006 0.974443972 -0.0682974979
vn 0.664982975 0.738874972 0.108906999
vn 0.721032977 0.691147983 0.0492613986
vn 0.950096011 -0.30242601 -0.0765314028
vn 0.834550023 -0.543889999 0.0878031999
vn 0.221163005 -0.973610997 -0.0562908985
vn -0.216953993 -0.961749017 0.167245001
vn -0.250566989 -0.967097998 0.0440073982
vn -0.754792988 -0.654294014 -0.0467672013
vn -0.806805015 -0.581709981 -0.10334
vn -0.977454007 0.179823995 0.110668004
vn -0.30153501 0.87458998 -0.379696995
vn -0.733919978 0.678198993 -0.0375090986
vn 0.209794998 0.977221012 0.0320293009
vn 0.307013005 0.951168001 -0.0319672003
vn 0.962390006 0.269490004 0.0343540981
vn 0.990029991 0.119174004 -0.0750904009
vn 0.587737978 -0.805447996 0.0762787014
vn 0.337523997 -0.935187995 -0.107239999
vn 0.289377987 -0.949097991 -0.124394
vn -0.212095007 -0.973218024 0.0886714011
vn -0.806777 -0.578585982 -0.119787998
vn -0.951517999 -0.297518998 0.0780730993
vn -0.656759024 0.75139302 -0.0638416037
vn -0.733914971 0.678192973 0.0377320014
vn 0.41099301 0.908086002 -0.0804008991
vn 0.581246018 0.809726 0.0805998966
vn 0.981557012 -0.189246997 -0.0270560998
vn -0.210411996 -0.977171004 -0.0293771997
vn -0.32504499 -0.93739599 -0.125035003
vn -0.917761028 -0.385132998 0.0968922973
vn -0.943113983 0.312254995 -0.114160001
vn -0.93740201 0.325040013 -0.125009
vn -0.305126995 0.944989026 0.117868997
vn 0.322649986 0.930489004 -0.173455998
vn 0.667442024 0.741232991 0.0713777021
vn 0.990867019 -0.133359998 -0.0199398994
vn 0.934225023 -0.323940992 -0.149286002
vn 0.654214978 -0.753709018 0.0626526028
vn -0.0982811004 -0.993282974 0.0610739999
vn -0.325040013 -0.93740201 -0.125001997
vn -0.921133995 -0.376392007 0.0992055982
vn -0.95934999 0.261954993 -0.105007
vn -0.934355021 0.323978007 -0.148386002
vn -0.644942999 0.761716008 0.0619401
vn 0.209867001 0.977303028 -0.0288954992
vn 0.325040996 0.937400997 -0.125008002
vn 0.921124995 0.376414001 0.0992064998
vn 0.902993023 -0.403102994 -0.148704007
vn 0.942592978 -0.326837003 -0.0685300007
vn 0.258821994 0.965924978 0
vn -0.258821994 0.965924978 1.63837e-17
vn -0.258735001 0.965947986 -3.96706992e-06
vn -0.707105994 0.707107008 -1.10608005e-06
vn -0.707123995 0.70709002 0
vn -0.965925992 0.258819014 0
vn -0.965925992 -0.258819997 0
vn -0.707108021 -0.707104981 0
vn -0.258818001 -0.965925992 0
vn 0.258818001 -0.965925992 -9.80038048e-18
vn 0.258818001 -0.965925992 0
vn 0.707108021 -0.707104981 0
vn 0.965925992 -0.258819997 0
vn 0.965925992 0.258819014 0
vn 0.707105994 0.707107008 0
vn 0.258818001 0.965925992 0
vn -0.258818001 0.965925992 -1.39719005e-18
vn -0.258818001 0.965925992 0
vn -0.707108021 0.707104981 0
vn -0.965925992 0.258819997 0
vn -0.965925992 -0.258819014 0
vn -0.707105994 -0.707107008 0
vn -0.707168996 -0.707045019 -3.87530008e-06
vn -0.258821994 -0.965924978 -5.27835994e-07
vn -0.258810997 -0.965928018 0
vn 0.258821994 -0.965924978 -1.22521992e-17
vn 0.258821994 -0.965924978 0
vn 0.707105994 -0.707107008 0
vn 0.965925992 -0.258819014 0
vn 0.965925992 0.258819997 0
vn 0.707108021 0.707104981 0
vn -0.991438985 0.130524993 -0.00331745995
vn -0.991273999 -0.130803004 -0.0163495
vn -0.991438985 0.130526006 -0.00333887991
vn 0.991438985 -0.130524993 -0.00331745995
vn 0.991361022 0.130729005 -0.0106827002
vn 0.999958992 -0.00846797973 -0.00336757
vn 0.991438985 -0.130526006 -0.00333887991
vn -0.341499001 -0.587237 -0.733847022
vn -0.653017998 0.00289450004 -0.757336974
vn -0.861822009 0.218346 0.457807988
vn -0.572825015 0.394950986 0.71825099
vn 0.175444007 0.271578014 0.946290016
vn 0.336652011 -0.593613029 0.730949998
vn 0.653016984 0.00228826003 0.757340014
vn 0.841170013 0.344552994 -0.416792005
vn 0.575734973 0.38596499 -0.720804989
vn 0.187043995 0.504306018 -0.843025029
vn -0.192495003 0.214102 -0.957656026
vn 0.00301930006 -0.99999398 0.00174322003
vn 0 -0.999993026 -0.0036253999
vn 0 -1 0
vn -0.0139181996 -0.999612987 0.0241074003
vn 0.0034435899 -0.999975979 0.00596457999
vn 0.0134822996 -0.999635994 -0.0233523995
vn -0.00841305032 -0.999952972 -0.00485735992
vn -0.109364003 -0.951601028 0.287220001
vn -0.451646 -0.125341997 -0.883349001
vn -0.322340995 0.0569920987 0.94490701
vn 0 -0.499998987 0.866025984
vn 0 0.499998003 0.866025984
vn 0 0.5 -0.866024971
vn 0 -0.500001013 -0.866024971
vn -0.195085004 0 -0.980786026
vn -0.555568993 0 -0.831470013
vn -0.831470013 0 -0.555568993
vn -0.980785012 0 -0.195089996
vn -0.965924978 0 0.258821011
vn -0.707107008 0 0.707107008
vn -0.258825988 0 0.965924025
vn 0 -0.500002027 0.866024017
vn 0 0.5 0.866024971
vn 0 0.499998003 -0.866026998
vn 0 -0.5 -0.866025984
vn -9.19054969e-07 1 -5.03672979e-08
vn 2.06996992e-06 1 -2.06996992e-06
vn 1.29341004e-07 1 8.82684049e-07
vn -2.11431006e-06 1 -1.61882997e-06
vn -8.17618002e-06 1 9.42096995e-06
vn -9.21823994e-06 1 7.53690983e-06
vn 2.56160001e-06 1 3.49992979e-06
vn -0.965925992 0 0.258818001
vn -0.707108021 0 0.707105994
vn -0.258812994 0 0.965927005
vn 0.258812994 0 0.965927005
vn 0.707107008 0 0.707107008
vn 0.965925992 0 0.258818001
vn 2.53874987e-06 1 4.39720998e-06
vn -1.61884998e-06 1 2.11432007e-06
vn 3.5303799e-06 1 -2.47261005e-06
vn 5.45765033e-06 1 3.15095986e-06
vn 0.258825004 0 0.965924025
vn 0.965927005 0 0.258814991
vn 0.965927005 0 -0.258812994
vn 0.258812994 0 -0.965927005
vn -8.7377208e-07 1 0
vn 7.31683031e-07 1 -1.13651004e-06
vn -1.90203002e-06 1 2.87913986e-06
vn 8.49076002e-07 1 -1.29366992e-06
vn -2.71921022e-06 1 -1.08642007e-05
vn 6.24421045e-06 1 -5.9024901e-06
vn 2.11434008e-06 1 1.61882997e-06
vn 0.965925992 0 -0.258819014
vn 0.258819014 0 -0.965925992
vn -0.195094004 0 -0.980785012
vn -0.831468999 0 -0.55557102
vn -0.980785012 0 -0.195090994
vn -3.76592993e-06 1 2.75628986e-06
vn -3.14825002e-06 1 -1.81765006e-06
vn 2.63811984e-07 1 -2.36296978e-06
vn 0.378609985 0.328233987 0.865400016
vn 0.058911901 0.431522012 -0.900177002
vn -0.00305844005 0.485621005 -0.874163985
vn 9.77723976e-05 -8.83854955e-05 -1
vn -0.263018996 0.956224024 0.128288001
vn -2.95886002e-06 5.22850969e-05 1
vn 6.39220016e-05 8.22942966e-05 1
vn 0.000108715001 -2.01428011e-05 -1
vn 0.000168034006 9.20889033e-06 -1
vn -3.00226984e-05 -3.31031988e-05 1
vn 0.00120016001 0.00119192002 0.999998987
vn 7.62628988e-05 -2.50694975e-05 -1
vn 9.57010998e-05 3.68030996e-05 1
vn -1.2736499e-06 4.4978101e-06 -1
vn 0.0151658002 -0.0103446003 -0.999831021
vn -5.65769988e-05 0.000131102002 -1
vn 0.000131117995 -0.00236813002 -0.99999702
vn -9.21222011e-07 -5.49600963e-06 -1
vn -4.54864039e-06 -0.000184372999 1
vn 1.50924989e-05 0.000114638999 -1
vn 4.48474966e-05 0.000108271997 -1
vn -2.46471991e-05 1.92071002e-05 -1
vn 0.000117481999 0.000103327999 -1
vn -4.7122001e-05 -2.54507995e-05 -1
vn 6.87481006e-05 3.23103995e-05 -1
vn -2.4630499e-05 -7.36184984e-06 1
vn 1.83658995e-05 -2.41791008e-06 -1
vn 1.85411991e-05 -7.68112022e-06 -1
vn 4.01040961e-06 6.56616976e-06 -1
vn -0.000111503003 0.000114453003 1
vn 4.47001985e-05 -1.93088999e-05 -1
vn -1.62641991e-05 3.32578998e-06 1
vn 6.91071e-06 -6.37219e-06 -1
vn 7.86801047e-06 -1.02537997e-05 -1
vn 5.3700096e-05 -6.46506014e-05 -1
vn 6.15545941e-05 -0.000113854003 -1
vn -7.60824037e-07 6.08076016e-06 -1
vn -1.38278992e-05 -1.17658992e-05 -1
vn 1.85302997e-05 -4.47361999e-05 -1
vn 5.89865022e-06 -4.48046012e-05 -1
vn 9.21210017e-07 5.49634979e-06 -1
vn -6.32848969e-06 5.72133013e-06 -1
vn 0.688615024 0.665781021 0.287306011
vn 0.000651361013 0.000530233025 -1
vn -4.5904897e-05 -0.000107072003 -1
vn 8.04607043e-06 3.02626977e-05 -1
vn -1.91572999e-05 -2.4966299e-05 -1
vn -1.70003987e-05 -1.48284989e-05 -1
vn 4.57712958e-05 -2.03131003e-06 1
vn -0.000106214997 -3.10830001e-05 -1
vn 0.810990989 0.544934988 0.212931007
vn 0.00111264002 0.000733114022 -0.999998987
vn -6.45740001e-05 5.52256006e-06 -1
vn 0.000192182997 0.000130701999 -1
vn 8.72688906e-05 -9.02196989e-05 -1
vn 0.000172218002 7.2270399e-05 1
vn -6.03631015e-05 -2.96912003e-05 -1
vn -9.58333912e-05 3.06842994e-05 -1
vn 3.14298995e-05 9.82744041e-06 1
vn -1.14100003e-05 1.14836002e-05 -1
vn -1.18599992e-05 1.35848995e-05 -1
vn -2.8522898e-05 3.1840802e-05 -1
vn -3.88802022e-07 -9.52785922e-06 -1
vn 0.00202672998 -0.000543061004 -0.999997973
vn -0.00639312016 0.000871370023 0.999979019
vn 0.00136887003 -0.00279015 -0.999994993
vn 0.000143045996 2.75113998e-05 -1
vn -6.89188964e-05 -0.000269359007 -1
vn -0.000468226004 0.000125460996 1
vn -0.00127943 -0.000342821993 0.999998987
vn 0.00376584008 0.0166123006 -0.999854982
vn 0.00119959004 0.0166117996 -0.999861002
vn 0.00182838005 -0.00682352018 -0.999975026
vn 0.00186405994 -0.00186405994 -0.99999702
vn 0.000109330998 4.05366991e-05 -1
vn 0.000103808001 9.29680973e-05 -1
vn -0.00517552998 0.00138677994 -0.999985993
vn 0.00301739993 -6.03988956e-05 -0.999994993
vn -0.000617488986 -0.00165878003 -0.999997973
vn -0.000259496999 6.95319977e-05 1
vn -0.000390297006 0.00058164302 -1
vn -5.4957196e-05 0.000112021 -1
vn -0.00258543994 -0.000692764006 -0.999996006
vn -0.00177872996 -0.00177872996 -0.99999702
vn -6.99246957e-05 -0.00644771988 -0.999979019
vn 6.95570998e-05 0.000259586988 1
vn 7.22617006e-06 4.87761972e-05 -1
vn 2.99490985e-05 7.75066019e-06 1
vn 1.99668993e-05 3.17551985e-06 1
vn -9.73575952e-05 3.0826599e-05 -1
vn 0.000146998995 0.00068454101 -1
vn -0.00172260997 0.00203451002 -0.999996006
vn 0.00062441302 5.58298998e-05 -1
vn 0.000691064983 0.000790448976 -0.999998987
vn -7.31231921e-05 -0.000245981006 -1
vn -0.058254499 0.997218013 -0.0464981012
vn -0.333541989 0.893217027 -0.30151701
vn -0.0182821006 0.999264002 0.0337123014
vn -0.834576011 -0.515905976 0.193195999
vn -0.983061016 0.181256995 -0.0271352995
vn 0.683627009 -0.485522002 0.544905007
vn 0.112444997 0.977662981 0.177571997
vn -0.208511993 0.342586011 0.916055024
vn -0.883002996 0.267805994 -0.385466993
vn -0.683721006 -0.485388011 -0.544907987
vn -0.0908602029 0.98556 -0.142885
vn 0.937766016 0.347267985 -5.96778991e-05
vn 0.884491026 0.254568994 0.390985996
vn -0.965925992 0 0.258819014
vn -0.965925992 0 -0.258819014
vn -0.740940988 0 -0.671570003
vn -0.693867981 -0.192594007 -0.693868995
vn -0.241607994 -0.23567 -0.941321015
vn -0.253789008 -0.196208999 -0.947149992
vn 0.270648986 -0.25196901 -0.929117978
vn 0.254703999 -0.177642003 -0.950563014
vn 0.733080983 -0.219005004 -0.643916011
vn 0.707105994 0 -0.707108021
vn 0.742199004 0 0.670179009
vn 0.692808986 -0.200081006 0.692807972
vn 0.230975002 -0.251215011 0.939969003
vn 0.254644006 -0.178884998 0.950345993
vn -0.313663006 -0.222521007 0.923093021
vn -0.258819014 0 0.965925992
vn -0.671600997 0 0.740913987
vn -0.696052015 -0.176137999 0.696051002
vn -0.957360029 -0.215639994 0.192252994
vn 0.86611402 -0.000587681017 -0.499846011
vn 0.865983009 -0.000236370004 -0.500073016
vn 0.379229009 -0.826291025 0.416447014
vn -0.866079986 -0.000230987993 0.49990499
vn -0.866293013 -0.000300909014 0.499534994
vn -0.419645995 -0.818386972 0.392607003
vn 0.866048992 0.000182304997 -0.499958009
vn 0.866223991 0.000239096 -0.499655992
vn -0.866234004 0.000715032977 0.499639004
vn -0.866002023 6.5451095e-05 0.500041008
vn -0.00200743997 0.999997973 -0.000447967992
vn 0.000189283994 1 7.23034973e-05
vn 0.00113462994 0.999998987 -0.000359108002
vn -0.760693014 0.648021996 0.0375851989
vn -0.000531988975 1 -0.000215280001
vn 2.8677101e-05 1 7.2672301e-05
vn 0.000908654009 1 2.99378989e-05
vn -0.258819014 0 -0.965925992
vn -0.500001013 0 -0.866024971
vn -0.866024971 0 -0.500001013
vn -0.886241972 0 0.463221997
vn -0.869368017 0.0120893 0.494017005
vn -0.494019985 -0.0120892003 0.869367003
vn -0.463225007 0 0.886241019
vn -0.258818001 0 0.965925992
vn 0.258818001 0 0.965925992
vn 0.50000298 0 0.866024017
vn 0.866025984 0 0.499998003
vn 0.886241972 0 -0.46322301
vn 0.838211 0.0324283987 -0.544381022
vn 0.493369997 -0.0526144989 -0.868227005
vn 0.260812014 0.0029893301 -0.96538502
vn -0.105378002 0.367166013 -0.924166977
vn 0.0286321007 -0.637534976 -0.769888997
vn 0.314121008 -0.836973011 -0.448112011
vn 0.910192013 0.0408766009 -0.412164003
vn 0.919507027 0.393014997 -0.00676605012
vn 0.587785006 0.809017003 -8.03406947e-05
vn 0.0824128985 0.915682018 -0.393362999
vn -0.112264998 0.406785011 -0.906598985
vn -0.0420351997 0.467047989 -0.883231997
vn -0.0799390972 0.538718998 -0.838684022
vn 0.0394813009 0.0440985002 -0.998247027
vn 0.0610896982 0.208124995 -0.976193011
vn 0.123021998 0.255459011 -0.95896101
vn 0.0593076013 0.161395997 -0.985105991
vn 0.138402 0.252021015 -0.957773983
vn 0.232699007 0.172249004 -0.957174003
vn 0.275036007 0.181548998 -0.944136977
vn 0.26117301 0.175539002 -0.949196994
vn 0.567354977 0.0974277034 -0.817689002
vn 0.250185013 0.145999998 -0.957126975
vn 0.361746013 -0.0881431028 -0.92809999
vn 0.166054994 0.0390984006 -0.985341012
vn 0.169271007 -0.0757014006 -0.982658029
vn 0.188424006 -0.0612227991 -0.980177999
vn 0.264349014 -0.305442989 -0.914780974
vn 0.52115202 -0.0695410967 -0.850625992
vn 0.228195995 -0.122798003 -0.965839982
vn 0.148805007 -0.0576757006 -0.987182975
vn 0.296393991 -0.236367002 -0.925355017
vn 0.503805995 -0.863788009 -0.00709924009
vn 0.970966995 0.0188571997 -0.238468006
vn 0.235136002 -0.269134998 -0.933957994
vn 0.152872995 -0.151044995 -0.976634979
vn 0.0436537005 -0.123737 -0.991353989
vn 0.188145995 -0.314904004 -0.930288017
vn 0.0360819995 -0.00742504001 -0.999320984
vn 0.0177193005 -0.300402999 -0.953647971
vn 0.00435680989 -0.249006003 -0.968491971
vn 0.0365805998 -0.165669993 -0.985503018
vn -0.0536190011 -0.088280797 -0.99465102
vn -0.0065306602 -0.886642992 -0.462408006
vn -0.143540993 -0.0456873998 -0.988588989
vn -0.0357303992 -0.0952033997 -0.994816005
vn -0.177650005 -0.297336996 -0.93809998
vn -0.0360084996 -0.142960995 -0.989072978
vn -0.253706992 -0.571128011 -0.780669987
vn -0.289947987 -0.331871986 -0.897659004
vn -0.153054997 -0.146062002 -0.977364004
vn -0.28400299 -0.219041005 -0.933467984
vn -0.60678798 -0.78294301 -0.137143999
vn -0.415841013 -0.0792900026 -0.905974984
vn -0.266232997 -0.143266007 -0.953202009
vn -0.169200003 -0.0685461015 -0.983195007
vn -0.243259996 -0.0790399015 -0.966735005
vn -0.292908996 0.101807997 -0.950704992
vn -0.684367001 0.156203002 -0.712208986
vn -0.122011997 -0.0945029035 -0.98801899
vn -0.109963998 0.00493849022 -0.993923008
vn -0.134808004 0.0151434001 -0.990755975
vn -0.259552002 -0.0351587012 -0.965089023
vn -0.226288006 0.0967200994 -0.969246984
vn -0.247389004 0.103147998 -0.96341002
vn -0.433990985 0.296696007 -0.85066098
vn -0.160692006 0.153637007 -0.974973977
vn -0.119053997 0.102502003 -0.987582982
vn -0.0806635022 0.105469003 -0.991146028
vn -0.263000995 0.361990005 -0.894312024
vn -0.139345005 0.24526 -0.959390998
vn -0.0774696022 0.160867006 -0.983931005
vn -0.107337996 0.251192987 -0.961966991
vn 0.513890982 0.752897978 0.411168993
vn 0.728762984 -0.0262762997 0.684261978
vn 0.988272011 0.0784388036 -0.131016999
vn 0.958019018 0.0114113996 -0.286477
vn 0.364859015 0.0529271998 -0.929557025
vn 0.216124997 -0.0102874003 -0.976311982
vn 0.213707998 0.85009402 -0.481319994
vn -0.209004998 0.916087985 0.342198998
vn 0.266775995 0.474528998 0.838840008
vn 0.925235987 0.372703999 0.070921503
vn 0.0368809998 0.0266043991 -0.998965979
vn -0.068532899 -0.00884826016 -0.997609973
vn -0.593291998 0.0721054003 -0.801751971
vn -0.895164013 -0.0212015994 -0.445232004
vn -0.993525982 0.0868579 -0.0732311979
vn -0.896227002 -0.00165788003 0.443592012
vn -0.0313988999 0.999432981 0.0121908002
vn 0.00963255018 0.999657989 0.0243165996
vn 0.00277848006 0.998826027 0.0483549982
vn -0.0428103991 0.999031007 0.0102559999
vn -0.0751601011 0.996051013 0.0472488999
vn 0.31388399 0.944238007 -0.0994594991
vn 0.464172989 0.885630012 0.0142387999
vn -0.880549014 0.0392828993 -0.472324997
vn 0.211388007 0.00853891019 0.977365017
vn -0.275258988 0.0521969981 0.959951997
vn -0.330790013 0.0701517984 0.941093981
vn -0.628623009 0.0258219 0.777282
vn -0.989440024 0.143080994 0.0231570005
vn -0.953882992 0.0651796982 0.293018013
vn -0.986319005 0.0136911003 -0.164278001
vn -0.374274999 0.0936070979 0.922581017
vn -0.0220231991 0.0197791997 0.999562025
vn 0.430197001 0.0558348 0.901006997
vn 0.542209029 0.0199761 0.840005994
vn 0.945483983 0.0488605984 0.321981996
vn 0.961233974 0.0327690989 0.273779988
vn 0.92760098 0.0338350013 -0.372038007
vn 0.923364997 0.0299836006 -0.382750005
vn 0.332563996 0.0421303995 0.94213903
vn 0.531922996 -0.00732972007 0.846760988
vn 0.117101997 0.0424991995 0.992209971
vn 0.202157006 0.0287526008 0.97893101
vn -0.320977986 0.0462165996 0.945958018
vn -0.466057003 0.00919600017 0.884706974
vn -0.114230998 0.0314492993 0.992955983
vn -0.147645995 0.0433933996 0.988088012
vn 0.0195602998 0.0293649994 0.999377012
vn -0.537307978 0.0342382006 0.842691004
vn -0.700075984 0.0361405984 0.713153005
vn -0.784129977 -0.000449521001 0.620597005
vn -0.853079975 0.0352355987 0.520588994
vn -0.931635976 0.0349137001 0.361712992
vn -0.978240013 0.0733100027 0.194095001
vn -0.973336995 0.058856599 0.221700996
vn -0.996196985 0.0318134017 -0.0811140016
vn -0.99603802 0.0322866999 -0.0828547031
vn -0.949424028 0.0277124997 -0.312770993
vn -0.942291021 0.0346924998 -0.332991004
vn -0.781382978 0.0340260006 -0.623124003
vn -0.781378984 0.0340215005 -0.62312901
vn -0.53135097 0.0345403999 -0.846446991
vn -0.433881998 -0.00202354998 -0.900967002
vn -0.333252996 0.0335888006 -0.942238986
vn 0 0.0339358002 -0.999423981
vn -0.116177998 -0.0410020016 -0.99238199
vn 0.115528002 0.0341054983 -0.992718995
vn 0.323559999 0.0341174006 -0.945591986
vn 0.433883011 -0.00144784001 -0.900968015
vn 0.540304005 0.0344265997 -0.840764999
vn 0.699608028 0.0345673002 -0.713689983
vn 0.781830013 -0.00145305996 -0.623489022
vn 0.850272 0.0341394991 -0.525234997
vn 0.972828984 0.0339245014 -0.229027003
vn 0.942017019 -0.0341321006 -0.333824009
vn 0.994073987 0.0370576009 -0.102199003
vn 0.946138024 0.0309571009 0.32227999
vn 0.993438005 0.0410925001 0.106733002
vn 0.996119022 0.0340624005 0.081156902
vn 0.465712994 0.0342529006 0.884272993
vn 0.781378984 0.0340186991 0.623127997
vn 0.781386018 0.0340254009 0.62312001
vn 0.941825986 0.0346973017 0.334304005
vn -0.0322316997 0.999480009 -4.37483977e-05
vn -0.00291352998 0.999980986 -0.00552293006
vn 0.00382555998 0.999279022 -0.0377800986
vn 0.00214798003 0.999944985 -0.0103101004
vn 0.000680796977 0.999994993 -0.00319650001
vn 0.0138085997 0.999844015 0.011012
vn -0.00382868992 0.999993026 -5.19670994e-06
vn -0.00298830005 0.999979973 0.00557503011
vn -0.00185318 0.999997973 0.000249103992
vn 5.35447998e-06 1 2.15860018e-06
vn 8.42918951e-07 1 3.14581985e-06
vn -1.60377999e-06 1 1.89904995e-06
vn -0.000117267002 1 -7.16742943e-05
vn -8.56453044e-05 1 -2.29485977e-05
vn 0.0207896009 0.999683022 0.0141681004
vn -3.92433003e-06 1 9.42340012e-06
vn -2.32220009e-06 1 -6.22230004e-07
vn -8.88201976e-06 1 1.10327001e-05
vn 2.34252002e-06 1 -2.55837003e-05
vn 0.148383006 0.955313027 0.255654007
vn -0.0317642018 0.999490023 -0.00342263002
vn 0.00338776992 0.99999398 -0.000907748996
vn 0.00217840006 0.999997973 0.000191897998
vn 0.000576693972 1 -0.00057669502
vn 0.000192848995 1 0.000141406999
vn 0.0872429982 0.993404984 -0.0743986964
vn -0.0164077003 0.999684989 0.0189945996
vn -0.827054977 -0.264513999 0.495995998
vn -0.610683024 0.460967988 -0.64387399
vn -0.161815003 -0.0371779986 -0.986120999
vn 0.862908006 0.0720764995 -0.500194013
vn 0.67317301 -0.215872005 0.70727402
vn -0.783119023 -0.304141015 0.54242301
vn -0.71371001 0.42166701 -0.559297979
vn -0.432549 -0.0273874998 -0.90119499
vn 0.849312007 -0.426411003 -0.311197013
vn 0.698581994 0.230949998 -0.677233994
vn -0.681102991 -0.731244028 -0.0371668003
vn -0.466324002 0.377651006 -0.799951017
vn -0.464044988 0.374563009 -0.802722991
vn -0.463465005 0.374527007 -0.803075016
vn -0.460727006 0.377240002 -0.803381026
vn -0.463606 0.374727994 -0.802900016
vn -0.461540997 0.38291499 -0.80022198
vn -0.470683008 0.374651015 -0.798807979
vn -0.464157999 0.374204993 -0.802824974
vn -0.211057007 0.790440023 0.575030982
vn 1.25201996e-05 -1.68511997e-05 -1
vn -2.41675002e-06 2.08531001e-05 -1
vn -5.01010982e-05 1 0.000200929993
vn -0.000136275004 1 0.000445181999
vn -2.08103984e-06 4.11092003e-07 1
vn 2.07961989e-06 1.50082997e-07 1
vn -2.07967992e-06 -1.50087004e-07 1
vn -6.84614974e-07 2.00775003e-06 1
vn 7.09173037e-07 -2.07977018e-06 1
vn 0.482834995 0.512790024 -0.709870994
vn 0.656422973 0.619412005 -0.430624992
vn 0.187701002 0.979936004 -0.0670275986
vn -1.20195992e-07 1 1.28155989e-05
vn -1.54259997e-05 1 1.44666004e-07
vn 1.20197001e-07 1 -1.28156989e-05
vn 1.54258996e-05 1 -1.44628004e-07
vn -0.425716013 -0.904691994 0.0172799993
vn -0.351366997 -0.93621403 -0.00665024016
vn -0.187371999 -0.982236028 0.0101862997
vn -0.178593993 -0.983904004 0.00613103993
vn 0.0627885014 -0.997994006 -0.00808766019
vn -0.929648995 -0.368074 0.0165704004
vn -0.880562007 -0.473850012 -0.00877957977
vn -0.808978021 -0.587755978 0.00986122992
vn -0.88055402 -0.473845989 0.00971451029
vn -0.808924019 -0.58771801 0.0151512995
vn -0.781830013 -0.623489022 -0.00168407999
vn -0.637422025 -0.770510972 0.00239031995
vn -0.65792799 -0.753059983 0.00557050994
vn -0.637413979 -0.770501018 0.00557792978
vn -0.657846987 -0.752965987 0.0167270005
vn -0.425680012 -0.904614985 -0.0216448009
vn -0.512890995 -0.858435988 0.00551185012
vn -0.92969799 0.368093014 0.0130230002
vn -0.974896014 0.222514004 -0.00806981046
vn -0.992098987 0.125330001 0.00561165996
vn -0.974913001 0.222517997 0.00551194977
vn -0.991967022 0.125314996 0.0172800999
vn -0.998970985 0.0448636003 -0.00665030023
vn -0.992062986 -0.125327006 0.0101862997
vn -0.992062986 -0.125325993 0.0101862997
vn -0.990930974 -0.134231001 0.0061123101
vn -0.929745018 -0.368113011 -0.00822633039
vn -0.951048017 -0.309015006 0.00412990013
vn -0.637337029 0.770407021 0.0165704992
vn -0.722766995 0.691035986 -0.00877953041
vn -0.808978021 0.587756991 0.00986129045
vn -0.722760022 0.691030979 0.00971455034
vn -0.808924019 0.58771801 0.0151514001
vn -0.834572017 0.550895989 -0.00168404996
vn -0.929773986 0.368124008 0.00239033997
vn -0.919514 0.393018991 0.00557048991
vn 0.535753012 0.844211996 0.0165704004
vn 0.433867007 0.900933981 -0.00877964962
vn 0.309002012 0.951009989 0.00986125041
vn 0.433863014 0.900927007 0.00971452985
vn 0.308982015 0.950946987 0.0151512995
vn 0.266036004 0.963962018 -0.00168424996
vn 0.0896392018 0.995972991 0.00186077005
vn 0.0941082016 0.995561004 0.00124105997
vn 0.0896397009 0.995974004 -1.05738994e-17
vn -0.0314121991 0.99950701 3.70540022e-18
vn -0.0896368027 0.995941997 -0.00806958973
vn -0.187378004 0.982272029 0.00561161991
vn -0.0896380022 0.995958984 0.00551191997
vn -0.187353 0.982141018 0.0172800999
vn -0.266030997 0.963941991 -0.00665018987
vn -0.425756991 0.904779971 0.0101862997
vn -0.425756991 0.904779971 0.0101862
vn -0.433876008 0.900951982 0.00611231988
vn -0.637401998 0.77048701 -0.00822622981
vn -0.587779999 0.809010029 0.00412986986
vn 0.968501985 0.248668998 0.0129691996
vn 0.919471025 0.393074989 -0.00806044042
vn 0.87629199 0.481747001 0.00561155984
vn 0.919514 0.393018007 0.00551185012
vn 0.876176 0.481682003 0.0172802005
vn 0.83455497 0.550885022 -0.00665020989
vn 0.72893101 0.684512019 0.0101862997
vn 0.722787023 0.691043973 0.006116
vn 0.53580898 0.844299972 -0.00813941006
vn 0.588037014 0.808824003 0.00412965985
vn 0.587779999 0.809010029 0.00412992015
vn 0.96845001 -0.248656005 0.0165704004
vn 0.990911007 -0.134229004 -0.00877938978
vn 0.999951005 0 0.00987019017
vn 0.989898026 -0.141468003 0.00941334013
vn 0.999885023 0 0.0151512995
vn 0.998992026 0.0448645987 -0.00168412004
vn 0.968580008 0.248688996 0.00239028991
vn 0.974968016 0.222274005 0.00560009014
vn 0.53578198 -0.844255984 0.0130230999
vn 0.657917023 -0.753046989 -0.00806976017
vn 0.728956997 -0.68453598 0.00561155006
vn 0.65792799 -0.753059983 0.00551183987
vn 0.728860021 -0.684445024 0.0172800999
vn 0.781813979 -0.623476028 -0.00665022014
vn 0.876260996 -0.481729001 0.0101862997
vn 0.880578995 -0.473859996 0.00611227984
vn 0.968550026 -0.248682007 -0.00822629966
vn 0.951048017 -0.309015006 0.00412977021
vn 0.951048017 -0.309013993 0.00412977021
vn -0.0455235988 -0.998879015 0.0129469
vn 0.0448615998 -0.998907983 0.0130212
vn 0.062781401 -0.997889996 0.0165704004
vn 0.178545997 -0.983892977 -0.00877869036
vn 0.309002012 -0.951009989 0.00986173004
vn 0.172092006 -0.985036016 0.00944420043
vn 0.308982015 -0.950946987 0.0151511999
vn 0.351374 -0.936233997 -0.00168423995
vn 0.535825014 -0.844326019 0.00239015999
vn 0.512890995 -0.858435988 0.00557046989
vn 0.141345993 0.634468019 -0.759916008
vn 0.170656994 0.674188972 -0.718572021
vn 0.585569978 0.0651974007 0.807995021
vn 0.343980998 0.856649995 0.38448301
vn -0.351197004 0.288143992 0.890860975
vn -0.663972974 0.743110001 0.083231397
vn -0.521329999 0.852675021 -0.0340460986
vn -0.516147971 0.493075997 -0.700334013
vn 0.117614001 0.835085988 -0.537398994
vn -0.445960999 0.0684522986 -0.892431021
vn -0.365612 0.0213856995 -0.930522025
vn 0.723577023 0.690128982 0.0125868004
vn 0.580276012 0.782886028 0.224433005
vn 0.79084599 0.589832008 0.163282007
vn -2.67966971e-05 0.640644014 -0.767838001
vn 0 0.640901983 -0.767621994
vn -0.746577024 0.610973001 -0.263314009
vn -0.651812971 0.757255971 -0.041269701
vn -0.652577996 0.732345998 -0.194450006
vn 0.637691021 0.0504492 -0.768639028
vn 0.618649006 0.0371225998 -0.784789979
vn -0.268433005 0.897448003 0.350044012
vn 0.241625994 0.947749019 -0.208297998
vn -0.00802639034 0.999468982 -0.0315942988
vn -0.720628977 0.0613058992 0.690604985
vn -0.750761986 0.0372365005 0.659521997
vn -0.119825996 0.675908029 -0.727178991
vn -0.234209001 0.587650001 -0.774477005
vn 0.543673992 0.0462553985 0.83802098
vn 0.656296015 0.109393001 0.74653101
vn -0.750181019 0.660166025 0.0375480987
vn -0.766575992 0.640904009 0.0400477014
vn -0.760559976 0.648114026 0.0386915989
vn -0.772698998 0.633480012 0.0404953994
vn -0.76999402 0.636732996 0.0409871005
vn 0.00486672018 0.652405024 0.757854998
vn 0.00323704001 0.648568988 0.761148989
vn 0.000484443008 0.633816004 0.773483992
vn 5.88028997e-05 0.63071698 0.776013017
vn 0.00477783987 0.604604006 0.796512008
vn -0.0085004298 0.635760009 0.771839976
vn -0.769927979 0.115179002 -0.627650023
vn -0.646346986 0.481941998 -0.591580987
vn -0.408226997 0.825984001 0.388716996
vn -0.937327981 0.340000987 -0.0762602985
vn 0.532127976 0.605409026 0.591877997
vn 0.298269987 0.438786 -0.847644985
vn 0.603480995 0.0596739016 -0.795140982
vn 0.634521008 0.0382065997 -0.771960974
vn 0.147101998 0.637589991 0.756201029
vn -0.534373999 0.0310440995 0.844677985
vn -0.214239001 0.942331016 -0.257128
vn -0.621765971 0.752610028 -0.216762006
vn 0.365184009 0.423940986 -0.828803003
vn 0.590300024 0.80647999 -0.0337150991
vn 0.0564474985 0.587902009 0.806959987
vn 0.979713976 0.0314263999 -0.197920993
vn 0.740800977 0.667528987 0.074956499
vn 0.732739985 0.667545021 -0.132200003
vn 0.779987991 0.603377998 -0.165994003
vn 0.729497015 0.678839982 0.0837268978
vn 0.738931 0.607989013 0.290398985
vn 0.70401597 0.641885996 0.303882986
vn 0.549676001 0.648535013 0.526553988
vn 0.553225994 0.639918029 0.533334017
vn 0.624535978 0.639898002 0.447757006
vn 0.624899983 0.639119983 0.448359013
vn -0.0901807994 -0.967595994 -0.235850006
vn -0.201014996 -0.781697989 -0.590373993
vn -0.185415 -0.928270996 -0.322387993
vn -0.181628004 -0.927163005 -0.327690005
vn -0.697245002 -0.707661986 -0.114294
vn 0.236242995 -0.971683979 0.00438538007
vn 0.203391001 -0.811227024 -0.548216999
vn 0.128839999 -0.832192004 -0.539310992
vn -0.352221996 -0.853941977 -0.383044004
vn -0.162772 -0.946834981 -0.277505994
vn -0.170053005 -0.919547975 -0.354279011
vn -0.194593996 -0.927148998 -0.320199013
vn -0.190041006 -0.927641988 -0.321503013
vn -0.352176994 -0.819617987 -0.451882005
vn -0.628601015 -0.772310019 -0.0916391015
vn -0.282909006 -0.916312993 -0.283432007
vn -0.184417993 -0.926957011 -0.326710999
vn -0.189357996 -0.928422987 -0.319647014
vn -0.161652997 -0.953450024 -0.254561007
vn -0.188014001 -0.926352978 -0.326373994
vn -0.186425999 -0.918263018 -0.349339992
vn 0.136049002 -0.829365015 -0.541889012
vn -0.166347995 -0.926913977 -0.336389989
vn -0.194654003 -0.927166998 -0.320113003
vn -0.191989005 -0.924102008 -0.330417991
vn -0.191584006 -0.924866021 -0.328509003
vn -0.186615005 -0.92701602 -0.325293005
vn -0.187305003 -0.927183986 -0.324418992
vn -0.184979007 -0.927366018 -0.325230002
vn -0.187153995 -0.926442981 -0.326615006
vn -0.187942997 -0.926774979 -0.325217009
vn -0.260796994 -0.924035013 -0.279540986
vn -0.187903002 -0.926111996 -0.327122986
vn -0.187303007 -0.927183986 -0.324418992
vn 0.944449008 0.32655701 -0.0371024013
vn 0.990375996 -0.135205999 0.0295829009
vn 0.925293982 -0.378096014 -0.0295825992
vn 0.706844985 -0.706847012 0.0271585006
vn 0.258747995 -0.965658009 -0.0235262997
vn 0.209655002 -0.976952016 -0.0401166007
vn -0.326566994 -0.944446027 0.0371042006
vn -0.740486979 -0.669381976 -0.0600612015
vn -0.949939013 -0.306607991 0.0600638017
vn -0.98119998 0.189392999 -0.0371058993
vn -0.790090024 0.612276971 0.0295829009
vn -0.612281978 0.790085971 -0.0295828003
vn -0.258722991 0.965569973 0.0271585993
vn 0.258747995 0.965658009 -0.0235264003
vn 0.306926996 0.950887024 -0.0401227996
vn 0.75503701 0.654631972 0.0371031016
vn -0.999998987 0 -0.00132563
vn -0.999996006 0.00296885008 8.19165944e-05
vn -0.284873009 0.779020011 -0.558547974
vn -0.635348976 0.676074028 0.373169988
vn -0.858063996 0.0768840015 0.507754028
vn 0.976002991 -0.0175802 -0.217044994
vn 0.651418984 -0.696134984 0.301744014
vn -0.113412 -0.963808 -0.241271004
vn -0.879768014 -0.423987001 0.215042993
vn -0.987818003 0.0177988 -0.154593006
vn -0.405589014 0.896126986 0.180152997
vn 0.115171 0.978645027 -0.170261994
vn 0.728326023 0.673052013 0.128615007
vn 0.974660993 -0.114702001 -0.192039996
vn 0.663900971 -0.709524989 0.236240998
vn -0.0174461994 -0.968545973 -0.248223007
vn -0.863355994 -0.416043997 0.285522997
vn -0.979466975 0.115254998 -0.165409997
vn -0.410021991 0.906037986 0.104774997
vn 0.0177353993 0.984183013 -0.176266
vn 0.719747007 0.665054977 0.199163005
vn 0.976001024 -0.0175870005 -0.217052996
vn 0.733577013 -0.634863973 0.242513001
vn -0.114702001 -0.974660993 -0.192038
vn -0.644074023 -0.744235992 0.176864997
vn -0.976001978 0.0175804999 -0.217050001
vn -0.73359102 0.634853005 0.242500007
vn 0.114689 0.974660993 -0.192047998
vn 0.644065976 0.744242013 0.176869005
vn -0.741047978 0.671451986 0
vn -0.671451986 -0.741047978 0
vn 0.671451986 0.741047978 0
vn 0.942888975 -0.292977989 -0.158503994
vn 0.991973996 -0.116727002 0.0486145988
vn -0.0179456007 -0.995851994 -0.0892030001
vn -0.285504013 -0.93958199 0.188874006
vn -0.979375005 0.115258999 -0.16595
vn -0.805540979 0.54886502 0.223274007
vn 0.0175806005 0.976001978 -0.217050001
vn 0.572571993 0.798312008 0.186704993
vn 0.741047978 -0.671451986 0
vn 0.187701002 0.979936004 -0.0670275018
vn 0.263751 0.963373005 -0.0484599993
vn 0.0120259998 0.961592019 -0.274219006
vn -0.788383007 -0.0958196968 -0.607676029
vn -0.456012011 0.321585 -0.829841018
vn -0.321006 0.00127680996 -0.947076023
vn 0.746028006 -0.123447001 -0.65437299
vn 0.966347992 0.160354003 0.201142997
vn 0.946208 -0.106886998 0.305395007
vn 0.213817 0.161975995 0.963352025
vn 0.242217004 0.267102003 0.932730973
vn -0.723546028 0.539102018 0.431104004
vn -0.568265021 0.800005019 0.192525998
vn 2.56709995e-06 1 2.20723018e-06
vn 0 1 -1.36446999e-06
vn 0.112494998 0.982921004 -0.145643994
vn -0.649484992 -0.379464 -0.658921003
vn -0.285955995 0.352090001 -0.891214013
vn 0.312613994 -0.346141994 -0.884567022
vn 0.954427004 0.0970389992 -0.282229006
vn 0.527087986 0.707933009 0.470115989
vn 0.417158991 -0.0265737008 0.908445001
vn -0.208640993 0.141516 0.967698991
vn -0.305357009 -0.108051002 0.946088016
vn -0.949945986 0.150226995 0.273925006
vn 0.99612999 0.0878901035 0
vn 0.996190012 0.0872092023 0.00062671199
vn 0.257833987 0.0871556997 0.962249994
vn 0.257833987 0.0871566981 0.962249994
vn 0.962249994 0.0871561989 0.257833004
vn 0.962249994 0.0871556997 0.257833987
vn 0.996195018 0.0871557966 0
vn 0.962249994 0.0871556997 -0.257833987
vn 0.257833987 0.0871557966 -0.962249994
vn 0.257833987 0.0871556997 -0.962249994
vn -2.34052982e-06 1 -1.89199e-06
vn 0 1 1.36445999e-06
vn -0.112494998 0.982921004 0.145642996
vn 0.996107996 0.0881394967 -0.000863051973
vn 0.996195018 0.0871547982 0
vn 0.940461993 0.0524008013 -0.335835993
vn 0.761391997 -0.0523145013 -0.646176994
vn -0.757552981 0.0521581993 -0.650686979
vn -0.940517008 -0.0477683991 -0.336371988
vn -0.173437998 0.0506615005 0.983541012
vn 0.178911999 -0.0523152985 0.982473016
vn -0.99612999 0.0878901035 0
vn -0.996190012 0.0872106031 -0.000625426008
vn 0 0.0871578008 -0.996195018
vn 5.15447027e-07 0.0871557966 -0.996195018
vn 0 0.0871547982 -0.996195018
vn -1.48804997e-06 0.0871575996 -0.996195018
vn 0 0.0871557966 -0.996195018
vn -0.257833987 0.0871556997 -0.962249994
vn -0.257833987 0.0871557966 -0.962249994
vn -0.962249994 0.0871556029 -0.257833987
vn -0.962249994 0.0871556997 -0.257833987
vn -0.996195018 0.0871557966 0
vn -0.962249994 0.0871556997 0.257833987
vn -0.962249994 0.0871561021 0.257833987
vn -0.257833987 0.0871566981 0.962249994
vn -0.257833987 0.0871556997 0.962249994
vn 0 0.0871547982 0.996195018
vn 5.04547017e-07 0.0871568024 0.996195018
vn 0 0.0871576965 0.996195018
vn -1.45658009e-06 0.0871549025 0.996195018
vn 0 0.0871568024 0.996195018
vn -0.996107996 0.0881406963 0.000862821005
vn -0.996195018 0.0871563032 0
vn 0.307419002 0.951273024 0.0239489991
vn 0.188673005 0.982039988 0.000930448005
vn 0.188871995 0.981813014 0.0192368999
vn 0.307929993 0.950815022 0.0336239003
vn 0.350288987 0.936580002 -0.0107076997
vn 0.309946001 0.950528026 0.0207286999
vn 0.503825009 0.863545001 0.0212212
vn 0.421855986 0.906422973 0.0208586007
vn 0.455253989 0.89032799 -0.00777534023
vn 0.426191002 0.903285027 0.0493693985
vn 0.399305999 0.916794002 0.00660199998
vn 0.484293014 0.874257982 0.0336834006
vn 0.503823996 0.86353898 0.0214823
vn -0.0254299995 -0.809192002 -0.586993992
vn 0.0923618972 -0.799875975 -0.593016028
vn 0.0595773011 -0.946961999 0.315775007
vn 0.317274988 -0.877139986 0.360502988
vn 0.219368994 -0.675146997 0.704311013
vn 0.220577002 -0.674794972 0.704270005
vn 0.208259001 -0.640955985 0.738785028
vn 0.361979991 -0.570388973 0.737311006
vn 0.365714997 -0.577889979 0.729586005
vn 0.37946701 -0.597944021 0.706022978
vn 0.503023028 -0.472368985 0.723765016
vn 0.576830983 -0.560074985 0.59462899
vn 0.688198984 -0.64626199 0.329737991
vn 0.793247998 -0.409141988 0.450955003
vn 0.622084022 -0.341993988 0.704308987
vn 0.628184974 -0.33157599 0.703876019
vn -0.0814561024 0.0447808988 0.995670021
vn -0.093180798 0.0239247996 0.995361984
vn 0.00480203005 -0.00608937023 0.999970019
vn 0.237541005 -0.0609901994 0.969461024
vn 0.216129005 0 0.97636497
vn 0.354313999 -0.00929871015 0.935079992
vn 0.673909009 0 0.738813996
vn 0.654308021 0.167998001 0.737331986
vn 0.662604988 0.169232994 0.729598999
vn 0.685945988 0.176120996 0.706017017
vn 0.604686022 0.332430005 0.723771989
vn 0.710907996 0.375524014 0.59463501
vn 0.827293992 0.45480901 0.329746991
vn 0.634239018 0.627985001 0.450971991
vn 0.517491996 0.48595801 0.704306006
vn 0.509468019 0.494980007 0.703872979
vn -0.0678611994 -0.0637259036 0.99565798
vn -0.0516255982 -0.0813489035 0.995347977
vn 0.00722236978 0.00259836996 0.999970973
vn 0.131404996 0.207060993 0.969462991
vn 0.0667862967 0.205547005 0.976365983
vn 0.118564002 0.334672004 0.934845984
vn 0.208674997 0.642234981 0.737555981
vn 0.0635581017 0.67237401 0.737478018
vn 0.0221327003 0.337765008 0.940970004
vn -0.0219841003 0.699514985 0.714280009
vn -0.129526004 0.678999007 0.722622991
vn -0.129899994 0.68365401 0.718153
vn -0.133020997 0.697323024 0.704304993
vn -0.302258998 0.642333984 0.704306006
vn -0.302257001 0.642329991 0.704311013
vn -0.313315988 0.637486994 0.703876972
vn 0.0395466015 -0.0840407982 0.995676994
vn 0.0612788014 -0.0740735009 0.995368004
vn -0.000338178012 0.00778674986 0.999970019
vn -0.156325996 0.188966006 0.969461024
vn -0.174851999 0.127037004 0.97636497
vn -0.281179994 0.215783 0.935079992
vn -0.545207977 0.396117002 0.738810003
vn -0.628099024 0.248682007 0.737326026
vn -0.636386991 0.253004014 0.728698015
vn -0.66178298 0.262017995 0.702417016
vn -0.688225985 0.0869425982 0.720268011
vn -0.467907012 0.0373585001 0.882987976
vn -0.798828006 0.0505575016 0.599431992
vn -0.728923976 -0.104617 0.676553011
vn 0.0920756981 0.0116317999 0.995684028
vn 0.0893163979 0.0353628993 0.995374978
vn -0.0075407899 0.00207060995 0.999969006
vn -0.227978006 -0.0902628005 0.969473004
vn -0.174814999 -0.127011001 0.976374984
vn -0.292097002 -0.200725004 0.935087979
vn -0.545231998 -0.396133989 0.738783002
vn -0.430617005 -0.520527005 0.737305999
vn -0.4366 -0.526399016 0.729578018
vn -0.451431006 -0.545686007 0.706000984
vn -0.293816 -0.624391019 0.723746002
vn -0.354413986 -0.721677005 0.594619989
vn -0.401966989 -0.854223013 0.329737008
vn -0.143990993 -0.880855978 0.450953007
vn -0.133021995 -0.697324991 0.704303026
vn -0.133021995 -0.697323978 0.704304993
vn 0.0445749015 -0.708496988 0.704304993
vn -0.332590014 0.364033014 0.869979024
vn 0.547013998 0.0668388009 -0.83445102
vn 0.578562021 0.057611499 -0.813601017
vn 0.643970013 -0.0628995001 -0.762459993
vn 0.759159029 0.151308998 -0.633074999
vn 0.931602001 0.0528323986 -0.359620988
vn 0.825433016 -0.0179701 0.564213991
vn 0.992835999 0.0348950997 0.114272997
vn 0.99930203 -0.0342614986 0.0148996003
vn 0.927761018 0.0629751012 0.367823005
vn 0.234574005 0.0339265987 -0.971506
vn 0.181199998 -0.00373407989 -0.983439028
vn -1.63021996e-05 0.0349004008 -0.999391019
vn 0 0.0349770002 -0.99938798
vn -0.635559976 -0.0146848997 -0.771911979
vn -0.54844898 0.130915999 -0.825872004
vn -0.847434998 0.0268897992 -0.530216992
vn -0.840193987 0.0491966009 -0.540050983
vn -0.824364007 0.0428062007 -0.564438999
vn -0.190176994 0.00383554003 -0.981742024
vn -0.292456001 0.0516032018 -0.954886019
vn -0.508512974 0.0393529981 -0.860154986
vn -0.988228023 0.0341899991 -0.149119005
vn -0.997812986 -0.0194642991 -0.063176699
vn -0.95619297 0.0498089008 -0.28847
vn -0.998021007 0.0348994993 0.0523041002
vn -0.998021007 0.0348993987 0.0523041002
vn -0.172805995 -0.0112942997 0.984890997
vn 7.66873995e-08 0.0349005014 0.999391019
vn -4.34784994e-07 0.0348987989 0.999391019
vn 0.190901995 0.0222203005 0.981357992
vn 0.223456994 0.0340163 0.974120021
vn 0.993662 0.0337971002 0.107207999
vn 0.977864981 0.0341742001 -0.206428006
vn 0.989030004 0.0801457986 -0.124081001
vn 0.994879007 0.0122897001 0.100325003
vn 0.944800973 0.0798353031 0.317768008
vn 0.917479992 0.0373498015 0.396023989
vn 0.71924299 0.0381965004 0.693708003
vn 0.721180975 0.034448199 0.691888988
vn 0.812195003 0.0340730995 0.58239001
vn 0.812020004 0.0343899988 0.582615972
vn 0.757130027 -0.642459989 0.118322
vn -0.0659454018 -0.579478979 0.812314987
vn 0.461634994 -0.380086005 0.801515996
vn 0.463703007 -0.374038994 0.803165019
vn 0.463766009 -0.373786986 0.803246021
vn 0.463405997 -0.382019013 0.799573004
vn 0.462345988 -0.372817993 0.804513991
vn 0.465519994 -0.374859005 0.801729977
vn 0.463844001 -0.373867005 0.803164005
vn 0.463941991 -0.374985993 0.802585006
vn 0.47032401 -0.374538988 0.799072027
vn 0.464836001 -0.366717994 0.805881977
vn 0.463651001 -0.37450099 0.802978992
vn 0.463483989 -0.374653012 0.803005993
vn 0.463532001 -0.374650002 0.802978992
vn -0.228700995 0.971898973 -0.0557547994
vn -0.867981017 -0.446346015 0.217681006
vn 0.574225008 -0.0106161004 0.818629026
vn 0.603021026 0.0963016972 0.791891992
vn 0.748359978 -0.660206974 -0.063910298
vn -0.0724394992 -0.778321028 -0.623673975
vn -0.802127004 -0.509849012 -0.310880989
vn -0.699985981 -0.672675014 -0.239849001
vn 0.334868997 0.102945 0.936623991
vn 0.51027602 -0.646269977 0.567408979
vn 0.560545027 0.210114002 -0.801024973
vn 0.187220007 0.927213013 -0.324384004
vn 0.0434259996 0.201493993 -0.978527009
vn -0.141931996 -0.181669995 -0.973062992
vn -0.310203999 0.78984201 -0.529078007
vn -0.65091598 0.280813009 -0.705303013
vn -0.901822984 0.0243871994 -0.431416988
vn -0.737280011 -0.675586998 1.08412005e-05
vn -0.724910975 -0.688816011 0.00602127006
vn -0.541419983 -0.701113999 0.464008003
vn -0.536432981 -0.707584977 0.459960014
vn 0.741581023 -0.110377997 -0.661719978
vn 0.341255009 -0.881657004 -0.325922996
vn 0.820922017 1.21813e-05 -0.571040988
vn 0.695698023 0.485368997 -0.529547989
vn 0.516264021 0.689751983 -0.507655025
vn 0.261512995 0.929548025 -0.25990501
vn 0.784761012 0.0605558008 -0.616832972
vn -1.95499001e-06 8.93649997e-07 -1
vn -1.63141999e-06 -1.55018995e-06 -1
vn 0.000216746004 -4.09908989e-06 -1
vn -0.000120399003 -0.000354455988 -1
vn 6.6781904e-05 -0.00024923301 -1
vn 0.00109206 -0.00207547005 -0.99999702
vn 0.00174583995 -0.00174583995 -0.99999702
vn 0.00296309008 -0.000194709995 -0.999996006
vn -6.98348958e-05 0.000154017995 -1
vn -8.80889047e-07 1.94276004e-06 -1
vn -0.000408641004 0.000231483005 -1
vn -0.000468535989 6.21372965e-05 -1
vn 3.40381011e-05 0.000127032006 -1
vn 8.54815007e-05 8.40779976e-05 -1
vn -0.724924028 0.688829005 5.1095999e-06
vn -0.724961996 0.68878901 2.52564987e-05
vn 0.551256001 0.81141901 -0.194205999
vn 0.723851025 0.353177994 -0.592710018
vn 0.334493995 0.243757993 -0.910327017
vn -0.402372003 0.66218698 -0.632143021
vn -0.894796014 0.362452 -0.260706991
vn -0.603088975 0.750344992 0.270677
vn -0.726951003 0.342372 0.595251024
vn -0.300042987 0.243030995 0.922447979
vn 0.187169999 0.811950982 0.55290401
vn 0.591271996 0.344895005 0.729003012
vn 0.921105027 0.282160014 0.268238008
vn -0.541419983 0.701113999 0.464008003
vn -0.541419983 0.701115012 0.46400699
vn -0.669807017 -0.00211367011 0.742532015
vn -0.669130027 7.62113018e-07 0.743144989
vn -0.669130981 -7.45787986e-07 0.743144989
vn -1.11272004e-06 3.27467978e-06 1
vn 9.79008928e-06 1.08047998e-05 1
vn 7.43200019e-07 -1.45590991e-06 1
vn 0.866025984 0 0.499998987
vn 0.866025984 0 -0.499998987
vn -0.866024971 0 -0.5
vn -0.866024971 0 0.5
vn 1.08046997e-05 -9.79001015e-06 1
vn -1.45590991e-06 -7.43201042e-07 1
vn 4.40087979e-06 -5.17914998e-07 1
vn 5.92507968e-06 0 1
vn -1.42033002e-06 1.23098994e-06 1
vn 0 1.68289989e-06 1
vn 0.863488972 0 -0.504366994
vn -0.866025984 0 -0.5
vn -0.866024971 0 0.500001013
vn -0.00637074979 0 0.999979973
vn 0.869865 0 0.493290007
vn 1.2895599e-05 1.2895599e-05 1
vn 4.61614007e-07 -1.45081992e-06 1
vn -1.45628997e-06 3.55167003e-07 1
vn 3.55166009e-07 1.45628997e-06 1
vn 1.2895599e-05 -1.2895599e-05 1
vn -1.45081992e-06 -4.61615997e-07 1
vn -3.27467001e-06 -1.11271004e-06 1
vn -1.08046997e-05 9.79000015e-06 1
vn 1.45590991e-06 7.43202008e-07 1
vn -0.757552981 0.0521582998 -0.650686979
vn -0.940517008 -0.0477684997 -0.336371988
vn 0.992733002 0.0290885009 -0.116768003
vn -0.0178571995 -0.00524633005 -0.999827027
vn 0.0180210005 0.00523938006 -0.999823987
vn -0.989255011 -0.0300005991 0.143092006
vn -0.990105987 -0.0321142003 0.136600003
vn 0.0290162005 0.0609963983 0.99771601
vn 0.816882014 -0.138837993 0.559846997
vn 0 -0.57919699 -0.815187991
vn -0.0324243009 0.578891993 -0.814759016
vn 0.00291079003 0.865565002 0.50078702
vn 0.659260988 0.631466985 0.408196986
vn -0.803539991 -0.516537011 0.295825988
vn 0 -0.819151998 0.573576987
vn 7.57094028e-07 1 7.57091982e-07
vn 6.40958035e-07 1 2.06873992e-07
vn 7.21803019e-07 1 1.93407999e-07
vn 1.03420996e-06 1 -2.77116015e-07
vn 0.00632619997 0.999978006 0.00206484995
vn -0.0243714992 0.998389006 -0.0512384996
vn -0.0118175996 0.998362005 -0.0559867993
vn -0.00276364991 0.99991101 -0.0130909001
vn -0.0352431983 0.999148011 0.0214763992
vn 0.00879033003 0.999903977 0.0106805004
vn 1.93405015e-07 1 7.21803985e-07
vn 0.000955350988 0.999994993 -0.00295909005
vn 0.0272988994 0.998937011 0.0371353999
vn 0.0237233005 0.997096002 0.0723598972
vn 0.0204689 0.999750018 -0.00903544016
vn 0.0141714998 0.999891996 -0.00379726989
vn 0.0138328997 0.999809027 -0.0138328997
vn -0.00167211005 0.999948025 -0.0100389002
vn 0.00976893958 0.999504983 -0.0299209002
vn -0.0548111014 0.996990979 -0.0548110008
vn -0.125202999 0.991563976 -0.0335479006
vn -0.0626491979 0.996703029 0.0515639
vn -7.21803985e-07 1 1.93407004e-07
vn 0.000147343002 0.99999702 -0.00236507994
vn -0.00120259996 0.999998987 0.000633586023
vn -0.00323707005 0.999993026 -0.00170543999
vn 0.000172796004 1 -0.000421867997
vn 0.000609140028 0.999998987 0.00148717
vn -0.00178161997 0.999997973 -0.000524014002
vn -0.00415532989 0.999991 0.00122216996
vn 0.641152978 -0.0731106997 0.763922989
vn 0.436637014 0.851852 0.289303988
vn -0.224136993 -0.836304009 0.500357985
vn -0.148122996 -0.305159986 0.940711021
vn 0.129558995 0.272686988 0.953339994
vn 0.105431996 0.216255993 0.97062701
vn -0.784780979 -0.192524001 0.589112997
vn 0.139663994 0.93403399 -0.328745991
vn 0.078858301 0.198327005 -0.976957977
vn 0.251073003 0.565117002 -0.785879016
vn 0.235376999 0.557963014 -0.795786023
vn 0.255571991 0.650443017 -0.715267003
vn 0.179089993 0.555189013 -0.812214017
vn 0.632911026 0.587475002 -0.504278004
vn 0.339031011 -0.937463999 -0.0788633972
vn 0.398983002 -0.895932019 -0.195235997
vn 0.122015998 -0.987114012 -0.103526004
vn 0.0851989985 -0.99296701 -0.0821999982
vn 0.174462005 -0.971638978 -0.159626007
vn -0.0737840012 -0.979340017 -0.188278005
vn 0.0322633013 -0.996061027 0.0825906023
vn -0.085696198 -0.972061992 -0.218522996
vn -0.289781004 -0.956641018 -0.0294160992
vn -0.196090996 -0.980126023 -0.0300209001
vn -0.427091002 -0.902302027 -0.0586819015
vn -0.590367019 -0.806836009 0.0219521001
vn -0.633836985 -0.765636981 -0.109774001
vn -0.721647024 -0.68996501 0.0563387983
vn -0.720107019 -0.691743016 0.0542003997
vn -0.804886997 -0.583365977 -0.108822003
vn -0.831660986 -0.555231988 -0.00763837015
vn -0.928475022 -0.370808005 -0.0208531003
vn -0.915633976 -0.390367001 -0.0960578024
vn -0.982181013 -0.125283003 0.140091002
vn -0.950444996 -0.218732998 -0.220930994
vn -0.999541998 -0.0198296998 -0.0228694007
vn -0.992430985 -0.119631 -0.0277379006
vn -0.99022001 0.127368003 -0.0569344983
vn -0.949741006 0.312287986 0.0216623005
vn -0.924031973 0.36621201 -0.109784998
vn -0.879195988 0.473118007 0.0563411005
vn -0.880411983 0.471101999 0.0542007014
vn -0.803537011 0.585223019 -0.108822003
vn -0.785054028 0.619379997 -0.00763860019
vn -0.639573991 0.768446982 -0.0208524
vn -0.654208004 0.750189006 -0.0960581005
vn -0.421846002 0.895667017 0.140806004
vn -0.501999974 0.836872995 -0.218263999
vn -0.326418996 0.944768012 -0.0294042993
vn -0.425586998 0.904417992 -0.0300629009
vn -0.354377002 0.934212029 0.0408076011
vn -0.186284006 0.980073988 -0.0689394996
vn -0.179097995 0.982851982 -0.0438731015
vn -0.00270963996 0.999597013 0.0282454006
vn 0.0627823994 0.992330015 -0.106489003
vn 0.133718997 0.990435004 0.0340306982
vn 0.263877004 0.963420987 -0.0467786007
vn 0.30852899 0.945658982 -0.102664001
vn 0.347342014 0.937707007 -0.00769898016
vn 0.533195972 0.845734 -0.0208538994
vn 0.511312008 0.854009986 -0.0960569978
vn 0.721472979 0.677974999 0.140808001
vn 0.640693009 0.736042976 -0.218522996
vn 0.796737015 0.603609979 -0.0294164997
vn 0.734745026 0.677677989 -0.0300213005
vn 0.87598902 0.478960991 -0.0569157004
vn 0.951915026 0.305597007 0.0216279998
vn 0.962816 0.246852994 -0.109771997
vn 0.989376009 0.134020999 0.056338001
vn 0.989175022 0.136363 0.0542003997
vn 0.994060993 -0.00114765996 -0.108822003
vn 0.999185026 -0.0396457016 -0.00763875013
vn 0.969107985 -0.245754004 -0.0208531003
vn 0.970215976 -0.222383007 -0.0960583985
vn 0.867739975 -0.47665599 0.140809
vn 0.898003995 -0.381884992 -0.218523994
vn 0.820272982 -0.571215987 -0.0294167008
vn 0.871559978 -0.489369005 -0.0300216991
vn 0.726099014 -0.684903979 -0.0607193001
vn 0.585370004 -0.810432971 0.0232475996
vn 0.532298028 -0.839410007 -0.109773003
vn 0.433196008 -0.899537027 0.0563368984
vn 0.435360998 -0.89862299 0.0542006008
vn 0.307707012 -0.945455015 -0.106913999
vn 0.266716987 -0.963313997 -0.0297956001
vn 0.305252999 -0.951801002 -0.0299261007
vn 0.0924243033 -0.995720029 7.68150992e-16
vn -0.031410899 -0.99950701 -2.61060001e-16
vn -0.185481995 -0.972329974 0.142026007
vn 0.693224013 -0.105471998 -0.712962985
vn 0.282492012 0.101572998 -0.953876972
vn -0.993703008 -0.112026997 0.00211965991
vn 0.326101005 0.0998404995 0.940047979
vn 0.224271998 -0.0340081006 -0.973932981
vn 0 -0.0348969996 -0.999391019
vn -0.182940006 -0.0343080983 -0.982524991
vn -0.990128994 -0.0342797004 -0.135905996
vn -0.998528004 -0.0113907 0.0530227982
vn -0.998021007 -0.0348991007 0.0523041002
vn -0.934050977 0.0951232985 0.34424001
vn -0.195956007 0.0591727011 0.978825986
vn -0.00161651999 -0.0348969996 0.999390006
vn 0 -0.0116387 0.999931991
vn 0.213575006 -0.034091901 0.976332009
vn 0.797819972 -0.236726999 0.554475009
vn 0.920174003 -0.0023374001 0.391503006
vn 0.187303007 0.927182972 0.324420989
vn 0.187300995 0.927184999 0.324416012
vn 0.187306002 0.927182019 0.324420989
vn 0.187286004 0.927191973 0.324405998
vn 0.187450007 0.927466989 0.323523998
vn 0.187303007 0.927183986 0.324418992
vn 0.187303007 0.927183986 0.324420005
vn 0.187296003 0.927218974 0.324324012
vn 0.18592 0.927689016 0.323771
vn 0.189098999 0.927299023 0.323044986
vn 0.186963007 0.927393973 0.324014008
vn 0.186619997 0.927259028 0.324597001
vn 0.187301993 0.927183986 0.324418992
vn -0.120466001 -0.961562991 0.246749997
vn -0.0266801994 -0.980288029 -0.195763007
vn -0.353547007 -0.915301025 0.192948997
vn 0.222295001 -0.949253976 0.222488001
vn -0.0831092969 -0.995932996 0.0347834006
vn -0.173648 -0.984808028 -7.6783401e-08
vn -0.175547004 -0.984471023 0.000532124017
vn -0.172389999 -0.985028982 -2.76965011e-07
vn -0.173852995 -0.984771013 -0.000579108018
vn -0.998629987 -0.0523358993 0
vn -0.998677015 -0.0514257997 -0.000727417006
vn -0.998629987 -0.0523355007 0
vn -0.998629987 -0.0523362011 -7.19474997e-07
vn -0.998629987 -0.0523357987 4.76449031e-07
vn 0.133402005 -0.558026016 -0.819029987
vn -0.124991 -0.974461019 -0.186557993
vn 0.0203574002 -0.968725979 -0.247297004
vn 0.0126785003 -0.963901997 -0.265956014
vn 0.717588007 -0.400182992 -0.570019007
vn 0.39548701 -0.626694977 -0.671447992
vn 0.099561803 -0.480774999 -0.871173024
vn 0.646394014 -0.00169209996 -0.763001978
vn 0.665763021 0.0070780199 -0.74612999
vn 0.0165353008 -0.0119561004 -0.99979198
vn 0.257331997 -0.0313481987 -0.965815008
vn 0.131118998 0.00462601986 -0.991356015
vn -0.0230845008 0.895623982 -0.44421199
vn -0.138862997 0.989748001 -0.0334043019
vn 0.159867004 0.480096012 -0.862524986
vn 0.105573997 0.191183999 -0.97586
vn 0.412128001 0.636740029 -0.65170002
vn 0.0443587005 0.863665998 -0.502108991
vn -0.173649997 0.984807014 5.00487999e-07
vn -0.173648 0.984808028 1.58904001e-08
vn -0.173648 0.984808028 2.25764989e-08
vn -0.146234006 0.988597989 -0.035898
vn -0.0145546999 0.999789 -0.0145222005
vn -0.99861902 0.052532699 -0.000200827999
vn -0.998629987 0.0523357987 1.98699996e-15
vn -0.998629987 0.0523358993 1.39367003e-07
vn -0.998629987 0.0523362011 -7.21452011e-07
vn -0.998619974 0.052520901 -0.000195599001
vn -0.629341006 -0.777128994 0
vn -0.76038897 -0.649468005 0
vn -0.705955029 -0.705955029 0.0570496991
vn -0.687933028 -0.724931002 0.0349779017
vn -0.657795012 0.753197014 0
vn -0.705955029 0.705955029 0.0570496991
vn -0.76038897 0.649468005 0
vn 0.707107008 0.707107008 0
vn 0.707107008 -0.707107008 0
vn -0.000239601999 1 0.000845997012
vn -0.000801604008 1 0.000254646991
vn 0.00388161 0.999992013 -0.000981263001
vn 0.00321451994 0.999991 0.00293283002
vn 0.0297995992 0.611586988 0.790615976
vn 0.499929994 0.836974025 0.222586006
vn 1 2.8166598e-05 -0.000133447
vn 1 4.89836966e-05 -0.000232074002
vn 0 -0.875531971 0.483159989
vn 0.385791987 -0.668929994 0.635371029
vn 0.445820004 -0.872837007 0.198494002
vn -1 2.28895988e-05 0.000238923996
vn 0 0.581260979 -0.813717008
vn -0.710129976 -0.611594021 -0.348809004
vn 0 -0.836974025 -0.547241986
vn -0.0297986008 0.611594021 -0.790611029
vn -0.499926001 0.836975992 -0.222588003
vn -1 5.22193986e-05 -3.65644992e-05
vn -1 0 0.000177445996
vn 0.893833995 0.0166085996 0.448091
vn -0.755505025 0.0927101001 -0.648549974
vn -0.245746002 0.0665687025 0.967046022
vn -0.207949996 0.0852518007 0.974416971
vn -0.970465004 0.125073001 -0.206288993
vn -0.959958017 0.110994004 0.257218987
vn -0.971495986 0.0833161995 0.221933007
vn -0.699612975 0.0840476006 0.709562004
vn -0.659469008 0.128070995 0.740742028
vn -0.315254986 0.165602997 0.934445977
vn -0.0282221008 0.874409974 -0.484367013
vn -0.748336971 0.0854744986 -0.657787979
vn -0.962495029 0.0842076018 -0.257898986
vn 0.233618006 0.836727977 -0.495287001
vn 0.206804007 0.732689023 -0.648382008
vn 0.704595983 0.084207803 0.704594016
vn 0.962495029 0.0842076018 0.257901013
vn 0.962495029 0.0842071995 0.257901013
vn 0.962495029 0.0842071995 -0.2579
vn 0.962495029 0.0842076018 -0.257901013
vn 0.755984008 0.0856676027 -0.648959994
vn 0.75347501 0.0877180994 -0.65159899
vn 0.245412007 0.0844916999 0.965730011
vn 0.172491997 0.0614186004 0.983093977
vn 0.256810993 0.124256 0.958441019
vn 0.702172995 0.0813120008 0.707347989
vn 0.107828997 0.0604587011 -0.992329001
vn 0.0941303 0.0522685014 -0.994186997
vn 0.271014005 0.0518980995 -0.961175025
vn 0.271014988 0.0518991016 -0.961175025
vn 0.508313 0.0518989004 -0.859606981
vn 0.711651981 0.0518989004 -0.700613022
vn 0.711651981 0.0518993996 -0.700613022
vn 0.867448986 0.0518995002 -0.494812012
vn 0.867448986 0.0518985018 -0.494812995
vn 0.965294003 0.0518982001 -0.255955994
vn 0.965294003 0.0518973991 -0.255957007
vn 0.996538997 0.0522255003 -0.0646653026
vn 0.996538997 0.0522268005 -0.0646639019
vn 0.996538997 0.0522268005 0.0646653026
vn 0.99654001 0.0522255003 0.0646639019
vn 0.965294003 0.0518973991 0.255957007
vn 0.867448986 0.0518970005 0.494812012
vn 0.867447972 0.0518986993 0.494812995
vn 0.711651981 0.0518983006 0.700613022
vn 0.711651027 0.0518999994 0.700613022
vn 0.508311987 0.0519002005 0.859607995
vn 0.508311987 0.0519003011 0.859607995
vn 0.271014005 0.0519005992 0.961175025
vn 0.271014988 0.0518980995 0.961175025
vn 0.107876003 0.0523001999 0.992788017
vn 0.0981424972 0.0575231016 0.993508995
vn 0.217430994 0.504375994 0.835660994
vn -0.261465013 -0.509523988 0.819769025
vn -0.482836008 0.617540002 0.620898008
vn -0.753473997 0.0877190009 0.651600003
vn -0.755984008 0.0856676027 0.648959994
vn -0.962495029 0.0842076018 0.257898986
vn -0.962495029 0.0842071995 0.257898986
vn -0.962495029 0.0842071995 -0.257898986
vn -0.704595983 0.084207803 -0.704595029
vn -0.702597022 0.0818182006 -0.706867993
vn -0.25682199 0.124020003 -0.95846802
vn -0.173519 0.0617439002 -0.98289299
vn -0.245407 0.0844900012 -0.965731025
vn 0.209793001 0.0852155983 -0.974025011
vn 0.245727003 0.0673867017 -0.966993988
vn 0.256936997 0.120385997 -0.958900988
vn 0.704971015 0.0776773021 -0.704970002
vn 0.699433029 0.0840416998 -0.709739983
vn 0.951668024 0.0832599029 0.295628995
vn 0.960035026 0.110275 0.257241011
vn 0.802546978 0.143887997 0.578978002
vn 0.755505025 0.0927101001 0.648549974
vn -0.992058992 0.0621105991 -0.109366998
vn -0.993651986 0.0521776006 -0.0996690989
vn -0.955157995 0.0519708991 -0.291500002
vn -0.955157995 0.0519711003 -0.291500002
vn -0.860207021 0.0519712009 -0.507290006
vn -0.860207021 0.0519711003 -0.507290006
vn -0.717315018 0.0519711003 -0.694808006
vn -0.717315018 0.0519706011 -0.694808006
vn -0.534446001 0.0519705005 -0.843603015
vn -0.534446001 0.0519714989 -0.843603015
vn -0.321790993 0.0519714989 -0.945383012
vn -0.321790993 0.0519706011 -0.945383012
vn -0.139852002 0.0522103012 -0.988794982
vn -0.132416993 0.0596720017 -0.989395976
vn -0.960367024 0.107124999 -0.25733
vn -0.705862999 0.0592897981 -0.705861986
vn -0.717200994 0.0670809001 -0.69362998
vn -0.258233011 0.0673905015 -0.963729024
vn 0.258233011 0.0673905015 -0.963729024
vn 0.705500007 0.0673905015 -0.705498993
vn 0.963729978 0.0673905015 -0.258231014
vn 0.963729978 0.0673907027 -0.258231014
vn 0.963729978 0.0673907027 0.258231014
vn 0.963729978 0.0673905015 0.258231014
vn 0.705497026 0.0673905015 0.70550102
vn 0.705501974 0.0673929006 0.705497026
vn 0.258233011 0.067393899 0.963729024
vn 0.258224994 0.0673907027 0.963732004
vn -0.258233011 0.0673905015 0.963729024
vn -0.258224994 0.0673936978 0.963730991
vn -0.705497026 0.0673929974 0.70550102
vn -0.719312012 0.0601716004 0.692076027
vn -0.991095006 0.0681492016 0.114398003
vn -0.960385978 0.106946997 0.257335007
vn -0.990364015 0.0663639009 0.121554002
vn -0.992125988 0.0623496994 -0.108617
vn -0.13978 0.0612245984 0.988287985
vn -0.131390005 0.0521759987 0.989956975
vn -0.321788996 0.0519690998 0.945384026
vn -0.321790993 0.0519714989 0.945383012
vn -0.534446001 0.0519714989 0.843604028
vn -0.534446001 0.0519731008 0.843603015
vn -0.717315018 0.051972799 0.694808006
vn -0.717315018 0.0519721992 0.694808006
vn -0.860207021 0.0519719012 0.507290006
vn -0.860207021 0.0519703999 0.507290006
vn -0.955223024 0.051969301 0.291287005
vn -0.955177009 0.0515874997 0.291505009
vn -0.993583977 0.0532613993 0.0997729972
vn 0.818028986 0.0523359999 0.57279098
vn 0.818028986 0.0523358993 0.57279098
vn 0.938404977 0.0523358993 -0.341551989
vn 0.938404977 0.0523361005 -0.341551006
vn 0.983498991 0.0515430011 -0.173417002
vn 0.983635008 0.0517772995 -0.172573
vn 0.997512996 0.0495742001 0.0501024015
vn 0.902652025 0.203106001 0.379429013
vn 0.926791012 0.0516005009 0.372016996
vn 0.947160006 0.0312612988 0.319234997
vn 0.989482999 0.054969199 0.133800998
vn 0.647837996 0.0499689989 -0.760137975
vn 0.648360014 0.0520926006 -0.759549975
vn 0.467426986 0.0519449003 -0.882503986
vn 0.467426986 0.0519450009 -0.882503986
vn 0.239066005 0.0519451983 -0.969613016
vn 0.239067003 0.0519470014 -0.969613016
vn 0.0212989002 0.052090399 -0.998414993
vn 0.0237476006 0.0588151999 -0.997986019
vn 0.996774018 0.0479829982 0.0643382967
vn 0.996464014 0.0521117002 0.0659106001
vn 0.988443017 0.0519827008 -0.142400995
vn 0.988443017 0.0519829988 -0.142400995
vn 0.928925991 0.0519835018 -0.366598994
vn 0.928925991 0.0519820005 -0.366598994
vn 0.833504021 0.0521188006 -0.55005002
vn 0.832750976 0.0478059985 -0.551578999
vn 0.544152021 0.832459986 0.104446001
vn 0.539627016 0.840565026 0.0474723987
vn 0.196257994 0.913771987 -0.355675012
vn 0.27078101 0.962175012 -0.0299373008
vn 0.227924004 0.971230984 0.0689992979
vn 0.266539991 0.960726023 -0.0772103965
vn 0.379231989 0.828760982 0.411509007
vn -0.717536986 0.691864014 0.0804068968
vn -0.331643999 -0.895357013 0.297232985
vn 0.87015599 -0.00711120991 -0.492725015
vn 0.839302003 -0.104850002 -0.533460021
vn 0.86540103 -0.109444 -0.488981992
vn 0.692054987 -0.528164029 -0.492040008
vn -0.626106977 -0.769114017 -0.128275007
vn -0.926706016 0.0619710982 0.370640993
vn 0.70243901 0.0642609969 0.708837986
vn 0.0456764996 0.536539972 -0.842638016
vn 0.317117989 0.700514019 -0.639308989
vn 0.106495 0.940705001 -0.322075993
vn 0.616132975 0.455850005 -0.642323971
vn 0.611814976 0.453792006 -0.647885025
vn 0.760264993 0.0974844992 -0.642256975
vn 0.649760008 0.102978997 -0.753130972
vn 0.759558976 -0.163563997 -0.629536986
vn 0.645328999 -0.395327985 -0.653656006
vn 0.651462018 -0.400970995 -0.644065022
vn 0.703118026 -0.279810995 -0.653705001
vn 0.485834002 -0.601486027 -0.634177029
vn 0.479389995 -0.589343011 -0.650277019
vn 0.375528008 -0.671962023 -0.638315022
vn 0.371264011 -0.65912801 -0.653998017
vn 0.131383002 -0.765453994 -0.629935026
vn 0.131797999 -0.741751015 -0.657597005
vn -0.255567014 -0.723715007 -0.641031981
vn -0.252086014 -0.717782021 -0.649031997
vn -0.57526201 -0.506465018 -0.642314017
vn -0.565410018 -0.500678003 -0.655463994
vn -0.828001022 -0.34900701 -0.43887201
vn -0.723263979 -0.27807799 -0.632108986
vn -0.901382983 -0.179846004 -0.393909007
vn -0.731590986 -0.177127004 -0.65833199
vn -0.759307981 0.116824999 -0.640159011
vn -0.616697013 0.455947012 -0.641713977
vn -0.612222016 0.451072007 -0.649398029
vn -0.315930009 0.698606014 -0.641978979
vn -0.313450992 0.68818599 -0.654330015
vn -0.0534395017 0.773995996 -0.63093102
vn -0.0929341987 0.933542013 -0.346210986
vn 0.0100878002 0.392917007 -0.919519007
vn 0.00961610023 0.392982006 -0.919496
vn 0.149094 0.515345991 -0.843913019
vn 0.171109006 0.737833977 -0.652934015
vn 0.31545499 0.698175013 -0.642682016
vn 0.433034986 0.64092797 -0.633791983
vn 0.421337008 0.629217982 -0.653115988
vn 0.521833003 0.547764003 -0.653945982
vn 0.531109989 0.554336011 -0.640806973
vn 0.803490996 0.421665013 -0.420239002
vn 0.690219998 0.332116991 -0.642880023
vn 0.720921993 0.239556998 -0.650295973
vn 0.886837006 0.257041007 -0.383993
vn 0.558432996 -0.0236281008 -0.829213023
vn 0.764153004 -0.0970816016 -0.637687027
vn 0.741231024 -0.155818 -0.652915001
vn 0.713862002 -0.286713988 -0.638903022
vn 0.574521005 -0.505043983 -0.644092977
vn 0.575544 -0.506371021 -0.642135024
vn 0.254025996 -0.714076996 -0.652352989
vn 0.255187005 -0.721867025 -0.643262982
vn 0.0151979998 -0.896085978 -0.443619996
vn -0.0104310997 -0.777338028 -0.628997028
vn -0.108488001 -0.74516201 -0.657999992
vn -0.169567004 -0.90624702 -0.387250006
vn -0.378028005 -0.676967978 -0.631513
vn -0.363546997 -0.659704983 -0.65774101
vn -0.471693993 -0.588647008 -0.656504989
vn -0.482558995 -0.597841978 -0.640094995
vn -0.650489986 -0.401230991 -0.644885004
vn -0.652814984 -0.402105004 -0.641984999
vn -0.757219017 -0.0340081006 -0.652275026
vn -0.766152024 -0.0326742008 -0.641828001
vn -0.866674006 0.232633993 -0.441312999
vn -0.358469009 0.0073219901 -0.933512986
vn -0.226245001 0.124665 -0.966059983
vn -0.681858003 0.322809011 -0.656401992
vn -0.814118981 0.426263005 -0.394347996
vn -0.536765993 0.559863985 -0.631217003
vn -0.524966002 0.541682005 -0.656499982
vn -0.425758988 0.625478983 -0.653838992
vn -0.430714011 0.637032986 -0.639276981
vn -0.193351999 0.742062986 -0.641839981
vn -0.193237007 0.740221024 -0.643997014
vn -0.0451632999 0.398202002 -0.916185021
vn -0.240143001 0.921645999 0.304796994
vn -0.239962995 0.921589017 0.305110008
vn -0.392448008 0.867803991 0.304796994
vn -0.392259985 0.867778003 0.305110991
vn -0.533460975 0.788998008 0.304798007
vn -0.533272982 0.789004028 0.305110991
vn -0.659129024 0.687493026 0.304798007
vn -0.658945024 0.687530994 0.305110991
vn -0.765834987 0.566209972 0.304798007
vn -0.765659988 0.566278994 0.305112004
vn -0.850607991 0.428447992 0.304791003
vn -0.850219011 0.428671002 0.305561006
vn -0.910310984 0.279376 0.305424005
vn -0.910806 0.278930992 0.304351002
vn -0.945457995 0.11992 0.302866012
vn -0.94460398 0.120961003 0.305110008
vn -0.951552987 -0.0405809991 0.30479601
vn -0.951458991 -0.0404172987 0.305110008
vn -0.930963993 -0.201021999 0.30478999
vn -0.930800974 -0.200602993 0.30556199
vn -0.883611977 -0.354898989 0.305413008
vn -0.883643985 -0.355078012 0.305110008
vn -0.810927987 -0.499495 0.30479601
vn -0.81092602 -0.499305993 0.305110991
vn -0.714847982 -0.629357994 0.30479601
vn -0.714878023 -0.629172027 0.305110008
vn -0.598203003 -0.741114974 0.30479601
vn -0.598264992 -0.740935981 0.305110991
vn -0.464349985 -0.831551015 0.304796994
vn -0.464439988 -0.83138603 0.305110008
vn -0.317137003 -0.898066998 0.30479601
vn -0.31725499 -0.897917986 0.305112004
vn -0.160589993 -0.938781977 0.304791987
vn -0.160917997 -0.938476026 0.305563003
vn -0.000154162 -0.952220023 0.305413991
vn 0 -0.952316999 0.305110991
vn 0.161116004 -0.93869102 0.304796994
vn 0.160942003 -0.938619018 0.305110991
vn 0.31743899 -0.897960007 0.30479601
vn 0.31725499 -0.897917986 0.305110008
vn 0.464628011 -0.831395984 0.30479899
vn 0.464439988 -0.83138603 0.305112988
vn 0.598451972 -0.740913987 0.304798007
vn 0.598264992 -0.740935981 0.305110991
vn 0.715058982 -0.629118025 0.30479601
vn 0.714878023 -0.629172027 0.305110008
vn 0.811094999 -0.499222994 0.304796994
vn 0.81092602 -0.499307007 0.305110008
vn 0.883798003 -0.354966998 0.304794997
vn 0.883644998 -0.355078012 0.305110008
vn 0.931074023 -0.200498998 0.30479601
vn 0.930943012 -0.200633004 0.305110008
vn 0.951565981 -0.0402620994 0.30479601
vn 0.951458991 -0.0404172987 0.305110008
vn 0.944683015 0.121133 0.30479601
vn 0.94460398 0.120961003 0.305110008
vn 0.910561979 0.279247999 0.304791987
vn 0.910435021 0.278818011 0.30556199
vn 0.850331008 0.428555995 0.305413008
vn 0.850347996 0.428736001 0.305110991
vn 0.765645981 0.566466987 0.304796994
vn 0.765659988 0.566278994 0.305110008
vn 0.658899009 0.687713981 0.30479601
vn 0.658945024 0.687530994 0.305110008
vn 0.533197999 0.789175987 0.304796994
vn 0.533273995 0.789004028 0.305110008
vn 0.392156005 0.867936015 0.304794997
vn 0.392259985 0.867778003 0.305110008
vn 0.240285993 0.921603978 0.304809988
vn 0.240033999 0.921860993 0.304230005
vn 0.0796165019 0.949633002 0.303083003
vn 0.0807501003 0.948741972 0.305563003
vn -0.0806005001 0.948801994 0.305413991
vn -0.0807624012 0.948885977 0.305110991
vn -0.400287002 0.831200004 -0.385845006
vn -0.914223015 -0.123841003 -0.385823011
vn 0.812407017 -0.437177002 -0.385836989
vn 0.666827977 0.637552977 -0.385830998
vn 0.548336029 0.750577986 -0.368728012
vn -0.435927004 -0.894748986 -0.0969137028
vn -0.254611999 -0.96647501 0.0331556015
vn 0.905929983 0.214902997 -0.364838004
vn 0.856899023 0.359750986 -0.369192004
vn -0.985794008 0.138503 -0.0950120017
vn 0.883841991 -0.288096994 -0.368542999
vn 0.484450996 -0.79509598 -0.364870012
vn 0.606938004 -0.703787982 -0.369201005
vn -0.34434399 -0.924465001 0.163681999
vn -0.606588006 -0.706345022 -0.364867985
vn -0.481781989 -0.79470998 -0.369217992
vn 0.87875998 0.467265993 -0.0971810967
vn -0.88439101 -0.286435008 -0.368519992
vn -0.859219015 0.358626992 -0.364867985
vn -0.904679 0.212623 -0.36925301
vn 0.717905998 -0.689566016 -0.0954452008
vn -0.556002021 0.745846987 -0.366843998
vn -0.269354999 0.937148988 -0.221811995
vn 0.0755612031 0.927990019 -0.364863008
vn -0.081701003 0.925741971 -0.369224012
vn 0.0814410001 -0.996146023 -0.0325770006
vn 0.284684002 -0.958590984 -0.00769022992
vn 0.0175748002 -0.0454335995 -0.998812973
vn 0.723755002 0.684486985 -0.0875058025
vn 0.686676979 0.647836983 -0.329822004
vn 0.823122978 0.542917013 0.166464999
vn -0.0377991013 -0.0307515003 -0.99881202
vn -0.997864008 -0.0565182008 0.0327687003
vn 0.874634027 -0.476810992 -0.0875616968
vn 0.828320026 -0.452874005 -0.329834014
vn 0.770695984 -0.615061998 0.166513994
vn 0.343030006 -0.938762009 -0.0324979983
vn 0.111815996 -0.411873013 -0.90435499
vn -0.32971999 -0.614826024 -0.716431022
vn 0.364587992 0.874394 -0.320172995
vn 0.0125281997 0.0471179001 -0.998811007
vn 0.774065018 0.632237017 0.0331543982
vn -0.987866998 -0.128350005 -0.0874325037
vn -0.936326981 -0.120493002 -0.329807997
vn -0.98505801 0.0445873998 0.166352004
vn 0.048698701 0.00263052993 -0.998809993
vn 0.840493023 -0.540808022 0.0331557989
vn -0.427341014 0.899863005 -0.0873261988
vn -0.403935999 0.853267014 -0.329804987
vn -0.269775003 0.950273991 0.155567005
vn -0.841149986 0.34582901 -0.415775001
vn -0.840362012 0.52531302 -0.133558005
vn -0.589370012 0.309421003 0.746258974
vn 0.423795998 0.489908993 0.761830986
vn 0.686389029 0.299448013 0.662723005
vn 0.637127995 0.50238198 -0.584533989
vn 0.567309976 0.366488993 -0.737459004
vn 0.998629987 0.0523358993 0
vn 0.998629987 0.0523358993 -5.28684978e-17
vn 0.718671978 0.0521984994 0.693386972
vn 0.718671978 0.0521986 0.693386972
vn 0.811393023 0.0521986 0.582166016
vn 0.811392009 0.0521989018 0.582166016
vn -0.0104700997 0.979785979 -0.199775994
vn -0.0391966999 0.998655975 0.0339125991
vn 0.0575744994 0.998341024 0
vn -0.0593812987 0.998234987 0
vn -0.886991978 0.151492 0.436228007
vn 0.235567003 0.971858025 0
vn -0.0839660019 0.748255014 0.658075988
vn 0.563314974 0.77955699 0.273800999
vn -0.00223872997 0.999996006 -0.00156757003
vn 0.920656025 0.117063999 -0.372409999
vn 0.963261008 0.243625 0.113023996
vn 0.529251993 0.811775982 0.246803001
vn 0.486604005 0.808009982 0.332168996
vn 0.149035007 0.978590012 0.141948998
vn 0.148681998 0.978425026 0.143451005
vn 0.188173994 0.965759993 0.178599998
vn 0.209230006 0.966274977 0.150121003
vn 0.370595008 0.892802 0.256053001
vn 0.472681999 0.866711974 0.159315005
vn 0.817390025 0.519877017 0.248196006
vn 0.849023998 0.526630998 0.042644199
vn 0.980733991 0.153237 -0.121160001
vn 0.733999014 0.666703999 -0.129424006
vn 0.777442992 0.624951005 -0.0708440021
vn -0.00425365008 0.999989986 0.00154820003
vn 0.56606698 -0.810769022 -0.149070993
vn -0.621291995 -0.77739203 0.098278597
vn 0.344981998 -0.0876590982 0.934507012
vn 0.378167003 -0.505737007 -0.775382996
vn 0.566609025 -0.241780996 -0.787715971
vn -0.105281003 -0.375344008 -0.920886993
vn -0.87589097 -0.0934896991 0.473365992
vn -0.870531976 -0.0340888985 0.490929008
vn -0.869683027 -0.0344099998 0.492410004
vn -0.707315981 0.706557989 0.0219138991
vn -0.998933971 0.0349983014 0.0300853997
vn -0.993398011 0.111134 -0.0284416005
vn -0.993704021 -0.110064 -0.0209257007
vn -0.998354971 -0.0522973984 0.0234890003
vn -0.707222998 -0.706893981 0.0117098
vn -0.688355029 -0.725373983 0
vn -0.687234998 -0.726435006 -0.000308683986
vn -0.688354015 -0.725374997 -5.5384502e-05
vn -0.688444972 -0.725288987 -2.24360992e-05
vn -0.688354015 -0.725374997 0
vn -0.254655987 -0.793496013 -0.552734017
vn -0.50375402 -0.824185014 -0.258749008
vn -0.497289002 -0.82339102 -0.273369998
vn -0.986863971 -0.0721661001 -0.144538
vn -0.823472023 -0.066544503 -0.563440979
vn -0.867627025 -0.0421781018 -0.495422989
vn -0.575623989 -0.0818089023 -0.813611984
vn -0.306676 -0.0309548005 -0.951309979
vn 0.85839802 -0.306109011 -0.411641985
vn -0.389764994 -0.0603022017 -0.918937981
vn 0.829567015 0.339893997 -0.443046987
vn 0.253500998 0.0344684012 -0.966720998
vn -0.955636978 0.0218886994 -0.293734014
vn -0.821366012 0.0872562006 -0.563688993
vn -0.349105 0.0594208986 -0.935198009
vn -0.377597988 0.0662780032 -0.923593998
vn -0.683874011 0.0467808992 -0.728098989
vn 0.773075998 0.205871999 0.599973977
vn 0.509150028 0.589320004 0.627269983
vn 0.258192986 0.0694475025 0.963594019
vn -0.302875996 0.405220002 0.862591028
vn -0.291543007 0.334075987 0.896323025
vn -0.583868027 0.65615201 0.478080988
vn -0.92731601 -0.0138210999 0.37402299
vn -0.896173 0.37311101 -0.240128994
vn -0.870616972 0.421461999 -0.253764004
vn -0.588110983 0.441751987 -0.677480996
vn -0.783347011 -0.324887991 -0.529919982
vn -0.127627 0.407061994 -0.904439986
vn 0.209305003 -0.0371704996 -0.977144003
vn 0.320203006 0.378338993 -0.868521988
vn 0.584933996 0.65456599 -0.478951991
vn 0.924929976 -0.236791 -0.29738
vn 0.785211027 0.575266004 0.229156002
vn -0.688354015 0.725374997 0
vn -0.688355029 0.725373983 0.000113155002
vn -0.688193023 0.725526989 7.16323993e-05
vn -0.258753985 0.813705981 -0.520509005
vn -0.540459991 0.792209983 -0.283385009
vn -0.601571977 0.784631014 -0.149883002
vn 0.688354015 0.725373983 0
vn 0.688355029 0.725373983 0
vn -0.733428001 0.679627001 -0.0137767997
vn -0.666392028 0.738653004 0.101554997
vn -0.951265991 -0.0273272991 -0.30715999
vn -0.938731015 -0.34256801 -0.0378349982
vn 0.465077013 0.884832025 0.0278740991
vn 0.448850989 0.893606007 -0.00131317996
vn 0.107877001 -0.922430992 0.370786995
vn 0.400200993 -0.889155984 0.221903995
vn 0.610207975 0.499235004 0.615150988
vn -0.869042993 -0.295190006 -0.397024006
vn -0.715197027 0.317876011 -0.622453988
vn 0.566947997 -0.756000996 0.327158004
vn 0.965707004 -0.0196527001 -0.258890986
vn -0.134002998 0.957584977 0.255097985
vn -0.290910989 -0.908836007 0.298976988
vn -0.572791994 -0.811446011 -0.116038002
vn -0.642324984 -0.281670004 -0.712797999
vn -0.00177128997 -0.999727011 0.0232827999
vn 0.93514502 -0.354202002 -0.00663308986
vn 0.961248994 -0.0241662003 -0.274619013
vn -0.423047006 0.848137975 0.318895012
vn -0.739995003 0.375950992 0.557735026
vn -0.62549901 -0.77758503 0.0641342029
vn -0.64289999 -0.759615004 0.0983086973
vn 0.0956425965 0.951569021 0.292178005
vn 0 0.0523342006 0.998629987
vn -0.0422127992 0.0176819991 0.998951972
vn 2.41808993e-06 0.0523359999 0.998629987
vn -2.48497008e-06 0.0523369983 0.998629987
vn 0 0.0523394011 0.998628974
vn 0 0.0523899011 0.998627007
vn 9.40577047e-06 0.0523128994 0.998631001
vn -0.317227006 0.130345002 0.939350009
vn -0.793874025 -0.0255820006 0.607544005
vn 0.00685686991 0.999966025 -0.00454169977
vn 0.00144451996 0.999996006 -0.00239313999
vn -0.000311607 1 0.000516240019
vn 0.000190146005 1 -7.5040698e-05
vn 0.000127409003 1 -0.000191640007
vn 0.977572978 -0.0274246 -0.208802998
vn 0.999077976 0.0151361004 -0.0401749983
vn 0.986567974 0.146803007 -0.0716390982
vn 0.995140016 0.0496869013 0.0850132033
vn 0.995073974 0.0664433017 0.0735780001
vn 0.444474012 0.0386122987 0.894958973
vn 0.703965008 0.0941279978 0.703969002
vn 0.257734001 0.091562897 0.961867988
vn -0.258309007 0.0629182979 0.964011014
vn -0.235406995 0.0715084001 0.969263017
vn -0.845493972 0.0246393997 0.533416986
vn -0.704484999 0.0860020965 0.704488993
vn -0.978386998 0.0049809101 -0.206723005
vn -0.978178024 0.108350001 0.177279994
vn -0.0713964999 0.157454997 -0.984942019
vn -0.258199006 -0.0693155974 -0.963602006
vn -0.788541019 -0.00912360009 -0.614915013
vn -0.68009299 0.185652003 -0.709230006
vn 0.362661988 0.242715001 -0.899758995
vn 0.797549009 -0.129899994 -0.58910203
vn 0.941488981 0.0749441981 -0.328604996
vn 0.893481016 0.0232832003 0.448496997
vn 0.960452974 0.106302999 0.257353008
vn 0.0990044028 0.929609001 0.355001003
vn 0.0316652991 0.962966979 0.267755002
vn 0.0442662984 0.965022981 0.258401006
vn 0.0686820969 0.974083006 0.215510994
vn 0.0181795005 0.985805988 0.166903004
vn 0.0803015009 0.915373027 0.394517004
vn 0.081430003 0.914927006 0.395321012
vn 0.0621261001 0.916979015 0.394068986
vn 0.0769760981 0.934152007 0.348475009
vn 0.936061025 0.0641164035 -0.345946014
vn -0.964101017 0.069455497 -0.256289989
vn -0.963559985 0.0699516013 -0.258186013
vn -0.505101979 0.0338979997 -0.862393022
vn -0.704519987 0.0855045021 -0.704514027
vn 0.257892013 0.0846958011 -0.962454021
vn 0.069854103 0.0541063994 -0.996088982
vn -0.257950991 0.0819609985 -0.962674975
vn 0.962633014 0.0825003982 0.257937014
vn 0.992938995 0.0515066013 0.106858
vn 0.962343991 0.0860347971 -0.257858992
vn 0.704873025 0.0793842971 0.704877019
vn 0.776914001 0.0563984998 0.62707603
vn 0.259258002 0.0724997967 0.963083029
vn 0.258145988 0.072222501 0.963402987
vn -0.135759994 0.0655973032 0.988568008
vn -0.257979006 0.0806000978 0.962782979
vn -0.486779004 0.062821202 0.871263027
vn -0.704864979 0.0795271024 0.704868972
vn -0.751141012 0.071077399 0.656304002
vn -0.962698996 0.0816724971 0.257955015
vn -0.937430024 0.0658349991 0.341894001
vn 0.404762 0.0682708994 -0.911870003
vn 0.408780992 0.0693997964 -0.909990013
vn 0.70549798 0.0673905015 -0.70550102
vn 0.705501974 0.0673915967 -0.705497026
vn 0.931795001 0.0688890964 -0.356388003
vn 0.00226184004 0.999996006 -0.00172057003
vn 0.00335565 0.999987006 -0.00392313022
vn -0.299068987 0.0511183999 0.952861011
vn -0.725045025 0.0200663004 0.688408971
vn -0.941533029 0.0134712998 0.336650997
vn -0.948010981 0.0509301983 0.314135998
vn 0.994828999 0.0523363017 -0.087036401
vn 0.994828999 0.0523356013 -0.0870362967
vn 0.927016973 0.0500971004 -0.371659011
vn 0.909404993 -0.00302847009 -0.415901005
vn 0.400130004 0.106357001 -0.910265982
vn 0.359539002 0.0474786982 -0.931921005
vn -0.218340993 0.0522436984 -0.974473
vn -0.144049004 0.142920002 -0.979194999
vn -0.589121997 -0.0302872006 -0.807475984
vn -0.805950999 0.0836886019 -0.58603698
vn -0.939140022 -0.022256 -0.342813998
vn -0.997641027 0.0567460991 0.0386409983
vn -0.869513988 -0.0252343994 0.49326399
vn -0.908939004 0.0229158998 0.416298002
vn -0.744225979 0.0121967001 0.667815983
vn -0.764029026 0.0523033999 0.643058002
vn -0.796676993 0.0556621999 0.601836979
vn -0.796383977 0.0523258001 0.602523029
vn 0.838675976 0 -0.544631004
vn 0.831441998 0.00420416007 -0.555594981
vn 0.963449001 -0.000211520994 -0.267890006
vn 0.662029982 0 -0.749477029
vn -0.00975744985 0.999625981 0.0255526006
vn 0.00388628012 0.999960005 -0.00800567027
vn -0.516963005 0.82448101 -0.230174005
vn -0.579200983 0.519811988 0.627950013
vn -0.830034971 -0.000386172993 0.557712018
vn -0.846880019 0.000375840988 0.531782985
vn -0.513005018 -0.824854016 -0.237577006
vn 0.0790951997 -0.519813001 -0.850610018
vn 0.0124601005 -0.999625981 -0.0243487991
vn -0.00334893004 -0.999960005 0.00824488979
vn 0.524320006 -0.818897009 0.233446002
vn 0.523527026 -0.81893599 0.235082
vn -0.838666022 0 0.544646978
vn -0.838666022 0 0.544646025
vn 0.524320006 0.818897009 0.233445004
vn 0.525011003 0.81893599 0.231746003
vn -0.606073022 0.748238981 -0.269838989
vn -0.742447972 0.494397998 0.452042013
vn 0.366948992 0.422482997 -0.828768015
vn -0.237642005 0.619201005 0.748408973
vn 0.850853026 0.0435702018 -0.523594975
vn 0.511376023 0.00484796008 0.859342992
vn 0.683557987 0.00293708988 -0.729889989
vn -0.244074002 -0.604965985 0.75792098
vn -0.344702005 -0.369378 0.862982988
vn -0.160857007 -0.494394004 -0.854224026
vn -0.606073022 -0.748238981 -0.269840002
vn -0.0605069995 0.0628177002 -0.996188998
vn 0.112979002 0.00274095009 -0.993593991
vn 0.0033251401 -0.00350123993 -0.999988019
vn -0.988366008 -0.00842254981 0.151859
vn -0.0111774998 0.999415994 -0.0323028006
vn 0.000652179006 0.000178985007 -1
vn 0.000111624999 8.65594029e-06 -1
vn -1.21435996e-05 -6.26375027e-07 -1
vn 0.268676996 -0.962345004 -0.0412812009
vn 0.139615998 -0.964462996 -0.224318996
vn 0.0851546973 -0.984405994 -0.153925002
vn 0.824571013 0.505855024 0.253363997
vn 0.793223977 0.585205019 0.168316007
vn 0.160557002 0.97526902 0.151894003
vn 0.179478005 0.964119971 0.195603997
vn 0.241227999 0.951690972 0.189985007
vn 0.273809999 0.914479971 0.297917008
vn 0.275083005 0.930257022 0.242797002
vn 0.994845986 0.0522282012 -0.0869167969
vn 0.994450986 0.0546803996 -0.0898699984
vn 0.993767977 0.0697567016 -0.0869432986
vn 0.993767977 0.0697560981 -0.0869437978
vn 0.993767977 0.0697565973 -0.0869425014
vn 0.972855985 0.065498203 -0.221947998
vn 0.987424016 -0.0324326009 -0.154734999
vn 0.993767977 0.0697565004 -0.0869435966
vn 0.993767977 0.0697565004 -0.0869453028
vn 0.993767977 0.0697577968 -0.0869423002
vn -1.07966991e-06 1 9.90099011e-07
vn -0.000757879985 0.999997973 0.00166994997
vn -0.00178542 0.999997973 0.000193625005
vn -8.51867981e-07 1 9.67733058e-07
vn -8.81863045e-08 1 5.25032988e-07
vn -1.79140997e-07 1 -4.47323004e-07
vn -1.59189995e-07 1 -4.91476044e-07
vn -0.945864975 0.0557720996 0.319732994
vn -0.945254028 0.0522686988 0.322122008
vn -0.876284003 0.0519547984 0.478985995
vn -0.876284003 0.051954601 0.478985995
vn -0.736021996 0.0519545004 0.674960971
vn -0.736023009 0.0519554988 0.674960017
vn -0.55289799 0.0519556999 0.831628025
vn -0.55289799 0.0519545004 0.831628025
vn -0.337574005 0.0519545004 0.93986398
vn -0.337574005 0.051954899 0.93986398
vn -0.102591 0.0519547984 0.993366003
vn -0.102591 0.0519533008 0.993366003
vn 0.138366997 0.0519533008 0.98901701
vn 0.138365999 0.0519553013 0.98901701
vn 0.371266007 0.0519552007 0.927071989
vn 0.371266007 0.0519539006 0.927071989
vn 0.582544982 0.0519539006 0.811136007
vn 0.582544982 0.0519542992 0.811136007
vn 0.760761023 0.0519459993 0.646950006
vn 0.759702027 0.0566698983 0.647798002
vn 0.861536026 0.0289778002 0.506869018
vn 0.981949985 0.0761229992 -0.173143998
vn 0.981949985 0.0761225969 -0.173144996
vn 0.984287977 0.0324777998 -0.173556
vn -0.982855976 0.0629246011 0.173304006
vn -0.982855976 0.0629251003 0.173304006
vn 2.44288998e-08 1 2.79223002e-07
vn 2.62596984e-07 1 -1.13987994e-07
vn 3.81462002e-07 1 9.49232017e-08
vn -2.65892995e-05 1 -1.71624993e-06
vn -5.45618036e-07 1 7.59382999e-07
vn -1.23301004e-06 1 1.77634007e-07
vn -2.19652011e-05 1 1.86311008e-05
vn 0 1 -1.62949e-05
vn -1.06375001e-06 1 -1.60382988e-05
vn -3.50132996e-06 1 -6.60366027e-07
vn -3.50937989e-06 1 -4.40548001e-06
vn -7.93272022e-07 1 -4.67817017e-07
vn -3.20619023e-07 1 -1.04739001e-06
vn 0.173142999 0.0761250034 0.981949985
vn 0.173144996 0.0761205032 0.981949985
vn -0.173304006 0.0629220009 -0.982855976
vn -0.173302993 0.0629251972 -0.982855976
vn 0.173567995 0.0324783996 0.98428601
vn 0.173556 0.0324947983 0.984287977
vn 7.34951016e-07 1 -2.69764996e-06
vn -1.84189994e-05 1 -3.21719995e-06
vn -0.000543656992 0.999998987 0.00106110005
vn -0.0042059999 0.999991 0.000106118001
vn -0.335826993 0.056894999 -0.940204024
vn -0.338227004 0.0522160009 -0.939615011
vn -0.498591989 0.0520248003 -0.865274012
vn -0.498591006 0.0520263985 -0.865275025
vn -0.674363017 0.0520259999 -0.736564994
vn -0.674363971 0.0520227998 -0.736563981
vn -0.818042994 0.0520235002 -0.572799981
vn -0.818042994 0.0520236008 -0.572799981
vn -0.922789991 0.0520238988 -0.381774992
vn -0.922789991 0.0520250984 -0.381774992
vn -0.983672976 0.0520241 -0.172280997
vn -0.983811021 0.0506977998 -0.171886995
vn -0.997950971 0.0603392012 0.0212869998
vn -0.998160005 0.0557136014 0.0239113998
vn 0.998629987 -0.0523358993 5.28684978e-17
vn 0.998629987 -0.0523358993 0
vn 0.688354015 -0.725373983 0
vn 0.688355029 -0.725373983 0
vn 0.175595 0.98269701 0.0589314997
vn 0.231779993 0.951021016 0.204539001
vn 0.386254996 0.878260016 0.281899005
vn 0.50909698 0.858534992 0.0611442998
vn 0.524982989 0.847513974 0.0781823993
vn 0.522988975 0.851556003 -0.0365423001
vn 0.499985009 0.86302501 -0.072136499
vn 0.171994001 0.985063016 0.00826898962
vn 0.0282250997 -0.999548018 0.0103593003
vn -0.0320350006 -0.998973012 -0.0320352018
vn -0.00387975993 -0.999888003 -0.0144795002
vn -0.0522133 -0.996434987 -0.0662607029
vn 0.180359006 -0.939236999 -0.292070001
vn -0.358381003 -0.737807989 -0.572016001
vn -0.642149985 -0.733802021 -0.221761003
vn 0.0576049984 -0.00901392009 -0.998299003
vn 0.0366730988 0.000909344992 -0.999327004
vn 0.0114537999 0.00187299005 -0.999933004
vn 0.0429438986 -0.00570758013 -0.999060988
vn 0.0732669979 0.00450692978 -0.997301996
vn 0.0505888984 0.0174637008 -0.998566985
vn 0.0950947031 0.0245226994 -0.995166004
vn 0.0677667037 0.0406879 -0.996870995
vn 0.0546629988 0.0295375995 -0.998067975
vn 0.0430422015 0.0333727002 -0.998516023
vn 0.0496292002 0.0368483998 -0.998088002
vn 0.0370952003 0.040444199 -0.998493016
vn 0.0438615009 0.0455798991 -0.997996986
vn 0.0315387994 0.0483646989 -0.998332024
vn 0.0367114991 0.0538223013 -0.997874975
vn 0.0242270995 0.0555735007 -0.998161018
vn 0.0240138005 0.0546264015 -0.998218
vn 0.0142301004 0.0558640994 -0.998336971
vn 0.0119967004 0.0509565994 -0.998628974
vn 0.00422191992 0.0498472005 -0.998748004
vn -0.000313110999 0.107230999 -0.994234025
vn -0.00385475997 0.0589467995 -0.998254001
vn -0.0150803002 0.0595327988 -0.998112023
vn -0.0148417 0.0550650991 -0.998372018
vn -0.0242382009 0.0553008988 -0.998175979
vn -0.0233503003 0.0512914993 -0.998411
vn -0.0333154015 0.0509909987 -0.998143017
vn -0.0317495987 0.0470663011 -0.998386979
vn -0.0426981002 0.0463249013 -0.99801302
vn -0.0387841016 0.0397889018 -0.998454988
vn -0.0491251014 0.0382792987 -0.998058975
vn -0.0440908 0.0322858989 -0.99850601
vn -0.0547268987 0.0296358 -0.998061001
vn -0.0553815998 0.0301968008 -0.998009026
vn -0.0725182965 0.0235236008 -0.997089982
vn -0.0495503992 0.00946491957 -0.998727024
vn -0.0640693977 6.27172994e-05 -0.997945011
vn -0.0530993007 -0.00249268999 -0.998585999
vn -0.0629345998 -0.0105009004 -0.997961998
vn -0.0597717017 -0.0107282 -0.998153985
vn -0.0721807033 -0.0248233005 -0.997083008
vn -0.0522621013 -0.0238888003 -0.998347998
vn -0.0572418012 -0.0309337992 -0.997880995
vn -0.0447347984 -0.0278552007 -0.99861002
vn -0.0510273986 -0.0397109985 -0.997906983
vn -0.0390621014 -0.0346525013 -0.998636007
vn -0.0437509008 -0.0475324988 -0.997910976
vn -0.0329095982 -0.0408133008 -0.99862498
vn -0.0359609015 -0.055137299 -0.997830987
vn -0.0255402997 -0.0462425016 -0.998604
vn -0.0263804998 -0.0600708015 -0.997844994
vn -0.0172179993 -0.0494995005 -0.998625994
vn -0.016051 -0.063279599 -0.997866988
vn -0.0135225002 -0.0592317991 -0.998152971
vn -0.00691741006 -0.0835655034 -0.996478021
vn 0.00347761996 -0.0630578995 -0.998004019
vn 0.00573412981 -0.0686867982 -0.997622013
vn 0.0100041004 -0.0533679985 -0.998525023
vn 0.0170837007 -0.0652787983 -0.997721016
vn 0.0186981 -0.0522169992 -0.998461008
vn 0.0262829997 -0.0613387004 -0.997771025
vn 0.0255117007 -0.0392097011 -0.998905003
vn 0.0417018011 -0.0763024986 -0.996212006
vn 0.0359021015 -0.0425935984 -0.998447001
vn 0.0448881015 -0.0482727997 -0.997825027
vn 0.0408823006 -0.0358663015 -0.998520017
vn 0.0595020987 -0.0363131016 -0.997566998
vn 0.0437940992 -0.0240004994 -0.998751998
vn 0.0517928004 -0.0406189002 -0.997830987
vn 0.0341961011 0.00814273022 -0.999382019
vn 0.0736254975 -0.0157217998 -0.997161984
vn 0.0741148964 -0.0161981005 -0.997117996
vn 0.0534683987 -0.00896088965 -0.998529017
vn 0.070022203 -0.0286663994 -0.997133017
vn 0.0457485989 -0.0154199004 -0.998834014
vn 0.168909997 -0.985085011 0.032825999
vn 0 -0.999651015 0.0264289994
vn 0.0652573034 -0.996644974 -0.0493957996
vn -0.168985993 -0.985530972 -0.0131452996
vn -0.103938997 -0.994428992 -0.0175585002
vn 0.0847887024 0.996191025 -0.0203609001
vn 0.251855999 0.967548013 -0.0204780996
vn 0.251926005 0.967531025 -0.0204223003
vn 0.411816001 0.911038995 -0.0203841999
vn 0.411839008 0.911028028 -0.0204045996
vn 0.559789002 0.828383982 -0.0204047002
vn 0.559858978 0.828338027 -0.0203396995
vn 0.691681981 0.72191 -0.0205220003
vn 0.691794991 0.72180599 -0.0204019006
vn 0.803865016 0.594461977 -0.0204096008
vn 0.803829014 0.594509006 -0.0204556994
vn 0.892741024 0.450109988 -0.0203443002
vn 0.892774999 0.450040996 -0.0204042997
vn 0.955958009 0.292793006 -0.0204041991
vn 0.955968022 0.292762011 -0.0203789994
vn 0.991690993 0.127002999 -0.0204489995
vn 0.99169302 0.126991004 -0.0204395
vn 0.998892009 -0.0424322002 -0.0203630999
vn 0.998889029 -0.0424853005 -0.0204047002
vn 0.977365017 -0.210573003 -0.0204047002
vn 0.977352977 -0.210636005 -0.0203550998
vn 0.927727997 -0.372693986 -0.0204882007
vn 0.92769599 -0.372779012 -0.0204172004
vn 0.851351976 -0.524197996 -0.0203898009
vn 0.851342022 -0.524214029 -0.0204045009
vn 0.750575006 -0.660471022 -0.0204045996
vn 0.750517011 -0.660538018 -0.0203354005
vn 0.628233016 -0.777754009 -0.0205422007
vn 0.628090024 -0.777873993 -0.0203965995
vn 0.487558007 -0.872852027 -0.0204202998
vn 0.487592995 -0.872832 -0.0204515997
vn 0.333070993 -0.942682028 -0.0203492008
vn 0.333003014 -0.942704976 -0.0204048008
vn 0.234689996 -0.971854985 -0.0204751994
vn 0.231345996 -0.97259599 -0.0231423993
vn -0.333070993 -0.942682028 -0.0203491002
vn -0.333003014 -0.942704976 -0.0204048008
vn -0.178950995 -0.983645976 -0.0204211995
vn -0.628090024 -0.777873993 -0.0203965995
vn -0.487592995 -0.872832 -0.0204118993
vn -0.487495005 -0.872884989 -0.0204987992
vn -0.750517011 -0.660538018 -0.0203302
vn -0.750452995 -0.660609007 -0.0204045996
vn -0.628096998 -0.777867019 -0.0204044003
vn -0.851351976 -0.524197996 -0.0203907005
vn -0.851230025 -0.524389982 -0.0205681007
vn -0.977352977 -0.210636005 -0.0203546993
vn -0.927694976 -0.372779012 -0.0204464998
vn -0.927703023 -0.372759014 -0.0204296
vn -0.998892009 -0.0424322002 -0.0203661993
vn -0.998889029 -0.0424814001 -0.0204047002
vn -0.977365017 -0.210573003 -0.0204047002
vn -0.955968022 0.292762011 -0.0203792993
vn -0.99169302 0.126991004 -0.0204266999
vn -0.991699994 0.126936004 -0.0204703994
vn -0.892741024 0.450109988 -0.0203433
vn -0.892774999 0.450040013 -0.0204042997
vn -0.955958009 0.292791992 -0.0204041991
vn -0.691794991 0.72180599 -0.0204019994
vn -0.803830028 0.594509006 -0.0204070993
vn -0.803906977 0.594402015 -0.0205100998
vn -0.559858978 0.828338027 -0.0203373004
vn -0.691679001 0.721913993 -0.0205259006
vn -0.411816001 0.911038995 -0.0203847997
vn -0.411837995 0.911028028 -0.0204045009
vn -0.559786975 0.828386009 -0.0204047002
vn 0.0847326964 0.996195018 -0.0204047002
vn -0.0847309008 0.996195018 -0.0204047002
vn -0.0847887024 0.996191025 -0.0203594007
vn -0.251924992 0.967531025 -0.0204425994
vn -0.251922011 0.967531979 -0.0204393994
vn 0.0172486007 -0.0632387027 -0.997848988
vn 0.0168648995 -0.0479163006 -0.998709023
vn 0.0118853003 -0.0513473004 -0.99861002
vn 0.0491251014 0.0247338004 -0.998485982
vn 0.0431488007 0.0171057992 -0.99892199
vn 0.052338101 0.0160418004 -0.998501003
vn 0.0488337018 0.00616963999 -0.998787999
vn 0.0296193007 0.0358478986 -0.998917997
vn 0.0376783982 0.0393569991 -0.99851501
vn 0.040249899 0.0292112995 -0.998763025
vn 0.0387093015 0.0286587998 -0.998839021
vn 0.00871055014 0.0457662009 -0.998914003
vn 0.0135306995 0.0522832014 -0.998540998
vn 0.0213735998 0.0453349985 -0.998742998
vn 0.0196493994 0.0433400013 -0.998866975
vn 0.0309542995 0.0457670018 -0.998471975
vn -0.0145100998 0.0434059016 -0.998951972
vn -0.0135482 0.0517477989 -0.998567998
vn -0.00314946007 0.0504976995 -0.998718977
vn -0.00389701012 0.0467986986 -0.998897016
vn 0.00472326996 0.055243399 -0.998462021
vn -0.0387132987 0.0400939994 -0.998445988
vn -0.0277421996 0.0457495004 -0.998567998
vn -0.0250397008 0.0374188982 -0.998986006
vn -0.0222158004 0.0491167009 -0.998546004
vn -0.0443659015 0.0109083001 -0.998956025
vn -0.0501951016 0.0152927004 -0.998622
vn -0.0461722985 0.0234562997 -0.998658001
vn -0.0417937003 0.0228755008 -0.998863995
vn -0.0489639007 0.0449910983 -0.997786999
vn -0.0314292982 0.0230526999 -0.999239981
vn -0.0528586991 -0.0211245995 -0.998378992
vn -0.0465448014 -0.0116745997 -0.998848021
vn -0.0510644987 -0.0110982005 -0.998633981
vn -0.0528301001 0.000520610018 -0.998602986
vn -0.0431873016 -0.00175567996 -0.999064982
vn -0.053137999 0.00679823011 -0.998564005
vn -0.0250094999 -0.0394991003 -0.99890703
vn -0.0349844992 -0.043363601 -0.998447001
vn -0.0345620997 -0.0323926993 -0.998876989
vn -0.0384894982 -0.0340146013 -0.998679996
vn -0.046436999 -0.0258894004 -0.998585999
vn -0.0384768993 -0.0236006007 -0.998980999
vn -0.00890037976 -0.0672900006 -0.997694016
vn -0.0136002004 -0.0438399985 -0.998946011
vn -0.0169172995 -0.048097901 -0.998699009
vn -0.0260230992 -0.046407301 -0.998583972
vn 0.0463512987 -0.0335813016 -0.998360991
vn 0.0355062 -0.0220385995 -0.999126017
vn 0.0416756012 -0.0366385989 -0.998458982
vn 0.0308717005 -0.0374525003 -0.99882102
vn 0.0314702988 -0.0389901996 -0.998744011
vn 0.0242398009 -0.0508990996 -0.998409986
vn 0.0208668001 -0.0372525007 -0.999087989
vn 0.0469207019 0.00649760989 -0.998878002
vn 0.0569595993 -0.00718580978 -0.998350978
vn 0.0413435996 -0.00225562998 -0.999141991
vn 0.0538100004 -0.0115775 -0.998484015
vn 0.0453668982 -0.0179778002 -0.99880898
vn 0.0456156991 -0.0181808993 -0.998794019
vn -0.757764995 0.416667998 -0.50217402
vn 0.320859998 -0.868888974 -0.376935005
vn 0.859384 0.108561002 -0.499673009
vn 0.860862017 0.108281001 -0.497184008
vn 0.806877017 0.319440007 -0.496897012
vn 0.808031976 0.319528997 -0.494960994
vn 0.701699972 0.509756982 -0.497759998
vn 0.706933975 0.511520982 -0.488456994
vn 0.552336991 0.667555988 -0.499293
vn 0.553438008 0.668280005 -0.497101009
vn 0.369601011 0.785238981 -0.496785015
vn 0.370696992 0.786439002 -0.494062006
vn 0.162221998 0.849793971 -0.501531005
vn 0.163431004 0.852039993 -0.497312009
vn -0.0543650985 0.866347015 -0.496475995
vn -0.054219 0.866950989 -0.495434999
vn -0.267883003 0.825115979 -0.49741599
vn -0.267928988 0.829744995 -0.489630014
vn -0.464394987 0.731611013 -0.499081999
vn -0.465009004 0.733830988 -0.495236009
vn -0.631985009 0.593016982 -0.498923987
vn -0.633478999 0.595642984 -0.49387601
vn -0.75970602 0.418698996 -0.49753201
vn -0.142951995 -0.769608021 -0.622308016
vn -0.275651008 -0.842799008 -0.462283999
vn -0.264786988 -0.825614989 -0.498245001
vn -0.465997994 -0.733641982 -0.494585991
vn -0.464632004 -0.732478023 -0.497588009
vn -0.633367002 -0.593520999 -0.496567994
vn -0.630098999 -0.591944993 -0.502569973
vn -0.762497008 -0.418545991 -0.493373007
vn -0.759768009 -0.417984992 -0.49803701
vn -0.841211975 -0.215461001 -0.495923012
vn -0.838540018 -0.215581998 -0.500374019
vn -0.872968018 0.00170412997 -0.487774998
vn -0.867049992 -0.000145005004 -0.49822101
vn -0.841539979 0.216435999 -0.494940996
vn -0.841212988 0.216233999 -0.495584011
vn 0.232742995 -0.820617974 -0.521935999
vn 0.371084988 -0.78827399 -0.490835011
vn 0.370680988 -0.784539998 -0.497083992
vn 0.553107977 -0.668465972 -0.497217
vn 0.553680003 -0.669849992 -0.494711012
vn 0.701557994 -0.509643972 -0.498075992
vn 0.705121994 -0.51443702 -0.488014013
vn 0.805517018 -0.318897009 -0.499446005
vn 0.806662023 -0.319813013 -0.497005999
vn 0.860844016 -0.108741999 -0.497114003
vn 0.849717975 -0.103785001 -0.516921997
vn 0.287782013 -0.957216978 0.0302750003
vn 0.238300994 -0.970378995 -0.0397224985
vn 0.0897405967 -0.439898998 -0.893552005
vn 0.0232797991 -0.487260014 0.872946978
vn -0.0896819979 0.995811999 0.0177884009
vn -0.30696699 0.951546013 -0.0182140991
vn -0.529062986 0.835485995 0.148513004
vn -0.590957999 0.804831982 -0.0549047999
vn -0.729294002 0.682471991 0.0485997982
vn -0.717136025 0.688392997 0.108770996
vn -0.832001984 0.553102016 -0.0430347994
vn -0.865352988 0.480058014 0.143905997
vn -0.916738987 0.392843992 -0.0725440979
vn -0.962228 0.246745005 0.115036003
vn -0.976137996 0.217141002 -0.00230431999
vn -0.999675989 0.00214180001 -0.0253854003
vn -0.958074987 -0.244938001 0.148655996
vn -0.94885999 -0.311756998 -0.0497258008
vn -0.874576986 -0.482769012 0.0452606007
vn -0.877512991 -0.466434002 0.111399002
vn -0.656904995 -0.750476003 -0.0725383982
vn -0.723968029 -0.67465502 0.143911004
vn -0.783133984 -0.620361984 -0.0430439003
vn -0.168063998 -0.98557198 -0.0200526994
vn -0.308005989 -0.950314999 0.0450914986
vn -0.357692003 -0.933620989 -0.0201990008
vn -0.508156002 -0.861262023 -0.00228627003
vn -0.532006025 -0.838890016 0.115038998
vn 0.416577995 -0.897092998 0.147264004
vn 0.510792971 -0.856643975 -0.0724762008
vn 0.633440971 -0.765193999 0.115024
vn 0.66207999 -0.749428988 -0.00228638994
vn 0.807506025 -0.58930999 -0.0254666992
vn 0.919082999 -0.364973009 0.148598
vn 0.950890005 -0.305509001 -0.0497261994
vn 0.991137028 -0.125229001 0.0443197004
vn 0.985073984 -0.138477996 0.102237001
vn 0.940030992 0.247547999 -0.234650999
vn 0.998516023 0.0418210998 -0.0348864011
vn 0.982248008 0.120220996 0.143996999
vn 0.972566009 0.221028 -0.0725409016
vn 0.923488021 0.365972996 0.115038
vn 0.917343974 0.398088992 -0.00229063001
vn 0.810000002 0.585878015 -0.0254516993
vn 0.631119013 0.761318982 0.148600996
vn 0.584424973 0.809928 -0.0496332012
vn 0.423711985 0.904538989 0.0477292016
vn 0.435470998 0.893308997 0.111193001
vn -0.0626823977 0.99138099 0.115039997
vn 0.0903287977 0.993265986 -0.0725449994
vn 0.189138994 0.971354008 0.143869996
vn 0.268929988 0.962194979 -0.0430938005
vn -0.00445654988 0.999852002 -0.016632
vn -0.0121440003 0.99989301 -0.00811612979
vn -0.00789736025 0.999958992 0.00442027999
vn -0.00296394993 0.999994993 -0.00103981001
vn -0.00276835007 0.999996006 -0.000846215989
vn -0.00302106002 0.999991 0.00302105001
vn -0.00148772995 0.999983013 0.00555231981
vn 0.00150542997 0.999983013 0.00561841018
vn 0.00313678011 0.999991 0.00302862003
vn 0.00302107004 0.999991 0.00302106002
vn 0.00555231981 0.999983013 0.00148773997
vn 0.00561839994 0.999983013 -0.00150545
vn 0.00644409005 0.999979019 -0.000985322054
vn 0.00679128012 0.999953985 -0.00679126009
vn 0.00365080009 0.999900997 -0.0136249
vn 0.00194583996 0.0377045982 0.999287009
vn -0.00144678005 0.0340650007 0.999418974
vn 3.56513018e-16 0.0348995999 0.999391019
vn -0.00207446003 0.0347233005 0.999395013
vn -0.000826377014 0.0340289995 0.999421
vn -0.000830246019 0.0349349007 0.999388993
vn 1.74893994e-05 0.034903001 0.999391019
vn 0.186017007 0.31239301 0.931562006
vn 0.0549684986 0.113871001 0.991973996
vn 0.186186999 0.277859002 0.942405999
vn 0.196844995 0.317770004 0.927510023
vn 0.0629985034 0.121559002 0.990583003
vn 0.205596 0.335913986 0.919179976
vn 0.0546208993 0.122363999 0.990980983
vn 0.187266007 0.287050992 0.939432025
vn 0.0504872017 0.111520998 0.992479026
vn 0.219237 0.341870993 0.913815975
vn 0.195134997 0.317021012 0.928126991
vn 0.00469119009 0.0319591984 0.999477983
vn 0.00472627999 0.0316936001 0.999486983
vn 0.00472402992 0.0317016989 0.999486029
vn 0.00439530006 0.0323311016 0.999468029
vn 0.00378462998 0.0330744013 0.999445975
vn 0.00250014989 0.0340551995 0.999417007
vn 0.000868775009 0.0347363986 0.999396026
vn -0.000929269998 0.0349490009 0.999388993
vn -0.00268882001 0.0346328989 0.99939698
vn -0.00413413998 0.0339011997 0.999417007
vn -0.00492085004 0.0331799984 0.999436975
vn 0.216500998 0.951502025 0.218566
vn 0.245276004 0.94402802 0.220570996
vn 0.224606007 0.956417024 0.186599001
vn 0.0690419003 0.995351017 0.0671525002
vn 0.0849557966 0.993812025 0.0715579987
vn 0.0775884017 0.993808985 0.0795165971
vn 0.0643168986 0.996451974 0.0542763993
vn -0.266831011 0.0764048994 0.960709989
vn -0.284808993 0.0355167016 0.957925975
vn -0.320333004 0.137940004 0.937207997
vn -0.608484983 -0.0612877011 0.791194975
vn -0.476541996 0.0989983976 0.873560011
vn -0.472265989 0.0719655976 0.878512979
vn -0.21243 0.0517549999 0.975804985
vn -0.0783998966 0.0538697988 0.995464981
vn -0.0770945027 0.0520544015 0.995664001
vn 0.131246001 0.0520472005 0.989983022
vn 0.131246001 0.0520470999 0.989983022
vn 0.335110992 0.0520470999 0.940739989
vn 0.335110992 0.0520473011 0.940739989
vn 0.489787996 0.0522249006 0.870275974
vn 0.492060989 0.0500396006 0.869122028
vn 0.636677027 0.146219999 -0.757140994
vn 0.235743001 0.158372998 -0.958823979
vn 0.288821012 0.0501051992 -0.956071019
vn 0.921231985 0.109886996 -0.373171985
vn 0.920005977 0.0988959968 -0.379220009
vn 0.658635974 0.0981148034 -0.74603802
vn 0.982411027 0.0595224015 -0.176991001
vn 0.991931975 0.0507305004 0.116177
vn 0.991903007 0.0508264005 0.116384998
vn 0.82484901 0.0508264005 0.563063979
vn 0.82484901 0.0508261994 0.563063979
vn 0 0.0523356013 -0.998629987
vn -0.259728014 0.050539501 -0.964357972
vn -0.198897004 0.160393 -0.966805995
vn -0.548180997 0.135211006 -0.825357974
vn -0.569109023 0.0966989994 -0.81655699
vn -0.834415972 0.128239006 -0.536009014
vn -0.846611977 0.0992304981 -0.522879004
vn -0.95855999 0.165020004 -0.232232004
vn -0.989295006 0.00683471002 -0.145767003
vn -0.997262001 0.0523147993 0.0522654988
vn -0.997260988 0.0523357987 0.0522641987
vn -0.997847021 0.0595320985 0.0275034998
vn -0.341158003 -0.86341399 0.371656001
vn -0.00624105008 -0.999346972 -0.0355891995
vn -0.000789941987 -0.999998987 -0.00109848997
vn -0.0857862011 -0.233694002 -0.968518019
vn -0.203458995 -0.955250025 -0.214713007
vn -0.0288669001 -0.876841009 -0.47991401
vn -0.640637994 -0.767614007 -0.0187279992
vn -0.460996985 -0.876731992 -0.137193993
vn -0.86994803 0.0106052002 -0.493030012
vn 0.00509173982 0.998010993 -0.0628354996
vn -0.130247995 0.991477013 -0.00306811999
vn -6.98294002e-07 -1 -3.04005994e-06
vn 1.12161988e-05 -1 4.4791097e-05
vn -0.000278782012 -0.999989986 -0.00449339999
vn 2.25746021e-06 -1 2.05021001e-06
vn 2.28541992e-07 -1 -7.72621036e-07
vn -0.112891003 -0.760928988 -0.638939023
vn -0.112735003 -0.760608017 -0.63934797
vn -0.112733997 -0.760613024 -0.639343023
vn -0.112736002 -0.760600984 -0.639356017
vn -0.173409998 -0.0523648001 -0.983457029
vn -0.173253998 -0.0523028001 -0.98348701
vn -0.173299998 -0.0524680018 -0.983470023
vn -0.173426002 -0.0523286015 -0.983456016
vn -0.173409998 0.0523587018 -0.983457029
vn -0.173416004 0.0523356982 -0.983457029
vn -0.174118996 0.0523441993 -0.983332992
vn -0.172647998 0.0489023998 -0.983769
vn -0.173427001 0.052353099 -0.983453989
vn -0.147502005 0.769300997 -0.621626019
vn -0.112736002 0.760601997 -0.639356017
vn -0.112740003 0.760608017 -0.639347017
vn -1.35765004e-06 1 0
vn 3.95968027e-06 1 -4.31539002e-06
vn -8.51329969e-05 1 9.2780705e-05
vn 2.93343983e-05 1 7.86014971e-06
vn -2.44854e-05 1 0
vn 3.90916975e-05 1 6.26108958e-05
vn 3.51561994e-06 1 -2.64954997e-05
vn 6.38162987e-07 1 6.6016396e-06
vn -6.99257944e-05 1 -7.95551969e-05
vn 3.82336002e-05 1 -7.68028985e-06
vn 0.000119686003 1 3.42403982e-05
vn 0.000110993002 1 5.91788994e-05
vn 9.46834989e-05 1 -7.36713992e-05
vn -4.72135025e-06 1 4.04397997e-06
vn 0.000103011997 1 -0.000224507996
vn -0.00557476003 0.999975026 -0.00442461995
vn 3.67955981e-05 0.999998987 0.00123649999
vn 0.97774899 -0.0672366992 -0.198708996
vn 0.591518998 -0.0699251965 -0.803252995
vn 0.781329989 -0.133699 -0.609628975
vn 0.319680005 -0.108627997 -0.941277981
vn 0.994238973 -0.103115 -0.0292495992
vn 0.989987016 -0.135994002 0.0378288999
vn 0.683848977 -0.272561014 0.67680198
vn 0.901652992 0.236350998 0.362161011
vn -0.000197903995 1 -0.00102623005
vn -0.000625187007 1 0.000677980017
vn -5.45673993e-06 0.0698029995 0.997560978
vn 6.21646041e-06 0.0697538033 0.997564018
vn -3.70206981e-05 0.0696899965 0.997569025
vn -0.000323523011 0.0698195025 0.997560024
vn 4.52665006e-07 0.0697437972 0.997564971
vn 1.00993006e-07 0.0697562024 0.997564018
vn -1.75781988e-05 0.0698005036 0.997560978
vn -0.996215999 0.0869103 0.00100761
vn -0.996172011 0.0874110013 -0.000743970973
vn -1.21929997e-05 0.0697761998 -0.997563004
vn -2.49589993e-05 0.0696960017 -0.997568011
vn -1.36752997e-05 0.0697494 -0.997564971
vn -4.89624981e-05 0.0697354972 -0.997565985
vn -8.94116056e-06 0.0697593987 -0.997564018
vn -8.03732019e-06 0.0697486028 -0.997564971
vn -4.48458995e-05 0.0697223991 -0.997565985
vn 1.22709998e-05 0.069768399 -0.997563004
vn -2.96035996e-05 0.0697645023 -0.997564018
vn -0.995692015 -0.0921297967 0.0104452996
vn -0.99613899 -0.0877875015 6.70551017e-05
vn 0.0207512993 -0.0667079017 0.997556984
vn 0.0249227006 -0.068444401 0.997344017
vn 0.0237652007 -0.0655727014 0.997564971
vn 0.0237684995 -0.065589197 0.997564018
vn 0.0237748995 -0.0655947998 0.997563004
vn 0.0208886005 -0.0674156994 0.997506022
vn 0.34087801 -0.940108001 0.000147137005
vn 0.34316799 -0.939224005 -0.0096760001
vn 0.0238733999 -0.0655530989 -0.997563004
vn 0.0238584001 -0.0655471981 -0.997564018
vn 0.0238808002 -0.0648265034 -0.997610986
vn 0.0242366996 -0.065403603 -0.997564971
vn 0.0238540992 -0.0655457973 -0.997564018
vn 0.0238591004 -0.065559499 -0.997563004
vn -0.996190012 -0.0872050971 8.98583949e-06
vn -0.996163011 -0.0875087976 -0.00104652997
vn 0.000874067016 -0.0693095028 0.997595012
vn 0.000289046002 -0.0688953996 0.99762398
vn 4.7098697e-06 -0.0697681978 0.997563004
vn -3.79617995e-06 -0.0697569028 0.997564018
vn -4.57962005e-06 -0.0697740987 0.997563004
vn 0.000924642023 -0.0696080998 0.997573972
vn -5.2212501e-05 -0.0697754994 0.997563004
vn -0.000337353005 -1 4.19011012e-05
vn -0.00246356009 -0.999962986 0.00819448009
vn 5.58844986e-05 -0.0698764026 -0.997555971
vn -1.1362099e-05 -0.0697612017 -0.997564018
vn -1.77780985e-05 -0.0697633028 -0.997564018
vn -5.2416699e-06 -0.0698266029 -0.997559011
vn 2.52690006e-06 -0.0697550997 -0.997564018
vn -0.000157463001 -0.0695727021 -0.997577012
vn -8.70228905e-05 -0.0697678998 -0.997563004
vn -9.43889027e-05 -0.0699032024 -0.997554004
vn -0.994828999 0.0523363017 0.0870362967
vn -0.348132014 0.899662018 0.263462991
vn -0.334060013 0.906530023 0.258083999
vn -0.351081997 0.897746027 0.266070992
vn -0.349281996 0.899178982 0.263590008
vn -0.254877001 0.857008994 0.447854996
vn -0.235578999 0.857940018 0.456555009
vn -0.208478004 0.866208017 0.454115987
vn -0.242751002 0.822120011 0.514966011
vn -0.226359993 0.835942984 0.499960005
vn -0.221357003 0.805115998 0.550262988
vn -0.223556995 0.823693991 0.521103978
vn 0.262302995 -0.86254102 -0.432691008
vn -0.271784991 0.867855012 0.415886015
vn -0.269163013 0.87351203 0.405620992
vn -0.333914012 0.898715019 0.284274995
vn -0.332556009 0.899107993 0.284626007
vn -0.301479995 0.886838019 0.350183994
vn -0.305797994 0.885825992 0.348998994
vn -0.202446997 0.812503994 0.546674013
vn -0.216031998 0.813648999 0.539727986
vn -0.211815 0.810666025 0.545852005
vn 0.0326174982 0.978803992 0.202185005
vn -0.981513023 0.0561034009 0.182989001
vn -0.964212 0.0541783012 0.259535998
vn -0.862127006 0.0650198981 0.502502978
vn -0.773139 0.0573128983 0.631641984
vn -0.578311026 0.0612628013 0.813512981
vn -0.427839994 0.0484909005 0.902553022
vn -0.204909995 0.0503875017 0.977482975
vn -0.000224809002 0.898405015 0.439168006
vn 0.000418237003 0.89804399 0.439904988
vn -0.00190975005 0.898470998 0.439027995
vn -0.114851996 0.899102986 0.422399998
vn -0.080099903 0.905605972 0.416487992
vn -0.0845709965 0.908097029 0.410131991
vn -0.0671048984 0.901609004 0.42731601
vn -0.0661567971 0.901435971 0.427828014
vn -0.0452996008 0.899155974 0.435277998
vn -0.000224691001 0.898645997 0.438674986
vn -0.174678996 0.898167014 0.403463006
vn -0.174677998 0.898167014 0.403463989
vn -0.177217007 0.897288978 0.404309005
vn -0.257755995 0.898473024 0.355399013
vn -0.258266002 0.898240983 0.355616003
vn -0.393592 0.876124978 0.278371006
vn -0.306252003 0.897569001 0.31714201
vn -0.313416004 0.894671023 0.318329006
vn -0.338151008 0.879298985 0.335391015
vn -0.470459998 -0.766139984 0.437831014
vn -0.595333993 0.611338019 0.521386981
vn -0.341571987 0.896959007 0.280701995
vn -3.55528973e-05 1 5.16373002e-05
vn -3.58931975e-05 1 4.62778989e-05
vn 6.60544993e-06 1 -2.81056e-05
vn 3.4397799e-06 1 3.93176997e-05
vn 2.53019989e-05 1 -8.38414962e-06
vn 0.000690233021 0.99999702 0.00232322002
vn -0.000720346987 0.999997973 0.00176642998
vn -0.00205346011 0.999997973 -0.000397652009
vn 1.16903998e-07 1 7.93900981e-08
vn -0.087044701 0.0523412004 0.994827986
vn -0.0870359987 0.0524330996 0.994823992
vn -0.952862024 -0.0511146002 0.299068987
vn -0.688409984 -0.0200660005 0.725044012
vn -0.336652011 -0.0134698004 0.941533029
vn -0.314134985 -0.0509340018 0.948010981
vn 0.994828999 -0.0523356013 -0.087036401
vn 0.994828999 -0.0523363017 -0.0870362967
vn 0.35877499 -0.0892705992 -0.929144979
vn 0.905505002 -0.0788218975 -0.416951001
vn 0.916420996 -0.049660299 -0.397123009
vn 0.284438998 0.0138248997 -0.958594024
vn -0.905239999 -0.157601997 -0.394591004
vn -0.589123011 0.0302869994 -0.807475984
vn -0.217111006 -0.117945001 -0.968994975
vn -0.151079997 -0.0578306988 -0.986828029
vn -0.777818978 -0.0523299016 0.626305997
vn -0.796820998 -0.0523250997 0.601945996
vn -0.796234012 -0.0557975993 0.602410018
vn -0.626498997 0.0614427999 0.77699703
vn -0.303523004 0.0286889002 0.952391982
vn 1.70385993e-05 -1.14672994e-05 1
vn -1.48416996e-06 2.29516013e-06 1
vn 2.23617008e-06 -1.14490001e-06 1
vn -1.39961003e-05 1.85049994e-05 1
vn -0.000489654019 0.0510465987 0.998696029
vn -0.0755845979 0.0375428014 0.996432006
vn 0.0307564996 0.0406666994 0.998699009
vn 0.0223289002 0.0768776983 0.996789992
vn -0.0654855967 0.0768304989 0.994890988
vn -0.000512314029 0.0076411902 0.999970973
vn -0.112049997 0.0570629984 0.992062986
vn -0.443435997 0.0696059987 0.893598974
vn -0.887035012 0.0491073988 0.459082991
vn -0.989953995 0.0720051974 -0.121680997
vn 0.406663001 0 -0.913577974
vn 0.403070986 -0.000496614026 -0.915169001
vn -0.403214008 0.000480708986 0.915105999
vn 0.406756014 -1.89879993e-05 -0.913537025
vn 0.406735986 -1.31531999e-06 -0.913546026
vn 0.406737 -9.70257929e-07 -0.913545012
vn 0.406735986 3.69129992e-07 -0.913546026
vn 0.406735986 3.56396015e-07 -0.913546026
vn 0.406735986 4.08052017e-07 -0.913546026
vn 0.406735986 5.62026969e-07 -0.913546026
vn 0.406735986 -3.46750994e-07 -0.913546026
vn 0.406735986 -3.7165799e-07 -0.913546026
vn 0.406735986 -3.79470009e-07 -0.913546026
vn 0.406737 -7.91133004e-07 -0.913545012
vn 0.406737 -1.00436e-06 -0.913545012
vn 0.406735003 -4.85935971e-07 -0.913546026
vn 0.740287006 0.0130016999 -0.67216599
vn 0.406733006 -8.26659925e-06 -0.913546979
vn 0.40674901 0 -0.913540006
vn 0.406677008 3.23467975e-05 -0.913572013
vn -0.948107004 0.143534005 -0.283710003
vn -0.904551983 0.139981002 -0.402729988
vn -0.406737 6.30871e-07 0.913545012
vn -0.406729013 -4.15856994e-06 0.913549006
vn -0.406738013 0 0.913545012
vn -0.406729996 3.55383986e-06 0.913547993
vn -0.406737 -6.30871e-07 0.913545012
vn -0.406737 5.98933013e-07 0.913545012
vn -0.406737 6.09425001e-07 0.913545012
vn -0.406937987 -1.94785989e-05 0.913456023
vn -0.406735986 -3.18683995e-08 0.913546026
vn -0.406735986 7.37575022e-07 0.913546026
vn -0.406980991 -0.000217759007 0.913437009
vn -0.406737 6.81145025e-07 0.913545012
vn -0.406735986 4.85128965e-07 0.913546026
vn -0.406737 5.13228997e-08 0.913545012
vn -0.406737 7.71917996e-08 0.913546026
vn -0.406737 8.16105015e-08 0.913546026
vn -0.407195985 0.000328247988 0.913340986
vn -0.400772005 -0.000791559985 0.916176975
vn -0.406080991 -2.29814996e-05 0.913837016
vn 0.401713014 0.000674021023 -0.915764987
vn -0.972118974 -0.131870002 -0.193892002
vn -0.903932989 -0.144695997 -0.402453989
vn -0.218830004 0.0950421989 -0.97112298
vn -0.0310692992 -0.308658004 -0.950664997
vn -0.726888001 0.501734972 -0.46893099
vn -0.730885983 0.665596008 -0.150955006
vn -0.795792997 -0.0602024011 -0.602568984
vn -0.909865022 -0.345066011 -0.230382994
vn -0.645761013 -0.728913009 -0.227327004
vn -0.338714004 -0.724927008 -0.599793971
vn 0.32742101 -0.819634974 -0.470099986
vn 0.647396028 -0.730758011 -0.216499001
vn 0.772970974 -0.283942997 -0.567354977
vn 0.780229986 -0.295902014 -0.551074028
vn 0.738457024 0.476637989 -0.476967007
vn 0.692057014 0.477692008 -0.541172981
vn 0.692054987 0.477692991 -0.541173995
vn 0.982309997 0.119272999 -0.144363001
vn -0.0350220986 0.926604986 -0.374401003
vn 0.489980996 0.783249974 -0.382674009
vn 0.0104908003 0.528385997 -0.848939002
vn -0.0589467995 0.770785987 -0.634361982
vn 0.511904001 -0.000553220976 -0.859043002
vn 0.514284015 -0.00121659006 -0.857618988
vn 0.568472028 -0.0239253994 -0.822354019
vn 0.560307026 -0.0391153991 -0.827360988
vn 0.518410027 0.00141715002 -0.85513097
vn 0.557600021 0.0346794985 -0.829384983
vn 0.557703018 0.0344859995 -0.829324007
vn 0.999998987 -0.00059495098 -0.00121014996
vn 0.99999702 -0.000405341008 -0.00227043009
vn 0.623740971 -0.693665028 0.360244989
vn 0.149960995 0.898828983 -0.411846995
vn 0.161528006 0.90258503 -0.399058998
vn 0.218582004 0.894360006 -0.390311003
vn 0.289997011 0.896152973 -0.335875005
vn 0.263536006 0.903155982 -0.33890599
vn 0.369221985 0.897117972 -0.242597997
vn 0.383621007 0.893226027 -0.234481007
vn 0.484537005 0.869798005 -0.0931416005
vn 0.50386101 0.860113978 -0.0795470029
vn 0.547742009 0.836558998 0.0121448003
vn 0.00770572992 -0.0766977966 -0.997025013
vn -0.0171846002 -0.0548556 -0.998345971
vn -0.141824007 -0.0512483008 -0.988564014
vn 4.49134022e-05 -1 4.50322023e-06
vn -2.64122009e-05 -1 7.03444966e-05
vn -4.01100006e-05 -1 4.25486978e-05
vn 0.999391019 -0.0348921008 5.75199949e-14
vn 0.999391019 -0.0348986983 -4.44223951e-05
vn 0.553161979 0.832150996 0.0392008014
vn 0.551495016 0.832998991 0.0443361998
vn 0.507771015 0.861250997 -0.0203939993
vn 0.507010996 0.861799002 -0.0155463004
vn 0.466785014 0.880219996 -0.0855795965
vn 0.467014998 0.879984975 -0.0867393017
vn 0.414041996 0.898256004 -0.147327006
vn 0.418603003 0.893036008 -0.165102005
vn 0.388251007 0.897130013 -0.210758001
vn 0.383116007 0.899200976 -0.211327001
vn 7.90545964e-05 1 6.71451999e-05
vn 0.000106270003 1 -7.2266499e-05
vn 0.000125038001 1 0.000689829001
vn -0.0403468013 0.999131978 0.0103430003
vn 5.36890984e-05 1 -3.7641501e-05
vn 0.415075988 0.898443997 -0.143215999
vn 0.395262003 0.898904979 -0.189045995
vn 0.39526099 0.898905993 -0.189043
vn 0.41456899 0.898909986 -0.141749993
vn 0.258186996 0.0697565973 0.963572979
vn 0.258192003 0.0697576031 0.963572025
vn 0.258188993 0.0697615966 0.963572025
vn 0.258190989 0.0697548017 0.963572025
vn 0.258186996 0.0697572008 0.963572979
vn 0.258183002 0.0697557032 0.963573992
vn 0.258186013 0.0697560981 0.963573992
vn 0.258188993 0.0697574019 0.963572979
vn 0.258188993 0.0697572976 0.963572979
vn 2.02437991e-06 1 7.5551402e-06
vn 7.46996957e-05 1 -1.31715997e-05
vn -0.0869448036 0.0697553009 -0.993767977
vn -0.0869434997 0.0697565973 -0.993767977
vn -0.0869456977 0.0697558001 -0.993767977
vn -0.134237006 0.0733101964 -0.988233984
vn -0.0869494006 0.0697572008 -0.993767023
vn -0.0871559009 0.0700182021 -0.993731022
vn -0.0869385004 0.0703390986 -0.993727028
vn -0.0856672972 0.070289202 -0.993840992
vn -0.0869453996 0.0697574988 -0.993767977
vn 0.148540005 0.89825201 0.413617998
vn 0.147119001 0.898774981 0.412988007
vn 0.219218001 0.898163021 0.381112009
vn 0.29677099 0.898163021 0.324391007
vn 0.296770006 0.898163021 0.324391991
vn 0.360150993 0.898163021 0.252178997
vn 0.360150009 0.898163021 0.252180994
vn 0.360150993 0.898163021 0.25218001
vn 0.406329989 0.898163021 0.167925999
vn 0.406329989 0.898163021 0.167924002
vn 0.441534013 0.897234023 -0.00427646004
vn 0.437157989 0.899384975 0.000669521978
vn 0.43343401 0.89804697 0.0751406997
vn 0.432541996 0.898442984 0.0755511969
vn 0.407952994 0.897544026 0.167299002
vn -0.966086984 0.0694938973 0.248689994
vn -0.96359998 0.071039699 0.257735997
vn -0.963522971 0.0704858974 0.258174986
vn -0.963572979 0.0697572976 0.258188009
vn -0.963572979 0.0697570965 0.258188009
vn -0.963572979 0.0697567984 0.258188009
vn -0.963572979 0.0697569996 0.258188993
vn -0.963572979 0.0697567984 0.258188993
vn -0.963554978 0.0697545037 0.258257002
vn -0.988076985 -0.131586 0.0799285993
vn -0.991699994 -0.118265003 0.0504425988
vn 0.0946343988 -0.157268003 0.983011007
vn 0.124416001 -0.227218002 0.965864003
vn 0.223966002 -0.346718997 0.910838008
vn -3.56513018e-16 -0.0348995999 0.999391019
vn -9.62740003e-08 -0.0348995999 0.999391019
vn 3.92007991e-07 -0.0348992012 0.999391019
vn 0 -0.0348933004 0.999391019
vn 0.000781350012 -0.0354515016 0.999370992
vn 0.000168340004 -0.0355203003 0.999369025
vn -0.000172282002 -0.0353160985 0.999375999
vn 0.0809760988 -0.157058999 0.984264016
vn 0.0752068982 -0.150831997 0.985693991
vn 0.215834007 -0.340918988 0.914981008
vn 0.422331005 0.704475999 0.570394993
vn 0.0515404008 0.864037991 0.500782013
vn 0.215317994 0.97647202 -0.0118843997
vn 0.496248007 0.866015971 -0.0612754002
vn 0.190559 0.981531024 -0.0168559998
vn 0.691591024 -0.0899493024 -0.716666996
vn -0.238593996 -0.0705858022 -0.96855098
vn -0.143085003 -0.0198030993 -0.989512026
vn 0.466596991 -0.0511693992 -0.882988989
vn 0.52601701 -0.0425494015 -0.849408984
vn -0.99357897 -0.113137998 -0.000699091994
vn -0.981977999 -0.0400679 -0.184697002
vn -0.724572003 -0.0660865009 -0.68602401
vn -0.738726974 -0.0776389986 -0.669517994
vn -0.883895993 -0.0522261001 0.464758009
vn -0.193296999 -0.0682051033 0.978766978
vn -0.237707004 -0.0814933032 0.967912018
vn -0.561312973 -0.0391771011 0.826676011
vn -0.810303986 -0.107844003 0.576000988
vn 0.258224994 -0.0677077025 0.963708997
vn 0.206214994 -0.0862117037 0.974702001
vn 0.70451498 -0.0855098963 0.704518974
vn 0.618372023 -0.0535141006 0.784061015
vn 0.906979024 -0.0430497006 -0.418969005
vn 0.971373975 -0.089787297 -0.219933003
vn 0.980168998 -0.0488375984 0.192053005
vn 0.954676986 -0.0761035979 0.287748992
vn -0.918505013 0.148365006 -0.366517991
vn -0.994156003 0.0278933998 -0.104285002
vn -0.874201 0.300143003 -0.381689996
vn -0.874244988 0.300128996 -0.381601006
vn -0.911903024 0.151858002 -0.381278008
vn -0.812973022 0.440026999 -0.381379992
vn -0.812931001 0.439936012 -0.381574988
vn -0.729447007 0.567721009 -0.381576002
vn -0.729457974 0.567759991 -0.381496012
vn -0.626017988 0.680037022 -0.381642014
vn -0.626006007 0.680034995 -0.381666005
vn -0.505577981 0.773844004 -0.38151899
vn -0.505550027 0.77383399 -0.381574988
vn -0.371335 0.846468985 -0.381576002
vn -0.371322006 0.846527994 -0.381457001
vn -0.226965994 0.895934999 -0.381819993
vn -0.226914003 0.896062016 -0.381554008
vn -0.0763309002 0.92117703 -0.381583989
vn -0.0763340965 0.921181023 -0.381574988
vn 0.371293008 0.846464992 -0.381626993
vn 0.371293008 0.846463978 -0.38162899
vn 0.226917997 0.896080017 -0.381507993
vn 0.226823002 0.896001995 -0.381749004
vn 0.0763328001 0.921199024 -0.381529987
vn 0.0763173029 0.921181977 -0.381576002
vn 0.505600989 0.773837984 -0.381500006
vn 0.505564988 0.77382499 -0.381574005
vn 0.626015007 0.68007803 -0.381574988
vn 0.626064003 0.68008697 -0.381478995
vn 0.729340971 0.567740023 -0.381749988
vn 0.729435027 0.56774199 -0.381568015
vn 0.812928975 0.439934999 -0.381579995
vn 0.812919021 0.439911991 -0.381628007
vn 0.924314022 -1.33047001e-06 -0.381633013
vn 0.924315989 0 -0.38162899
vn 0.911755979 0.152144998 -0.381514013
vn 0.911728024 0.152159005 -0.381576002
vn 0.874255002 0.300132006 -0.381574988
vn 0.874297023 0.300119013 -0.381487995
vn 0.911749005 -0.152261004 -0.381484985
vn 0.911615014 -0.152122006 -0.381859004
vn 0.873776972 -0.299398988 -0.383242011
vn 0.874291003 -0.300145 -0.381482989
vn 0.812901974 -0.439920008 -0.381655008
vn 0.812936008 -0.439915001 -0.381588012
vn 0.729435027 -0.56774199 -0.381567001
vn 0.729398012 -0.567740977 -0.38163799
vn 0.371286005 -0.846460998 -0.381642014
vn 0.371293992 -0.846466005 -0.381623
vn 0.505577981 -0.773844004 -0.381518006
vn 0.505580008 -0.773814976 -0.381574005
vn 0.626037002 -0.680058002 -0.381574005
vn 0.626042008 -0.680106997 -0.381478012
vn 0.226836994 -0.896117985 -0.381467998
vn 0.226892993 -0.895981014 -0.381754994
vn 0.0763361007 -0.921239972 -0.381431997
vn 0.0762872025 -0.921184003 -0.381576002
vn -0.0763313025 -0.921181023 -0.381574988
vn -0.0740336999 -0.924838006 -0.373086005
vn -0.226640001 -0.894979 -0.384247988
vn -0.226129994 -0.896260977 -0.381550997
vn -0.626022995 -0.680023015 -0.381659001
vn -0.626025021 -0.680045009 -0.381617993
vn -0.505576015 -0.773841977 -0.38152501
vn -0.505496979 -0.773813009 -0.381689996
vn -0.371309996 -0.846500993 -0.381531
vn -0.371289998 -0.846489012 -0.381574988
vn -0.729502022 -0.56774199 -0.381439
vn -0.729431987 -0.567740023 -0.381574988
vn -0.812916994 -0.439960003 -0.381576002
vn -0.812964022 -0.439954013 -0.381484985
vn -0.87422502 -0.300121993 -0.381651998
vn -0.874231994 -0.30013299 -0.381624997
vn -0.917743027 -0.149354994 -0.368023992
vn -0.91169697 -0.152536005 -0.381500006
vn -0.994876027 -0.0296496004 -0.0966613963
vn -0.962899029 0.160678998 -0.216812998
vn -0.95776999 0.163442001 -0.236567006
vn -0.918986022 0.315488011 -0.236499995
vn -0.918985009 0.315488011 -0.236500993
vn -0.854524016 0.462444991 -0.236500993
vn -0.854524016 0.462444991 -0.236499995
vn -0.766753972 0.596789002 -0.236499995
vn -0.658068001 0.714852989 -0.236499995
vn -0.658068001 0.714852989 -0.236500993
vn -0.531431973 0.813417017 -0.236500993
vn -0.531431973 0.813417017 -0.236499995
vn -0.390300006 0.889793992 -0.236500993
vn -0.390300006 0.889793992 -0.236499995
vn -0.238521993 0.941900015 -0.236499995
vn -0.080236502 0.968312979 -0.236499995
vn -0.0802367032 0.968312979 -0.236498997
vn 0.0813686028 0.968223989 -0.236478001
vn 0.0803148001 0.969255984 -0.232578993
vn 0.235251993 0.946130991 -0.222467005
vn 0.238514006 0.941869974 -0.236624002
vn 0.390332997 0.889822006 -0.236340001
vn 0.390322 0.889844 -0.236275002
vn 0.531208992 0.814163029 -0.234427005
vn 0.531431973 0.813417017 -0.236500993
vn 0.658068001 0.714851975 -0.236500993
vn 0.658068001 0.714852989 -0.236499995
vn 0.766753972 0.596789002 -0.236499995
vn 0.766753972 0.596787989 -0.236499995
vn 0.854524016 0.462444991 -0.236499995
vn 0.854524016 0.462444991 -0.236500993
vn 0.918986022 0.315488011 -0.236500993
vn 0.918986022 0.315488994 -0.236499995
vn 0.958379984 0.159924999 -0.236499995
vn 0.971632004 0 -0.236499995
vn 0.958379984 -0.159924999 -0.236499995
vn 0.918986022 -0.315488011 -0.236499995
vn 0.918985009 -0.315488011 -0.236500993
vn 0.854524016 -0.462444991 -0.236500993
vn 0.854524016 -0.462444991 -0.236499995
vn 0.766753972 -0.596789002 -0.236499995
vn 0.658068001 -0.714852989 -0.236499995
vn 0.658068001 -0.714852989 -0.236500993
vn 0.531431973 -0.813417017 -0.236500993
vn 0.531431973 -0.813417017 -0.236499995
vn 0.390300006 -0.889793992 -0.236500993
vn 0.390300006 -0.889793992 -0.236499995
vn 0.238521993 -0.941900015 -0.236499995
vn 0.080236502 -0.968312979 -0.236499995
vn 0.0802367032 -0.968312979 -0.236498997
vn -0.080236502 -0.968312979 -0.236498997
vn -0.0802367032 -0.968312979 -0.236499995
vn -0.238521993 -0.941900015 -0.236499995
vn -0.390300006 -0.889793992 -0.236499995
vn -0.390300006 -0.889793992 -0.236500993
vn -0.531431973 -0.813417017 -0.236500993
vn -0.658068001 -0.714851975 -0.236500993
vn -0.658068001 -0.714852989 -0.236499995
vn -0.766753972 -0.596789002 -0.236499995
vn -0.766753972 -0.596787989 -0.236499995
vn -0.854524016 -0.462444991 -0.236499995
vn -0.854524016 -0.462444991 -0.236500993
vn -0.918986022 -0.315488011 -0.236500993
vn -0.918986022 -0.315488994 -0.236499995
vn -0.958379984 -0.159924999 -0.236499995
vn -0.962570012 -0.167392001 -0.213165
vn 0.00593054993 -0.0854308978 0.996326029
vn 0.00611029007 -0.0859346986 0.996281981
vn -0.695577979 0.111206003 0.709792018
vn -0.777601004 0.43373701 0.455201
vn -0.187947005 -0.185488999 0.964505017
vn -0.678448021 -0.32119599 -0.660713017
vn -0.968881011 -0.241803005 -0.052930899
vn -0.970853984 -0.105106004 -0.215397
vn -0.616475999 -0.184270993 -0.765506983
vn -0.735880017 -0.0623384006 -0.674236
vn -0.487057 -0.145542994 -0.861158013
vn 0.00335907005 -0.0508472994 -0.998700976
vn 0.00223948993 -0.0492899008 -0.998781979
vn 0.697161973 0.167127997 -0.697161019
vn 0.961489022 0.231463999 -0.148201004
vn 0.860222995 -0.0939572975 -0.501187027
vn 0.987119019 -0.0121389003 0.159525007
vn 0.768013 0.0194300003 0.640138984
vn 0.735696018 0.0971596986 0.670306981
vn 0.251993001 0.228171006 0.940445006
vn -0.258635998 -0.0376591012 0.965240002
vn -0.216668993 -0.0949065983 0.971620977
vn -0.688302994 0.229084998 0.68830198
vn -0.956026971 0.0676034987 0.285380006
vn -0.965408981 0.0327073 0.258680999
vn -0.975534976 0.0681639984 -0.209012002
vn -0.959206998 0.117739998 -0.257019013
vn -0.701856017 0.121645004 -0.701855004
vn -0.603677988 -0.0116804 -0.797142982
vn -0.256099999 0.144501999 -0.95578903
vn 0.258643001 0.0365982018 -0.965278983
vn 0.131393 -0.154983997 -0.979139984
vn 0.342065006 -0.557534993 -0.756403983
vn -0.499092013 0.512079 0.699057996
vn -0.500180006 0.552299976 0.666921973
vn -0.551714003 0.448706001 0.703046978
vn -0.552322984 0.454571009 0.698786974
vn -0.511714995 0.48566401 0.708715975
vn -0.581770003 0.387885004 0.714905024
vn -0.632642984 0.365372986 0.682835996
vn 0.623391986 0.508085012 0.594334006
vn 0.531611025 0.583221018 0.614201009
vn -0.763678014 0.444391012 0.468308985
vn -0.762723982 0.444714993 0.469554007
vn -0.681638002 0.561141014 0.469563991
vn -0.68177402 0.561111987 0.469401985
vn -0.582929015 0.66286099 0.469904006
vn -0.583441973 0.662832975 0.469305992
vn -0.469633996 0.747350991 0.470010012
vn -0.470021009 0.747391999 0.469559997
vn -0.344648004 0.812873006 0.469527006
vn -0.344622999 0.812865973 0.469556987
vn -0.210415006 0.857473016 0.46953699
vn -0.210372999 0.857455015 0.469590008
vn -0.0708698034 0.88015902 0.46935901
vn -0.0707311034 0.880066991 0.46955201
vn 0.0707312971 0.880066991 0.46955201
vn 0.0707311034 0.880066991 0.46955201
vn 0.210375994 0.857474983 0.46955201
vn 0.210378006 0.857474029 0.46955201
vn 0.210649997 0.857591987 0.469215006
vn 0.344572008 0.812747002 0.469799995
vn 0.345371008 0.812960982 0.468843013
vn 0.469871998 0.747156024 0.470082998
vn 0.471390992 0.747305989 0.468320996
vn 0.583509028 0.661945999 0.470472991
vn 0.585165024 0.661831021 0.468573987
vn 0.680310011 0.560756028 0.471944004
vn 0.684688985 0.559735 0.466794997
vn 0.761723995 0.444245011 0.471617997
vn 0.763081014 0.443646014 0.469985008
vn 0.803084016 0.371298999 0.466039002
vn 0.683750987 0.396836013 0.612376988
vn 0.686963975 0.410506994 0.599637985
vn 0.618802011 0.50900799 0.598326981
vn 0.529411972 0.601810992 0.597952008
vn 0.426697999 0.677734971 0.598836005
vn 0.426548004 0.678264022 0.598343015
vn 0.312467009 0.737923026 0.598191977
vn 0.312664986 0.737486005 0.598627985
vn 0.190101996 0.778998017 0.597513974
vn 0.190844998 0.777858973 0.598760009
vn 0.0632433966 0.799552977 0.597257018
vn 0.0641778037 0.798528016 0.598526001
vn -0.0651462972 0.798996985 0.597796023
vn -0.0641516969 0.798202991 0.598962009
vn -0.192751005 0.778847992 0.596862018
vn -0.190825999 0.777779996 0.598869026
vn -0.314229012 0.738111973 0.597034991
vn -0.312707007 0.737585008 0.59848398
vn -0.428640991 0.677393973 0.597832978
vn -0.425704002 0.676922023 0.600461006
vn -0.533905029 0.601606011 0.59415102
vn -0.529411972 0.601451993 0.598312974
vn -0.61867398 0.509178996 0.598312974
vn -0.684378028 0.416004002 0.59880501
vn -0.70985198 0.410840988 0.572118998
vn -7.13589998e-07 1 8.08284028e-07
vn 1.26044997e-05 1 -7.32431999e-06
vn -0.00140834996 0.999998987 4.08381966e-05
vn 1.50593996e-06 1 -4.73330965e-06
vn -1.03247999e-06 1 1.08519989e-05
vn 5.22525966e-07 1 3.94137987e-06
vn 1.28842998e-06 1 3.61693992e-06
vn -2.7404198e-08 1 2.21315008e-06
vn 3.50051005e-06 1 1.24161006e-05
vn 3.69023996e-06 1 -1.75106004e-06
vn -1.02157992e-05 1 -4.96575994e-05
vn -3.32471973e-05 1 -4.77029971e-05
vn 0.00995996967 0.999653995 0.0243526995
vn 2.99886979e-05 1 7.33241977e-05
vn 3.82977014e-05 1 0.000126382001
vn -2.45289993e-05 1 -4.25597973e-05
vn 4.46415979e-05 1 -0.000140313001
vn 0.000883381988 0.999998987 0.00104359002
vn -0.000377771008 1 0.000693685026
vn -4.49375023e-07 1 1.82771987e-06
vn -4.23692995e-07 1 1.97943996e-06
vn -5.69376971e-05 1 -0.000101741003
vn 3.77879987e-05 1 2.43165996e-05
vn -2.32496986e-05 1 1.62013009e-06
vn 0.122331999 0.899245024 -0.419990987
vn 0.122382998 0.899200976 -0.420069993
vn 0.122382998 0.899201989 -0.420069993
vn -0.668455005 -0.141283005 0.730210006
vn -0.216958001 -0.0710536987 0.973591983
vn -0.124372996 -0.00902041979 0.99219501
vn 0.34781 -0.1329 0.928098023
vn 0.559458971 0.0122130001 0.828768015
vn 0.993843019 0.0443510003 0.101530001
vn 0.910358012 -0.143509001 0.388139993
vn 0.853516996 -0.236385003 -0.464361012
vn 0.553220987 0.0940667018 -0.827705979
vn -0.498943001 0.108375996 -0.859831989
vn -0.840655982 0.0290824007 0.540789008
vn -0.963678002 -0.113853 0.241582006
vn -0.814754009 0.169453993 -0.554491997
vn -0.971056998 -0.136543006 -0.195969999
vn -0.730759025 -0.0999957994 -0.675271988
vn -0.994828999 -0.0523363017 0.0870362967
vn -0.836381018 0.0526060015 0.545617998
vn -0.822506011 0.0540727004 0.566179991
vn -0.821996987 0.0533186011 0.566990972
vn -0.847437978 0.0545957014 0.528079987
vn -0.841997027 0.0531097986 0.536861002
vn -0.835942984 0.0445092991 0.547008991
vn -0.833200991 0.0491941012 0.550777972
vn -0.802634001 0.0523160994 0.594174027
vn -0.797318995 0.0136781 0.603402972
vn -0.812408984 0.0508687012 0.580865026
vn -0.953014016 0.0540115014 0.298074007
vn -0.953015983 0.0540178008 0.298063993
vn -0.953019023 0.0540235005 0.29805401
vn -0.997260988 0.0523359999 0.0522642992
vn -0.997260988 0.0523369014 0.0522638001
vn -0.985615015 0.0565560982 0.159263998
vn -0.190302998 -0.0438872017 0.980744004
vn -0.579074025 -0.0549697988 0.813419998
vn -0.204301998 -0.0454665013 0.977851987
vn -0.525614977 -0.059018299 0.848672986
vn -0.862263024 -0.0582268983 0.503102005
vn -0.810633004 -0.0652009025 0.581914008
vn -0.863424003 -0.0643024966 0.500365019
vn -0.968136013 -0.054836899 0.244348004
vn -0.981523991 -0.0561018996 0.182931006
vn -0.694962978 -0.664501011 0.27471
vn -0.735822022 0.0640031025 0.67414403
vn -0.731042027 0.0521527007 0.680335999
vn -0.186994001 0.0365298986 0.981682003
vn -0.261943996 0.0574040003 0.963374019
vn -0.315095991 0.0384755991 0.948279977
vn -0.395233989 0.102126002 0.912886024
vn -0.453467995 0.101819001 0.885438025
vn -0.397769004 -0.00593370991 0.917465985
vn -0.610072017 0.0954252034 0.786579013
vn -0.589370012 0.0351512991 0.807097971
vn -0.0870355964 -0.0525091998 0.994819999
vn -0.0870516002 -0.0523412004 0.994827986
vn -0.0294390991 -0.999011993 -0.0332789011
vn -0.0137876002 -0.999903023 0.00209019007
vn -0.0153849004 -0.999852002 0.00770673016
vn -0.0272688009 -0.999315023 0.0250190999
vn 0.00723103993 -0.999930978 0.00921319984
vn 0.000185484998 -0.999997973 0.00212015002
vn -0.00168402004 -0.999997973 0.000801144983
vn -0.00216156011 -0.99999702 -0.00086066901
vn 1.61342996e-05 -1 -4.86907993e-05
vn -5.67875977e-05 -1 -1.62772994e-05
vn -0.895896018 0.0540978983 0.440957993
vn -0.0770557001 0.720646977 0.689006984
vn -0.316031992 0.0422887988 0.947806001
vn -0.822731972 0.0504054986 0.566191018
vn -0.665812016 0.0525726005 0.74426502
vn -0.945096016 0.326792002 0
vn -0.945096016 -0.326792985 0
vn -0.925548971 -0.378232002 0.0173074007
vn -0.378203005 -0.925561011 -0.0173039008
vn -0.326770008 -0.945104003 0
vn 0.258819014 -0.965925992 0
vn 0.378111005 -0.925333977 0.0281047001
vn 0.706870973 -0.706871986 -0.0258018002
vn 0.981435001 -0.189637005 0.0286899004
vn 0.977533996 -0.209788993 0.0204172004
vn 0.790462017 0.612263978 -0.0173712
vn 0.670123994 0.741270006 0.0381071009
vn 0.258733004 0.965604007 -0.0258029997
vn -0.326656014 0.944706976 0.0287209004
vn -0.30706799 0.951470017 0.0203646999
vn -0.925561011 0.378203988 -0.0172981992
vn 0.591593981 0.103601001 0.799552023
vn 0.658165991 0.150431007 0.737690985
vn 0.381256014 0.0350040011 0.923806012
vn -0.353312999 -0.0392362997 -0.934682012
vn 0.37432 0.0449433997 0.926209986
vn 0.306391001 -0.0134178996 0.951811016
vn 0.871764004 0.0918371007 0.481243014
vn 0.675242007 0.051336199 0.735807002
vn -0.0712755024 -0.0524366982 0.996077001
vn -0.0686964989 -0.0504810996 0.996360004
vn 0.0355065987 -0.0461051017 0.998305023
vn 0.0297813006 -0.0497087985 0.998319983
vn 0.384918988 -0.0802149996 0.919457972
vn -0.000719566015 -0.999998987 -0.000827680982
vn 0.654146016 -0.0770734027 0.752430975
vn 0.000138984993 -1 0.000737407012
vn 1.35471998e-06 -1 2.52770988e-05
vn 2.89406017e-07 -1 3.57531007e-06
vn 6.79609002e-06 -1 8.3958701e-05
vn 0.836124003 -0.0357422009 0.547375023
vn 0.353318006 -0.295659006 0.88755399
vn 0.283109009 -0.00778383017 0.95905602
vn 0.872178972 0.0927274972 0.48031801
vn 0.873579025 -0.0737074986 0.481067985
vn 0.661660016 0.111860998 0.741412997
vn 0.365983009 0.0184672996 0.930437982
vn -0.304533988 0.0180047993 0.952331007
vn -0.834522009 0.0635827035 0.547294021
vn 0.846926987 -0.0858462974 -0.524733007
vn 0.856576979 0.083707802 -0.509184003
vn 0.279325992 0.0523356013 -0.958769023
vn 0.279298991 0.0522991009 -0.958778977
vn 0.279348999 0.052353099 -0.958760977
vn 0.27908501 0.0523746982 -0.958836973
vn 0.279314011 0.0523395985 -0.958772004
vn 0.274405003 0.0484240018 -0.960394025
vn 0.279193014 0.0521827005 -0.958815992
vn 0.279246002 0.0523228012 -0.958792984
vn 0.279514015 0.0525697991 -0.958701015
vn 0.279339999 0.0523458011 -0.958764017
vn -0.96023798 -0.274542004 0.0506902002
vn -0.907884002 -0.419189006 0.00527092023
vn 0.935015976 -0.354604989 0.00046511399
vn 0.992707014 0.120535001 -0.00206103991
vn 0.998109996 0.0608130991 -0.00888601039
vn 0.822912991 0.568018973 0.0129781002
vn 0.969045997 0.246424004 -0.0150231002
vn 0.955096006 -0.287131011 0.0731190965
vn 0.991033971 -0.124311998 -0.0489652008
vn 0.987766981 0.153427005 -0.0278696008
vn 0.93918699 0.327387989 0.103657
vn 0.900005996 0.435864002 -0.00348526007
vn 0.82296598 0.568051994 -0.00665391982
vn 0.462173015 0.886776984 -0.00469140988
vn 0.716374993 0.697712004 0.00216289004
vn -0.822973013 0.568057001 -0.0052144099
vn -0.450304002 0.892678022 0.0187932998
vn -0.718675971 0.695225 -0.0129255001
vn -0.462134987 0.886801004 -0.00396203017
vn -0.464388013 0.885622025 -0.00420928979
vn -0.120617002 0.992693007 0.0035168
vn -0.164096996 0.986443996 0
vn 0.120908 0.99266398 0
vn 0.148223996 0.988952994 0.00151812995
vn 0.443331987 0.896353006 -0.00283343997
vn -0.938894987 0.337071002 0.069709897
vn -0.828410983 0.560099006 -0.00490299985
vn -0.95065999 0.309996992 -0.0121312002
vn -0.825460017 0.564188004 0.0175678004
vn -0.998602986 0.0514219999 -0.0121993003
vn -0.992586017 0.121527001 -0.0021321699
vn -0.960740983 -0.277446985 -3.65283029e-07
vn -0.934984982 -0.354593009 -0.00812198035
vn -0.881376028 -0.47241199 -0.00147641997
vn -0.70787698 -0.706322014 0.0044962801
vn -0.663120985 -0.74850899 -0.00218894007
vn -0.259496987 -0.965740979 0.00237737992
vn -0.239184007 -0.970974028 -1.54671998e-05
vn 0.239188001 -0.970973015 -1.49717998e-05
vn 0.258242995 -0.966077983 0.00222929008
vn 0.550848007 -0.834604979 -0.000741905998
vn 0.663110971 -0.748498023 -0.0058921501
vn 0.74764502 -0.664092004 0.00294058002
vn 0.917959988 -0.39666301 -0.00282561011
vn 0.97694999 -0.212720007 -0.0178608
vn 0.999391019 0.0349004008 -5.75336965e-14
vn 0.998525023 0.0430848002 0.0330343992
vn -0.00809426978 0.99980098 0.0182444006
vn -0.000817045977 0.999997973 0.00183804997
vn 0.000646842003 0.0603446998 -0.998176992
vn -0.0274385996 0.0339442007 -0.999046981
vn 0.125027999 0.0119671999 -0.992080986
vn 0.00555968005 0.0350833982 -0.999369025
vn 0.400483996 0.0595837012 -0.91436398
vn 0.300511003 0.0527468994 -0.952319026
vn 0.384570986 0.0632345006 -0.920926988
vn 0.378392994 0.0677931011 -0.923159003
vn 0.348928005 0.0264612995 -0.936775982
vn 0.495296001 0.0720316023 -0.865733027
vn 0.518639028 0.0586046986 -0.852982998
vn 0.625512004 0.0597143993 -0.777926028
vn 0.644447982 0.0765298977 -0.760809004
vn 0.713522017 0.0540033989 -0.698548019
vn 0.759024978 0.0515719987 -0.649015009
vn 0.748699009 0.0513200983 -0.660920978
vn 0.860710025 0.0529004 -0.506340027
vn 0.799408019 0.0433724001 -0.599219978
vn 0.814213991 0.0339279994 -0.579572022
vn 0.874073029 0.0523364991 -0.482966006
vn 0.874069989 0.0523390993 -0.482973009
vn 0.874073029 0.0523355007 -0.482966989
vn 0.874073029 0.0523368008 -0.482968003
vn 0.874073029 0.0523358993 -0.482968003
vn 0.874072015 0.0523332991 -0.482968986
vn 0.242106006 0.0205364991 0.970031977
vn 0.945134997 0.0478419997 -0.323157012
vn 0.957916975 0.0497802012 -0.282696992
vn 0.923134029 -0.0114540001 -0.38430801
vn 0.950617015 -0.132753998 -0.280541003
vn 0.967758 0.184634998 -0.171332002
vn 0.986518025 -0.144025996 -0.0777131021
vn 0.986518025 -0.144025996 -0.0777117983
vn 0.900095999 0.0522523001 -0.43254599
vn 0.900833011 0.0535162017 -0.430855989
vn 0.26542899 0.0502974987 0.962818027
vn 0.334744006 0.0605911985 0.940358996
vn 0.38866201 0.0199660007 0.921163976
vn 0.49860099 -0.00390844001 0.866823018
vn 0.387282014 0.0865894035 0.917886019
vn 0.496708989 0.0871220976 0.86353302
vn 0.570788026 0.0211500991 0.820824981
vn 0.674960971 -0.0104542999 0.737779021
vn 0.568845987 0.0850481018 0.818035007
vn 0.672519028 0.0856013969 0.735113025
vn 0.728204012 0.0230142996 0.684974015
vn 0.819031 -0.0172182992 0.573490024
vn 0.725892007 0.0828407034 0.682802022
vn 0.816298008 0.083401598 0.571578026
vn 0.854089975 0.0255578998 0.519496977
vn 0.923915029 -0.0241997 0.38183099
vn 0.851633012 0.0799703971 0.518001974
vn 0.940342009 0.0802654997 0.330626011
vn 0.923343003 0.0486392006 0.380883008
vn 0.943002999 0.0284663998 0.331564009
vn 0.987971008 0.0854172036 0.128910005
vn 0.984322011 0.0492796004 0.169355005
vn 0.991079986 0.0322235003 0.129314005
vn 0.997452974 0.0658022985 -0.0275164004
vn 0.998844028 0.0470039994 -0.0100937998
vn -0.406172007 -0.0523621999 0.912294984
vn -0.406179011 -0.0523370989 0.912293971
vn -0.406172991 -0.0523412004 0.912295997
vn -0.406224012 -0.0522999987 0.91227603
vn -0.406181991 -0.0523307994 0.912293017
vn -0.542732 -0.826516986 0.149373993
vn -0.406904995 -0.913221002 0.0213249996
vn 0.406172007 -0.0527129993 -0.912275016
vn 0.406053007 -0.0527844988 -0.912324011
vn -0.742760003 -0.66950798 0.00822280999
vn -0.727867007 -0.684656024 0.0381458998
vn -0.727877021 -0.68464601 0.038146399
vn -0.727871001 -0.684652984 0.0381436013
vn -0.727871001 -0.684652984 0.0381429009
vn -0.727869987 -0.684653997 0.0381471999
vn -0.709976971 -0.673757017 0.204901993
vn -0.739995003 -0.672201991 0.0234784
vn -0.727827013 -0.684702992 0.0380801
vn -0.727594018 -0.684952974 0.0380292982
vn -0.728756011 -0.683813989 0.0362442993
vn -0.727904975 -0.684620976 0.038057901
vn 0.00261507998 -0.0293822009 0.999565005
vn -0.00265996996 -0.0350411013 0.999382019
vn -0.000893149991 -0.0345637985 0.999401987
vn 0.000901710009 -0.0330350995 0.999454021
vn 0.00194854999 -0.0314351991 0.99950403
vn 0.00247289008 -0.0301043 0.999544024
vn 0.00260708993 -0.0294863991 0.999562025
vn -0.00558223017 -0.0342915989 0.999396026
vn -0.00435952982 -0.0349210985 0.999381006
vn -0.00306976005 -0.0348781012 0.999387026
vn 0.517265022 -0.606934011 0.603380024
vn -0.684844017 -0.413448989 0.600040972
vn -0.601101995 -0.36928001 0.708738029
vn -0.603479028 -0.377095997 0.702575028
vn -0.548600972 -0.46507901 0.694793999
vn -0.545440972 -0.443042994 0.711483002
vn -0.443931013 -0.594721973 0.670247018
vn -0.517942011 -0.604807019 0.604933023
vn -0.488076001 -0.554566026 0.673972011
vn -0.494899988 -0.512344003 0.701838017
vn -0.417488009 -0.682525992 0.599886
vn 0.660816014 -0.60699302 0.441455007
vn 0.586354971 -0.659636021 0.470178008
vn 0.586745977 -0.65972501 0.469565004
vn 0.474512994 -0.744554996 0.469549
vn 0.47428599 -0.744533002 0.469812006
vn 0.350383013 -0.810568988 0.469264001
vn 0.350129992 -0.810504019 0.469567001
vn 0.217021003 -0.85580802 0.469568998
vn 0.217023 -0.855808973 0.469565988
vn 0.0784230009 -0.879406989 0.469565988
vn 0.0784130991 -0.879408002 0.469565988
vn 0.0783952028 -0.879424989 0.469538987
vn -0.0621853992 -0.880697012 0.469581008
vn -0.0621956997 -0.880703986 0.469567001
vn -0.201206997 -0.859664977 0.469565988
vn -0.201207995 -0.859664023 0.469567001
vn -0.200705007 -0.85946101 0.470153004
vn -0.335191995 -0.816980004 0.469244003
vn -0.334984988 -0.816920996 0.469493985
vn -0.460536003 -0.753247023 0.469601989
vn -0.460566014 -0.753250003 0.469567001
vn -0.574284971 -0.670599997 0.469567001
vn -0.574422002 -0.670578003 0.469431013
vn -0.673444986 -0.570915997 0.469603002
vn -0.673115015 -0.570985019 0.469992012
vn -0.756057024 -0.456126988 0.469390005
vn -0.754876971 -0.456479013 0.470943987
vn -0.807452023 -0.381202012 0.450228989
vn -0.686815023 -0.41277799 0.598246992
vn -0.611181021 -0.518131971 0.598327994
vn -0.521178007 -0.608586013 0.598327994
vn -0.418040991 -0.68355 0.598331988
vn -0.418002009 -0.683677971 0.598212004
vn -0.304571986 -0.740957022 0.598513007
vn -0.304264992 -0.74160099 0.597872019
vn -0.183149993 -0.779336989 0.599241018
vn -0.182597995 -0.780152977 0.598347008
vn -0.0564208999 -0.799299002 0.598278999
vn -0.0564367995 -0.799282014 0.59829998
vn 0.0712148026 -0.798054993 0.598362029
vn 0.0711549968 -0.798008025 0.598430991
vn 0.197283998 -0.776755989 0.598105013
vn 0.196927994 -0.776565015 0.598469019
vn 0.318150014 -0.73565203 0.59799403
vn 0.317734003 -0.735512972 0.59838599
vn 0.430545986 -0.675866008 0.59819299
vn 0.430543005 -0.675866008 0.59819603
vn 0.517368019 -0.610890985 0.59928602
vn 0.578498006 -0.637157023 0.509284973
vn 0.879198015 0.475798011 0.0250493009
vn 0.734363019 -0.674318016 0.0774915963
vn -0.893643022 0.443576008 0.068135798
vn -0.878942013 0.475659013 0.0347779989
vn -0.856265008 0.496872008 0.141166002
vn -0.835160017 0.545472026 0.070480302
vn -0.76621002 0.630822003 0.122419998
vn -0.757879019 0.64497298 0.0981286988
vn -0.676060975 0.734399021 0.0599997006
vn -0.693409026 0.719853997 0.0315411985
vn -0.541710019 0.836227 0.0852904022
vn -0.834538996 0.545884013 0.0745309964
vn -0.788614988 0.613803983 0.0364857987
vn -0.76838702 0.636820972 0.0635702014
vn -0.545768023 -0.835358977 0.0656696036
vn -0.527463019 -0.848845005 0.0352928005
vn -0.633768022 -0.76986903 0.0750989988
vn -0.413056999 -0.90891403 0.057089299
vn -0.401293993 -0.914858997 0.0446765982
vn -0.304188013 -0.949725986 0.0740894973
vn -0.300603002 -0.950811028 0.0748035982
vn -0.386099011 -0.913129985 0.130852997
vn -0.376347005 -0.920045972 0.108990997
vn -0.517895997 -0.847248018 0.118130997
vn -0.532015026 -0.841742992 0.0918110013
vn -0.647557974 -0.756161988 0.0942727029
vn -0.669546008 -0.738152027 0.0827068016
vn -0.681580007 -0.717814028 0.142096996
vn -0.554206014 -0.828262985 0.0826765969
vn -0.594758987 -0.800503016 0.073872298
vn -0.676589012 -0.734972 0.0451936014
vn -0.650035977 -0.758768022 0.0415178984
vn -0.757281005 -0.641502023 0.122475997
vn -0.774374008 -0.625989974 0.0920965001
vn -0.840906978 -0.532123983 0.0985883996
vn -0.84819901 -0.513719022 0.129039004
vn -0.902350008 -0.426003009 0.0654693991
vn -0.686765015 -0.724470019 0.0591292009
vn -0.787418008 -0.612872005 0.066034399
vn -0.891853988 -0.443161994 0.0905745998
vn -0.897961974 -0.434780002 0.0680524036
vn -0.895421028 -0.43927601 0.0725134015
vn -0.829393029 -0.555965006 -0.0548716001
vn -0.876932025 -0.47457099 0.075975202
vn -0.832449973 -0.548829973 0.0762445033
vn -0.764977992 -0.643877983 0.0151741998
vn 0.370691001 0.928395987 0.0258473996
vn 0.400083989 0.912097991 0.0894981995
vn 0.494803011 0.868991971 0.00467426004
vn 0.676582992 0.734965026 0.0454177
vn 0.599740982 0.799615026 0.0304489005
vn 0.155001998 0.250975013 -0.955502987
vn 0.591340005 0.806258023 0.0162827
vn 0.677205026 0.735641003 0.0150498999
vn 0.0839224011 0.996456027 -0.00571546983
vn 0.0508873016 0.997426987 -0.0504929014
vn 0.00302315992 -0.992314994 -0.123703003
vn 0.120412998 0.991811991 0.0425534993
vn 0.324853003 -0.94550401 0.0221861992
vn 0.245462999 -0.969310999 0.0135802003
vn 0.270796001 -0.962598026 -0.00862964988
vn 0.213852003 -0.976402998 0.0300679002
vn 0.456784993 -0.889279008 0.0230193995
vn 0.410820991 -0.911709011 0.00366027001
vn 0.401692986 -0.915768027 -0.0033243699
vn 0.448733985 -0.892060995 0.0535313003
vn 0.331597 -0.939988017 0.0804129988
vn 0.395588994 -0.913919985 0.0908780992
vn 0.423806012 -0.902010977 0.0822508037
vn 0.372476012 -0.921997011 0.105746999
vn 0.217747003 -0.973029017 0.0761578977
vn 0.233228996 -0.96894002 0.0822155997
vn 0.0888245031 -0.996044993 -0.00210514991
vn 0.276369989 -0.955294013 0.105035
vn 0.245021001 -0.966132998 0.0809428021
vn -0.999220014 0 0.0394836999
vn -0.0824465007 -0.994985998 0.0566252992
vn -0.227238998 -0.970888019 -0.0757493973
vn -0.0682528019 -0.991257012 0.112917997
vn -0.0700149015 -0.99179399 0.106965996
vn 0.0541803017 -0.992021978 0.113831997
vn 0.0874938965 -0.981743991 0.168891996
vn 0.110643998 -0.987058997 0.116072997
vn 0.168836996 -0.981956005 0.0851818994
vn 0.208915994 -0.974960983 0.0761931017
vn 0.104478002 -0.993385971 0.0476291999
vn 0.0825724006 -0.996505022 0.0126127005
vn 0.0133271003 -0.997466981 0.0698769018
vn -0.962049007 0.272639006 -0.0113540003
vn -0.943695009 0.323971003 0.0669495016
vn -0.930483997 0.359337002 0.0712513998
vn -0.895304024 0.439906001 0.0700958967
vn -0.903845012 0.426429003 0.0349725001
vn -0.98417002 0.169835001 0.0506504998
vn -0.985383987 0.164431006 0.0444946997
vn -0.995841026 0.0561949983 0.0717132986
vn -0.999495983 0 0.0317547992
vn -0.997422993 -0.0395314991 0.0598802008
vn -0.985713005 -0.164486006 0.0362513997
vn -0.989151001 -0.131965995 0.0645347014
vn -0.926840007 -0.36817199 0.0736062974
vn -0.942161977 -0.332139999 0.0448845997
vn -0.945150971 -0.324470997 0.0375271998
vn -0.967200994 -0.242823005 0.0745553002
vn 0.774676025 -0.632035971 0.0202160999
vn 0.788951993 -0.614066005 0.0218524002
vn 0.869773984 -0.493155986 0.0170323998
vn 0.879454017 -0.475937009 0.0066572302
vn 0.916060984 -0.400130987 0.0269750003
vn 0.945789993 -0.324690014 0.00763858017
vn 0.954657972 -0.296864003 0.0223619994
vn 0.986166 -0.164562002 0.0198870003
vn 0.981878996 -0.189500004 0.00189650001
vn 0.997937977 0.0573761016 0.0287868008
vn 0.999980986 0 0.00624794001
vn 0.997039974 -0.0703727975 0.0309717003
vn 0.986232996 0.164572999 0.0161608998
vn 0.984422028 0.175603002 0.00879807025
vn 0.929789007 0.363130003 0.0602428988
vn 0.931187987 0.363674015 0.0251139998
vn 0.91464299 0.402958989 0.0324295983
vn 0.945798993 0.324692994 0.00618414022
vn 0.958679974 0.283412009 0.0247029997
vn -0.0792085975 0.983523011 0.162507996
vn -0.0964682996 0.988559008 0.115948997
vn -0.178628996 0.980184019 0.0856162012
vn -0.174312994 0.982636988 0.0635541975
vn -0.119227 0.991151989 0.0583333001
vn -0.154404998 0.986449003 0.0554729998
vn -0.0678427964 0.994144976 -0.0840978026
vn -0.0394518003 0.997753978 0.0541373007
vn -0.0625170991 0.996448994 0.0564057007
vn 0.230159 0.927365005 0.294992
vn 0.0499795005 0.997182012 0.0559552014
vn 0.117211998 0.990225017 0.0756018013
vn 0.110806003 0.990571022 0.080572702
vn 0.237688005 0.968800008 -0.0702207983
vn 0.0761213005 0.990631998 0.113375001
vn 0.0797031 0.991698027 0.100904003
vn -0.0825762972 0.996550024 -0.00833848026
vn -0.0679564998 0.997628987 0.0109182
vn -0.245483994 0.969393015 0.00384124997
vn -0.196131006 0.980498016 0.012534
vn -0.290663004 0.953572989 0.0788248032
vn -0.237574995 0.968267024 0.0775775015
vn -0.246593997 0.966413975 0.0723595992
vn -0.246408999 0.963241994 0.106996998
vn -0.265215993 0.963768005 0.0284806006
vn -0.26790899 0.963117003 0.0250905007
vn -0.401569009 0.915485978 0.0250489991
vn -0.401569009 0.915485978 0.0250492003
vn -0.54677701 0.836903989 0.0250492003
vn -0.677069008 0.735493004 0.0250492003
vn -0.677069008 0.735493004 0.0250489991
vn -0.788892984 0.61401999 0.0250489991
vn -0.788892984 0.61401999 0.0250490997
vn -0.879198015 0.475798011 0.0250490997
vn -0.879198015 0.475798011 0.0250493009
vn -0.945519984 0.324598014 0.0250493996
vn -0.945519984 0.324598014 0.0250493009
vn -0.986051977 0.164543003 0.0250493009
vn -0.998350024 0.0516306013 0.0251230001
vn 0.661047995 0.749502003 -0.0355467983
vn 0.694114983 0.71942699 0.0250908006
vn 0.788892984 0.61401999 0.0250489991
vn 0.466538996 -0.884142995 0.0251336005
vn 0.54677701 -0.836903989 0.0250492003
vn 0.677069008 -0.735493004 0.0250492003
vn 0.677069008 -0.735493004 0.0250489991
vn 0.774590015 -0.631965995 0.0250901002
vn 0.796150029 -0.604978025 0.0121520003
vn -0.999249995 -0.00218968 0.0386695005
vn -0.998383999 -0.0509761982 0.0251224991
vn -0.986051977 -0.164543003 0.0250493009
vn -0.945519984 -0.324598014 0.0250493009
vn -0.945519984 -0.324598014 0.0250493996
vn -0.879198015 -0.475798011 0.0250493009
vn -0.879198015 -0.475798011 0.0250490997
vn -0.788892984 -0.61401999 0.0250490997
vn -0.788892984 -0.61401999 0.0250489991
vn -0.677069008 -0.735493004 0.0250489991
vn -0.677069008 -0.735493004 0.0250492003
vn -0.54677701 -0.836903989 0.0250492003
vn -0.401569009 -0.915485978 0.0250492003
vn -0.401569009 -0.915485978 0.0250489991
vn -0.245408997 -0.969096005 0.0250489991
vn -0.0825529993 -0.996272027 0.0250489991
vn -0.0825532973 -0.996272027 0.0250490997
vn 0.0825529993 -0.996272027 0.0250492003
vn 0.0825532973 -0.996272027 0.0250489991
vn 0.211472005 -0.977061987 0.0251061004
vn -0.0780076981 -0.995670021 0.0505581014
vn -0.111564003 -0.99059701 0.0791866034
vn -0.244717002 -0.966365993 0.0790636986
vn -0.228047997 -0.971239984 0.0684638023
vn -0.679924011 0.727918983 0.0885227993
vn -0.655348003 0.74525702 0.122924
vn -0.592117012 0.802405 0.0744616017
vn -0.545606017 0.835112989 0.0700059012
vn -0.530897975 0.843734026 0.0791205019
vn -0.400680989 0.91346103 0.0710150972
vn -0.389162004 0.917872012 0.0778644979
vn 0.244975999 0.967387021 0.0644206032
vn 0.244766995 0.966560006 0.0764873996
vn 0.113715 0.990553021 0.0766344965
vn 0.237691998 0.968670011 0.0719847977
vn 0.400471985 0.912984014 0.0779839978
vn 0.389813006 0.91820401 0.0703324005
vn 0.545221984 0.834523976 0.0793894008
vn 0.54351902 0.831916988 0.111810997
vn 0.531976998 0.843972981 0.0686310977
vn 0.675069988 0.733321011 0.0807494
vn 0.660591006 0.747758985 0.0669051036
vn 0.786478996 0.612142026 0.0820543021
vn 0.788892984 0.61401999 0.0250490997
vn 0.879198015 0.475798011 0.0250490997
vn 0.904745996 0.418300986 0.0803607032
vn 0.867018998 0.494161993 0.0638933033
vn 0.863690019 0.500074029 0.0629803985
vn 0.876417994 0.474292994 0.083296001
vn 0.77226001 0.631955028 0.0651729032
vn 0.730798006 -0.678349972 0.0759984031
vn 0.675633013 -0.733933985 0.0697173998
vn 0.456707001 -0.886435986 0.075168103
vn 0.535364985 -0.841040015 0.0776929036
vn 0.545563996 -0.835047007 0.0711079985
vn 0.662262022 -0.745096982 0.0789934024
vn 0.176404998 -0.776049972 -0.605498016
vn 0.176413 -0.776044011 -0.605503023
vn 0.176400006 -0.776058018 -0.605489016
vn -0.996125996 -0.0616144985 -0.0627371967
vn -0.996062994 -0.0614751987 -0.0638671964
vn -0.620630026 -0.0704545975 0.780932009
vn -0.810157001 -0.0663380995 0.582448006
vn -0.895143986 -0.0771303996 0.439054012
vn -0.967658997 -0.0548761003 -0.246222004
vn -0.979668975 -0.084632203 -0.181894004
vn -0.819473028 -0.0946504995 0.565248013
vn -0.837248981 -0.0526262 0.544283986
vn -0.836197019 -0.0547564998 0.545688987
vn -0.834509015 -0.0523165986 0.548505008
vn -0.802634001 -0.0523158014 0.594174027
vn -0.802634001 -0.052315101 0.594174027
vn -0.953104973 -0.0540258996 0.29777801
vn -0.953005016 -0.0542180985 0.29806301
vn -0.997260988 -0.0523349009 0.0522652008
vn -0.997260988 -0.0523371994 0.0522641987
vn -0.997260988 -0.0523365997 0.0522638001
vn -0.997260988 -0.0523354001 0.052264601
vn -0.997260988 -0.0523369014 0.0522634983
vn -0.997260988 -0.0523359999 0.0522641987
vn -0.392066985 -0.293606013 0.87182498
vn -0.37786901 -0.369085997 0.849111021
vn -0.280387998 -0.725284994 0.62876302
vn -0.099614501 -0.969545007 0.223738
vn -0.101457998 -0.968189001 0.228727996
vn -0.278836012 -0.729776025 0.624242008
vn -0.936770022 -0.256213993 -0.238361999
vn -0.90842998 -0.338770002 -0.244929999
vn -0.578310013 -0.802954972 -0.144293994
vn -0.658667982 -0.737598002 -0.148680001
vn -0.251700014 -0.965691984 -0.0639284998
vn -0.151186004 -0.988292992 -0.0204796996
vn -0.345494002 -0.938373029 -0.00948632043
vn -0.331681997 -0.943314016 -0.0120898001
vn -0.66069299 -0.744584978 -0.0952813998
vn -0.933902979 -0.337677002 -0.117472999
vn -0.983574986 -0.0570501015 -0.171250001
vn -0.195352003 -0.0352196991 0.980100989
vn -0.249842003 -0.0531538017 0.966826975
vn -0.247679994 -0.0540493988 0.967333019
vn -0.321191996 -0.0473078005 0.945832014
vn -0.312546998 -0.0522519983 0.948463976
vn -0.451588005 -0.0521055013 0.890703976
vn -0.451586992 -0.0521054007 0.890703976
vn -0.610203028 -0.0521053001 0.790530026
vn -0.610203028 -0.052105099 0.790530026
vn -0.735844016 -0.0521812998 0.675137997
vn -0.735844016 -0.0521814004 0.675137997
vn -0.821864009 -0.0685337037 0.565546989
vn -0.821842015 -0.068532601 0.565577984
vn -0.920634985 -0.0370923989 0.388657987
vn -0.81182301 -0.169899002 0.55863899
vn -0.719255984 -0.0741375014 0.690778017
vn -0.800117016 -0.0660817027 0.596193016
vn -0.885232985 -0.0666126981 0.460352987
vn -0.887745976 -0.067599602 0.455343008
vn -0.596487999 -0.0678272024 0.799750984
vn -0.482585013 -0.0815394968 0.872044981
vn -0.596239984 -0.0690452009 0.799830973
vn -0.289660007 -0.0602979995 0.955227971
vn -0.289352 -0.060333699 0.955318987
vn -0.588102996 -0.0675183982 0.80596298
vn 0.000248722004 -0.000105751002 1
vn 0.000353740994 -6.0428898e-05 1
vn -8.81752931e-06 1.50627989e-06 1
vn 0.000140057004 -0.000391876994 1
vn 4.07572988e-05 -0.00313598989 0.999994993
vn 1.42585998e-06 -6.58744011e-06 1
vn 0.806460977 -0.0836267024 0.585343003
vn 0.170745999 -0.0570795015 0.983659983
vn 0.363139004 -0.0754489973 0.928674996
vn 0.489338994 -0.0785318986 0.868551016
vn 0.235259995 0.787038982 0.570282996
vn 0.936511993 -0.0735132992 0.342842013
vn 0.715834975 -0.0747442022 0.694257975
vn 0.64518702 -0.0761203021 0.760222971
vn 0.663788021 -0.0764961019 0.743999004
vn 0.613039017 -0.0775061026 0.786242008
vn 0.879459023 -0.0704352036 0.470734
vn 0.91653502 -0.0735033974 0.393142998
vn 0.807313025 -0.0699765012 0.585959971
vn 0.872702003 -0.077368103 0.482084006
vn 0.87273699 -0.0748391002 0.482421011
vn 0.869898975 -0.0739682987 0.487652004
vn 0.655565977 -0.0757087022 0.751332998
vn 0.502623022 -0.0577969998 0.862572014
vn 0.367808014 -0.063023001 0.927763999
vn -0.377929002 -0.0636463985 0.923644006
vn -0.680657029 -0.0602291003 0.730122983
vn -0.422627002 -0.0545893982 0.90465802
vn -0.36747399 -0.0620542988 0.927960992
vn -0.856608987 -0.068076998 0.511454999
vn -0.533618987 -0.0563656017 0.84384501
vn -0.684662998 -0.0742063001 0.725072026
vn 0.370707005 0.582628012 -0.723271012
vn 0.434890002 0.0471000001 -0.899250984
vn 0.171810001 -0.00762277981 -0.985100985
vn 0.221457005 -0.0546291992 -0.973639011
vn 0.287667006 -0.0261227004 -0.957373977
vn 0.273487002 -0.0521054007 -0.960462987
vn 0.390603989 -0.0523115993 -0.919071019
vn 0.993158996 -0.0523357987 0.104386002
vn 0.993158996 -0.0523359999 0.104385003
vn 0.993158996 -0.0523361005 0.104385003
vn 0.279303014 -0.0524149016 -0.95877099
vn 0.279325992 -0.0523357987 -0.958769023
vn 0.279325992 -0.0523364991 -0.958769023
vn 0.279217988 -0.0525135994 -0.958791018
vn 0.27965799 -0.0521422997 -0.958683014
vn 0.279659003 -0.0521394983 -0.958682001
vn 0.279323012 -0.0523373 -0.958769977
vn 0.279327005 -0.0523356982 -0.958769023
vn 0.279325992 -0.0523361005 -0.958769023
vn 0.279325008 -0.0523361005 -0.958769023
vn 0.279325992 -0.0523362011 -0.958769023
vn 0.279325992 -0.0523356982 -0.958769023
vn 0.798959017 -0.0548071004 -0.598882973
vn 0.803928971 -0.0505324006 -0.592575014
vn 0.756852984 -0.0494346991 -0.651714027
vn 0.343667001 -0.0909081027 -0.934680998
vn 0.391860992 -0.0594020002 -0.918105006
vn 0.400090992 -0.071025297 -0.913718998
vn 0.706925988 -0.0527087003 -0.705321014
vn 0.578327 -0.118772998 -0.807112992
vn 0.62469703 0.00226506009 -0.780864
vn 0.400222987 -0.0982901007 -0.911131024
vn 0.37488699 -0.0542467982 -0.925481975
vn 0.874073029 -0.0523362011 -0.482968003
vn 0.874073029 -0.0523357987 -0.482968003
vn 0.900095999 -0.0522519015 -0.43254599
vn 0.919023991 -0.0733428001 -0.387317985
vn 0.958625972 -0.0316280015 -0.282905996
vn 0.958625972 -0.0316280015 -0.282905012
vn 0.97992003 -0.073422797 -0.185379997
vn 0.996415019 -0.0315724015 -0.0784927011
vn 0.996415019 -0.0315724015 -0.0784913972
vn 0.996989012 -0.0734556019 0.0248460993
vn 0.991101027 -0.0315641016 0.129317001
vn 0.991101027 -0.0315641016 0.129317999
vn 0.969467998 -0.0734407008 0.233960003
vn 0.942914009 -0.0316018015 0.331533015
vn 0.942915022 -0.0316018015 0.331530988
vn 0.898589015 -0.0733785033 0.432612985
vn 0.85394001 -0.0316876993 0.519406021
vn 0.787518978 -0.073268503 0.611918986
vn 0.728026986 -0.0318198986 0.684809983
vn 0.728027999 -0.0318198018 0.684809029
vn 0.641225994 -0.0731111988 0.763861001
vn 0.570622981 -0.0319994017 0.820589006
vn 0.466250002 -0.0729058012 0.881644011
vn 0.38854 -0.0322269015 0.92086798
vn 0.388538003 -0.0322269015 0.920868993
vn 0.302071989 -0.0620955005 0.951260984
vn 0.241881996 -0.0476513989 0.969134986
vn 0.205853999 -0.0533410013 0.977128029
vn 0.107291996 -0.99416399 0.0112768998
vn 0.572717011 -0.819489002 -0.0208035
vn 0.333777994 -0.938215971 0.0913441032
vn 0.188152 -0.981890023 -0.0221305992
vn 0.766952991 -0.636619985 0.0806099996
vn 0.766952991 -0.636619985 0.0806104988
vn 0.766336024 -0.637314975 0.0809883028
vn 0.767261028 -0.636476994 0.0787914023
vn 0.696879983 -0.705124021 0.130989999
vn 3.78707e-07 -1 -8.50588037e-07
vn -1.94348004e-07 -1 1.01854001e-08
vn -9.21693015e-08 -1 -2.34780003e-07
vn -0.0151401004 -0.999861002 -0.00701407995
vn -0.0128404004 -0.998354971 0.0558773018
vn 3.9215999e-07 -1 2.46410991e-07
vn 9.29664054e-07 -1 9.29662974e-07
vn -0.29240799 -0.602123976 0.742929995
vn -0.313666999 -0.636619985 0.704505026
vn -0.313264012 -0.636819005 0.704505026
vn -0.31279999 -0.636718988 0.704801977
vn -0.326382011 -0.666090012 0.670670986
vn -0.0451193005 -0.99524498 0.0863182023
vn -0.0446688011 -0.994533002 0.0943813995
vn -0.127116993 -0.94986099 0.285665005
vn -0.138466999 -0.945470989 0.294806987
vn -0.218509004 -0.840034008 0.496585011
vn -0.193845004 -0.815807998 0.544867992
vn 4.02770002e-06 -1 3.81905993e-05
vn 9.45155989e-06 -1 -6.21230993e-06
vn -8.63464993e-06 -1 -1.03008997e-05
vn -0.333449006 -0.939642012 -0.0767123029
vn -0.33328101 -0.939687014 -0.0768906027
vn 0.0383390002 -0.99911499 0.0173106007
vn -4.5772299e-07 -1 5.48011997e-07
vn -0.0109619005 -0.999930978 0.00422004005
vn 1.74491997e-05 -1 0.000201150004
vn -9.64879973e-07 -1 -2.33371998e-06
vn 0.000167449994 -1 -0.000298347994
vn 6.61650972e-07 -1 1.14581997e-06
vn 0.336742014 -0.93957299 -0.0617070012
vn 0.336353004 -0.93968302 -0.0621442012
vn 1.91031995e-06 -1 6.01583997e-06
vn 1.74217996e-06 -1 1.24917005e-06
vn 0.902417004 -0.104222 0.418069005
vn -0.329492003 -0.0689992979 0.941633999
vn -0.344778001 -0.0830788985 0.935001016
vn -0.270058006 -0.0522723012 0.961423993
vn -0.111813001 -0.0520078987 0.992367029
vn -0.143102005 -0.069249399 0.987281978
vn 0.986835003 -0.0620292984 0.149362996
vn 0.974340975 -0.0491290987 0.219648004
vn 0.94275701 -0.0488458984 0.329885006
vn 0.531311989 -0.0520075001 -0.845579028
vn 0.706149995 -0.0520076007 -0.706149995
vn 0.706149995 -0.0520082004 -0.706148982
vn 0.845578015 -0.0520080999 -0.531311989
vn 0.942605972 -0.0520079993 -0.329831988
vn 0.942605972 -0.0520076007 -0.329831988
vn 0.992371023 -0.0520075001 -0.111777999
vn 0.992368996 -0.0519689992 -0.111813001
vn 0.991968989 -0.0591990985 0.111768
vn 0.991720021 -0.115654998 0.0558215007
vn 0.991207004 -0.082136102 0.103740998
vn 0.329360992 -0.0745365992 -0.941258013
vn 0.356732011 -0.0521545 -0.932749987
vn 0.531311989 -0.0520082004 -0.845578015
vn 0.111795001 -0.0548865013 -0.992214024
vn 0.247335002 -0.0515559986 -0.967557013
vn -0.111683004 -0.0708597004 -0.991213977
vn -0.0863049999 -0.0521407984 -0.994903028
vn 0.108728997 -0.0520257987 -0.992708981
vn -0.335478991 -0.0584371015 -0.940232992
vn -0.203649998 -0.0508786999 -0.977720976
vn -0.706149995 -0.0520079993 0.706148982
vn -0.845578015 -0.0520080999 0.531311989
vn -0.942605972 -0.0520082004 0.329831988
vn -0.942605972 -0.0520075001 0.329833001
vn -0.992367029 -0.0520073995 0.111813001
vn -0.992367029 -0.0520079993 0.111812003
vn -0.992367029 -0.0520079993 -0.111813001
vn -0.992367983 -0.0520072989 -0.111812003
vn -0.942605972 -0.0520071983 -0.329831004
vn -0.942605972 -0.0520084985 -0.329831988
vn -0.845578015 -0.052008599 -0.531311989
vn -0.706149995 -0.052008599 -0.706149995
vn -0.706151009 -0.0520073995 -0.706148982
vn -0.531311989 -0.0520073995 -0.845578015
vn -0.531310976 -0.0520084016 -0.845579028
vn -0.329831988 -0.0520084016 -0.942605972
vn -0.455338001 -0.0508019999 0.888867974
vn -0.530525982 -0.0751857013 0.844327986
vn -0.556416988 -0.0521592982 0.829264998
vn -0.706149995 -0.0520073995 0.706149995
vn 0.954180002 -0.0783737004 0.288787991
vn 0.925396025 -0.0522309989 0.375387013
vn 0.845578015 -0.0520077012 0.531311989
vn 0.845578015 -0.0520078018 0.531311989
vn 0.706149995 -0.0520078018 0.706149995
vn 0.531311989 -0.0520078018 0.845578015
vn 0.531311989 -0.0520077012 0.845578015
vn 0.329831988 -0.0520077012 0.942605972
vn 0.329831988 -0.0520078987 0.942605972
vn 0.111813001 -0.0520078987 0.992367029
vn 0.111813001 -0.0520077012 0.992367029
vn -0.0522638001 -0.0522642992 0.997264981
vn -0.00982183963 -0.999951005 0.00112050003
vn 0.0161073003 -0.987406015 -0.157386005
vn -0.0180615 -0.997304976 0.0711053014
vn -0.86145699 -0.497747988 0.10069
vn -0.861681998 -0.497361988 0.100675002
vn -0.815016985 -0.497745991 0.296642005
vn -0.815235972 -0.497366011 0.29667899
vn -0.724637985 -0.497745007 0.476601988
vn -0.724846005 -0.497357011 0.476689994
vn -0.595196009 -0.497738004 0.630870998
vn -0.595368981 -0.497370005 0.630998015
vn -0.433661014 -0.497745991 0.751123011
vn -0.433802992 -0.497372001 0.751290023
vn -0.248750001 -0.497752011 0.830883026
vn -0.248712003 -0.497893989 0.830808997
vn -0.0756321028 -0.499480009 0.863017976
vn -0.0557105988 -0.286323011 0.956511974
vn 0.0251908991 -0.499844015 0.865749002
vn 0.150637001 -0.497460008 0.854308009
vn 0.150637001 -0.497372001 0.854358971
vn 0.343528986 -0.497747004 0.796388984
vn 0.343578011 -0.497373015 0.796602011
vn 0.517928004 -0.497750014 0.695698023
vn 0.518027008 -0.497366995 0.695897996
vn 0.664407015 -0.497747988 0.557503998
vn 0.66454798 -0.497368991 0.557673991
vn 0.775067985 -0.497747004 0.38925299
vn 0.775243998 -0.497368008 0.389387012
vn 0.843944013 -0.497745991 0.200019002
vn 0.844146013 -0.497366995 0.200106993
vn 0.867322981 -0.497745991 0
vn 0.867541015 -0.497366011 3.99344972e-05
vn 0.843945026 -0.497743994 -0.200019002
vn 0.844165027 -0.497366995 -0.200029999
vn 0.775071025 -0.497741014 -0.389254987
vn 0.775282979 -0.497361988 -0.389317006
vn 0.664408982 -0.497743011 -0.557505012
vn 0.664596021 -0.497373998 -0.557612002
vn 0.517928004 -0.497750014 -0.695698023
vn 0.51809299 -0.497363001 -0.695851982
vn 0.343528986 -0.497745991 -0.796389997
vn 0.343649 -0.497375995 -0.79656899
vn 0.150608003 -0.497754991 -0.854140997
vn 0.150683999 -0.497379988 -0.854345977
vn -0.0504308008 -0.497754008 -0.865850985
vn -0.0504023992 -0.497355998 -0.866080999
vn -0.248751998 -0.497736007 -0.830892026
vn -0.248776004 -0.497359008 -0.831110001
vn -0.433660001 -0.497752011 -0.751119971
vn -0.433735996 -0.497364998 -0.751332998
vn -0.595196009 -0.497738004 -0.630872011
vn -0.595315993 -0.497359008 -0.631057024
vn -0.724640012 -0.49774 -0.476604015
vn -0.724799991 -0.497361988 -0.476756006
vn -0.815016985 -0.497745991 -0.296642005
vn -0.815204978 -0.497372001 -0.296752006
vn -0.86145699 -0.497749001 -0.10069
vn -0.861670017 -0.497364998 -0.100754999
vn -0.107713997 -0.627973974 0.770744026
vn 0.811644018 -0.137536004 -0.567731023
vn 0.584155977 -0.342483997 0.735844016
vn -0.116011001 -0.0374208987 -0.992542982
vn -0.34178099 -0.0374104008 -0.939034998
vn -0.173501 0.0373882018 -0.984124005
vn -0.549125016 -0.0374105014 -0.834903002
vn -0.395761013 0.0373964012 -0.917591989
vn -0.72686398 -0.0374105982 -0.685760975
vn -0.596704006 0.0373956002 -0.801590025
vn -0.865418971 -0.0374104008 -0.499650002
vn -0.765479028 0.0373963006 -0.642373025
vn -0.957319021 -0.0374105982 -0.28660199
vn -0.892987013 0.0373964012 -0.448525995
vn -0.997609019 -0.0374104008 -0.0581041016
vn -0.972353995 0.0373960994 -0.230498999
vn -0.984117985 -0.0374105014 0.173527002
vn -0.999301016 0.0373960994 -4.59342991e-05
vn -0.917572975 -0.0374105982 0.395801991
vn -0.972374976 0.0373964012 0.230409995
vn -0.801562011 -0.0374100991 0.596741021
vn -0.893028021 0.0373960994 0.448444009
vn -0.642337024 -0.0374105982 0.765509009
vn -0.765537977 0.0373966992 0.64230299
vn -0.448486 -0.0374113992 0.89300698
vn -0.596777976 0.0373946019 0.80153501
vn -0.230453998 -0.0374091007 0.972364008
vn -0.395844012 0.0373976007 0.917555988
vn 0 -0.0374107994 0.999300003
vn -0.173572004 0.0373966992 0.984111011
vn 0.230453998 -0.0374112017 0.972364008
vn 0.0580577999 0.037395101 0.997613013
vn 0.448486 -0.0374088995 0.89300698
vn 0.286558002 0.0373959988 0.957333028
vn 0.642337024 -0.0374103002 0.765509009
vn 0.499610007 0.0373969004 0.865442991
vn 0.801562011 -0.0374090001 0.596741021
vn 0.685728014 0.0373970009 0.726895988
vn 0.917572975 -0.0374104008 0.395801991
vn 0.834878027 0.0373959988 0.549163997
vn 0.984117985 -0.0374099985 0.173526004
vn 0.939019978 0.0373967998 0.341823995
vn 0.997609019 -0.0374099016 -0.058104001
vn 0.992537975 0.0373960994 0.116057001
vn 0.957319021 -0.0374099985 -0.286603004
vn 0.992549002 0.0373963006 -0.115966
vn 0.865418971 -0.0374107994 -0.499650002
vn 0.939050972 0.0373957008 -0.341737002
vn 0.72686398 -0.0374105014 -0.685761988
vn 0.834928989 0.0373958983 -0.549085975
vn 0.549125016 -0.0374111012 -0.834903002
vn 0.685795009 0.0373958014 -0.726833999
vn 0.34178099 -0.0374101996 -0.939034998
vn 0.499689996 0.0373962 -0.865396976
vn -0.0290849991 0 -0.999576986
vn 0.0871834978 0 -0.996191978
vn 0.116011001 -0.0374087989 -0.992542982
vn 0.286650985 0.0373911001 -0.957305014
vn 8.74639028e-08 -1 3.89546017e-07
vn 9.28761949e-07 -1 1.94891001e-07
vn -1.96653014e-06 -1 -1.11775e-06
vn -2.80045015e-06 -1 -2.09600998e-07
vn 5.47508989e-07 -1 3.54023001e-07
vn 3.01745013e-06 -1 1.52311998e-07
vn 0.0370499007 -0.454605997 -0.889922023
vn 2.26558001e-07 -1 -2.33049011e-08
vn 7.44242996e-08 -1 -2.31897005e-07
vn -1.28738998e-06 -1 -8.53505981e-07
vn 0.0133651001 -0.999834001 -0.0123744002
vn 4.82170996e-08 -1 2.24709012e-07
vn -0.0155582996 -0.999866009 -0.00507713994
vn -5.98194993e-06 -1 1.60547995e-06
vn -1.45187997e-07 -1 -6.76608977e-07
vn -1.11317001e-06 -1 2.38856018e-07
vn 0.987577021 -0.114165001 0.107972004
vn -1.54868005e-07 -1 -6.74267028e-07
vn 7.89772969e-07 -1 -2.11616992e-07
vn 9.0846703e-07 -1 -1.94932014e-07
vn -0.00161097001 -0.999988019 -0.00463860994
vn 0.00381263997 -0.999992013 0.00132032996
vn 8.51280049e-07 -1 2.45115984e-06
vn -9.92092964e-07 -1 -2.04513003e-06
vn 9.92090008e-07 -1 2.04513003e-06
vn -0.977074981 -0.179726005 0.114118002
vn 3.57334989e-06 -1 -2.56898988e-06
vn -3.89814977e-06 -1 2.80249992e-06
vn 3.24441999e-06 -1 -2.60323009e-06
vn -4.14869021e-07 -1 2.75927992e-08
vn 5.95068002e-07 -1 -3.95777988e-08
vn -0.582835019 -0.758140981 0.292448997
vn 3.57328986e-06 -1 -2.56896988e-06
vn -3.57331987e-06 -1 2.56896988e-06
vn 5.91137962e-07 -1 0
vn 3.59146998e-06 -1 -1.17287993e-06
vn -5.91137962e-07 -1 0
vn -3.59146998e-06 -1 1.17288994e-06
vn 5.91148023e-07 -1 0
vn 4.11542987e-06 -1 -1.37767006e-06
vn 5.57215003e-07 -1 0
vn -8.68525967e-06 -1 3.88404987e-06
vn 1.88173999e-06 -1 1.27509998e-06
vn -1.8817201e-06 -1 -1.27508997e-06
vn -3.15509027e-07 -1 3.0096902e-07
vn 9.27582005e-06 -1 -8.84834026e-06
vn 9.42593033e-06 -1 -2.42091983e-06
vn 2.53717985e-06 -1 1.64029007e-06
vn 0.673843026 0.35484001 0.648092985
vn -3.45034005e-06 -1 -4.09677978e-06
vn 8.14783959e-07 -1 4.8589402e-07
vn -3.24008988e-06 -1 -4.29353986e-06
vn 1.2830501e-06 -1 6.28410021e-07
vn -2.06346016e-07 -1 -1.24175003e-07
vn -2.70101009e-06 -1 -3.00662987e-06
vn 1.59061003e-07 -1 -4.94245e-08
vn -0.934310973 0.0114374002 0.356276006
vn -0.973360002 -0.0621272996 0.220703006
vn -0.94619298 0.0537064001 -0.319115996
vn -0.581218004 -0.110078 -0.80626899
vn -0.319839001 0.0793882012 -0.944140017
vn 0.374862999 0.0810583979 0.923529983
vn -0.144171998 -0.110405996 0.983374
vn -0.386720985 0.0229439009 0.921911001
vn 0.923877001 -0.0808847994 0.374045014
vn 0.614351988 -0.0225689001 -0.788708985
vn 0.669349015 -0.0711989999 -0.739529014
vn 0.959641993 0.0374055989 -0.278726995
vn 0.901115 -0.112875 0.418628991
vn 0.208923995 0.0893255025 -0.973843992
vn -0.134968996 -0.0577560998 -0.989165008
vn -0.754792988 0.0450311005 -0.654415011
vn -0.633853018 -0.0615292005 -0.771003008
vn -0.969429016 0.0369837992 -0.242569
vn -0.975974023 -0.0597776994 0.209527001
vn -0.925336003 0.0271345004 0.378176004
vn -0.306896001 -0.0319169015 0.951207995
vn -0.209714994 0.0319118015 0.977241993
vn 0.733965993 -0.0373824015 0.678156972
vn 0.65000701 -0.124089003 0.749728978
vn 0.964165986 0.0605190992 0.258305013
vn 0.925426006 0.0252854005 -0.378082991
vn 0.806797028 -0.119580999 -0.578601003
vn 0.612268984 -0.0319042988 0.790005982
vn -0.209480003 0.0290147997 0.977382004
vn -0.305418998 -0.0329768993 0.951646984
vn -0.948834002 0.0364103988 0.313668996
vn -0.989633024 -0.10131 0.101798996
vn -0.782792985 0.0999353006 -0.614205003
vn -0.321655005 -0.103311002 -0.941204011
vn 0.393795013 -0.085275501 -0.915234029
vn 0.922712982 0.0813234001 -0.376810998
vn 0.996101022 -0.0746242031 0.0470509008
vn 0.965758026 -2.46493005e-06 0.259445995
vn 0.662342012 -3.76259995e-05 0.749202013
vn 0.950167 -0.0317744985 0.310119003
vn 0.381897002 0.0268949997 0.923812985
vn 0.209378004 -0.0634170994 0.975776017
vn -0.33987999 0.0511898994 0.939074993
vn -0.731483996 -0.0862620994 0.676379979
vn -0.946124017 0.0827822983 0.313044995
vn -0.958793998 -0.104511999 -0.264180005
vn -0.776820004 0.0615895987 -0.626703024
vn -0.261319011 -0.0387391001 -0.964474976
vn 0.71302402 -0.0828823969 -0.696223974
vn 0.897705972 0.0706721023 -0.434890002
vn 0.944242001 -0.0428362004 0.326454014
vn 0.360143006 0.0135284001 0.932798982
vn 0.221963003 -0.0623558015 0.973058999
vn -0.325271994 0.0537551008 0.944091022
vn -0.654151022 -0.0530477017 0.754501998
vn -0.920014977 0.0482049994 0.388907999
vn -0.965927005 -3.87102991e-05 0.258816987
vn -0.945110023 1.78162991e-05 -0.32675299
vn -0.92534399 -0.0271648001 -0.37815401
vn -0.378129989 0.0271579009 -0.925354004
vn -0.209430993 -0.0597542003 -0.975996017
vn 0.258610994 0.0404780991 -0.965133011
vn 0.773322999 -0.0490380004 -0.63211298
vn 0.653524995 0.0687166005 -0.753778994
vn 0.95481801 0.0190286003 0.296581
vn 0.103628002 -0.0551891997 -0.993084013
vn -0.376648992 0.0990917012 -0.921041012
vn -0.937377989 -0.125200003 -0.325035006
vn -0.95728302 -0.0844231993 -0.276553988
vn -0.899221003 0.0843748003 0.42928201
vn -0.325055987 -0.124755003 0.937430024
vn -0.209733993 -0.0287200008 0.977337003
vn 0.65379101 0.0627181008 0.754070997
vn 0.905112028 -0.113923997 0.409626991
vn 0.990445018 0.0271405 0.135212004
vn 0.790045023 -0.0271525998 -0.612447023
vn -0.304836005 0.117592998 -0.945116997
vn -0.937431991 -0.124769002 -0.325046003
vn -0.977020979 -0.0297935996 -0.211050004
vn -0.736537993 0.053335499 0.674290001
vn -0.323945999 -0.149103001 0.934252024
vn -0.255964994 -0.102900997 0.961193979
vn 0.258341998 0.0605197996 0.964155972
vn 0.706709981 0.0334895998 0.706709981
vn 0.934284985 -0.148885995 0.323951989
vn 0.960750997 -0.103385001 0.257429987
vn 0.973354995 0.0493617989 -0.223925993
vn 0.60659498 0.0207106005 -0.794740975
vn 0.322658986 -0.173151001 -0.930543005
vn -0.978726029 -0.0282192994 -0.203222007
vn -0.669773996 0.00980050024 -0.742500007
vn -0.612263978 -0.0271624997 -0.790187001
vn 0.210683003 0.0312922001 -0.977052987
vn 0.410196006 -0.102554999 -0.906212986
vn 0.921079993 0.0990625024 -0.376560003
vn 0.937786996 -0.124090999 0.324277997
vn 0.993009984 0.056880299 0.103422999
vn 0.611469984 -0.0577562004 0.789156973
vn 0.305864006 0.089377597 0.947871029
vn -0.293810993 -0.0858019963 0.952005029
vn -0.611710012 0.0557876006 0.789111972
vn -0.953616023 -0.0485972017 0.297078013
vn 0.270321012 -0.0075599798 -0.962741017
vn -0.329270005 0.0248489995 -0.943908989
vn -0.611903012 -0.0441110991 -0.789701998
vn -0.707108021 -7.82254972e-07 -0.707104981
vn -0.980660021 -3.68148994e-06 -0.195717007
vn -0.714667022 -0.114584997 0.690015972
vn -0.612414002 -0.0210669003 0.790256023
vn 0.281847 0.0703425035 0.956876993
vn 0.516018987 -0.0962594971 0.851152003
vn 0.994279027 0.0262125004 0.103550002
vn 0.751501977 -0.358197004 0.554022014
vn 0.938551009 0.112253003 -0.326375991
vn 0.410183996 -0.102535002 -0.906220019
vn -0.198533997 0.0579909012 -0.978376985
vn -0.61185497 -0.0456342995 -0.789653003
vn -0.856848001 0.0797737986 -0.509361029
vn -0.989854991 -0.0977711976 -0.103096001
vn -0.728507996 0.126864001 0.673187971
vn -0.409411013 -0.119548 0.904483974
vn 0.189236 0.0552801006 0.980373979
vn 0.611898005 -0.0441111997 0.789705992
vn 0.994620979 0 0.103584997
vn 0.990589976 -0.0210600998 0.135232002
vn 0.668825984 0.0722820982 -0.739897013
vn 0.409401 -0.119544998 -0.904488981
vn 0.326799005 0 -0.945093989
vn -0.326824993 0 -0.945084989
vn -0.258664012 -0.0350864008 -0.965330005
vn -0.789113998 0.0577544011 -0.611526012
vn -0.967634976 -0.125865996 -0.218722999
vn -0.945048988 0.117679 0.305014998
vn -0.479690999 -0.0829190984 0.873511016
vn -0.326806992 0 0.945091009
vn 0.326817006 0 0.945088029
vn 0.258652002 -0.0350880995 0.965332985
vn 0.789113998 0.0577545986 0.611524999
vn 0.967634976 -0.125863999 0.218723997
vn 0.945046008 0.117683999 -0.305023015
vn 0.479696006 -0.0829238966 -0.873507977
vn 0.97429502 -0.0372850001 0.222170994
vn 0.378118008 0.0271343999 0.925360024
vn 0.326811999 0 0.945088983
vn -0.326784998 0 0.945098996
vn -0.458117008 -0.0708298013 0.886065006
vn -0.922900975 0.0814540982 0.376323014
vn -0.983774006 -0.108386002 -0.142973006
vn -0.91723299 0.0306576993 -0.397168994
vn -0.288738012 -0.0265181996 -0.957041025
vn -0.336759001 0 -0.941591024
vn 0.323020995 0 -0.946392
vn 0.47905001 -0.082650803 -0.873888016
vn 0.916073024 0.103945002 -0.387306005
vn 0.937997997 -0.122483999 0.324279994
vn 0.258837014 0.0335078016 -0.965340018
vn -0.186581001 -0.148837999 -0.971099973
vn -0.257355988 -0.103379004 -0.960771024
vn -0.786548018 0.0990115032 -0.609539986
vn -0.974362016 -0.124778003 0.187215
vn -0.94965601 -0.0243271999 0.312348992
vn -0.214677006 0.0757369995 0.973743975
vn 0.185837999 -0.173152998 0.967203021
vn 0.736651003 0.117668003 0.665957987
vn 0.974363983 -0.124757998 -0.187215
vn 0.974340975 -0.124562003 -0.187468007
vn 0.705915987 0.0605157986 -0.705704987
vn -0.931622028 -0.0232155006 0.362686008
vn -0.984425008 -0.132514998 0.115526997
vn -0.957560003 0.0623449013 -0.281410009
vn -0.399518996 -0.0149716996 -0.916603029
vn -0.419977993 -1.30173994e-05 -0.907534003
vn 0.306286007 0.0946585014 0.947221994
vn -0.143754005 -0.138051003 0.979937017
vn -0.619067013 0.0674955025 0.78243202
vn 0.954025984 -0.0988131985 0.282965988
vn 0.335391015 2.16862009e-05 -0.942079008
vn 0.469909012 -0.0770320967 -0.879347026
vn 0.925377011 0.0791442022 -0.370692015
vn 0.936613023 -0.133972004 0.323740005
vn 0.0213590004 0.0829036981 -0.99632901
vn -0.727321029 -0.138824001 -0.672110021
vn -0.911163986 0.0657178983 -0.406769007
vn -0.96538502 0.0334803015 0.258673012
vn -0.80726701 -0.113959 0.579079986
vn -0.612321019 0.0271049999 0.790144026
vn 0.296599001 -0.0373600014 0.954271019
vn 0.306695998 -0.0290067997 0.951364994
vn 0.975076973 0.0720653012 0.209837005
vn 0.987344027 -0.12494 -0.0976822004
vn 0.736580014 0.0496627018 -0.674525023
vn 0.306620985 -0.0597576983 -0.949953973
vn -0.327387989 0.0789711997 -0.941583991
vn -0.731218994 -0.0822431967 -0.677166998
vn -0.971309006 0.0892452002 0.22044
vn -0.544878006 -0.0557790995 0.836658001
vn -0.097948201 0.100080997 0.990145981
vn 0.916009009 -0.102375999 0.387872994
vn 0.678601027 -0.0306883007 -0.733865976
vn 0.215822995 -0.0456277989 0.975365996
vn -0.530250013 0.059587501 0.845745027
vn -0.716602981 -0.00933142006 0.697418988
vn -0.977213979 0.0123774 -0.211896002
vn -0.953257024 -0.0143032996 -0.301820993
vn -0.378233999 0.0120198997 -0.925632
vn -0.209746003 -0.0264886003 -0.977397025
vn 0.326687992 0.0244986005 -0.94481498
vn 0.741253972 -0.0396820009 -0.670050025
vn 0.939840019 0.0332131982 -0.339996994
vn 0.953536987 -0.0281569008 0.299957007
vn 0.747893989 0.0621451996 0.660902977
vn -0.0983477011 -0.0455798991 -0.994108021
vn -0.307134002 0.0141457999 -0.951560974
vn -0.975252986 -0.0165682007 -0.220468998
vn -0.994778991 0.0270234998 -0.0984141007
vn -0.412164986 -0.0270229001 0.91070801
vn -0.407474995 -0.0252080001 0.912868023
vn 0.378140002 0.0255947001 0.925395012
vn 0.670053005 -0.0396809988 0.741252005
vn 0.976970971 0.0396817997 0.209647998
vn 0.953458011 -0.0560748987 -0.29626599
vn 0.669654012 0.0523832999 -0.740822971
vn 0.187576994 0.107464001 -0.976354003
vn -0.44195801 -0.0741842017 -0.893962979
vn -0.951072991 0.0901196003 -0.295531005
vn -0.824298024 -0.057045199 0.563274026
vn -0.756080985 -0.0230834 0.654070973
vn -0.0208673999 0.0621987991 0.997846007
vn 0.370097995 -0.0248687007 0.928659976
vn 0.910180986 0.0283988006 0.413237005
vn 0.978266001 0.0886747986 0.187437996
vn 0.847021997 -0.0380471982 -0.530194998
vn -0.116113 -0.000181305993 -0.993236005
vn -0.116093002 -2.52960017e-05 -0.993237972
vn -0.341410011 -0.00303760008 -0.939909995
vn -0.342014998 -0.0053359 -0.939679027
vn -0.343407989 0.000559484994 -0.939185977
vn -0.549297988 0.00260961009 -0.835622013
vn -0.549508989 0.000726595987 -0.835487008
vn -0.727374017 -0.000926358975 -0.686240971
vn -0.72724402 0.000502243987 -0.686379015
vn -0.866232991 -0.00336045003 -0.499628991
vn -0.866015017 -0.00495254016 -0.49999401
vn -0.86542201 -0.000371208997 -0.501043022
vn -0.957989991 3.56784985e-05 -0.286803007
vn -0.957991004 0 -0.286799014
vn -0.998308003 0 -0.0581449009
vn -0.998301029 0.000861661974 -0.0582588986
vn -0.984880984 -0.000612232019 0.173230007
vn -0.984807014 0.000951474009 0.173648
vn -0.918214023 0.00188552996 0.396079004
vn -0.815149009 -0.508292973 0.277797014
vn -0.802120984 -0.00256505003 0.597155988
vn -0.802461982 0.00174096006 0.596701026
vn -0.645182014 -0.00594465993 0.764006019
vn -0.642777026 0.00569556979 0.766031981
vn -0.641691983 0.000209759004 0.766961992
vn -0.449137002 -0.000516426982 0.893463016
vn -0.448796988 0.00233465992 0.893630028
vn -0.230615005 -0.00313110999 0.973039985
vn -0.231019005 0 0.972949028
vn -1.77887996e-05 0.000134153001 1
vn 0.230560005 -0.000413705013 0.973057985
vn 0.230616003 1.89873008e-05 0.973044991
vn 0.448799014 -6.72895985e-05 0.893633008
vn 0.449084997 -0.00249741995 0.893486023
vn 0.64278698 0.000240188994 0.766044974
vn 0.642982006 -0.00167917996 0.765879989
vn 0.805751979 -0.119763002 0.580017984
vn 0.80212301 0.000135776005 0.597158015
vn 0.79953301 -0.115409002 0.589429975
vn 0.918097019 -0.0161300991 0.396028012
vn 0.917268991 0.000796734996 0.398268998
vn 0.984825015 -0.000538658991 0.173548996
vn 0.984807014 -0.00129685004 0.173648
vn 0.99830699 0.00158206001 -0.0581448004
vn 0.998296022 0 -0.0583547018
vn 0.957989991 0 -0.286803007
vn 0.865365028 0 -0.501142025
vn 0.866015017 -0.00492999982 -0.49999401
vn 0.864371002 -0.0165765006 -0.502582014
vn 0.727339983 0.000352441013 -0.686276972
vn 0.727374017 0.000714919996 -0.686240971
vn 0.549717009 -0.00151543005 -0.835349977
vn 0.549508989 0.000361220998 -0.835487008
vn 0.342020005 -0.000593077973 -0.93969202
vn 0.342097998 3.19167993e-05 -0.939664006
vn 0.116093002 -2.33349983e-05 -0.993237972
vn 0.116104998 6.67429995e-05 -0.993237019
vn -0.000174539004 -1 -7.60123003e-05
vn 4.0954601e-06 -1 -4.24753989e-06
vn -1.84716998e-06 -1 -1.64181003e-07
vn -1.12686003e-07 -1 1.44667013e-07
vn 6.82875998e-06 1 1.48620003e-07
vn 0.00342958001 -0.99999398 0.000345051987
vn 0.00069694902 0.999998987 0.00161027
vn 2.38872999e-05 -1 0.000166458005
vn 3.80884994e-05 -1 7.99531972e-06
vn 3.13701008e-07 -1 -2.7509401e-07
vn -2.47115986e-06 -1 -9.46107946e-07
vn -6.53565962e-07 -1 3.9518801e-07
vn -7.46932983e-07 -1 4.51643984e-07
vn -1.09951998e-06 -1 4.19276006e-07
vn 2.10258008e-06 -1 7.42866973e-07
vn 0.125891 0.229243994 -0.965193987
vn -3.09449007e-07 -1 -3.09189005e-07
vn 1.14514987e-05 -1 1.0094599e-05
vn -0.470108002 -0.154197007 -0.869035006
vn -3.7069799e-06 -1 -6.40267972e-05
vn 5.36269981e-05 1 -3.35637997e-05
vn 0.477423012 0.00190854003 -0.878672004
vn -3.09120005e-05 -1 -0.00051256601
vn 0.0114944996 -0.999378979 -0.0332999006
vn 2.41771995e-05 -1 -7.33366978e-05
vn -1.87585999e-06 -1 -7.20604976e-06
vn -8.3435898e-06 -1 -1.70248995e-06
vn 0.0116961002 -0.999751985 0.0189337991
vn -3.45741e-07 -1 1.10753001e-06
vn -0.000749262981 1 0.000320961
vn -4.99954979e-07 -1 1.03214006e-06
vn -7.15486967e-05 -1 5.16481014e-05
vn -4.94899978e-05 -1 6.38424972e-05
vn 8.43194994e-06 -1 1.73334001e-06
vn 1.86809993e-05 -1 3.3921001e-06
vn 3.63642016e-07 -1 -1.48666004e-07
vn -1.82244985e-05 -1 -1.15134999e-05
vn 3.3419899e-06 1 -1.30849003e-05
vn -1.05412994e-06 -1 3.5882799e-08
vn -4.77383983e-05 -1 -6.12807999e-05
vn 4.60892988e-05 -1 2.59997978e-05
vn 3.5339001e-06 1 2.40389022e-06
vn 0.000168366998 1 -0.000480813003
vn 0.00102219998 -1 -4.48434002e-05
vn 0.000298233004 -1 -8.06162006e-06
vn 3.60535e-06 -1 -8.10144957e-06
vn -3.02790994e-07 -1 -1.89705986e-06
vn -8.2493699e-07 -1 3.61893981e-08
vn -6.34480966e-05 -1 1.52196999e-05
vn -6.31344956e-05 -1 2.87264011e-05
vn -0.000115666997 1 0.000145391998
vn -0.000220468995 1 -7.50408944e-05
vn 1.98854996e-05 -1 -0.000125923005
vn 5.84564004e-05 -1 -2.11471997e-05
vn 4.59440998e-05 -1 -0.000140696997
vn 3.06235997e-05 -1 -0.000586311973
vn 9.23618018e-08 -1 -1.76833998e-06
vn 8.23503001e-07 -1 -4.95146969e-06
vn -8.96123947e-06 -1 -1.00444995e-05
vn 8.84381006e-06 -1 -3.30049988e-05
vn 5.12475026e-06 -1 1.22996994e-06
vn 8.30284023e-07 -1 -2.32705988e-05
vn -2.13508997e-06 -1 -1.17346999e-05
vn 8.7850907e-07 -1 7.76325976e-07
vn -0.00454050023 0.99990499 0.0130305002
vn -0.00036387 1 0.000172351996
vn -0.00108687999 -0.999998987 0.000168402999
vn 0.000535721018 1 -0.000491150015
vn 0.000586414011 -1 0.00068192702
vn 0.000944948988 -0.999998987 0.000729791005
vn 6.11055975e-06 -1 -1.85581996e-06
vn -1.30392004e-06 -1 2.15274008e-06
vn 1.16894995e-07 -1 1.05676996e-07
vn -2.85683e-05 -1 2.77067993e-05
vn -0.000285851012 -1 5.83521978e-05
vn -2.0199202e-06 1 -5.38972017e-07
vn 3.71482997e-07 -1 -1.07257996e-07
vn 2.54800989e-06 1 6.79882987e-07
vn 9.14869961e-05 1 -3.73769981e-05
vn 1.65122001e-05 -1 2.21998998e-05
vn 7.20678031e-07 1 7.34576986e-07
vn -1.75237005e-07 1 1.77145e-06
vn -0.751725018 -0.429030001 -0.500841975
vn 0.688511014 -0.684855998 -0.238590002
vn 0.376810998 -0.544606984 0.749276996
vn -5.68880978e-07 -1 -7.64834965e-07
vn 1.01406999e-06 1 1.49601999e-06
vn -0.000809577992 0.999998987 0.00128962996
vn 0.000176101006 -1 5.67841998e-05
vn -3.20100989e-05 -1 0.000514898973
vn -0.000311917014 -1 0.000749455008
vn 1.78202993e-06 -1 -2.20915013e-06
vn 6.97396972e-05 1 -4.95823997e-06
vn 0.905354023 -0.144273996 -0.399397999
vn 0.177471995 -0.0292466003 -0.983690977
vn -0.00076366798 0.999993026 0.00354727008
vn -0.00177046005 0.999985993 0.00508368015
vn -0.000214066997 -1 -0.000543144997
vn 3.11809998e-07 -1 -6.36012999e-07
vn 0.000786850986 -0.999997973 -0.00160497997
vn 6.31044998e-07 1 -3.21022003e-06
vn 8.14435916e-05 -1 -7.55368001e-06
vn -8.21562935e-05 1 -0.000306614995
vn 3.16889015e-07 -1 4.67899e-08
vn -3.75732998e-06 1 3.63558001e-08
vn -8.00251928e-06 -1 7.90181002e-06
vn 8.20699029e-08 -1 9.43288043e-08
vn -1.46011996e-06 -1 -5.38614017e-07
vn -0.00142381003 0.999997973 -0.00162734999
vn 0.917264998 -0.210085005 0.338362992
vn -0.970929027 0.231463 0.0610070005
vn 0.000420035998 1 -0.000146064995
vn -0.977910995 -0.00832896028 -0.208856001
vn 0.00204637996 -0.999997973 0.000405683997
vn -0.000228813005 0.99990499 0.0137945004
vn -5.48062008e-06 1 -1.70472003e-06
vn 1.88586e-05 -1 4.68239978e-06
vn -7.93204981e-06 1 4.12868976e-05
vn -4.47427992e-05 -1 -5.55015004e-06
vn 6.49686001e-07 -1 4.17932995e-07
vn -4.48387e-05 1 4.14339011e-05
vn 0.00504586985 -0.999966025 0.00659113005
vn -0.000116000003 -1 -0.000136354007
vn -2.17965999e-06 1 -2.17965999e-06
vn -2.29695002e-06 1 -2.31064996e-06
vn 3.91390968e-05 1 3.02473982e-05
vn 1.23251994e-05 -1 -1.3635e-05
vn -7.68136999e-07 -1 2.23540992e-05
vn -2.52755996e-07 -1 -2.03902005e-07
vn -7.49114974e-07 -1 -4.35270039e-07
vn -2.06592986e-07 -1 -3.04778013e-07
vn 3.41262023e-07 -1 -1.17739e-06
vn -9.81944027e-07 1 -2.98242003e-06
vn 1.08203005e-06 -1 -4.62656953e-06
vn 2.92415007e-06 -1 -7.83519965e-07
vn 1.03037e-05 -1 -7.29166004e-06
vn -1.14420991e-05 1 2.26446009e-05
vn -0.000180328003 -1 0.000208283993
vn 0.000521502981 1 -0.000166921003
vn 2.32140991e-07 -1 -2.05991e-06
vn 9.14495004e-08 -1 -8.1147806e-07
vn 0.000795557979 -0.999997973 0.00194890995
vn -0.000780304021 -1 0.000252683996
vn 0.000593160978 -0.999997973 0.00209044991
vn 3.73646998e-07 -1 1.31681998e-06
vn 1.34629001e-08 -1 1.67063001e-06
vn 9.86091067e-08 -1 1.22364991e-05
vn 1.91913998e-07 -1 7.16256011e-07
vn 1.86673006e-07 -1 7.70501003e-07
vn -0.000329642004 -1 0.000948187022
vn 8.2730503e-06 -0.99999398 0.00352688995
vn 0.000371798 -0.999998987 0.00138754002
vn -5.72490026e-05 -0.999994993 0.00324364007
vn -2.8731499e-08 -1 1.62788001e-06
vn -5.63106994e-07 -1 2.23605994e-07
vn -2.7641002e-07 -1 1.09760002e-07
vn -3.33168003e-07 -1 -8.84027941e-07
vn -4.52640023e-07 -1 -5.25493022e-07
vn -2.68777001e-07 -1 8.67477965e-08
vn -0.000278799009 -1 0.000368156994
vn 0.000167973005 -1 0.000218173998
vn -2.24207994e-07 -1 -8.94647982e-08
vn -7.70195015e-07 1 1.37973996e-06
vn -1.15988987e-05 -1 -2.30768001e-05
vn -4.23960992e-05 -1 -2.72728012e-05
vn 5.91927983e-06 -1 9.27036035e-06
vn 1.74965999e-06 -1 1.51659003e-06
vn -1.11228001e-05 -1 -1.44787e-05
vn 1.62262995e-06 -1 -1.94309996e-06
vn -1.51071006e-07 -1 -8.0135402e-07
vn 2.56731994e-07 -1 6.27801001e-07
vn -0.00521124993 -0.185636997 0.98260498
vn -0.311657995 0.28818801 0.905438006
vn -0.885985017 -0.355468988 0.297778994
vn -0.88280803 -0.465622991 0.0620042011
vn -0.854861975 0.518836021 -0.0044602002
vn -0.564432979 0.783631027 -0.259496003
vn -0.570389986 -0.257413 -0.779995978
vn -0.416597992 0.540857017 -0.730699003
vn -0.156434 0.490406007 -0.857339025
vn 0.121547997 -0.316944987 -0.940622985
vn 0.257335007 -0.897647023 -0.357784003
vn 0.790503979 -0.128597006 -0.598803997
vn 0.703667998 -0.406201005 -0.582967997
vn 0.755648971 0.446090013 0.479582012
vn 0.271589011 -0.931382 0.242419004
vn 0.53578198 -0.834281027 0.130050004
vn 0.444839001 0.383495986 0.809351027
vn 0.450675994 -0.794355989 0.407296985
vn -0.000166839003 -0.999976993 0.0068518701
vn -0.00907840021 -0.857815981 0.513876021
vn 0.193193004 -0.949446976 0.247442007
vn 0.00102700002 0.99999702 0.00200354005
vn -0.0122745 -0.999916971 -0.00380226993
vn -0.00592961023 -0.999981999 0.00109317002
vn -0.000754592009 -0.99999702 0.00231804
vn 3.18036e-05 -1 0.000393511989
vn -3.13508972e-05 -1 0.000521307986
vn -0.71122098 0.200424999 -0.673790991
vn -0.313663006 -0.945574999 -0.086622797
vn -0.590655029 0.432399005 -0.681290984
vn 0.000653502997 -1 -8.3607898e-05
vn -0.000147379003 -1 -4.91698956e-05
vn -0.000732176006 -1 0.000211400999
vn -0.000367814995 -1 0.000172868997
vn -0.187333003 -0.979171991 0.0782876015
vn -0.485875994 -0.239243001 0.840646982
vn -0.473389 -0.166162997 0.865038991
vn -0.000107362001 -1 9.37727964e-05
vn 0.401454985 0.0764330998 -0.912684023
vn 0.706865013 -0.393234015 -0.587970972
vn 0.0965092033 -0.976592004 -0.192236006
vn 0.0429700017 -0.96855098 -0.245075002
vn 0.136990994 0.771609008 -0.621170998
vn -0.465999991 0.742712975 -0.480854005
vn 0.333101988 0.868223011 0.367740005
vn 0.988427997 0.151621997 0.00451212982
vn 0.948854029 -0.202401996 -0.242299005
vn 0.575574994 0.809957027 -0.112622
vn 0.162584007 -0.975876987 -0.145704001
vn 0.000850385986 -0.104983002 0.994473994
vn -0.167609006 0.329762012 0.929066002
vn -0.241310999 -0.258444995 0.935401022
vn -0.475854993 -0.148634002 0.86687398
vn -0.660080016 -0.258177996 0.705434978
vn -0.714062989 0.382523 0.586336017
vn -0.673201978 -0.60431999 0.42614001
vn -0.905228972 0.143491 0.399962991
vn -0.929114997 -0.214981005 0.300877988
vn -0.802275002 -0.577063978 -0.152813002
vn -0.722492993 -0.344720006 -0.599309981
vn -0.28669101 -0.618897021 -0.731283009
vn -0.121509999 -0.326088011 -0.937497973
vn 0.344702989 -0.342471987 -0.874010026
vn 0.808090985 -0.449627995 -0.380557001
vn 0.814127028 -0.578247011 0.0531704985
vn 0.930898011 -0.207769006 0.300435007
vn 0.674215972 -0.174276993 0.717676997
vn 0.19145 -0.642149985 0.74228698
vn 0.162375003 0.262470007 0.951179981
vn -0.125119999 0.0652360991 -0.989995003
vn -0.152097002 0.0378405005 -0.987640977
vn -0.272289991 -0.0374961011 -0.961485028
vn -0.367372006 0.0651888028 -0.927787006
vn -0.480821013 -0.0632425025 -0.874535024
vn -0.586715996 0.0653245971 -0.807154
vn -0.683187008 -0.0629991964 -0.727521002
vn -0.769327998 -0.0648662001 -0.635551989
vn -0.672264993 0.188577995 -0.71588999
vn -0.842553973 -0.0647912025 -0.53470099
vn -0.903088987 -0.0650897026 -0.424492002
vn -0.828851998 0.190586001 -0.52600503
vn -0.949041009 -0.0650689006 -0.308362007
vn -0.980279028 -0.0648941994 -0.186661005
vn -0.933703005 0.190158993 -0.303377986
vn -0.995944023 -0.0645676032 -0.062659502
vn -0.995880008 0.0653781965 0.0628456995
vn -0.98032397 -0.0631918982 0.187006995
vn -0.94887501 -0.0650181025 0.308881998
vn -0.964398026 0.189978004 0.183969006
vn -0.902916014 -0.0649639964 0.424879998
vn -0.842348993 -0.0650039017 0.534999013
vn -0.888251007 0.190534994 0.417979002
vn -0.768877983 -0.0651198998 0.636071026
vn -0.682601988 -0.0649503022 0.727898002
vn -0.75663197 0.188960999 0.625940979
vn -0.586547017 -0.0649067014 0.807309985
vn -0.480053008 -0.0652349964 0.87480998
vn -0.577130973 0.189521998 0.794355989
vn -0.367347986 -0.0648749024 0.927818
vn -0.247957006 -0.0650598034 0.966584027
vn -0.361312002 0.191493005 0.91257
vn -0.125064999 -0.0653169006 0.989996016
vn 0.000601098989 -0.0649816021 0.997886002
vn -0.123058997 0.189733997 0.97409302
vn 0.125071004 -0.0650378019 0.990014017
vn 0.248907 -0.0652965978 0.966323972
vn 0.123389997 0.187925994 0.97440201
vn 0.367435992 -0.0638352036 0.927856028
vn 0.480942011 0.0652305037 0.87432301
vn 0.586574018 -0.0641362965 0.807352006
vn 0.683475971 -0.0649517998 0.727077007
vn 0.577158988 0.189297006 0.794389009
vn 0.768981993 -0.0642621964 0.636031985
vn 0.842568994 0.0651831999 0.534628987
vn 0.903005004 -0.0636966005 0.424883008
vn 0.949075997 0.0653932989 0.308185011
vn 0.980297983 -0.0636005029 0.187003002
vn 0.995957017 -0.0650098994 0.0619909018
vn 0.964505017 0.189418003 0.183989003
vn 0.995926976 -0.0648313016 -0.0626581013
vn 0.980126023 -0.0649932027 -0.187428996
vn 0.979798019 0.190252006 -0.0616451018
vn 0.949045002 -0.0650011972 -0.308362991
vn 0.902756989 -0.0649109036 -0.425226003
vn 0.933799982 0.189630002 -0.30340901
vn 0.842576981 -0.0643780977 -0.534714997
vn 0.768857002 0.0652313977 -0.636084974
vn 0.681640029 -0.0657304004 -0.72872901
vn 0.684378982 -0.0657783002 -0.726154029
vn 0.586501002 0.0652493984 -0.807316005
vn 0.480672985 -0.0632613972 -0.874615014
vn 0.367350012 0.0650447011 -0.92780602
vn 0.248171002 -0.0624666996 -0.966700017
vn 0.125075996 0.065067701 -0.990010977
vn -0.134829 -0.49980399 -0.855579972
vn -0.111160003 -0.894544005 -0.43293801
vn 0 -0.0643073022 -0.99792999
vn -0.152440995 -0.827192008 -0.540848017
vn -0.218523994 -0.477373004 -0.851095021
vn -0.420771986 -0.486975998 -0.765379012
vn -0.419281989 -0.491950005 -0.763011992
vn -0.418036997 -0.497013986 -0.760408998
vn -0.594008982 -0.497018009 -0.632555008
vn -0.594002008 -0.497036994 -0.632547021
vn -0.594002008 -0.497036994 -0.632547975
vn -0.594003975 -0.49702999 -0.632551014
vn -0.732650995 -0.49702999 -0.464953989
vn -0.732653975 -0.497024 -0.464956999
vn -0.732657015 -0.497018009 -0.464958996
vn -0.825266004 -0.497025013 -0.268144995
vn -0.825267017 -0.497022986 -0.268146008
vn -0.825267017 -0.497022986 -0.268144995
vn -0.825267971 -0.49702099 -0.268146008
vn -0.866020977 -0.497031003 -0.0544852987
vn -0.866017997 -0.497034997 -0.0544852987
vn -0.866021991 -0.497027993 -0.054485701
vn -0.852356017 -0.497042 0.162596002
vn -0.852365971 -0.497025013 0.162597001
vn -0.85236299 -0.497031003 0.162597001
vn -0.785149992 -0.497027993 0.369462997
vn -0.785142004 -0.497043014 0.369459987
vn -0.785134971 -0.497056991 0.369455993
vn -0.668582976 -0.497067988 0.553101003
vn -0.668586016 -0.497061998 0.553102016
vn -0.668614984 -0.496998996 0.553124011
vn -0.510055006 -0.496993005 0.702027023
vn -0.510025024 -0.497074991 0.701991022
vn -0.510025978 -0.497070998 0.701992989
vn -0.319424003 -0.497076005 0.80677402
vn -0.319435 -0.49702999 0.806797981
vn -0.319433987 -0.49702999 0.806797981
vn -0.319442004 -0.496995002 0.806815982
vn -0.108758003 -0.496989012 0.860915005
vn -0.108756997 -0.496995986 0.860909998
vn -0.108760998 -0.496995986 0.860909998
vn -0.108750001 -0.497096002 0.860853016
vn 0.108753003 -0.497096002 0.860853016
vn 0.108756997 -0.496995986 0.860909998
vn 0.130046993 -0.496881992 0.858018994
vn 0.124337003 -0.125760004 0.984238029
vn 0.354339004 -0.271102995 0.894955993
vn 0.341293007 -0.343771011 0.874837995
vn 0.319424003 -0.497081012 0.80677098
vn 0.510024011 -0.497078001 0.701988995
vn 0.510033011 -0.497047991 0.702004015
vn 0.510035992 -0.497047991 0.702001989
vn 0.510055006 -0.496986002 0.70203203
vn 0.668618977 -0.496991009 0.553126991
vn 0.67128998 -0.491163999 0.55509299
vn 0.673686028 -0.485323995 0.557322025
vn 0.787549973 -0.492366999 0.370593011
vn 0.786341012 -0.494659007 0.370108008
vn 0.785149992 -0.497027993 0.369462997
vn 0.85236299 -0.497031003 0.162597999
vn 0.85236901 -0.497020006 0.162598997
vn 0.85236901 -0.497020006 0.162597999
vn 0.85235697 -0.497042 0.162595004
vn 0.866021991 -0.497027993 -0.0544852018
vn 0.866019011 -0.497034013 -0.0544852018
vn 0.866019011 -0.497034013 -0.0544864982
vn 0.866020977 -0.497031003 -0.0544865988
vn 0.825268984 -0.49702099 -0.268144995
vn 0.825269997 -0.497018009 -0.268146008
vn 0.825249016 -0.497056991 -0.268139988
vn 0.732644022 -0.497045994 -0.464949995
vn 0.732641995 -0.497049004 -0.464949012
vn 0.639716983 -0.499565005 -0.584122002
vn 0.546024978 -0.489930987 -0.679576993
vn 0.419331998 -0.492291987 -0.762763977
vn 0.420179009 -0.488799006 -0.764541984
vn 0.421243995 -0.485213012 -0.766237974
vn 0.216469005 -0.492280006 -0.843089998
vn 0.216213003 -0.494626999 -0.841781974
vn 0.215799004 -0.497014999 -0.84048003
vn 0 -0.497013003 -0.867743015
vn 0.0133793 0.977034986 -0.212658003
vn -0.0544054992 -0.499238998 -0.864754975
vn -0.0627892986 0.0053756698 -0.998012006
vn -0.118437998 -0.0042615002 -0.992951989
vn -0.248667002 0.0137232998 -0.968491971
vn -0.241892993 0.0152113 -0.970184028
vn -0.248660997 0.0152120003 -0.968470991
vn -0.241077006 0.0179315004 -0.970340014
vn -0.481577009 -0.0271793008 -0.875983
vn -0.425639987 0.00544119021 -0.904875994
vn -0.481745988 0.00551705994 -0.876294017
vn -0.424991012 0.0275438 -0.904778004
vn -0.684294999 -0.0271723997 -0.728699028
vn -0.637300014 0.00544113014 -0.770596027
vn -0.68453598 0.00551699009 -0.728958011
vn -0.636650026 0.0275433008 -0.770660996
vn -0.844016016 -0.0271725003 -0.535628974
vn -0.808917999 0.00544103002 -0.587897003
vn -0.808526993 0.00544014014 -0.588433027
vn -0.844214976 0.0163777992 -0.535754979
vn -0.929652989 -0.0164280999 -0.368070006
vn -0.951041996 0.00551678985 -0.309011996
vn -0.929168999 0.0275433995 -0.368627012
vn -0.997658014 -0.0271725003 -0.0627672002
vn -0.992082 0.00544109009 -0.125477999
vn -0.998012006 0.00551695004 -0.0627897978
vn -0.991652012 0.0275432002 -0.125971004
vn -0.981925011 -0.0271723997 0.187312007
vn -0.992118001 0.00544092013 0.125184998
vn -0.982272029 0.00551674003 0.187379003
vn -0.991824985 0.0275435001 0.124600001
vn -0.904492974 -0.0271726009 0.425621986
vn -0.929817021 0.00544115016 0.367982
vn -0.930060983 0.00544023002 0.367365986
vn -0.904706001 0.0163780991 0.425722003
vn -0.808905005 -0.0164278001 0.58770901
vn -0.770501018 0.00551749021 0.637413979
vn -0.770502985 0.00551747996 0.637413025
vn -0.809116006 0.0275433008 0.587002993
vn -0.587566972 -0.0271732006 0.808718979
vn -0.637526989 0.00544115016 0.770408988
vn -0.638040006 0.00544023979 0.769984007
vn -0.587705016 0.0163789 0.808908999
vn -0.425716013 -0.0164273009 0.904708028
vn -0.368120015 0.00551684014 0.929762006
vn -0.426504999 0.00544006005 0.904469013
vn -0.368075997 0.0163777005 0.929651022
vn -0.187352002 -0.0164285991 0.982155025
vn -0.125330001 0.0055169398 0.9921
vn -0.188176006 0.00544014992 0.982119977
vn -0.125314996 0.0163787995 0.991981983
vn 0.0627871007 -0.0164272003 0.997892022
vn 0.125330001 0.00551728019 0.9921
vn 0.0620829016 0.0275414996 0.997690976
vn 0.367989987 -0.0271738004 0.929432988
vn 0.308872998 0.0054409299 0.951088011
vn 0.308239013 0.00544002 0.951292992
vn 0.368075997 0.0163787995 0.929651022
vn 0.535758972 -0.0164273996 0.844210982
vn 0.587774992 0.00551655982 0.809005976
vn 0.535133004 0.00543978997 0.844749987
vn 0.587706029 0.0163780991 0.808908999
vn 0.728874028 -0.0164282992 0.684450984
vn 0.770502985 0.00551711023 0.637413025
vn 0.770501018 0.00551709998 0.637413979
vn 0.728218973 0.0275436994 0.684791028
vn 0.904492974 -0.0271729995 0.425623
vn 0.876223028 0.00544079999 0.481875002
vn 0.904814005 0.00551667996 0.425772011
vn 0.875639021 0.0275451001 0.482179999
vn 0.981923997 -0.0271729995 0.187314004
vn 0.968532026 0.0054405299 0.248829007
vn 0.982272029 0.00551642012 0.187378004
vn 0.968043983 0.0275426004 0.249263003
vn 0.997658014 -0.0271738991 -0.0627672002
vn 0.99998498 0.00544069009 0.000147871993
vn 0.99998498 0.00543976994 0.000809071003
vn 0.997892976 0.0163780004 -0.0627833977
vn 0.968451023 -0.0164280999 -0.248660997
vn 0.951041996 0.00551657006 -0.309011012
vn 0.951041996 0.00551655982 -0.309013009
vn 0.968387008 0.0275432002 -0.247926995
vn 0.844016016 -0.0271732006 -0.535628974
vn 0.876363993 0.00544071011 -0.481617987
vn 0.876685023 0.00543980021 -0.481034011
vn 0.844214976 0.0163783003 -0.535754979
vn 0.728866994 -0.0164280999 -0.684458017
vn 0.685238004 0.00518146995 -0.728300989
vn 0.729511976 0.00543827005 -0.683947027
vn 0.684837997 0.0164691992 -0.728509009
vn 0.535749972 -0.0164282992 -0.844217002
vn 0.481745005 0.0055169398 -0.876294017
vn 0.536503971 0.00544016017 -0.843879998
vn 0.48168999 0.0163784008 -0.876188993
vn 0.308970004 -0.0164280999 -0.950929999
vn 0.248686001 0.00551653979 -0.968568027
vn 0.308831006 0.0272780992 -0.950725973
vn 0.0627818033 -0.0164326001 -0.997892022
vn 0.0628305003 -0.0164072998 -0.997888982
vn -0.991611004 0.0294374991 -0.125859007
vn -0.929175973 0.0260402001 -0.368719995
vn -0.808749974 0.0144004999 -0.587976992
vn -0.636695981 0.0294061992 -0.770554006
vn -0.425065011 0.0294700004 -0.904682994
vn -0.132560998 -0.703598022 -0.698123991
vn -0.0567859001 -0.972060978 -0.227757007
vn 0.30952999 0.0155477999 -0.950761974
vn 0.536213994 0.0110878004 -0.844008982
vn 0.729264975 0.0110478001 -0.684141994
vn 0.876365006 0.0144712003 -0.481431007
vn 0.968446016 0.0260685999 -0.247857004
vn 0.99989599 0.0144055001 0.00031074899
vn 0.968017995 0.0294521004 0.249146998
vn 0.875642002 0.0295458995 0.482055992
vn 0.728191972 0.0260895994 0.684876025
vn 0.535373986 0.0110980002 0.84454298
vn 0.308688998 0.0144675002 0.951053023
vn 0.0620002002 0.0259980001 0.99773699
vn -0.187859997 0.0110732 0.982132971
vn -0.426201999 0.0110556995 0.90456003
vn -0.637596011 0.0144640002 0.770235002
vn -0.809197009 0.0260508005 0.586960018
vn -0.929794014 0.0144167999 0.367798001
vn -0.991756976 0.0294631999 0.124698997
vn -0.000530078018 -0.999991 -0.00422888994
vn 4.07614971e-05 -0.99998498 -0.00551383989
vn 0.00026670401 -0.999997973 -0.00202581007
vn 0.00101954001 -0.999994993 -0.00307610002
vn 0.00081476802 -0.999997973 -0.0019670201
vn 0.00184749998 -0.99999398 -0.00290721003
vn 0.00128251 -0.999997973 -0.00167141005
vn 0.00255636009 -0.99999398 -0.00239819009
vn 0.00165668002 -0.999997973 -0.00127122004
vn 0.00346106989 -0.999992013 -0.00181309006
vn 0.00238397997 -0.99999702 -0.000987477018
vn 0.00389786996 -0.999992013 -0.00107728003
vn 0.00205334998 -0.999997973 -0.00027032799
vn 0.00401851023 -0.999992013 7.85979937e-05
vn 0.00255156006 -0.99999702 0.000335919001
vn 0.00430325 -0.999989986 0.00110778003
vn 0.00238536997 -0.99999702 0.000988050946
vn 0.00386466994 -0.999989986 0.00212709
vn 0.00205765991 -0.99999702 0.00157890003
vn 0.00284472993 -0.999993026 0.00256925006
vn 0.00128126994 -0.999997973 0.00166978
vn 0.00184788997 -0.99999398 0.00291423011
vn 0.00081374601 -0.999997973 0.00196456001
vn 0.00114544004 -0.999992013 0.00377552002
vn 0.000349000999 -0.999996006 0.00265094009
vn 0.000294228987 -0.99999398 0.00347332004
vn -0.000284857 -0.999997973 0.00216372008
vn -0.000593141012 -0.999994993 0.00311211008
vn -0.000847519026 -0.999997973 0.00204609009
vn -0.00129364 -0.999994993 0.0027524801
vn -0.00136932998 -0.99999702 0.00178454001
vn -0.00228910008 -0.99999398 0.00265484001
vn -0.00225202995 -0.999996006 0.00172804995
vn -0.0022287101 -0.999996006 0.00171509001
vn -0.00214515999 -0.99999702 0.000888553972
vn -0.00297002005 -0.999994993 0.00110497
vn -0.00290372991 -0.999996006 0.000382283994
vn -0.00296025001 -0.999996006 0.000382563012
vn -0.0029452499 -0.999996006 -0.000387750013
vn -0.00273745996 -0.999996006 -0.000335401011
vn -0.00278375996 -0.999994993 -0.00115307001
vn -0.00188656 -0.999997973 -0.000664232008
vn -0.00195168005 -0.99999702 -0.00149757997
vn -0.00186438998 -0.99999702 -0.00141608994
vn -0.00188601995 -0.999994993 -0.00245790998
vn -0.00132544001 -0.999997973 -0.00157710002
vn -0.00120316003 -0.999994993 -0.0029046901
vn -0.00094416301 -0.99999702 -0.00210662
vn -0.000507311022 -0.999992013 -0.00385338999
vn 0.130527005 0 0.991445005
vn -0.130527005 0 0.991445005
vn -0.382683992 0 0.923879981
vn -0.608762026 0 0.793353021
vn -0.793353021 0 0.608762026
vn -0.923879981 0 0.382683009
vn -0.991445005 0 0.130526006
vn -0.991445005 0 -0.130526006
vn -0.923879981 0 -0.382683009
vn -0.793353021 0 -0.60876298
vn -0.60876298 0 -0.793352008
vn -0.382683009 0 -0.923879981
vn -0.130524993 0 -0.991445005
vn 0.130524993 0 -0.991445005
vn 0.382683009 0 -0.923879981
vn 0.608762026 0 -0.793353021
vn 0.793353021 0 -0.608762026
vn 0.923879981 0 -0.382683009
vn 0.991445005 0 -0.130526006
vn 0.991445005 0 0.130526006
vn 0.923879981 0 0.382683009
vn 0.793353021 0 0.608761013
vn 0.608761013 0 0.793353021
vn 0.382683992 0 0.923879981
vn 0.136167005 0 0.990685999
vn -0.136167005 0 0.990685999
vn -0.398400992 0 0.917210996
vn -0.631088018 0 0.775711
vn -0.816969991 0 0.576681018
vn -0.942260981 0 0.334879994
vn -0.997668982 0 0.0682424009
vn -0.979084015 0 -0.203455999
vn -0.887884974 0 -0.460065007
vn -0.730835974 0 -0.682552993
vn -0.519584 0 -0.854418993
vn -0.269796014 0 -0.96291697
vn 0.269796014 0 -0.96291697
vn 0.519584 0 -0.854420006
vn 0.730835974 0 -0.682552993
vn 0.887884974 0 -0.460065007
vn 0.979084015 0 -0.203455999
vn 0.997668982 0 0.0682424977
vn 0.942260981 0 0.334879011
vn 0.816969991 0 0.576681018
vn 0.631088018 0 0.775711
vn 0.398400992 0 0.917210996

# Mesh 'shape0-lib' with 6680 faces
g shape0-lib
usemtl DefaultMaterial
f  1//1 2//1 3//1
f  3//1 2//1 4//1
f  3//1 4//1 5//1
f  6//1 7//1 8//1
f  9//1 10//1 11//1
f  6//1 8//1 12//1
f  5//1 13//1 3//1
f  3//1 13//1 14//1
f  3//1 14//1 15//1
f  15//1 16//1 3//1
f  3//1 16//1 17//1
f  3//1 17//1 18//1
f  12//1 8//1 19//1
f  19//1 8//1 20//1
f  19//1 20//1 21//1
f  1//1 22//1 2//1
f  2//1 22//1 19//1
f  2//1 19//1 23//1
f  23//1 19//1 21//1
f  18//1 17//1 11//1
f  11//1 17//1 24//1
f  11//1 24//1 9//1
f  5//2 4//2 25//2
f  25//3 4//3 26//3
f  5//4 25//4 27//4
f  5//5 27//5 13//5
f  13//6 27//6 28//6
f  13//6 28//6 14//6
f  14//7 28//7 29//7
f  14//7 29//7 15//7
f  15//8 29//8 30//8
f  15//8 30//8 16//8
f  16//9 30//9 31//9
f  16//9 31//9 17//9
f  17//10 31//10 32//10
f  17//10 32//10 24//10
f  24//11 32//11 33//11
f  24//11 33//11 9//11
f  9//12 33//12 34//12
f  9//12 34//12 10//12
f  10//13 34//13 35//13
f  10//13 35//13 11//13
f  11//14 35//14 36//14
f  11//14 36//14 18//14
f  18//15 36//15 37//15
f  18//15 37//15 3//15
f  3//16 37//16 38//16
f  3//17 38//17 1//17
f  1//18 38//18 39//18
f  1//18 39//18 22//18
f  22//19 39//19 40//19
f  22//19 40//19 19//19
f  19//20 40//20 41//20
f  19//20 41//20 12//20
f  12//21 41//21 42//21
f  12//21 42//21 6//21
f  6//22 42//22 43//22
f  6//22 43//22 7//22
f  7//23 43//23 44//23
f  7//23 44//23 8//23
f  8//24 44//24 45//24
f  8//24 45//24 20//24
f  20//25 45//25 46//25
f  20//25 46//25 21//25
f  21//26 46//26 47//26
f  21//26 47//26 23//26
f  23//27 47//27 26//27
f  23//27 26//27 2//27
f  2//28 26//28 4//28
f  48//29 49//29 50//29
f  51//30 52//30 53//30
f  25//1 54//1 27//1
f  27//1 54//1 55//1
f  27//1 55//1 28//1
f  28//1 55//1 56//1
f  28//1 56//1 29//1
f  29//1 56//1 57//1
f  29//1 57//1 30//1
f  30//1 57//1 58//1
f  30//1 58//1 31//1
f  31//1 58//1 59//1
f  31//1 59//1 32//1
f  32//1 59//1 60//1
f  32//1 60//1 33//1
f  33//1 60//1 61//1
f  33//1 61//1 34//1
f  34//1 61//1 62//1
f  34//1 62//1 35//1
f  35//1 62//1 63//1
f  35//1 63//1 36//1
f  36//1 63//1 64//1
f  36//1 64//1 37//1
f  37//1 64//1 65//1
f  37//1 65//1 38//1
f  38//1 65//1 66//1
f  38//1 66//1 39//1
f  39//1 66//1 67//1
f  39//1 67//1 40//1
f  40//1 67//1 68//1
f  40//1 68//1 41//1
f  41//1 68//1 69//1
f  41//1 69//1 42//1
f  42//1 69//1 70//1
f  42//1 70//1 43//1
f  43//1 70//1 71//1
f  43//1 71//1 44//1
f  44//1 71//1 72//1
f  44//1 72//1 45//1
f  45//1 72//1 73//1
f  45//1 73//1 46//1
f  46//1 73//1 74//1
f  46//1 74//1 47//1
f  47//1 74//1 75//1
f  47//1 75//1 26//1
f  26//1 75//1 76//1
f  26//1 76//1 25//1
f  25//1 76//1 77//1
f  25//1 77//1 54//1
f  78//31 79//31 80//31
f  78//31 80//31 81//31
f  82//31 83//31 81//31
f  82//31 81//31 80//31
f  84//32 85//32 86//32
f  84//33 86//33 87//33
f  88//34 89//34 84//34
f  84//35 89//35 85//35
f  87//36 90//36 84//36
f  84//37 90//37 91//37
f  84//38 91//38 92//38
f  84//39 92//39 88//39
f  93//40 49//40 48//40
f  94//41 53//41 52//41
f  73//1 72//1 95//1
f  95//1 72//1 96//1
f  95//42 96//42 97//42
f  97//43 96//43 70//43
f  61//1 60//1 98//1
f  98//1 60//1 99//1
f  98//44 99//44 100//44
f  100//45 99//45 58//45
f  101//46 79//46 102//46
f  102//47 79//47 103//47
f  103//48 79//48 78//48
f  103//49 78//49 104//49
f  104//50 78//50 81//50
f  104//51 81//51 105//51
f  105//52 81//52 83//52
f  105//53 83//53 106//53
f  106//54 83//54 107//54
f  107//55 83//55 82//55
f  107//56 82//56 108//56
f  108//57 82//57 80//57
f  108//58 80//58 101//58
f  101//59 80//59 79//59
f  91//60 90//60 109//60
f  87//61 110//61 111//61
f  87//62 111//62 90//62
f  90//63 111//63 109//63
f  86//64 112//64 87//64
f  87//65 112//65 110//65
f  85//66 113//66 86//66
f  86//67 113//67 114//67
f  86//68 114//68 112//68
f  89//69 115//69 85//69
f  85//70 115//70 113//70
f  88//71 116//71 89//71
f  89//72 116//72 117//72
f  89//73 117//73 115//73
f  92//74 118//74 88//74
f  88//75 118//75 116//75
f  91//76 109//76 119//76
f  91//77 119//77 120//77
f  91//78 120//78 92//78
f  92//79 120//79 118//79
f  121//80 122//80 123//80
f  123//81 122//81 124//81
f  123//82 124//82 125//82
f  125//83 124//83 121//83
f  126//84 125//84 127//84
f  125//85 126//85 123//85
f  123//86 126//86 128//86
f  128//87 127//87 125//87
f  129//88 130//88 131//88
f  131//31 130//31 132//31
f  131//89 132//89 133//89
f  134//90 135//90 136//90
f  136//91 135//91 137//91
f  138//92 134//92 136//92
f  139//93 140//93 141//93
f  142//94 139//94 141//94
f  143//31 140//31 139//31
f  144//95 145//95 146//95
f  147//31 144//31 146//31
f  147//96 146//96 148//96
f  149//97 150//97 151//97
f  152//1 149//1 151//1
f  151//98 150//98 153//98
f  154//99 155//99 156//99
f  157//100 154//100 156//100
f  156//101 155//101 158//101
f  159//1 160//1 161//1
f  162//1 159//1 161//1
f  163//1 161//1 160//1
f  164//1 165//1 166//1
f  167//102 164//102 166//102
f  168//103 165//103 164//103
f  169//104 170//104 171//104
f  169//105 171//105 172//105
f  173//106 169//106 172//106
f  174//107 175//107 176//107
f  174//108 176//108 177//108
f  176//1 175//1 178//1
f  179//109 180//109 181//109
f  182//110 181//110 180//110
f  183//111 184//111 185//111
f  184//112 183//112 186//112
f  187//1 188//1 189//1
f  190//100 187//100 189//100
f  189//1 188//1 191//1
f  192//113 193//113 194//113
f  194//114 193//114 195//114
f  196//115 197//115 194//115
f  196//116 194//116 195//116
f  198//117 199//117 200//117
f  201//1 202//1 203//1
f  200//118 201//118 198//118
f  198//119 201//119 203//119
f  204//120 205//120 206//120
f  207//121 204//121 208//121
f  208//122 204//122 206//122
f  204//123 207//123 209//123
f  210//124 211//124 212//124
f  213//125 210//125 212//125
f  212//126 211//126 214//126
f  215//1 216//1 217//1
f  218//127 215//127 217//127
f  217//128 216//128 219//128
f  220//129 221//129 222//129
f  221//130 220//130 223//130
f  224//131 225//131 226//131
f  227//132 226//132 225//132
f  93//133 228//133 229//133
f  93//134 229//134 230//134
f  93//135 230//135 231//135
f  93//136 231//136 49//136
f  49//137 231//137 232//137
f  49//138 232//138 233//138
f  49//139 233//139 50//139
f  50//140 233//140 234//140
f  50//141 234//141 235//141
f  50//142 235//142 236//142
f  50//143 236//143 237//143
f  50//144 237//144 48//144
f  48//145 237//145 238//145
f  48//146 238//146 239//146
f  48//147 239//147 93//147
f  93//148 239//148 228//148
f  51//149 240//149 241//149
f  51//150 241//150 242//150
f  51//151 242//151 243//151
f  51//152 243//152 52//152
f  52//153 243//153 244//153
f  52//154 244//154 245//154
f  52//155 245//155 94//155
f  94//156 245//156 246//156
f  94//157 246//157 247//157
f  94//158 247//158 248//158
f  94//159 248//159 249//159
f  94//160 249//160 53//160
f  53//161 249//161 250//161
f  53//162 250//162 251//162
f  53//163 251//163 51//163
f  51//164 251//164 240//164
f  102//165 252//165 101//165
f  101//166 252//166 253//166
f  101//167 253//167 108//167
f  253//168 254//168 108//168
f  108//169 254//169 255//169
f  108//170 255//170 107//170
f  107//171 255//171 256//171
f  107//172 256//172 257//172
f  107//173 257//173 106//173
f  104//174 258//174 103//174
f  103//175 258//175 259//175
f  103//176 259//176 260//176
f  103//177 260//177 102//177
f  102//178 260//178 261//178
f  102//179 261//179 252//179
f  257//180 262//180 106//180
f  106//181 262//181 263//181
f  106//182 263//182 105//182
f  105//183 263//183 264//183
f  105//184 264//184 104//184
f  104//185 264//185 265//185
f  104//186 265//186 258//186
f  113//187 266//187 114//187
f  114//188 266//188 267//188
f  266//189 113//189 115//189
f  266//190 115//190 268//190
f  117//191 269//191 268//191
f  117//192 268//192 115//192
f  269//193 117//193 116//193
f  269//194 116//194 270//194
f  270//195 116//195 271//195
f  271//196 116//196 118//196
f  271//197 118//197 272//197
f  272//198 118//198 120//198
f  272//199 120//199 273//199
f  273//200 120//200 119//200
f  109//201 274//201 273//201
f  109//202 273//202 119//202
f  274//203 109//203 111//203
f  274//204 111//204 275//204
f  275//205 111//205 276//205
f  276//206 111//206 110//206
f  276//207 110//207 112//207
f  276//208 112//208 277//208
f  277//209 112//209 267//209
f  267//210 112//210 114//210
f  278//211 125//211 121//211
f  279//212 123//212 280//212
f  280//213 123//213 128//213
f  125//214 278//214 281//214
f  278//215 121//215 279//215
f  280//216 128//216 281//216
f  121//217 123//217 279//217
f  125//218 281//218 128//218
f  282//219 283//219 284//219
f  124//220 127//220 285//220
f  124//221 285//221 121//221
f  122//222 121//222 285//222
f  124//223 126//223 127//223
f  286//224 128//224 126//224
f  127//225 128//225 286//225
f  126//226 124//226 122//226
f  126//227 122//227 286//227
f  287//228 288//228 289//228
f  289//228 288//228 290//228
f  289//228 290//228 291//228
f  291//228 290//228 292//228
f  293//228 294//228 295//228
f  295//228 294//228 296//228
f  295//228 296//228 297//228
f  297//228 296//228 298//228
f  299//229 133//229 300//229
f  300//230 133//230 132//230
f  300//231 132//231 301//231
f  301//232 132//232 130//232
f  301//233 130//233 302//233
f  302//234 130//234 129//234
f  302//235 129//235 303//235
f  303//236 129//236 304//236
f  304//237 129//237 131//237
f  304//238 131//238 299//238
f  299//239 131//239 133//239
f  305//240 134//240 306//240
f  306//241 134//241 307//241
f  307//242 134//242 138//242
f  307//243 138//243 308//243
f  308//244 138//244 136//244
f  308//245 136//245 309//245
f  309//246 136//246 137//246
f  309//247 137//247 310//247
f  310//248 137//248 135//248
f  310//249 135//249 305//249
f  305//250 135//250 134//250
f  311//251 143//251 312//251
f  312//252 143//252 139//252
f  312//253 139//253 313//253
f  313//254 139//254 314//254
f  314//255 139//255 142//255
f  314//256 142//256 315//256
f  315//257 142//257 141//257
f  315//258 141//258 316//258
f  316//259 141//259 140//259
f  316//260 140//260 317//260
f  317//261 140//261 311//261
f  311//262 140//262 143//262
f  318//263 319//263 320//263
f  320//263 319//263 321//263
f  320//264 322//264 318//264
f  318//264 322//264 323//264
f  324//1 325//1 326//1
f  326//1 325//1 327//1
f  328//265 326//265 329//265
f  329//265 326//265 327//265
f  328//266 329//266 330//266
f  330//266 329//266 331//266
f  332//264 333//264 334//264
f  334//264 333//264 335//264
f  336//267 334//267 337//267
f  337//267 334//267 335//267
f  336//228 337//228 338//228
f  338//228 337//228 339//228
f  340//266 341//266 319//266
f  319//266 341//266 321//266
f  342//268 145//268 343//268
f  343//269 145//269 144//269
f  343//270 144//270 344//270
f  344//271 144//271 147//271
f  344//272 147//272 345//272
f  345//273 147//273 346//273
f  346//274 147//274 148//274
f  346//275 148//275 347//275
f  347//276 148//276 146//276
f  347//277 146//277 348//277
f  348//278 146//278 342//278
f  342//279 146//279 145//279
f  349//228 350//228 351//228
f  351//228 350//228 352//228
f  353//1 354//1 355//1
f  355//1 354//1 356//1
f  355//280 351//280 353//280
f  353//280 351//280 352//280
f  150//281 357//281 153//281
f  153//282 357//282 358//282
f  153//283 358//283 151//283
f  151//284 358//284 57//284
f  151//285 57//285 359//285
f  151//286 359//286 152//286
f  152//287 359//287 360//287
f  152//288 360//288 149//288
f  149//289 360//289 361//289
f  149//290 361//290 150//290
f  155//291 362//291 158//291
f  158//292 362//292 363//292
f  158//293 363//293 156//293
f  156//294 363//294 364//294
f  156//295 364//295 157//295
f  157//296 364//296 365//296
f  157//297 365//297 366//297
f  157//298 366//298 154//298
f  154//299 366//299 155//299
f  163//300 367//300 161//300
f  161//301 367//301 368//301
f  161//302 368//302 162//302
f  162//303 368//303 369//303
f  162//304 369//304 370//304
f  162//305 370//305 159//305
f  159//306 370//306 371//306
f  159//307 371//307 160//307
f  160//308 371//308 372//308
f  160//309 372//309 163//309
f  163//310 372//310 373//310
f  163//311 373//311 367//311
f  168//312 374//312 165//312
f  165//313 374//313 375//313
f  165//314 375//314 166//314
f  166//315 375//315 376//315
f  166//316 376//316 167//316
f  167//317 377//317 164//317
f  164//318 377//318 378//318
f  164//319 378//319 168//319
f  168//320 378//320 379//320
f  168//321 379//321 374//321
f  171//322 380//322 172//322
f  172//323 380//323 381//323
f  172//324 381//324 173//324
f  173//325 381//325 382//325
f  173//326 382//326 169//326
f  169//327 382//327 383//327
f  169//328 383//328 170//328
f  170//329 383//329 384//329
f  170//330 384//330 171//330
f  171//331 384//331 380//331
f  174//332 385//332 386//332
f  174//333 386//333 175//333
f  175//334 386//334 387//334
f  175//335 387//335 178//335
f  178//336 387//336 388//336
f  178//337 388//337 389//337
f  178//338 389//338 176//338
f  176//339 389//339 177//339
f  177//340 389//340 390//340
f  177//341 390//341 174//341
f  174//342 390//342 385//342
f  181//343 391//343 392//343
f  181//344 392//344 393//344
f  181//345 393//345 179//345
f  179//346 393//346 394//346
f  179//347 394//347 180//347
f  180//348 394//348 395//348
f  180//349 395//349 396//349
f  180//350 396//350 182//350
f  182//351 396//351 397//351
f  182//352 397//352 181//352
f  181//353 397//353 391//353
f  184//354 398//354 399//354
f  184//355 399//355 400//355
f  184//356 400//356 185//356
f  185//357 400//357 401//357
f  185//358 401//358 183//358
f  183//359 401//359 402//359
f  183//360 402//360 186//360
f  186//361 402//361 403//361
f  186//362 403//362 398//362
f  186//363 398//363 184//363
f  191//364 404//364 189//364
f  189//365 404//365 405//365
f  189//366 405//366 190//366
f  190//367 405//367 406//367
f  190//368 406//368 407//368
f  190//369 407//369 187//369
f  187//370 407//370 188//370
f  188//371 407//371 69//371
f  188//372 69//372 408//372
f  188//373 408//373 191//373
f  191//374 408//374 409//374
f  191//375 409//375 404//375
f  194//376 410//376 411//376
f  194//377 411//377 192//377
f  192//378 411//378 412//378
f  192//379 412//379 193//379
f  193//380 412//380 413//380
f  193//381 413//381 195//381
f  195//382 413//382 414//382
f  195//383 414//383 196//383
f  196//384 414//384 415//384
f  196//385 415//385 197//385
f  197//386 415//386 194//386
f  194//387 415//387 410//387
f  198//388 416//388 199//388
f  199//389 416//389 417//389
f  199//390 417//390 200//390
f  417//391 418//391 200//391
f  200//392 418//392 201//392
f  201//393 418//393 419//393
f  201//394 419//394 202//394
f  202//395 419//395 420//395
f  202//396 420//396 421//396
f  202//397 421//397 203//397
f  203//398 421//398 198//398
f  198//399 421//399 416//399
f  204//400 422//400 205//400
f  205//401 422//401 423//401
f  205//402 423//402 206//402
f  423//403 424//403 206//403
f  206//404 424//404 208//404
f  208//405 424//405 425//405
f  208//406 425//406 207//406
f  207//407 425//407 209//407
f  209//408 425//408 426//408
f  209//409 426//409 204//409
f  204//410 426//410 422//410
f  212//411 427//411 428//411
f  212//412 428//412 429//412
f  212//413 429//413 213//413
f  213//414 429//414 63//414
f  213//415 63//415 430//415
f  213//416 430//416 210//416
f  210//417 430//417 431//417
f  210//418 431//418 211//418
f  211//419 431//419 432//419
f  211//420 432//420 214//420
f  214//421 432//421 427//421
f  214//422 427//422 212//422
f  219//423 433//423 217//423
f  217//424 433//424 434//424
f  217//425 434//425 218//425
f  218//426 434//426 435//426
f  218//427 435//427 436//427
f  218//428 436//428 215//428
f  215//429 436//429 216//429
f  216//430 436//430 437//430
f  216//431 437//431 219//431
f  223//432 438//432 439//432
f  223//433 439//433 221//433
f  221//434 439//434 440//434
f  221//435 440//435 441//435
f  221//436 441//436 222//436
f  222//437 441//437 442//437
f  222//438 442//438 220//438
f  220//439 442//439 443//439
f  220//440 443//440 444//440
f  220//441 444//441 223//441
f  223//442 444//442 438//442
f  227//443 445//443 446//443
f  227//444 446//444 226//444
f  226//445 446//445 447//445
f  226//446 447//446 448//446
f  226//447 448//447 224//447
f  224//448 448//448 449//448
f  224//449 449//449 450//449
f  224//450 450//450 225//450
f  225//451 450//451 451//451
f  225//452 451//452 445//452
f  225//453 445//453 227//453
f  452//454 233//454 453//454
f  453//455 233//455 232//455
f  453//456 232//456 454//456
f  454//457 232//457 231//457
f  454//458 231//458 455//458
f  455//459 231//459 230//459
f  455//459 230//459 456//459
f  456//460 230//460 229//460
f  456//460 229//460 457//460
f  457//461 229//461 228//461
f  457//461 228//461 458//461
f  458//462 228//462 239//462
f  458//462 239//462 459//462
f  459//463 239//463 238//463
f  459//464 238//464 460//464
f  460//465 238//465 237//465
f  460//465 237//465 461//465
f  461//466 237//466 236//466
f  461//466 236//466 462//466
f  462//467 236//467 235//467
f  462//467 235//467 463//467
f  463//468 235//468 234//468
f  463//468 234//468 452//468
f  452//454 234//454 233//454
f  464//469 245//469 465//469
f  465//470 245//470 244//470
f  465//471 244//471 466//471
f  466//472 244//472 243//472
f  466//472 243//472 467//472
f  467//473 243//473 242//473
f  467//473 242//473 468//473
f  468//474 242//474 241//474
f  468//474 241//474 469//474
f  469//475 241//475 240//475
f  469//476 240//476 470//476
f  470//477 240//477 251//477
f  470//478 251//478 471//478
f  471//479 251//479 250//479
f  471//480 250//480 472//480
f  472//481 250//481 249//481
f  472//481 249//481 473//481
f  473//482 249//482 248//482
f  473//482 248//482 474//482
f  474//483 248//483 247//483
f  474//483 247//483 475//483
f  475//484 247//484 246//484
f  475//484 246//484 464//484
f  464//469 246//469 245//469
f  476//485 98//485 100//485
f  58//486 477//486 100//486
f  100//43 477//43 478//43
f  100//487 478//487 476//487
f  435//1 62//1 61//1
f  479//488 95//488 97//488
f  70//489 480//489 97//489
f  97//490 480//490 481//490
f  97//491 481//491 479//491
f  388//1 74//1 73//1
f  252//492 482//492 483//492
f  252//493 483//493 253//493
f  255//494 484//494 256//494
f  256//495 485//495 257//495
f  262//496 486//496 263//496
f  263//497 486//497 487//497
f  263//498 487//498 264//498
f  258//499 488//499 259//499
f  260//500 259//500 489//500
f  260//501 490//501 261//501
f  252//502 261//502 482//502
f  491//503 276//503 277//503
f  492//504 277//504 267//504
f  492//505 267//505 493//505
f  493//505 267//505 266//505
f  493//506 266//506 268//506
f  494//507 270//507 271//507
f  494//505 271//505 495//505
f  495//505 271//505 272//505
f  495//505 272//505 496//505
f  496//505 272//505 273//505
f  496//508 273//508 274//508
f  491//509 275//509 276//509
f  497//510 498//510 499//510
f  282//511 500//511 283//511
f  500//512 282//512 284//512
f  292//505 501//505 291//505
f  291//505 501//505 502//505
f  291//513 502//513 289//513
f  289//513 502//513 503//513
f  289//514 503//514 287//514
f  287//514 503//514 504//514
f  287//31 504//31 288//31
f  288//31 504//31 505//31
f  288//515 505//515 290//515
f  290//515 505//515 506//515
f  290//516 506//516 292//516
f  292//516 506//516 501//516
f  356//517 354//517 507//517
f  356//517 507//517 508//517
f  508//518 507//518 509//518
f  508//518 509//518 510//518
f  510//519 509//519 511//519
f  510//519 511//519 512//519
f  512//520 511//520 513//520
f  512//520 513//520 514//520
f  515//521 516//521 517//521
f  515//521 517//521 518//521
f  518//522 517//522 519//522
f  518//522 519//522 520//522
f  520//523 519//523 333//523
f  520//523 333//523 332//523
f  295//524 521//524 293//524
f  293//524 521//524 522//524
f  293//525 522//525 294//525
f  294//525 522//525 523//525
f  294//31 523//31 296//31
f  296//31 523//31 524//31
f  296//526 524//526 298//526
f  298//526 524//526 525//526
f  298//527 525//527 297//527
f  297//527 525//527 526//527
f  297//505 526//505 295//505
f  295//505 526//505 521//505
f  527//31 528//31 529//31
f  529//31 528//31 530//31
f  516//31 531//31 517//31
f  517//31 531//31 532//31
f  517//31 532//31 519//31
f  301//528 302//528 335//528
f  335//529 302//529 337//529
f  337//530 302//530 303//530
f  337//31 303//31 339//31
f  339//31 303//31 533//31
f  533//31 303//31 304//31
f  301//31 335//31 333//31
f  301//31 333//31 300//31
f  300//31 333//31 519//31
f  300//31 519//31 532//31
f  300//531 532//531 299//531
f  299//532 532//532 534//532
f  299//533 534//533 527//533
f  299//534 527//534 304//534
f  304//31 527//31 529//31
f  304//31 529//31 533//31
f  338//535 339//535 533//535
f  338//535 533//535 535//535
f  535//536 533//536 529//536
f  535//536 529//536 536//536
f  536//537 529//537 530//537
f  536//537 530//537 537//537
f  538//538 539//538 540//538
f  538//538 540//538 541//538
f  541//539 540//539 542//539
f  541//539 542//539 543//539
f  543//540 542//540 341//540
f  543//540 341//540 340//540
f  539//31 544//31 540//31
f  540//31 544//31 545//31
f  546//31 547//31 548//31
f  548//31 547//31 549//31
f  548//31 549//31 550//31
f  551//541 309//541 545//541
f  545//542 309//542 310//542
f  545//31 310//31 540//31
f  540//31 310//31 542//31
f  542//31 310//31 341//31
f  341//31 310//31 305//31
f  341//31 305//31 321//31
f  321//31 305//31 306//31
f  321//31 306//31 320//31
f  306//31 307//31 320//31
f  320//31 307//31 322//31
f  322//31 307//31 308//31
f  322//31 308//31 546//31
f  546//31 308//31 547//31
f  547//543 308//543 309//543
f  547//544 309//544 551//544
f  323//545 322//545 546//545
f  323//545 546//545 552//545
f  552//539 546//539 548//539
f  552//539 548//539 553//539
f  553//546 548//546 550//546
f  553//546 550//546 554//546
f  555//547 556//547 557//547
f  555//547 557//547 558//547
f  558//265 557//265 559//265
f  558//265 559//265 560//265
f  560//548 559//548 325//548
f  560//548 325//548 324//548
f  329//549 311//549 331//549
f  331//550 311//550 312//550
f  331//31 312//31 561//31
f  561//31 312//31 313//31
f  561//31 313//31 562//31
f  327//31 317//31 329//31
f  329//551 317//551 311//551
f  556//31 563//31 557//31
f  557//31 563//31 564//31
f  557//31 564//31 559//31
f  565//31 562//31 566//31
f  566//31 562//31 313//31
f  566//552 313//552 567//552
f  567//553 313//553 314//553
f  567//554 314//554 564//554
f  564//555 314//555 315//555
f  564//31 315//31 559//31
f  559//31 315//31 325//31
f  325//31 315//31 316//31
f  325//31 316//31 327//31
f  327//31 316//31 317//31
f  330//556 331//556 561//556
f  330//556 561//556 568//556
f  568//265 561//265 562//265
f  568//265 562//265 569//265
f  569//557 562//557 565//557
f  569//557 565//557 570//557
f  555//31 558//31 560//31
f  328//31 351//31 326//31
f  326//31 351//31 555//31
f  326//31 555//31 324//31
f  324//31 555//31 560//31
f  571//31 572//31 349//31
f  355//31 537//31 538//31
f  323//31 552//31 553//31
f  510//31 512//31 514//31
f  553//31 554//31 323//31
f  323//31 554//31 555//31
f  323//31 555//31 318//31
f  318//31 555//31 351//31
f  318//31 351//31 319//31
f  319//31 351//31 355//31
f  319//31 355//31 340//31
f  568//31 569//31 330//31
f  330//31 569//31 570//31
f  330//31 570//31 328//31
f  328//31 570//31 351//31
f  351//31 570//31 573//31
f  351//31 573//31 349//31
f  349//31 573//31 574//31
f  349//31 574//31 571//31
f  510//31 514//31 508//31
f  535//31 536//31 338//31
f  338//31 536//31 537//31
f  338//31 537//31 336//31
f  336//31 537//31 355//31
f  336//31 355//31 334//31
f  334//31 355//31 356//31
f  334//31 356//31 332//31
f  538//31 541//31 355//31
f  355//31 541//31 543//31
f  355//31 543//31 340//31
f  518//31 520//31 515//31
f  515//31 520//31 332//31
f  515//31 332//31 514//31
f  514//31 332//31 356//31
f  514//31 356//31 508//31
f  573//558 575//558 576//558
f  573//558 576//558 574//558
f  574//518 576//518 577//518
f  574//518 577//518 571//518
f  571//559 577//559 578//559
f  571//559 578//559 572//559
f  572//560 578//560 350//560
f  572//560 350//560 349//560
f  579//31 342//31 580//31
f  580//561 342//561 343//561
f  580//562 343//562 581//562
f  576//31 575//31 582//31
f  513//31 511//31 579//31
f  579//31 511//31 509//31
f  579//31 509//31 342//31
f  342//31 509//31 507//31
f  342//31 507//31 348//31
f  348//31 507//31 354//31
f  348//31 354//31 353//31
f  348//31 353//31 347//31
f  347//31 353//31 352//31
f  578//31 345//31 350//31
f  350//31 345//31 346//31
f  350//31 346//31 352//31
f  352//31 346//31 347//31
f  576//31 582//31 577//31
f  578//31 577//31 345//31
f  345//31 577//31 582//31
f  345//31 582//31 344//31
f  344//31 582//31 583//31
f  344//31 583//31 581//31
f  344//563 581//563 343//563
f  68//1 67//1 409//1
f  372//564 371//564 584//564
f  584//565 371//565 370//565
f  584//566 370//566 470//566
f  470//567 370//567 369//567
f  377//568 167//568 376//568
f  374//569 77//569 376//569
f  376//570 375//570 374//570
f  401//571 397//571 480//571
f  480//572 397//572 396//572
f  480//1 396//1 479//1
f  393//573 395//573 394//573
f  392//574 391//574 397//574
f  403//264 402//264 480//264
f  480//1 402//1 401//1
f  397//575 401//575 400//575
f  421//576 420//576 419//576
f  424//577 65//577 63//577
f  585//578 426//578 425//578
f  63//579 425//579 424//579
f  454//580 422//580 426//580
f  65//581 424//581 423//581
f  65//1 423//1 419//1
f  419//1 418//1 65//1
f  65//582 418//582 417//582
f  65//583 417//583 66//583
f  66//584 417//584 67//584
f  417//585 414//585 67//585
f  67//1 414//1 413//1
f  413//264 412//264 67//264
f  67//1 412//1 409//1
f  409//1 412//1 411//1
f  409//586 411//586 410//586
f  417//587 415//587 414//587
f  68//1 409//1 69//1
f  69//264 409//264 408//264
f  403//588 407//588 406//588
f  69//1 407//1 403//1
f  69//1 403//1 70//1
f  70//1 403//1 480//1
f  396//1 395//1 479//1
f  479//589 395//589 393//589
f  479//590 393//590 95//590
f  95//591 393//591 73//591
f  393//592 389//592 73//592
f  73//1 389//1 388//1
f  386//593 385//593 390//593
f  393//594 390//594 389//594
f  388//595 387//595 386//595
f  388//596 386//596 74//596
f  74//597 386//597 75//597
f  384//598 383//598 386//598
f  75//1 382//1 381//1
f  376//599 381//599 380//599
f  386//600 383//600 75//600
f  75//264 383//264 382//264
f  75//601 381//601 376//601
f  75//602 376//602 76//602
f  76//603 376//603 77//603
f  77//604 374//604 379//604
f  77//1 379//1 368//1
f  77//1 368//1 367//1
f  77//264 367//264 373//264
f  77//1 373//1 54//1
f  54//1 373//1 55//1
f  363//605 362//605 361//605
f  363//264 55//264 364//264
f  155//606 366//606 362//606
f  362//607 366//607 586//607
f  373//1 365//1 55//1
f  55//1 365//1 364//1
f  373//608 366//608 365//608
f  55//609 363//609 361//609
f  55//610 361//610 56//610
f  56//611 361//611 57//611
f  361//612 360//612 57//612
f  448//613 358//613 357//613
f  360//264 359//264 57//264
f  361//614 357//614 150//614
f  57//1 358//1 448//1
f  57//1 448//1 58//1
f  58//1 448//1 477//1
f  587//615 451//615 450//615
f  448//1 447//1 477//1
f  477//1 447//1 446//1
f  477//1 446//1 588//1
f  588//616 446//616 445//616
f  443//617 588//617 589//617
f  589//618 588//618 445//618
f  440//619 439//619 438//619
f  441//1 476//1 588//1
f  441//1 588//1 442//1
f  442//620 588//620 443//620
f  441//1 440//1 476//1
f  476//1 440//1 98//1
f  98//1 440//1 61//1
f  440//621 437//621 436//621
f  440//1 436//1 61//1
f  61//1 436//1 435//1
f  435//622 434//622 433//622
f  435//623 433//623 62//623
f  62//624 433//624 63//624
f  432//625 431//625 433//625
f  63//264 429//264 428//264
f  433//626 431//626 63//626
f  63//264 431//264 430//264
f  64//264 63//264 65//264
f  473//627 474//627 377//627
f  378//628 377//628 379//628
f  379//629 377//629 474//629
f  379//1 474//1 475//1
f  369//630 368//630 470//630
f  470//631 368//631 467//631
f  470//632 467//632 468//632
f  468//633 469//633 470//633
f  590//634 470//634 471//634
f  590//635 471//635 377//635
f  377//636 471//636 472//636
f  377//637 472//637 473//637
f  475//1 464//1 379//1
f  379//1 464//1 465//1
f  379//1 465//1 368//1
f  368//1 465//1 466//1
f  368//1 466//1 467//1
f  406//638 398//638 403//638
f  404//639 409//639 410//639
f  461//640 462//640 591//640
f  591//641 421//641 419//641
f  591//642 419//642 461//642
f  454//643 455//643 456//643
f  422//644 454//644 423//644
f  423//645 454//645 456//645
f  423//1 456//1 457//1
f  457//1 458//1 423//1
f  423//1 458//1 459//1
f  423//1 459//1 419//1
f  419//1 459//1 460//1
f  419//1 460//1 461//1
f  462//646 463//646 591//646
f  591//647 463//647 452//647
f  591//648 452//648 454//648
f  454//649 452//649 453//649
f  432//650 425//650 63//650
f  432//651 63//651 427//651
f  427//652 63//652 428//652
f  437//653 440//653 438//653
f  450//654 449//654 587//654
f  587//655 449//655 448//655
f  587//656 448//656 357//656
f  362//657 586//657 361//657
f  373//658 372//658 366//658
f  592//659 593//659 594//659
f  595//660 596//660 597//660
f  598//661 596//661 595//661
f  599//662 484//662 255//662
f  599//663 255//663 254//663
f  600//664 264//664 487//664
f  601//665 487//665 486//665
f  602//666 262//666 257//666
f  603//667 254//667 253//667
f  603//668 253//668 483//668
f  604//669 483//669 482//669
f  605//670 258//670 265//670
f  600//671 265//671 264//671
f  606//672 492//672 607//672
f  607//673 492//673 493//673
f  607//673 493//673 608//673
f  608//674 493//674 268//674
f  608//675 268//675 609//675
f  609//676 268//676 269//676
f  609//677 269//677 610//677
f  610//678 269//678 270//678
f  610//679 270//679 611//679
f  611//680 270//680 494//680
f  611//681 494//681 612//681
f  612//556 494//556 495//556
f  612//556 495//556 613//556
f  613//199 495//199 496//199
f  613//199 496//199 614//199
f  614//682 496//682 274//682
f  614//683 274//683 615//683
f  615//684 274//684 275//684
f  615//685 275//685 616//685
f  616//686 275//686 491//686
f  616//687 491//687 617//687
f  617//688 491//688 277//688
f  617//689 277//689 606//689
f  606//690 277//690 492//690
f  278//691 279//691 618//691
f  618//692 279//692 619//692
f  620//693 498//693 497//693
f  621//694 622//694 281//694
f  281//695 622//695 280//695
f  623//696 500//696 284//696
f  286//697 624//697 127//697
f  127//698 624//698 625//698
f  626//699 122//699 627//699
f  627//700 122//700 285//700
f  628//701 629//701 630//701
f  629//702 631//702 630//702
f  630//703 631//703 632//703
f  633//704 634//704 635//704
f  635//705 634//705 636//705
f  634//706 637//706 636//706
f  636//707 637//707 638//707
f  582//708 639//708 583//708
f  583//708 639//708 640//708
f  583//709 640//709 641//709
f  583//709 641//709 581//709
f  581//710 641//710 642//710
f  581//710 642//710 580//710
f  580//673 642//673 579//673
f  579//673 642//673 643//673
f  644//228 531//228 516//228
f  644//228 516//228 643//228
f  643//228 516//228 513//228
f  643//228 513//228 579//228
f  521//228 516//228 522//228
f  522//228 516//228 515//228
f  505//228 514//228 506//228
f  506//228 514//228 513//228
f  502//228 526//228 503//228
f  503//228 526//228 525//228
f  503//228 525//228 504//228
f  504//228 525//228 524//228
f  521//228 526//228 516//228
f  516//228 526//228 502//228
f  516//228 502//228 513//228
f  513//228 502//228 501//228
f  513//228 501//228 506//228
f  505//228 504//228 514//228
f  514//228 504//228 524//228
f  514//228 524//228 515//228
f  515//228 524//228 523//228
f  515//228 523//228 522//228
f  531//672 644//672 532//672
f  532//672 644//672 645//672
f  532//711 645//711 646//711
f  532//712 646//712 534//712
f  534//713 646//713 647//713
f  534//714 647//714 527//714
f  527//715 647//715 528//715
f  528//715 647//715 648//715
f  648//264 649//264 539//264
f  539//264 649//264 544//264
f  528//264 648//264 530//264
f  530//264 648//264 539//264
f  530//264 539//264 537//264
f  537//264 539//264 538//264
f  544//716 649//716 545//716
f  545//716 649//716 650//716
f  545//717 650//717 651//717
f  545//717 651//717 551//717
f  551//718 651//718 652//718
f  551//718 652//718 547//718
f  547//199 652//199 549//199
f  549//199 652//199 653//199
f  653//266 654//266 556//266
f  556//266 654//266 563//266
f  549//266 653//266 550//266
f  550//266 653//266 556//266
f  550//266 556//266 554//266
f  554//266 556//266 555//266
f  563//556 654//556 564//556
f  564//556 654//556 655//556
f  564//719 655//719 656//719
f  564//720 656//720 567//720
f  567//721 656//721 657//721
f  567//722 657//722 566//722
f  566//557 657//557 658//557
f  565//1 566//1 658//1
f  639//1 582//1 575//1
f  573//1 570//1 575//1
f  575//1 570//1 565//1
f  575//1 565//1 639//1
f  639//1 565//1 658//1
f  376//723 659//723 377//723
f  591//724 660//724 661//724
f  662//725 663//725 585//725
f  664//264 665//264 666//264
f  667//726 668//726 589//726
f  669//727 670//727 587//727
f  671//728 672//728 586//728
f  584//1 673//1 674//1
f  590//729 675//729 584//729
f  659//730 676//730 377//730
f  377//731 676//731 677//731
f  377//732 677//732 590//732
f  678//1 679//1 680//1
f  681//1 682//1 683//1
f  684//1 685//1 686//1
f  687//1 688//1 689//1
f  690//264 691//264 687//264
f  470//733 590//733 584//733
f  584//734 674//734 372//734
f  671//735 366//735 674//735
f  674//736 366//736 372//736
f  366//737 671//737 586//737
f  692//738 361//738 586//738
f  692//739 669//739 357//739
f  357//740 361//740 692//740
f  667//741 451//741 587//741
f  669//742 587//742 357//742
f  693//743 443//743 589//743
f  667//744 589//744 445//744
f  667//745 445//745 451//745
f  694//746 438//746 693//746
f  693//747 438//747 444//747
f  693//748 444//748 443//748
f  695//749 437//749 694//749
f  694//750 437//750 438//750
f  664//751 433//751 695//751
f  695//752 433//752 219//752
f  695//753 219//753 437//753
f  666//754 432//754 664//754
f  664//755 432//755 433//755
f  662//756 425//756 432//756
f  662//757 432//757 666//757
f  425//758 662//758 585//758
f  426//759 585//759 660//759
f  426//760 660//760 454//760
f  591//761 454//761 660//761
f  421//762 591//762 696//762
f  421//763 696//763 416//763
f  416//764 696//764 417//764
f  417//765 696//765 697//765
f  690//766 415//766 697//766
f  697//767 415//767 417//767
f  410//768 415//768 690//768
f  410//769 690//769 687//769
f  410//770 687//770 404//770
f  404//771 687//771 689//771
f  404//772 689//772 405//772
f  405//773 689//773 406//773
f  406//774 689//774 698//774
f  406//775 698//775 398//775
f  399//776 398//776 698//776
f  686//777 393//777 392//777
f  686//778 392//778 684//778
f  684//779 392//779 397//779
f  684//780 397//780 699//780
f  699//781 397//781 400//781
f  699//782 400//782 399//782
f  393//783 686//783 681//783
f  393//784 681//784 390//784
f  390//785 681//785 683//785
f  678//786 384//786 683//786
f  683//787 384//787 386//787
f  683//788 386//788 390//788
f  384//789 678//789 680//789
f  384//790 680//790 380//790
f  659//791 376//791 680//791
f  680//792 376//792 380//792
f  592//793 700//793 593//793
f  701//794 702//794 703//794
f  701//795 703//795 704//795
f  704//796 703//796 705//796
f  704//797 705//797 700//797
f  700//798 705//798 706//798
f  707//799 708//799 709//799
f  709//800 710//800 707//800
f  707//801 710//801 711//801
f  707//802 711//802 708//802
f  710//803 712//803 713//803
f  713//804 712//804 714//804
f  713//805 714//805 711//805
f  711//806 714//806 715//806
f  711//807 715//807 708//807
f  708//808 715//808 716//808
f  717//809 718//809 719//809
f  720//810 721//810 722//810
f  722//811 721//811 723//811
f  719//812 724//812 717//812
f  717//31 724//31 725//31
f  717//813 725//813 723//813
f  726//814 727//814 728//814
f  726//815 728//815 729//815
f  727//816 730//816 720//816
f  724//817 719//817 731//817
f  724//818 731//818 725//818
f  725//819 731//819 728//819
f  725//820 728//820 723//820
f  723//821 728//821 722//821
f  722//822 728//822 727//822
f  722//823 727//823 720//823
f  597//824 732//824 733//824
f  597//825 733//825 734//825
f  597//826 734//826 735//826
f  735//827 734//827 736//827
f  735//828 736//828 737//828
f  737//829 736//829 738//829
f  737//830 738//830 595//830
f  595//831 738//831 739//831
f  601//832 486//832 740//832
f  601//833 740//833 487//833
f  262//834 741//834 486//834
f  486//835 741//835 740//835
f  721//836 602//836 257//836
f  721//837 257//837 723//837
f  602//838 721//838 262//838
f  262//839 721//839 742//839
f  262//840 742//840 741//840
f  257//841 485//841 723//841
f  723//842 485//842 256//842
f  723//843 256//843 717//843
f  717//844 256//844 484//844
f  717//845 484//845 718//845
f  718//846 484//846 743//846
f  743//847 484//847 599//847
f  743//848 599//848 744//848
f  744//849 599//849 254//849
f  744//850 254//850 745//850
f  254//851 603//851 745//851
f  745//852 603//852 483//852
f  745//853 483//853 746//853
f  746//854 483//854 604//854
f  746//855 604//855 747//855
f  747//856 604//856 482//856
f  747//857 482//857 748//857
f  748//858 482//858 261//858
f  261//859 490//859 748//859
f  748//860 490//860 260//860
f  748//861 260//861 749//861
f  260//862 489//862 749//862
f  749//863 489//863 259//863
f  749//864 259//864 750//864
f  750//865 259//865 488//865
f  750//866 488//866 751//866
f  751//867 488//867 258//867
f  751//868 258//868 605//868
f  752//869 753//869 265//869
f  265//870 753//870 605//870
f  605//871 753//871 751//871
f  740//872 754//872 487//872
f  487//873 754//873 752//873
f  487//874 752//874 600//874
f  600//875 752//875 265//875
f  752//876 734//876 733//876
f  754//877 740//877 739//877
f  752//878 733//878 753//878
f  738//879 754//879 739//879
f  754//880 738//880 736//880
f  754//881 736//881 752//881
f  752//882 736//882 734//882
f  750//883 751//883 755//883
f  744//884 745//884 756//884
f  756//31 745//31 746//31
f  756//31 746//31 747//31
f  750//31 616//31 749//31
f  749//31 616//31 617//31
f  749//31 617//31 748//31
f  748//31 617//31 606//31
f  748//31 606//31 747//31
f  747//31 606//31 607//31
f  747//31 607//31 756//31
f  608//31 609//31 757//31
f  757//31 609//31 610//31
f  757//31 610//31 758//31
f  758//31 610//31 611//31
f  750//885 755//885 616//885
f  616//886 755//886 615//886
f  615//887 755//887 759//887
f  615//31 759//31 614//31
f  614//888 759//888 760//888
f  614//889 760//889 613//889
f  716//890 715//890 757//890
f  757//891 715//891 608//891
f  608//892 715//892 607//892
f  715//893 714//893 607//893
f  607//894 714//894 756//894
f  756//895 714//895 712//895
f  706//896 705//896 613//896
f  613//897 705//897 612//897
f  612//898 705//898 703//898
f  612//899 703//899 611//899
f  611//900 703//900 758//900
f  758//901 703//901 702//901
f  613//902 760//902 706//902
f  499//903 498//903 761//903
f  499//904 761//904 762//904
f  497//905 499//905 762//905
f  497//906 762//906 620//906
f  623//907 284//907 763//907
f  500//908 623//908 764//908
f  765//909 500//909 764//909
f  500//910 765//910 283//910
f  284//911 283//911 763//911
f  763//912 283//912 765//912
f  766//913 767//913 768//913
f  622//914 766//914 624//914
f  622//915 624//915 280//915
f  280//916 624//916 286//916
f  626//917 769//917 619//917
f  280//918 286//918 279//918
f  279//919 286//919 122//919
f  279//920 122//920 619//920
f  619//921 122//921 626//921
f  770//922 626//922 627//922
f  771//1 772//1 773//1
f  774//1 771//1 773//1
f  774//923 773//923 775//923
f  772//1 771//1 776//1
f  772//924 776//924 777//924
f  778//925 779//925 780//925
f  781//926 779//926 778//926
f  782//264 783//264 784//264
f  785//264 782//264 784//264
f  786//264 787//264 788//264
f  788//927 787//927 789//927
f  790//928 791//928 792//928
f  793//929 790//929 792//929
f  794//930 795//930 796//930
f  797//931 796//931 795//931
f  798//932 630//932 632//932
f  799//933 636//933 638//933
f  800//934 801//934 802//934
f  642//31 803//31 804//31
f  652//31 805//31 806//31
f  646//935 807//935 647//935
f  647//31 807//31 808//31
f  807//936 646//936 645//936
f  807//31 645//31 809//31
f  809//31 645//31 644//31
f  809//31 644//31 804//31
f  804//31 644//31 643//31
f  804//31 643//31 642//31
f  656//937 810//937 657//937
f  657//31 810//31 811//31
f  652//31 651//31 805//31
f  805//31 651//31 650//31
f  805//31 650//31 812//31
f  812//31 650//31 649//31
f  812//31 649//31 808//31
f  808//31 649//31 648//31
f  808//31 648//31 647//31
f  642//31 641//31 803//31
f  803//31 641//31 640//31
f  803//31 640//31 813//31
f  813//31 640//31 639//31
f  813//31 639//31 811//31
f  811//31 639//31 658//31
f  811//31 658//31 657//31
f  810//938 656//938 655//938
f  810//31 655//31 814//31
f  814//31 655//31 654//31
f  814//31 654//31 806//31
f  806//31 654//31 653//31
f  806//31 653//31 652//31
f  815//939 697//939 816//939
f  816//940 697//940 696//940
f  816//941 696//941 817//941
f  817//941 696//941 818//941
f  818//942 696//942 591//942
f  818//943 591//943 819//943
f  820//944 698//944 821//944
f  821//945 698//945 689//945
f  821//946 689//946 822//946
f  822//947 689//947 688//947
f  822//948 688//948 823//948
f  823//949 688//949 687//949
f  823//950 687//950 824//950
f  824//951 687//951 691//951
f  824//952 691//952 825//952
f  825//953 691//953 690//953
f  825//954 690//954 815//954
f  815//955 690//955 697//955
f  826//956 686//956 827//956
f  827//957 686//957 685//957
f  827//958 685//958 828//958
f  828//959 685//959 684//959
f  828//960 684//960 829//960
f  829//961 684//961 699//961
f  829//962 699//962 830//962
f  830//963 699//963 831//963
f  831//964 699//964 399//964
f  831//965 399//965 820//965
f  820//966 399//966 698//966
f  832//967 678//967 833//967
f  833//968 678//968 683//968
f  833//969 683//969 834//969
f  834//970 683//970 682//970
f  834//971 682//971 835//971
f  835//972 682//972 681//972
f  835//973 681//973 826//973
f  826//974 681//974 686//974
f  836//975 671//975 837//975
f  837//976 671//976 674//976
f  837//977 674//977 838//977
f  838//978 674//978 673//978
f  838//979 673//979 839//979
f  839//980 673//980 584//980
f  839//981 584//981 675//981
f  839//982 675//982 840//982
f  840//983 675//983 841//983
f  840//984 841//984 842//984
f  842//985 841//985 677//985
f  842//986 677//986 843//986
f  843//987 677//987 676//987
f  843//988 676//988 844//988
f  844//989 676//989 659//989
f  844//990 659//990 845//990
f  845//991 659//991 846//991
f  846//992 659//992 680//992
f  846//993 680//993 832//993
f  832//994 680//994 679//994
f  832//994 679//994 678//994
f  847//995 587//995 848//995
f  848//996 587//996 670//996
f  848//997 670//997 849//997
f  849//998 670//998 669//998
f  849//999 669//999 850//999
f  850//1000 669//1000 692//1000
f  850//1001 692//1001 851//1001
f  851//1001 692//1001 852//1001
f  852//1002 692//1002 586//1002
f  852//1003 586//1003 836//1003
f  836//1004 586//1004 672//1004
f  836//1005 672//1005 671//1005
f  853//1006 693//1006 854//1006
f  854//1007 693//1007 589//1007
f  854//1008 589//1008 855//1008
f  855//1009 589//1009 668//1009
f  855//1010 668//1010 856//1010
f  856//1011 668//1011 667//1011
f  856//1012 667//1012 847//1012
f  847//1013 667//1013 587//1013
f  857//1014 666//1014 858//1014
f  858//1015 666//1015 665//1015
f  858//1016 665//1016 859//1016
f  859//1017 665//1017 664//1017
f  859//1018 664//1018 860//1018
f  860//1019 664//1019 695//1019
f  860//1020 695//1020 861//1020
f  861//1020 695//1020 862//1020
f  862//1021 695//1021 694//1021
f  862//1022 694//1022 853//1022
f  853//1023 694//1023 863//1023
f  853//1024 863//1024 693//1024
f  591//1025 661//1025 819//1025
f  819//1026 661//1026 660//1026
f  819//1027 660//1027 864//1027
f  864//1028 660//1028 585//1028
f  864//1029 585//1029 865//1029
f  865//1030 585//1030 663//1030
f  865//1031 663//1031 866//1031
f  866//1032 663//1032 662//1032
f  866//1033 662//1033 857//1033
f  857//1034 662//1034 666//1034
f  867//1035 758//1035 868//1035
f  868//1036 758//1036 702//1036
f  702//1037 701//1037 869//1037
f  700//1038 870//1038 593//1038
f  700//1039 592//1039 704//1039
f  704//1040 592//1040 701//1040
f  701//1041 592//1041 594//1041
f  701//1042 594//1042 869//1042
f  869//1043 594//1043 593//1043
f  700//1044 706//1044 871//1044
f  700//1045 871//1045 870//1045
f  871//1046 706//1046 872//1046
f  872//1047 706//1047 873//1047
f  873//1048 706//1048 760//1048
f  874//1049 757//1049 867//1049
f  867//1050 757//1050 758//1050
f  875//1051 756//1051 712//1051
f  875//1052 712//1052 876//1052
f  876//1053 712//1053 877//1053
f  877//1054 712//1054 710//1054
f  877//1055 710//1055 878//1055
f  710//1056 709//1056 878//1056
f  709//1057 708//1057 879//1057
f  713//1058 711//1058 710//1058
f  708//1059 716//1059 880//1059
f  708//1060 880//1060 879//1060
f  757//1061 874//1061 716//1061
f  716//1062 874//1062 880//1062
f  719//1063 881//1063 731//1063
f  731//1064 881//1064 882//1064
f  743//1065 719//1065 718//1065
f  744//1066 756//1066 875//1066
f  744//1067 875//1067 743//1067
f  743//1068 875//1068 881//1068
f  743//1069 881//1069 719//1069
f  739//1070 740//1070 883//1070
f  740//1071 741//1071 883//1071
f  883//1072 741//1072 742//1072
f  883//1073 742//1073 730//1073
f  730//1074 742//1074 721//1074
f  721//1075 720//1075 730//1075
f  727//1076 884//1076 730//1076
f  729//1077 731//1077 882//1077
f  729//1078 882//1078 885//1078
f  729//1079 885//1079 726//1079
f  726//1080 884//1080 727//1080
f  729//1081 728//1081 731//1081
f  739//1082 886//1082 595//1082
f  595//1083 886//1083 887//1083
f  739//1084 883//1084 886//1084
f  732//1085 888//1085 733//1085
f  595//1086 597//1086 735//1086
f  737//1087 595//1087 735//1087
f  597//1088 596//1088 732//1088
f  732//1089 596//1089 598//1089
f  887//1090 598//1090 595//1090
f  888//1091 889//1091 890//1091
f  891//1092 751//1092 892//1092
f  733//1093 888//1093 753//1093
f  753//1094 888//1094 892//1094
f  753//1095 892//1095 751//1095
f  751//1096 891//1096 755//1096
f  755//1097 891//1097 893//1097
f  873//1098 760//1098 759//1098
f  873//1099 759//1099 894//1099
f  894//1100 759//1100 755//1100
f  894//1101 755//1101 893//1101
f  620//1102 895//1102 618//1102
f  769//1103 762//1103 619//1103
f  619//1104 762//1104 761//1104
f  619//1105 761//1105 618//1105
f  618//1106 761//1106 498//1106
f  618//1107 498//1107 620//1107
f  762//1108 769//1108 620//1108
f  620//1109 769//1109 895//1109
f  765//1110 766//1110 622//1110
f  767//1111 623//1111 621//1111
f  621//1112 623//1112 763//1112
f  621//1113 763//1113 622//1113
f  622//1114 763//1114 765//1114
f  766//1115 765//1115 764//1115
f  766//1116 764//1116 767//1116
f  767//1117 764//1117 623//1117
f  625//1118 624//1118 896//1118
f  897//1119 626//1119 770//1119
f  898//1120 899//1120 900//1120
f  900//1121 899//1121 624//1121
f  900//1122 624//1122 766//1122
f  901//1123 895//1123 769//1123
f  901//1124 769//1124 902//1124
f  626//1125 897//1125 903//1125
f  626//1126 903//1126 769//1126
f  769//1127 903//1127 902//1127
f  899//1128 903//1128 904//1128
f  899//1129 904//1129 896//1129
f  899//1130 896//1130 624//1130
f  625//1131 896//1131 905//1131
f  903//1132 897//1132 904//1132
f  766//1133 768//1133 900//1133
f  625//1134 905//1134 770//1134
f  770//1135 905//1135 897//1135
f  772//1136 906//1136 773//1136
f  773//1137 906//1137 907//1137
f  773//1138 907//1138 775//1138
f  775//1139 907//1139 908//1139
f  775//1140 908//1140 909//1140
f  775//1141 909//1141 774//1141
f  774//1142 909//1142 910//1142
f  774//1143 910//1143 771//1143
f  771//1144 910//1144 911//1144
f  771//1145 911//1145 776//1145
f  776//1146 911//1146 912//1146
f  776//1147 912//1147 777//1147
f  777//1148 912//1148 913//1148
f  777//1149 913//1149 914//1149
f  777//1150 914//1150 772//1150
f  772//1151 914//1151 906//1151
f  915//1152 916//1152 917//1152
f  917//1153 916//1153 918//1153
f  919//1154 778//1154 780//1154
f  920//1155 918//1155 921//1155
f  918//1156 916//1156 921//1156
f  922//1157 783//1157 923//1157
f  923//1158 783//1158 782//1158
f  923//1159 782//1159 924//1159
f  924//1160 782//1160 785//1160
f  924//1161 785//1161 925//1161
f  925//1162 785//1162 784//1162
f  925//1163 784//1163 922//1163
f  922//1164 784//1164 783//1164
f  926//31 927//31 928//31
f  928//31 927//31 929//31
f  928//31 929//31 930//31
f  930//31 929//31 931//31
f  932//1165 786//1165 933//1165
f  933//1166 786//1166 788//1166
f  933//1167 788//1167 934//1167
f  934//1168 788//1168 789//1168
f  934//1169 789//1169 935//1169
f  935//1170 789//1170 787//1170
f  935//1171 787//1171 932//1171
f  932//1172 787//1172 786//1172
f  936//31 937//31 938//31
f  938//31 937//31 939//31
f  938//31 939//31 940//31
f  940//31 939//31 941//31
f  942//1173 791//1173 943//1173
f  943//1174 791//1174 790//1174
f  943//1175 790//1175 944//1175
f  944//1176 790//1176 793//1176
f  944//1177 793//1177 945//1177
f  945//1178 793//1178 792//1178
f  945//1179 792//1179 942//1179
f  942//1180 792//1180 791//1180
f  946//1181 947//1181 948//1181
f  948//1181 947//1181 949//1181
f  948//31 950//31 946//31
f  946//31 950//31 951//31
f  952//505 953//505 954//505
f  954//505 953//505 955//505
f  956//1182 955//1182 957//1182
f  957//1182 955//1182 953//1182
f  958//1183 959//1183 960//1183
f  960//1183 959//1183 961//1183
f  962//1184 796//1184 797//1184
f  962//1185 797//1185 963//1185
f  963//1186 797//1186 964//1186
f  964//1187 797//1187 795//1187
f  964//1188 795//1188 965//1188
f  965//1189 795//1189 794//1189
f  965//1190 794//1190 962//1190
f  962//1191 794//1191 796//1191
f  966//1192 967//1192 968//1192
f  968//1192 967//1192 969//1192
f  970//1193 971//1193 972//1193
f  973//1194 974//1194 975//1194
f  974//1195 976//1195 975//1195
f  977//1196 628//1196 978//1196
f  978//1197 628//1197 630//1197
f  978//1198 630//1198 798//1198
f  798//1199 632//1199 979//1199
f  979//1200 632//1200 631//1200
f  979//1201 631//1201 980//1201
f  980//1202 631//1202 629//1202
f  980//1203 629//1203 981//1203
f  981//1204 629//1204 977//1204
f  977//1205 629//1205 628//1205
f  982//1206 983//1206 984//1206
f  984//1207 983//1207 985//1207
f  984//1208 985//1208 986//1208
f  633//1209 635//1209 987//1209
f  987//1210 635//1210 636//1210
f  987//1211 636//1211 799//1211
f  799//1212 638//1212 988//1212
f  988//1213 638//1213 637//1213
f  988//1214 637//1214 989//1214
f  989//1215 637//1215 634//1215
f  989//1216 634//1216 990//1216
f  990//1217 634//1217 633//1217
f  991//1218 992//1218 982//1218
f  982//1219 992//1219 983//1219
f  805//1220 812//1220 993//1220
f  993//1221 812//1221 994//1221
f  806//1222 805//1222 995//1222
f  995//1223 805//1223 993//1223
f  814//1224 806//1224 996//1224
f  996//1224 806//1224 995//1224
f  810//1225 814//1225 997//1225
f  997//1225 814//1225 996//1225
f  811//1226 810//1226 998//1226
f  998//1227 810//1227 997//1227
f  999//1228 1000//1228 1001//1228
f  1001//1229 1000//1229 1002//1229
f  1001//1230 1002//1230 1003//1230
f  1003//1231 1002//1231 1004//1231
f  1004//1232 1002//1232 1005//1232
f  800//1233 1006//1233 801//1233
f  801//1234 1006//1234 1007//1234
f  801//1235 1007//1235 802//1235
f  802//1236 1007//1236 1008//1236
f  802//1237 1008//1237 800//1237
f  800//1238 1008//1238 1006//1238
f  1009//1239 1010//1239 999//1239
f  999//1240 1010//1240 1000//1240
f  1010//1241 1011//1241 1000//1241
f  1000//1242 1011//1242 813//1242
f  1000//1243 813//1243 1002//1243
f  1002//1243 813//1243 811//1243
f  1002//1244 811//1244 1005//1244
f  1005//1245 811//1245 998//1245
f  803//1246 813//1246 1012//1246
f  1012//1247 813//1247 1011//1247
f  804//1248 803//1248 1013//1248
f  1013//1249 803//1249 1012//1249
f  809//1250 804//1250 1014//1250
f  1014//1250 804//1250 1013//1250
f  807//1251 809//1251 1015//1251
f  1015//1252 809//1252 1014//1252
f  808//1253 807//1253 1016//1253
f  1016//1254 807//1254 1015//1254
f  992//1255 994//1255 983//1255
f  983//1256 994//1256 812//1256
f  983//1257 812//1257 985//1257
f  985//1257 812//1257 808//1257
f  985//1258 808//1258 1017//1258
f  1017//1259 808//1259 1016//1259
f  986//1260 985//1260 1018//1260
f  1018//1261 985//1261 1017//1261
f  1019//1262 1020//1262 1021//1262
f  1022//1263 1021//1263 1020//1263
f  1022//1264 1020//1264 1023//1264
f  1020//1265 1024//1265 1023//1265
f  1025//1266 1023//1266 1024//1266
f  1020//1267 1019//1267 1024//1267
f  1026//1268 1027//1268 1028//1268
f  1025//1269 1024//1269 1026//1269
f  1025//1270 1026//1270 1028//1270
f  1024//1271 1019//1271 1026//1271
f  1026//1272 1019//1272 1029//1272
f  1026//1273 1029//1273 1030//1273
f  1026//1274 1030//1274 1027//1274
f  819//1275 1031//1275 1032//1275
f  1031//1276 819//1276 1033//1276
f  1033//1277 819//1277 864//1277
f  1033//1278 864//1278 1034//1278
f  1034//1279 864//1279 865//1279
f  1034//1280 865//1280 1035//1280
f  1035//1281 865//1281 866//1281
f  1035//1282 866//1282 857//1282
f  1035//1283 857//1283 1036//1283
f  1036//1284 857//1284 858//1284
f  1036//1285 858//1285 859//1285
f  1036//1286 859//1286 1037//1286
f  1037//1287 859//1287 860//1287
f  1037//1288 860//1288 1038//1288
f  1038//1289 860//1289 861//1289
f  1038//1290 861//1290 1039//1290
f  1039//1291 861//1291 862//1291
f  1039//1292 862//1292 853//1292
f  1039//1293 853//1293 1040//1293
f  1040//1294 853//1294 854//1294
f  1040//1295 854//1295 855//1295
f  1040//1296 855//1296 1041//1296
f  1041//1297 855//1297 856//1297
f  1041//1298 856//1298 847//1298
f  1041//1299 847//1299 1042//1299
f  1042//1300 847//1300 848//1300
f  1042//1301 848//1301 849//1301
f  1042//1302 849//1302 1043//1302
f  1043//1303 849//1303 850//1303
f  1043//1304 850//1304 1044//1304
f  1044//1305 850//1305 851//1305
f  1044//1306 851//1306 1045//1306
f  1045//1307 851//1307 852//1307
f  1045//1308 852//1308 836//1308
f  1045//1309 836//1309 1046//1309
f  1046//1310 836//1310 837//1310
f  1046//1311 837//1311 838//1311
f  1046//1312 838//1312 1047//1312
f  1047//1313 838//1313 839//1313
f  1047//1314 839//1314 840//1314
f  1047//1315 840//1315 1048//1315
f  1048//1316 840//1316 842//1316
f  1048//1317 842//1317 843//1317
f  1048//1318 843//1318 1049//1318
f  1049//1319 843//1319 844//1319
f  1049//1320 844//1320 1050//1320
f  1050//1321 844//1321 845//1321
f  1050//1322 845//1322 1051//1322
f  1051//1323 845//1323 846//1323
f  1051//1324 846//1324 832//1324
f  1051//1325 832//1325 1052//1325
f  1052//1326 832//1326 833//1326
f  1052//1327 833//1327 834//1327
f  1052//1328 834//1328 1053//1328
f  1053//1329 834//1329 835//1329
f  1053//1330 835//1330 826//1330
f  1053//1331 826//1331 1054//1331
f  1054//1332 826//1332 827//1332
f  1054//1333 827//1333 828//1333
f  1054//1334 828//1334 1055//1334
f  1055//1335 828//1335 830//1335
f  1055//1336 830//1336 1056//1336
f  1056//1337 830//1337 831//1337
f  1056//1338 831//1338 820//1338
f  1056//1339 820//1339 1057//1339
f  1057//1340 820//1340 821//1340
f  1057//1341 821//1341 822//1341
f  1057//1342 822//1342 1058//1342
f  1058//1343 822//1343 823//1343
f  1058//1344 823//1344 824//1344
f  1058//1345 824//1345 1059//1345
f  1059//1346 824//1346 825//1346
f  1059//1347 825//1347 815//1347
f  1059//1348 815//1348 1060//1348
f  1060//1349 815//1349 816//1349
f  1060//1350 816//1350 1061//1350
f  1061//1351 816//1351 817//1351
f  1061//1351 817//1351 1032//1351
f  1032//1352 817//1352 818//1352
f  1032//1353 818//1353 819//1353
f  1062//1354 1063//1354 1064//1354
f  868//1355 702//1355 1065//1355
f  1065//1356 702//1356 869//1356
f  1065//1357 869//1357 1066//1357
f  1066//1358 869//1358 593//1358
f  1066//1359 593//1359 870//1359
f  873//1360 1067//1360 1068//1360
f  870//1361 871//1361 1068//1361
f  1068//1362 871//1362 872//1362
f  1068//1363 872//1363 873//1363
f  1069//1364 867//1364 1065//1364
f  1065//1365 867//1365 868//1365
f  867//1366 1069//1366 874//1366
f  874//1367 1069//1367 1070//1367
f  879//1368 1071//1368 709//1368
f  709//1369 1071//1369 1072//1369
f  709//1370 1072//1370 878//1370
f  878//1371 1072//1371 1073//1371
f  878//1372 1073//1372 877//1372
f  874//1373 1070//1373 1071//1373
f  874//1374 1071//1374 880//1374
f  880//1375 1071//1375 879//1375
f  1074//1376 875//1376 1073//1376
f  1073//1377 875//1377 876//1377
f  1073//1378 876//1378 877//1378
f  881//1379 875//1379 882//1379
f  882//1380 875//1380 1074//1380
f  884//1381 726//1381 885//1381
f  884//1382 1075//1382 730//1382
f  730//1383 1075//1383 883//1383
f  886//1384 883//1384 887//1384
f  887//1385 883//1385 1075//1385
f  889//1386 888//1386 732//1386
f  888//1387 890//1387 892//1387
f  892//1388 890//1388 1076//1388
f  892//1389 1076//1389 891//1389
f  891//1390 1076//1390 1077//1390
f  891//1391 1077//1391 893//1391
f  1067//1392 873//1392 1078//1392
f  1078//1393 873//1393 894//1393
f  1078//1394 894//1394 1077//1394
f  1077//1395 894//1395 893//1395
f  901//1396 1079//1396 895//1396
f  1080//1397 768//1397 767//1397
f  767//1398 625//1398 1080//1398
f  1080//1399 625//1399 770//1399
f  1080//1400 770//1400 1079//1400
f  1079//1401 770//1401 895//1401
f  625//1402 767//1402 621//1402
f  618//1403 895//1403 770//1403
f  618//1404 770//1404 627//1404
f  625//1405 621//1405 127//1405
f  127//1406 621//1406 281//1406
f  127//1407 281//1407 285//1407
f  285//1408 281//1408 278//1408
f  285//1409 278//1409 627//1409
f  627//1410 278//1410 618//1410
f  905//1411 1081//1411 897//1411
f  897//1412 1081//1412 1082//1412
f  897//1413 1082//1413 1083//1413
f  897//1414 1083//1414 904//1414
f  904//1415 1083//1415 905//1415
f  905//1416 1083//1416 1081//1416
f  905//1417 1084//1417 904//1417
f  904//1418 1084//1418 1085//1418
f  904//1419 1085//1419 896//1419
f  1085//1420 1086//1420 896//1420
f  896//1421 1086//1421 1084//1421
f  896//1422 1084//1422 905//1422
f  899//1423 898//1423 1087//1423
f  899//1424 1087//1424 1088//1424
f  899//1425 1088//1425 903//1425
f  903//1426 1088//1426 1089//1426
f  903//1427 1089//1427 1090//1427
f  1091//1428 916//1428 1092//1428
f  1092//1429 916//1429 915//1429
f  1093//1430 1094//1430 1091//1430
f  1091//1431 1094//1431 916//1431
f  1095//1432 1096//1432 1097//1432
f  1097//1433 1098//1433 1099//1433
f  1096//1434 1095//1434 1100//1434
f  1100//1435 1101//1435 1102//1435
f  1101//1436 1103//1436 1102//1436
f  1102//1437 1103//1437 1104//1437
f  1101//1438 1100//1438 1095//1438
f  913//1 912//1 1105//1
f  1105//1 912//1 917//1
f  912//1 911//1 917//1
f  917//1 911//1 915//1
f  915//1439 911//1439 910//1439
f  915//1440 910//1440 1092//1440
f  1092//1441 910//1441 1099//1441
f  1099//1442 910//1442 909//1442
f  1099//1443 909//1443 908//1443
f  907//1444 1095//1444 1097//1444
f  907//1445 1097//1445 908//1445
f  908//1446 1097//1446 1099//1446
f  914//1447 1103//1447 1101//1447
f  914//1448 1101//1448 906//1448
f  906//1449 1101//1449 1095//1449
f  906//1450 1095//1450 907//1450
f  1103//1451 914//1451 913//1451
f  1103//1452 913//1452 1105//1452
f  1105//1453 917//1453 920//1453
f  920//1454 917//1454 918//1454
f  779//1455 1106//1455 780//1455
f  780//1456 1106//1456 1107//1456
f  780//1457 1107//1457 919//1457
f  919//1458 1108//1458 778//1458
f  778//1459 1108//1459 1109//1459
f  778//1460 1109//1460 781//1460
f  781//1461 1109//1461 1110//1461
f  781//1462 1110//1462 1111//1462
f  781//1463 1111//1463 779//1463
f  779//1464 1111//1464 1112//1464
f  779//1465 1112//1465 1106//1465
f  1113//1466 1114//1466 921//1466
f  921//1467 1114//1467 920//1467
f  916//1468 1094//1468 921//1468
f  921//1469 1094//1469 1115//1469
f  921//1470 1115//1470 1113//1470
f  957//228 1116//228 956//228
f  956//228 1116//228 1117//228
f  1118//266 1119//266 967//266
f  967//266 1119//266 969//266
f  923//264 1120//264 1116//264
f  923//264 924//264 1120//264
f  1120//264 924//264 1121//264
f  1121//264 924//264 925//264
f  1121//264 925//264 952//264
f  952//264 925//264 953//264
f  925//1471 922//1471 953//1471
f  953//1472 922//1472 957//1472
f  957//1473 922//1473 923//1473
f  957//264 923//264 1116//264
f  950//228 1122//228 1123//228
f  1124//228 1121//228 952//228
f  954//228 951//228 952//228
f  952//228 951//228 950//228
f  952//228 950//228 1124//228
f  1124//228 950//228 1123//228
f  927//264 1125//264 929//264
f  929//264 1125//264 1126//264
f  929//1474 1126//1474 931//1474
f  931//1474 1126//1474 1127//1474
f  931//1475 1127//1475 930//1475
f  930//1475 1127//1475 1128//1475
f  930//1 1128//1 928//1
f  928//1 1128//1 1129//1
f  928//1476 1129//1476 926//1476
f  926//1476 1129//1476 1130//1476
f  926//1477 1130//1477 927//1477
f  927//1477 1130//1477 1125//1477
f  949//1478 933//1478 948//1478
f  948//1479 933//1479 934//1479
f  948//264 934//264 950//264
f  950//264 934//264 1122//264
f  1122//264 934//264 935//264
f  1122//264 935//264 1131//264
f  933//1480 949//1480 932//1480
f  932//1481 949//1481 1132//1481
f  1131//1482 935//1482 932//1482
f  1131//1483 932//1483 1132//1483
f  960//266 1133//266 958//266
f  958//266 1133//266 1134//266
f  1135//228 1132//228 947//228
f  947//228 1132//228 949//228
f  937//1484 1136//1484 939//1484
f  939//1484 1136//1484 1137//1484
f  939//1 1137//1 941//1
f  941//1 1137//1 1138//1
f  941//1485 1138//1485 940//1485
f  940//1485 1138//1485 1139//1485
f  940//1486 1139//1486 938//1486
f  938//1486 1139//1486 1140//1486
f  938//1487 1140//1487 936//1487
f  936//1487 1140//1487 1141//1487
f  936//1488 1141//1488 937//1488
f  937//1488 1141//1488 1136//1488
f  1142//264 943//264 1143//264
f  1144//1489 942//1489 1142//1489
f  1142//1490 942//1490 943//1490
f  1143//264 943//264 961//264
f  1133//264 945//264 1144//264
f  1144//1491 945//1491 942//1491
f  943//264 944//264 961//264
f  961//264 944//264 960//264
f  960//264 944//264 945//264
f  960//264 945//264 1133//264
f  968//505 1145//505 966//505
f  966//505 1145//505 1146//505
f  1117//264 1118//264 956//264
f  956//264 1118//264 967//264
f  956//264 967//264 966//264
f  1134//264 1135//264 958//264
f  958//264 1135//264 947//264
f  958//264 947//264 946//264
f  1146//264 1147//264 966//264
f  966//264 1147//264 959//264
f  966//264 959//264 956//264
f  956//264 959//264 955//264
f  951//264 954//264 946//264
f  946//264 954//264 955//264
f  946//264 955//264 958//264
f  958//264 955//264 959//264
f  1143//31 961//31 1147//31
f  1147//31 961//31 959//31
f  962//264 1148//264 1145//264
f  969//264 1119//264 964//264
f  962//1492 963//1492 1148//1492
f  1148//1493 963//1493 1149//1493
f  1149//1494 963//1494 964//1494
f  1149//264 964//264 1119//264
f  964//1495 965//1495 969//1495
f  969//1496 965//1496 968//1496
f  968//1497 965//1497 962//1497
f  968//264 962//264 1145//264
f  970//1233 1150//1233 971//1233
f  971//1234 1150//1234 1151//1234
f  971//1498 1151//1498 972//1498
f  972//1499 1151//1499 1152//1499
f  972//1237 1152//1237 970//1237
f  970//1238 1152//1238 1150//1238
f  973//1500 1153//1500 974//1500
f  974//1501 1153//1501 976//1501
f  976//1502 1153//1502 1154//1502
f  976//1503 1154//1503 1155//1503
f  976//1504 1155//1504 975//1504
f  975//1505 1155//1505 973//1505
f  973//1506 1155//1506 1153//1506
f  1156//1 1157//1 1158//1
f  1158//1 1157//1 1159//1
f  1160//1507 1161//1507 1157//1507
f  1162//1508 1163//1508 1156//1508
f  1164//1509 1165//1509 1166//1509
f  1166//1510 1165//1510 1167//1510
f  1168//1511 1169//1511 1170//1511
f  1170//1512 1169//1512 1171//1512
f  980//1513 1172//1513 1173//1513
f  980//1514 1173//1514 979//1514
f  979//1515 1173//1515 1174//1515
f  979//1516 1174//1516 1175//1516
f  979//1517 1175//1517 798//1517
f  978//1518 798//1518 986//1518
f  978//1519 986//1519 1176//1519
f  978//1520 1176//1520 977//1520
f  977//1521 1177//1521 981//1521
f  981//1522 1178//1522 980//1522
f  980//1523 1178//1523 1172//1523
f  990//1524 1179//1524 989//1524
f  989//1525 1179//1525 1003//1525
f  989//1526 1003//1526 988//1526
f  988//1527 1180//1527 799//1527
f  799//1528 1180//1528 1181//1528
f  799//1529 1181//1529 1182//1529
f  799//1530 1182//1530 987//1530
f  987//31 1182//31 1183//31
f  987//31 1183//31 1184//31
f  987//1531 1184//1531 633//1531
f  633//1532 1184//1532 1185//1532
f  633//1533 1185//1533 1186//1533
f  633//1534 1186//1534 990//1534
f  990//1535 1186//1535 1187//1535
f  990//1536 1187//1536 1179//1536
f  1188//31 1004//31 1005//31
f  1189//1537 1190//1537 1191//1537
f  998//31 997//31 1192//31
f  996//31 1193//31 997//31
f  997//31 1193//31 1194//31
f  997//31 1194//31 1192//31
f  992//31 991//31 994//31
f  994//31 991//31 1195//31
f  1191//31 1190//31 1196//31
f  1196//31 1190//31 1197//31
f  1196//31 1197//31 1198//31
f  1195//31 1196//31 994//31
f  994//31 1196//31 1198//31
f  994//31 1198//31 993//31
f  993//31 1198//31 1199//31
f  993//31 1199//31 995//31
f  995//31 1199//31 1200//31
f  1005//31 998//31 1188//31
f  1188//31 998//31 1192//31
f  1188//31 1192//31 1201//31
f  1201//31 1192//31 1202//31
f  1201//31 1202//31 1203//31
f  1203//31 1202//31 1204//31
f  1203//1538 1204//1538 1205//1538
f  1200//31 1206//31 995//31
f  995//31 1206//31 1207//31
f  995//31 1207//31 996//31
f  996//31 1207//31 1208//31
f  996//31 1208//31 1193//31
f  1008//31 1209//31 1210//31
f  1008//31 1210//31 1211//31
f  1008//31 1211//31 1212//31
f  1008//31 1212//31 1006//31
f  1006//31 1212//31 1213//31
f  1006//31 1213//31 1214//31
f  1006//31 1214//31 1215//31
f  1006//31 1215//31 1216//31
f  1006//31 1216//31 1007//31
f  1007//31 1216//31 1217//31
f  1007//31 1217//31 1218//31
f  1007//31 1218//31 1219//31
f  1007//31 1219//31 1220//31
f  1007//31 1220//31 1008//31
f  1008//31 1220//31 1209//31
f  1221//31 1222//31 1223//31
f  1224//31 1225//31 1226//31
f  1226//31 1225//31 1227//31
f  1226//1539 1227//1539 1228//1539
f  1229//1540 1230//1540 1231//1540
f  1229//31 1231//31 1232//31
f  1232//31 1231//31 1233//31
f  1223//31 1234//31 1221//31
f  1221//1541 1234//1541 1235//1541
f  1010//31 1009//31 1011//31
f  1011//31 1009//31 1236//31
f  1018//31 1017//31 1237//31
f  1237//31 1017//31 1016//31
f  1238//1542 1239//1542 1240//1542
f  1238//31 1240//31 1241//31
f  1013//31 1242//31 1014//31
f  1014//31 1242//31 1243//31
f  1014//31 1243//31 1244//31
f  1236//31 1225//31 1011//31
f  1011//31 1225//31 1224//31
f  1011//31 1224//31 1012//31
f  1012//31 1224//31 1245//31
f  1012//31 1245//31 1013//31
f  1013//31 1245//31 1246//31
f  1013//31 1246//31 1241//31
f  1240//31 1247//31 1241//31
f  1241//31 1247//31 1248//31
f  1241//31 1248//31 1013//31
f  1013//31 1248//31 1249//31
f  1013//31 1249//31 1242//31
f  1233//31 1237//31 1232//31
f  1232//31 1237//31 1016//31
f  1232//31 1016//31 1250//31
f  1250//31 1016//31 1015//31
f  1250//31 1015//31 1251//31
f  1251//31 1015//31 1014//31
f  1251//31 1014//31 1222//31
f  1222//31 1014//31 1244//31
f  1222//31 1244//31 1223//31
f  1252//1543 1022//1543 1023//1543
f  1252//1544 1023//1544 1253//1544
f  1253//1545 1023//1545 1254//1545
f  1254//1546 1023//1546 1025//1546
f  1254//1547 1025//1547 1255//1547
f  1255//1548 1025//1548 1028//1548
f  1028//1549 1027//1549 1255//1549
f  1027//1550 1030//1550 1256//1550
f  1030//1551 1029//1551 1256//1551
f  1256//1552 1029//1552 1257//1552
f  1257//1553 1029//1553 1019//1553
f  1257//1554 1019//1554 1258//1554
f  1258//1555 1019//1555 1021//1555
f  1022//1556 1252//1556 1021//1556
f  1259//1557 1260//1557 1261//1557
f  1259//1558 1261//1558 1262//1558
f  1259//1559 1262//1559 902//1559
f  1263//1560 903//1560 1264//1560
f  1263//1561 1264//1561 1265//1561
f  903//1562 1263//1562 902//1562
f  902//1563 1263//1563 1259//1563
f  1266//1564 1267//1564 1061//1564
f  1061//1565 1267//1565 1268//1565
f  1061//1566 1268//1566 1060//1566
f  1059//1567 1060//1567 1269//1567
f  1059//1568 1269//1568 1270//1568
f  1059//1569 1270//1569 1058//1569
f  1058//1570 1270//1570 1271//1570
f  1058//1571 1271//1571 1272//1571
f  1058//1572 1272//1572 1057//1572
f  1057//1573 1272//1573 1273//1573
f  1057//1574 1273//1574 1056//1574
f  1056//1575 1273//1575 1274//1575
f  1056//1576 1274//1576 1055//1576
f  1274//1577 1275//1577 1055//1577
f  1055//1578 1275//1578 1276//1578
f  1055//1579 1276//1579 1277//1579
f  1054//1580 1277//1580 1278//1580
f  1054//1581 1278//1581 1279//1581
f  1054//1582 1279//1582 1053//1582
f  1053//1583 1279//1583 1280//1583
f  1053//1584 1280//1584 1281//1584
f  1053//1585 1281//1585 1052//1585
f  1052//1586 1281//1586 1282//1586
f  1052//1587 1282//1587 1051//1587
f  1051//1588 1282//1588 1283//1588
f  1051//1589 1283//1589 1050//1589
f  1283//1590 1284//1590 1050//1590
f  1050//1591 1284//1591 1285//1591
f  1050//1592 1285//1592 1049//1592
f  1049//1593 1285//1593 1286//1593
f  1049//1594 1286//1594 1048//1594
f  1048//1595 1286//1595 1287//1595
f  1048//1596 1287//1596 1288//1596
f  1048//1597 1288//1597 1047//1597
f  1047//1598 1288//1598 1289//1598
f  1047//1599 1289//1599 1290//1599
f  1047//1600 1290//1600 1046//1600
f  1046//1601 1290//1601 1291//1601
f  1046//1602 1291//1602 1045//1602
f  1045//1603 1291//1603 1292//1603
f  1045//1604 1292//1604 1044//1604
f  1292//1605 1293//1605 1044//1605
f  1044//1606 1293//1606 1294//1606
f  1044//1607 1294//1607 1043//1607
f  1042//1608 1043//1608 1295//1608
f  1042//1609 1295//1609 1296//1609
f  1042//1610 1296//1610 1041//1610
f  1041//1611 1296//1611 1297//1611
f  1041//1612 1297//1612 1298//1612
f  1041//1613 1298//1613 1040//1613
f  1040//1614 1298//1614 1299//1614
f  1040//1615 1299//1615 1039//1615
f  1039//1616 1299//1616 1300//1616
f  1039//1617 1300//1617 1038//1617
f  1300//1618 1301//1618 1038//1618
f  1038//1619 1301//1619 1302//1619
f  1038//1620 1302//1620 1037//1620
f  1036//1621 1037//1621 1303//1621
f  1036//1622 1303//1622 1304//1622
f  1036//1623 1304//1623 1035//1623
f  1035//1624 1304//1624 1305//1624
f  1035//1625 1305//1625 1306//1625
f  1035//1626 1306//1626 1034//1626
f  1034//1627 1306//1627 1307//1627
f  1034//1628 1307//1628 1033//1628
f  1031//1629 1033//1629 1266//1629
f  1031//1630 1266//1630 1032//1630
f  1032//1631 1266//1631 1061//1631
f  1064//1632 1308//1632 1309//1632
f  1064//1633 1309//1633 1062//1633
f  1062//1634 1309//1634 1063//1634
f  1063//1635 1308//1635 1064//1635
f  1069//1636 1065//1636 1310//1636
f  1070//1637 1069//1637 1311//1637
f  1311//1637 1069//1637 1310//1637
f  1070//1638 1311//1638 1071//1638
f  1074//1639 1073//1639 1312//1639
f  882//1640 1074//1640 1313//1640
f  1313//1641 1074//1641 1312//1641
f  882//1642 1313//1642 885//1642
f  884//1643 885//1643 1314//1643
f  1075//1644 884//1644 1315//1644
f  1315//1645 884//1645 1314//1645
f  1075//1646 1315//1646 887//1646
f  889//1647 598//1647 887//1647
f  732//1648 598//1648 889//1648
f  1083//1649 1085//1649 1081//1649
f  1084//1650 1080//1650 1079//1650
f  1080//1651 1084//1651 1086//1651
f  1080//1652 1086//1652 1316//1652
f  1316//1653 1086//1653 1087//1653
f  1079//1654 1081//1654 1084//1654
f  1084//1655 1081//1655 1085//1655
f  1083//1654 1082//1654 1089//1654
f  1081//1655 1079//1655 1082//1655
f  1082//1656 1079//1656 1317//1656
f  1082//1657 1317//1657 1090//1657
f  1082//1658 1090//1658 1089//1658
f  1087//1659 1086//1659 1085//1659
f  1087//1660 1085//1660 1088//1660
f  1088//1654 1085//1654 1083//1654
f  1088//1661 1083//1661 1089//1661
f  1318//1662 1319//1662 1320//1662
f  1321//1663 1320//1663 1322//1663
f  1322//1664 1320//1664 900//1664
f  900//1665 1320//1665 898//1665
f  1323//1666 1324//1666 898//1666
f  1091//1667 1098//1667 1093//1667
f  1093//1668 1098//1668 1325//1668
f  1092//1669 1099//1669 1091//1669
f  1091//1670 1099//1670 1098//1670
f  1326//1671 1327//1671 1115//1671
f  1325//1672 1328//1672 1093//1672
f  1093//1673 1328//1673 1326//1673
f  1093//1674 1326//1674 1094//1674
f  1094//1675 1326//1675 1115//1675
f  1329//1676 1330//1676 1331//1676
f  1331//1677 1330//1677 1325//1677
f  1098//1678 1331//1678 1325//1678
f  1331//1679 1098//1679 1097//1679
f  1097//1680 1096//1680 1331//1680
f  1331//1681 1096//1681 1332//1681
f  1331//1682 1332//1682 1329//1682
f  1096//1683 1100//1683 1332//1683
f  1332//1684 1100//1684 1333//1684
f  1334//1685 1329//1685 1335//1685
f  1335//1686 1329//1686 1332//1686
f  1335//1687 1332//1687 1333//1687
f  1336//1688 1102//1688 1337//1688
f  1337//1689 1104//1689 1338//1689
f  1336//1690 1335//1690 1102//1690
f  1102//1691 1335//1691 1333//1691
f  1102//1692 1333//1692 1100//1692
f  1102//1693 1104//1693 1337//1693
f  1114//1694 1338//1694 1104//1694
f  1114//1695 1104//1695 920//1695
f  920//1696 1104//1696 1105//1696
f  1105//1697 1104//1697 1103//1697
f  1339//1698 1108//1698 919//1698
f  1340//1699 1341//1699 1338//1699
f  1115//1700 1327//1700 1113//1700
f  1113//1701 1327//1701 1340//1701
f  1113//1702 1340//1702 1114//1702
f  1114//1703 1340//1703 1338//1703
f  1342//264 1340//264 1123//264
f  1123//264 1340//264 1327//264
f  1123//264 1327//264 1124//264
f  1124//264 1327//264 1326//264
f  1124//264 1326//264 1343//264
f  1116//505 1120//505 1344//505
f  1345//505 1149//505 1119//505
f  1118//505 1117//505 1119//505
f  1119//505 1117//505 1116//505
f  1119//505 1116//505 1345//505
f  1345//505 1116//505 1344//505
f  1346//1704 1344//1704 1120//1704
f  1121//1705 1124//1705 1343//1705
f  1121//1706 1343//1706 1120//1706
f  1120//1707 1343//1707 1346//1707
f  1347//1708 1342//1708 1131//1708
f  1131//1709 1342//1709 1122//1709
f  1122//1710 1342//1710 1123//1710
f  1133//31 1144//31 1348//31
f  1347//31 1131//31 1132//31
f  1126//31 1125//31 1135//31
f  1135//31 1125//31 1130//31
f  1135//31 1130//31 1132//31
f  1132//31 1130//31 1129//31
f  1132//31 1129//31 1128//31
f  1138//31 1137//31 1133//31
f  1133//31 1137//31 1136//31
f  1133//31 1136//31 1134//31
f  1134//31 1136//31 1141//31
f  1134//31 1141//31 1140//31
f  1348//31 1347//31 1133//31
f  1133//31 1347//31 1132//31
f  1133//31 1132//31 1138//31
f  1138//31 1132//31 1128//31
f  1138//31 1128//31 1139//31
f  1139//31 1128//31 1127//31
f  1139//31 1127//31 1140//31
f  1140//31 1127//31 1126//31
f  1140//31 1126//31 1134//31
f  1134//31 1126//31 1135//31
f  1144//1711 1142//1711 1348//1711
f  1348//1711 1142//1711 1349//1711
f  1145//266 1148//266 1350//266
f  1349//266 1142//266 1143//266
f  1147//266 1146//266 1143//266
f  1143//266 1146//266 1145//266
f  1143//266 1145//266 1349//266
f  1349//266 1145//266 1350//266
f  1148//1712 1149//1712 1350//1712
f  1350//1712 1149//1712 1345//1712
f  1152//1713 1351//1713 1352//1713
f  1152//1714 1352//1714 1353//1714
f  1152//31 1353//31 1150//31
f  1150//31 1353//31 1354//31
f  1150//1715 1354//1715 1355//1715
f  1150//1716 1355//1716 1356//1716
f  1150//31 1356//31 1151//31
f  1151//31 1356//31 1357//31
f  1151//31 1357//31 1358//31
f  1151//31 1358//31 1359//31
f  1151//31 1359//31 1360//31
f  1151//31 1360//31 1152//31
f  1152//31 1360//31 1351//31
f  1155//31 1361//31 1362//31
f  1155//31 1362//31 1363//31
f  1155//31 1363//31 1364//31
f  1155//31 1364//31 1153//31
f  1153//31 1364//31 1365//31
f  1153//31 1365//31 1366//31
f  1153//31 1366//31 1367//31
f  1153//31 1367//31 1368//31
f  1153//31 1368//31 1154//31
f  1154//31 1368//31 1369//31
f  1154//31 1369//31 1370//31
f  1154//31 1370//31 1155//31
f  1155//31 1370//31 1371//31
f  1155//31 1371//31 1372//31
f  1155//31 1372//31 1361//31
f  1163//266 1160//266 1157//266
f  1156//266 1163//266 1157//266
f  1164//1717 1166//1717 1373//1717
f  1373//1718 1166//1718 1374//1718
f  1170//1719 1166//1719 1167//1719
f  1167//1720 1168//1720 1170//1720
f  1171//1721 1375//1721 1170//1721
f  1375//1722 1171//1722 1376//1722
f  1375//1723 1376//1723 1377//1723
f  1159//1507 1157//1507 1161//1507
f  1159//228 1161//228 1158//228
f  1158//1724 1161//1724 1162//1724
f  1158//1725 1162//1725 1156//1725
f  1378//1726 1379//1726 1160//1726
f  1160//1727 1379//1727 1161//1727
f  1163//1728 1162//1728 1380//1728
f  1380//1729 1162//1729 1381//1729
f  1169//1730 1165//1730 1171//1730
f  1171//1731 1165//1731 1164//1731
f  1165//1732 1168//1732 1167//1732
f  986//1733 1018//1733 1237//1733
f  1382//1734 1383//1734 1230//1734
f  1230//1735 1383//1735 1178//1735
f  1176//1736 1233//1736 977//1736
f  977//1737 1233//1737 1231//1737
f  977//1738 1231//1738 1177//1738
f  1177//1739 1231//1739 1230//1739
f  1177//1740 1230//1740 981//1740
f  981//1741 1230//1741 1178//1741
f  798//1742 984//1742 986//1742
f  1176//1743 986//1743 1237//1743
f  1176//1744 1237//1744 1233//1744
f  1175//1745 982//1745 798//1745
f  798//1746 982//1746 984//1746
f  1172//1747 1191//1747 1173//1747
f  1173//1748 1191//1748 1196//1748
f  1173//1749 1196//1749 1174//1749
f  1174//1750 1196//1750 1195//1750
f  1174//1751 1195//1751 1175//1751
f  1175//1752 1195//1752 991//1752
f  1175//1753 991//1753 982//1753
f  1383//1754 1384//1754 1178//1754
f  1178//1755 1384//1755 1189//1755
f  1178//1756 1189//1756 1172//1756
f  1172//1757 1189//1757 1191//1757
f  1385//1758 1205//1758 1386//1758
f  1386//1759 1205//1759 1204//1759
f  1386//1760 1204//1760 1387//1760
f  1387//1761 1204//1761 1202//1761
f  1387//1762 1202//1762 1388//1762
f  1388//1762 1202//1762 1192//1762
f  1388//1763 1192//1763 1389//1763
f  1389//1764 1192//1764 1194//1764
f  1389//1765 1194//1765 1390//1765
f  1390//1766 1194//1766 1193//1766
f  1390//1767 1193//1767 1391//1767
f  1391//1768 1193//1768 1208//1768
f  1391//1769 1208//1769 1392//1769
f  1392//1770 1208//1770 1207//1770
f  1392//1771 1207//1771 1393//1771
f  1393//1772 1207//1772 1206//1772
f  1393//1773 1206//1773 1394//1773
f  1394//1773 1206//1773 1200//1773
f  1394//1774 1200//1774 1395//1774
f  1395//1775 1200//1775 1199//1775
f  1395//1776 1199//1776 1396//1776
f  1396//1777 1199//1777 1198//1777
f  1396//1778 1198//1778 1397//1778
f  1397//1779 1198//1779 1197//1779
f  1397//1780 1197//1780 1398//1780
f  1398//1781 1197//1781 1190//1781
f  1398//1782 1190//1782 1384//1782
f  1384//1783 1190//1783 1189//1783
f  1001//1784 1003//1784 1179//1784
f  1001//1785 1179//1785 999//1785
f  999//1786 1179//1786 1187//1786
f  999//1787 1187//1787 1009//1787
f  1009//1788 1187//1788 1236//1788
f  1236//1789 1187//1789 1186//1789
f  1236//1790 1186//1790 1225//1790
f  1225//1791 1186//1791 1185//1791
f  1225//1744 1185//1744 1227//1744
f  1227//1792 1185//1792 1184//1792
f  1227//1793 1184//1793 1228//1793
f  1228//1794 1184//1794 1183//1794
f  1228//1795 1183//1795 1399//1795
f  1399//1796 1183//1796 1400//1796
f  1400//1797 1183//1797 1205//1797
f  1400//1798 1205//1798 1385//1798
f  1183//1799 1182//1799 1205//1799
f  1205//1800 1182//1800 1181//1800
f  1205//1801 1181//1801 1203//1801
f  1203//1751 1181//1751 1180//1751
f  1203//1750 1180//1750 1201//1750
f  1201//1802 1180//1802 988//1802
f  1201//1803 988//1803 1188//1803
f  1188//1804 988//1804 1003//1804
f  1188//1805 1003//1805 1004//1805
f  1401//1806 1239//1806 1402//1806
f  1402//1807 1239//1807 1238//1807
f  1402//1808 1238//1808 1403//1808
f  1403//1809 1238//1809 1241//1809
f  1403//1810 1241//1810 1404//1810
f  1404//1811 1241//1811 1246//1811
f  1404//1812 1246//1812 1405//1812
f  1405//1813 1246//1813 1245//1813
f  1405//1814 1245//1814 1406//1814
f  1406//1815 1245//1815 1224//1815
f  1406//1816 1224//1816 1407//1816
f  1407//1817 1224//1817 1226//1817
f  1407//1818 1226//1818 1399//1818
f  1399//1819 1226//1819 1228//1819
f  1215//1820 1214//1820 1239//1820
f  1239//1821 1214//1821 1213//1821
f  1239//1822 1213//1822 1240//1822
f  1240//1823 1213//1823 1212//1823
f  1240//1823 1212//1823 1247//1823
f  1247//1824 1212//1824 1211//1824
f  1247//1824 1211//1824 1248//1824
f  1248//1825 1211//1825 1210//1825
f  1248//1825 1210//1825 1249//1825
f  1249//1826 1210//1826 1209//1826
f  1249//1827 1209//1827 1242//1827
f  1242//1828 1209//1828 1220//1828
f  1242//1829 1220//1829 1243//1829
f  1243//1830 1220//1830 1219//1830
f  1243//1831 1219//1831 1244//1831
f  1244//1832 1219//1832 1218//1832
f  1244//1833 1218//1833 1223//1833
f  1223//1834 1218//1834 1217//1834
f  1223//1835 1217//1835 1234//1835
f  1234//1836 1217//1836 1216//1836
f  1234//1837 1216//1837 1235//1837
f  1401//1838 1408//1838 1235//1838
f  1235//1839 1216//1839 1215//1839
f  1235//1840 1215//1840 1401//1840
f  1401//1841 1215//1841 1239//1841
f  1382//1842 1230//1842 1409//1842
f  1409//1843 1230//1843 1229//1843
f  1409//1844 1229//1844 1410//1844
f  1410//1845 1229//1845 1232//1845
f  1410//1846 1232//1846 1411//1846
f  1411//1847 1232//1847 1250//1847
f  1411//1848 1250//1848 1412//1848
f  1412//1849 1250//1849 1251//1849
f  1412//1850 1251//1850 1413//1850
f  1413//1851 1251//1851 1222//1851
f  1413//1852 1222//1852 1408//1852
f  1408//1853 1222//1853 1221//1853
f  1408//1854 1221//1854 1235//1854
f  1414//1855 1415//1855 1416//1855
f  1416//1856 1415//1856 1417//1856
f  1418//1857 1419//1857 1414//1857
f  1414//1858 1419//1858 1415//1858
f  1419//1859 1418//1859 1420//1859
f  1420//1860 1418//1860 1421//1860
f  1420//1861 1421//1861 1422//1861
f  1421//1862 1423//1862 1424//1862
f  1425//1863 1426//1863 1424//1863
f  1424//1864 1426//1864 1422//1864
f  1424//1865 1422//1865 1421//1865
f  1427//1866 1428//1866 1429//1866
f  1429//1867 1428//1867 1430//1867
f  1429//1868 1430//1868 1431//1868
f  1431//1869 1430//1869 1432//1869
f  1431//1870 1432//1870 1433//1870
f  1433//1871 1432//1871 1434//1871
f  1433//1872 1434//1872 1435//1872
f  1435//1873 1434//1873 1436//1873
f  1437//1874 1438//1874 1439//1874
f  1439//1875 1438//1875 1440//1875
f  1439//1876 1440//1876 1441//1876
f  1441//1877 1440//1877 1442//1877
f  1441//1878 1442//1878 1443//1878
f  1443//1879 1442//1879 1444//1879
f  1443//1880 1444//1880 1445//1880
f  1445//1881 1444//1881 1446//1881
f  1447//1882 1255//1882 1448//1882
f  1448//1883 1255//1883 1027//1883
f  1258//1884 1021//1884 1449//1884
f  1449//1885 1021//1885 1252//1885
f  1450//1886 1252//1886 1253//1886
f  1450//1887 1253//1887 1254//1887
f  1254//1888 1255//1888 1447//1888
f  903//1889 1090//1889 1264//1889
f  1264//1890 1090//1890 1451//1890
f  1079//1891 901//1891 1317//1891
f  1317//1892 901//1892 902//1892
f  1317//1893 902//1893 1452//1893
f  1452//1894 902//1894 1262//1894
f  1261//1895 1260//1895 1265//1895
f  1265//1896 1260//1896 1263//1896
f  1263//1897 1260//1897 1259//1897
f  1453//1898 1454//1898 1455//1898
f  1456//1899 1457//1899 1458//1899
f  1459//1900 1455//1900 1460//1900
f  1461//1901 1462//1901 1463//1901
f  1461//1902 1463//1902 1464//1902
f  1465//1903 1466//1903 1467//1903
f  1465//1904 1467//1904 1468//1904
f  1469//1905 1470//1905 1471//1905
f  1472//1906 1473//1906 1474//1906
f  1474//1907 1473//1907 1475//1907
f  1474//1908 1475//1908 1476//1908
f  1477//1909 1478//1909 1479//1909
f  1477//1910 1479//1910 1480//1910
f  1481//1911 1477//1911 1480//1911
f  1481//1912 1480//1912 1482//1912
f  1483//1913 1484//1913 1485//1913
f  1483//1914 1485//1914 1486//1914
f  1487//1915 1488//1915 1489//1915
f  1487//1916 1489//1916 1490//1916
f  1491//1917 1492//1917 1493//1917
f  1491//1918 1493//1918 1494//1918
f  1495//1919 1496//1919 1497//1919
f  1497//1920 1496//1920 1498//1920
f  1499//1921 1495//1921 1497//1921
f  1499//1922 1497//1922 1500//1922
f  1501//1923 1502//1923 1503//1923
f  1504//1924 1505//1924 1506//1924
f  1504//1925 1506//1925 1507//1925
f  1508//1926 1509//1926 1510//1926
f  1508//1927 1510//1927 1511//1927
f  1512//1928 1459//1928 1513//1928
f  1513//1929 1459//1929 1460//1929
f  1514//1930 1453//1930 1459//1930
f  1459//1931 1453//1931 1455//1931
f  1455//1932 1454//1932 1456//1932
f  1455//1933 1456//1933 1515//1933
f  1515//1934 1456//1934 1458//1934
f  1516//1935 1458//1935 1457//1935
f  1516//1936 1457//1936 1517//1936
f  1517//1937 1463//1937 1462//1937
f  1517//1938 1462//1938 1516//1938
f  1518//1939 1461//1939 1519//1939
f  1519//1940 1461//1940 1464//1940
f  1519//1941 1467//1941 1466//1941
f  1519//1942 1466//1942 1518//1942
f  1471//1943 1465//1943 1468//1943
f  1471//1944 1468//1944 1469//1944
f  1469//1945 1476//1945 1470//1945
f  1470//1946 1476//1946 1475//1946
f  1472//1947 1479//1947 1478//1947
f  1472//1948 1478//1948 1473//1948
f  1482//1949 1485//1949 1484//1949
f  1482//1950 1484//1950 1481//1950
f  1520//1951 1483//1951 1521//1951
f  1521//1952 1483//1952 1486//1952
f  1521//1953 1489//1953 1488//1953
f  1521//1954 1488//1954 1520//1954
f  1522//1955 1487//1955 1490//1955
f  1522//1956 1490//1956 1523//1956
f  1523//1957 1493//1957 1492//1957
f  1523//1958 1492//1958 1522//1958
f  1494//1959 1498//1959 1496//1959
f  1494//1960 1496//1960 1491//1960
f  1500//1961 1503//1961 1502//1961
f  1500//1962 1502//1962 1499//1962
f  1524//1963 1501//1963 1525//1963
f  1501//1964 1503//1964 1526//1964
f  1501//1965 1526//1965 1525//1965
f  1525//1966 1506//1966 1505//1966
f  1525//1967 1505//1967 1524//1967
f  1527//1968 1504//1968 1507//1968
f  1527//1969 1507//1969 1528//1969
f  1528//1970 1510//1970 1509//1970
f  1528//1971 1509//1971 1527//1971
f  1513//1972 1508//1972 1511//1972
f  1513//1973 1511//1973 1512//1973
f  1459//1974 1512//1974 1514//1974
f  1513//1975 1529//1975 1508//1975
f  1508//1976 1529//1976 1530//1976
f  1508//1977 1530//1977 1509//1977
f  1509//1978 1530//1978 1531//1978
f  1509//1979 1531//1979 1527//1979
f  1527//1980 1531//1980 1532//1980
f  1527//1981 1532//1981 1504//1981
f  1504//1982 1532//1982 1533//1982
f  1504//1983 1533//1983 1505//1983
f  1505//1984 1533//1984 1534//1984
f  1505//1985 1534//1985 1524//1985
f  1524//1986 1534//1986 1535//1986
f  1524//1987 1535//1987 1501//1987
f  1501//1988 1535//1988 1536//1988
f  1501//1989 1536//1989 1502//1989
f  1502//1990 1536//1990 1537//1990
f  1502//1991 1537//1991 1499//1991
f  1499//1992 1537//1992 1538//1992
f  1499//1993 1538//1993 1495//1993
f  1495//1994 1538//1994 1539//1994
f  1495//1995 1539//1995 1496//1995
f  1496//1996 1539//1996 1540//1996
f  1496//1997 1540//1997 1491//1997
f  1491//1998 1540//1998 1541//1998
f  1491//1999 1541//1999 1492//1999
f  1492//2000 1541//2000 1542//2000
f  1492//2001 1542//2001 1522//2001
f  1522//2002 1542//2002 1543//2002
f  1522//2003 1543//2003 1487//2003
f  1487//2004 1543//2004 1544//2004
f  1487//2005 1544//2005 1488//2005
f  1488//2006 1544//2006 1545//2006
f  1488//2007 1545//2007 1520//2007
f  1520//2008 1545//2008 1546//2008
f  1520//2009 1546//2009 1483//2009
f  1483//2010 1546//2010 1547//2010
f  1483//2011 1547//2011 1484//2011
f  1484//2012 1547//2012 1548//2012
f  1484//2013 1548//2013 1481//2013
f  1481//2014 1548//2014 1549//2014
f  1481//2015 1549//2015 1477//2015
f  1477//2016 1549//2016 1550//2016
f  1477//2017 1550//2017 1478//2017
f  1478//2018 1550//2018 1551//2018
f  1478//2019 1551//2019 1473//2019
f  1473//2020 1551//2020 1552//2020
f  1473//2021 1552//2021 1475//2021
f  1475//2022 1552//2022 1553//2022
f  1475//2023 1553//2023 1470//2023
f  1470//2024 1553//2024 1554//2024
f  1470//2025 1554//2025 1471//2025
f  1471//2026 1554//2026 1555//2026
f  1471//2027 1555//2027 1465//2027
f  1465//2028 1555//2028 1556//2028
f  1465//2029 1556//2029 1466//2029
f  1466//2030 1556//2030 1557//2030
f  1466//2031 1557//2031 1518//2031
f  1518//2032 1557//2032 1558//2032
f  1518//2033 1558//2033 1461//2033
f  1461//2034 1558//2034 1559//2034
f  1461//2035 1559//2035 1462//2035
f  1462//2036 1559//2036 1560//2036
f  1462//2037 1560//2037 1516//2037
f  1516//2038 1560//2038 1561//2038
f  1516//2039 1561//2039 1458//2039
f  1458//2040 1561//2040 1562//2040
f  1458//2041 1562//2041 1515//2041
f  1515//2042 1562//2042 1563//2042
f  1515//2043 1563//2043 1455//2043
f  1455//2044 1563//2044 1564//2044
f  1455//2045 1564//2045 1460//2045
f  1460//2046 1564//2046 1565//2046
f  1460//2047 1565//2047 1513//2047
f  1513//2048 1565//2048 1529//2048
f  1305//2049 1304//2049 1566//2049
f  1297//2050 1296//2050 1567//2050
f  1280//2051 1279//2051 1568//2051
f  1271//2052 1270//2052 1569//2052
f  1569//2053 1270//2053 1269//2053
f  1570//2054 1269//2054 1060//2054
f  1570//2055 1060//2055 1268//2055
f  1571//2056 1275//2056 1274//2056
f  1571//2057 1274//2057 1273//2057
f  1277//2058 1572//2058 1278//2058
f  1568//2059 1279//2059 1278//2059
f  1573//2060 1284//2060 1283//2060
f  1573//2061 1283//2061 1282//2061
f  1290//2062 1289//2062 1291//2062
f  1574//2063 1293//2063 1292//2063
f  1574//2064 1292//2064 1291//2064
f  1043//2065 1575//2065 1295//2065
f  1567//2066 1296//2066 1295//2066
f  1576//2067 1301//2067 1300//2067
f  1576//2068 1300//2068 1299//2068
f  1037//2069 1577//2069 1303//2069
f  1566//2070 1304//2070 1303//2070
f  1307//2071 1306//2071 1578//2071
f  1579//2072 1267//2072 1266//2072
f  1579//2073 1266//2073 1578//2073
f  1578//2074 1266//2074 1033//2074
f  1578//2075 1033//2075 1307//2075
f  1267//2076 1570//2076 1268//2076
f  1569//2077 1580//2077 1272//2077
f  1569//2078 1272//2078 1271//2078
f  1580//2079 1273//2079 1272//2079
f  1275//2080 1572//2080 1276//2080
f  1276//2081 1572//2081 1277//2081
f  1568//2082 1581//2082 1281//2082
f  1568//2083 1281//2083 1280//2083
f  1581//2084 1282//2084 1281//2084
f  1284//2085 1582//2085 1286//2085
f  1284//2086 1286//2086 1285//2086
f  1288//2087 1583//2087 1289//2087
f  1584//2088 1291//2088 1289//2088
f  1293//2089 1575//2089 1294//2089
f  1294//2090 1575//2090 1043//2090
f  1567//2091 1585//2091 1298//2091
f  1567//2092 1298//2092 1297//2092
f  1585//2093 1299//2093 1298//2093
f  1301//2094 1577//2094 1302//2094
f  1302//2095 1577//2095 1037//2095
f  1566//2096 1586//2096 1306//2096
f  1566//2097 1306//2097 1305//2097
f  1306//2098 1586//2098 1578//2098
f  1309//2099 1587//2099 1588//2099
f  1309//2100 1588//2100 1063//2100
f  1063//2101 1588//2101 1589//2101
f  1063//2102 1589//2102 1308//2102
f  1308//2103 1589//2103 1590//2103
f  1308//2104 1590//2104 1309//2104
f  1309//2105 1590//2105 1587//2105
f  1591//2106 1592//2106 1593//2106
f  1593//2107 1592//2107 1594//2107
f  1595//2108 1596//2108 1597//2108
f  1597//2109 1596//2109 1598//2109
f  1597//2110 1598//2110 1425//2110
f  1425//2111 1598//2111 1426//2111
f  1312//31 1599//31 1313//31
f  1313//31 1599//31 1600//31
f  1313//2112 1600//2112 885//2112
f  1599//2113 1312//2113 1073//2113
f  1601//2114 1071//2114 1311//2114
f  1601//31 1311//31 1602//31
f  1602//31 1311//31 1310//31
f  1602//2115 1310//2115 1065//2115
f  1600//2116 1603//2116 885//2116
f  1314//2117 885//2117 1604//2117
f  1314//31 1604//31 1315//31
f  1315//31 1604//31 1417//31
f  1315//2118 1417//2118 887//2118
f  887//2119 1417//2119 889//2119
f  889//2120 1417//2120 1415//2120
f  1066//2121 870//2121 1605//2121
f  1605//2122 870//2122 1606//2122
f  1606//2123 870//2123 1068//2123
f  1606//2124 1068//2124 1596//2124
f  1596//2125 1068//2125 1067//2125
f  1596//2126 1067//2126 1598//2126
f  1598//2127 1067//2127 1078//2127
f  1598//2128 1078//2128 1426//2128
f  1426//2129 1078//2129 1077//2129
f  1426//2130 1077//2130 1422//2130
f  1422//2131 1077//2131 1076//2131
f  1422//2132 1076//2132 1420//2132
f  1420//2133 1076//2133 890//2133
f  1420//2134 890//2134 1419//2134
f  1419//2135 890//2135 889//2135
f  1419//2136 889//2136 1415//2136
f  1324//2137 1087//2137 898//2137
f  1320//2138 1321//2138 1318//2138
f  1320//2139 1319//2139 898//2139
f  1318//2140 1323//2140 1319//2140
f  1319//2141 1323//2141 898//2141
f  1323//2142 1318//2142 1321//2142
f  768//2143 1080//2143 900//2143
f  900//2144 1080//2144 1316//2144
f  900//2145 1316//2145 1322//2145
f  1607//2146 1608//2146 1609//2146
f  1607//2147 1610//2147 1608//2147
f  1608//2148 1610//2148 1611//2148
f  1612//2149 1613//2149 1614//2149
f  1614//2150 1613//2150 1615//2150
f  1616//2151 1614//2151 1615//2151
f  1326//2152 1328//2152 1343//2152
f  1343//2153 1328//2153 1617//2153
f  1343//2154 1617//2154 1346//2154
f  1346//2155 1617//2155 1618//2155
f  1346//2156 1618//2156 1619//2156
f  1620//2157 1621//2157 1622//2157
f  1618//2158 1617//2158 1621//2158
f  1621//2159 1617//2159 1622//2159
f  1325//2160 1617//2160 1328//2160
f  1330//2161 1622//2161 1617//2161
f  1330//2162 1617//2162 1325//2162
f  1622//2163 1330//2163 1620//2163
f  1620//2164 1330//2164 1623//2164
f  1329//2165 1334//2165 1330//2165
f  1330//2166 1334//2166 1623//2166
f  1335//2167 1336//2167 1624//2167
f  1335//2168 1624//2168 1334//2168
f  1341//2169 1337//2169 1338//2169
f  1337//2170 1341//2170 1625//2170
f  1626//2171 1624//2171 1336//2171
f  1626//2172 1336//2172 1625//2172
f  1625//2173 1336//2173 1337//2173
f  1627//2174 1112//2174 1628//2174
f  1628//2175 1112//2175 1111//2175
f  1628//2176 1111//2176 1629//2176
f  1629//2177 1111//2177 1630//2177
f  1630//2178 1111//2178 1110//2178
f  1630//2179 1110//2179 1109//2179
f  1630//2180 1109//2180 1631//2180
f  1631//2181 1109//2181 1632//2181
f  1632//2182 1109//2182 1108//2182
f  1632//2183 1108//2183 1633//2183
f  1633//2184 1108//2184 1339//2184
f  1633//2185 1339//2185 919//2185
f  1633//2186 919//2186 1634//2186
f  1634//2187 919//2187 1107//2187
f  1634//2188 1107//2188 1106//2188
f  1634//2189 1106//2189 1627//2189
f  1627//2190 1106//2190 1112//2190
f  1342//2191 1635//2191 1636//2191
f  1341//2192 1340//2192 1342//2192
f  1342//2193 1636//2193 1341//2193
f  1625//2194 1637//2194 1638//2194
f  1625//2195 1341//2195 1637//2195
f  1637//2196 1341//2196 1636//2196
f  1639//2197 1640//2197 1591//2197
f  1591//2198 1640//2198 1592//2198
f  1350//264 1345//264 1641//264
f  1641//264 1345//264 1619//264
f  1619//264 1345//264 1344//264
f  1619//264 1344//264 1346//264
f  1641//264 1642//264 1350//264
f  1350//264 1642//264 1594//264
f  1350//264 1594//264 1349//264
f  1349//264 1594//264 1592//264
f  1349//264 1592//264 1348//264
f  1348//264 1592//264 1640//264
f  1348//264 1640//264 1347//264
f  1347//264 1640//264 1635//264
f  1347//264 1635//264 1342//264
f  1643//2199 1644//2199 1645//2199
f  1645//2200 1644//2200 1646//2200
f  1647//2201 1648//2201 1649//2201
f  1647//2202 1649//2202 1650//2202
f  1650//2203 1649//2203 1644//2203
f  1644//2204 1649//2204 1651//2204
f  1644//2205 1651//2205 1647//2205
f  1648//2206 1647//2206 1651//2206
f  1652//2207 1653//2207 1654//2207
f  1652//2208 1654//2208 1655//2208
f  1652//2209 1655//2209 1656//2209
f  1656//2210 1655//2210 1657//2210
f  1657//2211 1655//2211 1653//2211
f  1653//2212 1652//2212 1657//2212
f  1658//2213 1654//2213 1659//2213
f  1658//2214 1659//2214 1660//2214
f  1661//2215 1662//2215 1663//2215
f  1661//2216 1663//2216 1664//2216
f  1664//2217 1663//2217 1665//2217
f  1665//2218 1663//2218 1666//2218
f  1662//2219 1661//2219 1665//2219
f  1662//2220 1665//2220 1666//2220
f  1667//2221 1666//2221 1668//2221
f  1668//2222 1666//2222 1669//2222
f  1670//2223 1671//2223 1672//2223
f  1438//2224 1437//2224 1416//2224
f  1604//2225 1673//2225 1670//2225
f  1416//2226 1417//2226 1438//2226
f  1438//2227 1417//2227 1672//2227
f  1438//2228 1672//2228 1674//2228
f  1604//2229 1670//2229 1417//2229
f  1417//2230 1670//2230 1672//2230
f  1673//2231 1604//2231 885//2231
f  885//2232 1603//2232 1673//2232
f  1675//2233 1446//2233 1444//2233
f  1438//31 1674//31 1676//31
f  1677//2234 1675//2234 1444//2234
f  1677//2235 1444//2235 1678//2235
f  1678//2236 1444//2236 1442//2236
f  1438//31 1676//31 1440//31
f  1440//31 1676//31 1442//31
f  1442//31 1676//31 1679//31
f  1442//2237 1679//2237 1678//2237
f  1679//2238 1680//2238 1678//2238
f  1676//2239 1681//2239 1680//2239
f  1676//2240 1680//2240 1679//2240
f  1672//2241 1681//2241 1674//2241
f  1674//2242 1681//2242 1676//2242
f  1682//2243 1683//2243 1359//2243
f  1359//2244 1683//2244 1360//2244
f  1682//2245 1359//2245 1358//2245
f  1682//2246 1358//2246 1357//2246
f  1682//2247 1357//2247 1684//2247
f  1356//2248 1685//2248 1684//2248
f  1356//2249 1684//2249 1357//2249
f  1355//2250 1686//2250 1685//2250
f  1355//2251 1685//2251 1356//2251
f  1687//2252 1354//2252 1688//2252
f  1688//2253 1354//2253 1353//2253
f  1354//2254 1687//2254 1355//2254
f  1355//2255 1687//2255 1686//2255
f  1688//2256 1353//2256 1352//2256
f  1688//2257 1352//2257 1689//2257
f  1689//2258 1352//2258 1351//2258
f  1683//2259 1689//2259 1360//2259
f  1360//2260 1689//2260 1351//2260
f  1681//2261 1672//2261 1671//2261
f  1681//2262 1689//2262 1680//2262
f  1680//2263 1689//2263 1683//2263
f  1680//2264 1683//2264 1690//2264
f  1680//2265 1690//2265 1678//2265
f  1671//2266 1670//2266 1687//2266
f  1687//2267 1688//2267 1671//2267
f  1671//2268 1688//2268 1681//2268
f  1681//2269 1688//2269 1689//2269
f  1428//2270 1427//2270 1691//2270
f  1692//2271 1365//2271 1693//2271
f  1693//2272 1365//2272 1364//2272
f  1675//2273 1693//2273 1363//2273
f  1363//2274 1693//2274 1364//2274
f  1361//2275 1446//2275 1362//2275
f  1362//2276 1446//2276 1675//2276
f  1362//2277 1675//2277 1363//2277
f  1370//2278 1694//2278 1371//2278
f  1371//2279 1694//2279 1428//2279
f  1371//2280 1428//2280 1372//2280
f  1369//2281 1695//2281 1370//2281
f  1370//2282 1695//2282 1694//2282
f  1368//2283 1696//2283 1695//2283
f  1368//2284 1695//2284 1369//2284
f  1696//2285 1368//2285 1697//2285
f  1697//2286 1368//2286 1367//2286
f  1697//2287 1367//2287 1698//2287
f  1698//2288 1367//2288 1366//2288
f  1698//2289 1366//2289 1699//2289
f  1365//2290 1692//2290 1366//2290
f  1366//2291 1692//2291 1699//2291
f  1445//2292 1446//2292 1700//2292
f  1700//2293 1446//2293 1361//2293
f  1700//2294 1361//2294 1691//2294
f  1691//2295 1361//2295 1372//2295
f  1691//2296 1372//2296 1428//2296
f  1701//31 1436//31 1702//31
f  1702//31 1436//31 1434//31
f  1702//31 1434//31 1703//31
f  1703//31 1434//31 1432//31
f  1703//31 1432//31 1704//31
f  1704//31 1432//31 1430//31
f  1704//2297 1430//2297 1694//2297
f  1694//2298 1430//2298 1428//2298
f  1705//2299 1706//2299 1707//2299
f  1708//2300 1707//2300 1709//2300
f  1708//2301 1709//2301 1710//2301
f  1710//2302 1709//2302 1711//2302
f  1712//2303 1713//2303 1714//2303
f  1714//2304 1713//2304 1715//2304
f  1712//2305 1714//2305 1716//2305
f  1716//2306 1714//2306 1717//2306
f  1716//2307 1717//2307 1718//2307
f  1718//2308 1717//2308 1719//2308
f  1718//2309 1719//2309 1720//2309
f  1720//2310 1719//2310 1721//2310
f  1720//2311 1721//2311 1722//2311
f  1720//2312 1722//2312 1723//2312
f  1723//2313 1722//2313 1724//2313
f  1723//2314 1724//2314 1725//2314
f  1725//2315 1724//2315 1726//2315
f  1726//2316 1724//2316 1727//2316
f  1726//2317 1727//2317 1728//2317
f  1728//2318 1727//2318 1729//2318
f  1715//2319 1713//2319 1729//2319
f  1729//2320 1713//2320 1728//2320
f  1160//2321 1163//2321 1380//2321
f  1160//2321 1380//2321 1378//2321
f  1375//2322 1374//2322 1166//2322
f  1166//2323 1170//2323 1375//2323
f  1374//2324 1375//2324 1377//2324
f  1730//2325 1731//2325 1732//2325
f  1732//2326 1731//2326 1733//2326
f  1380//2327 1381//2327 1733//2327
f  1733//2328 1381//2328 1732//2328
f  1381//2329 1162//2329 1161//2329
f  1381//2330 1161//2330 1379//2330
f  1379//2331 1378//2331 1734//2331
f  1734//2332 1378//2332 1735//2332
f  1736//2333 1737//2333 1735//2333
f  1735//2334 1737//2334 1734//2334
f  1377//2335 1376//2335 1736//2335
f  1736//2336 1376//2336 1737//2336
f  1376//2337 1171//2337 1373//2337
f  1373//2338 1171//2338 1164//2338
f  1373//2339 1374//2339 1730//2339
f  1730//2340 1374//2340 1731//2340
f  1738//2341 1739//2341 1740//2341
f  1738//2342 1740//2342 1741//2342
f  1741//2343 1740//2343 1742//2343
f  1742//2344 1740//2344 1743//2344
f  1742//2345 1743//2345 1744//2345
f  1743//2346 1745//2346 1744//2346
f  1746//2347 1747//2347 1748//2347
f  1748//2348 1747//2348 1749//2348
f  1747//2349 1750//2349 1749//2349
f  1749//2350 1750//2350 1751//2350
f  1749//2351 1751//2351 1752//2351
f  1753//2352 1754//2352 1755//2352
f  1756//2353 1757//2353 1755//2353
f  1755//2354 1757//2354 1753//2354
f  1165//2355 1169//2355 1758//2355
f  1165//2356 1759//2356 1760//2356
f  1168//2357 1165//2357 1761//2357
f  1761//2358 1165//2358 1760//2358
f  1760//2359 1762//2359 1761//2359
f  1169//2360 1168//2360 1758//2360
f  1758//2361 1168//2361 1763//2361
f  1763//2362 1168//2362 1761//2362
f  1764//2363 1762//2363 1759//2363
f  1759//2364 1762//2364 1760//2364
f  1765//2365 1766//2365 1767//2365
f  1766//2366 1765//2366 1768//2366
f  1766//2367 1768//2367 1769//2367
f  1770//2368 1769//2368 1768//2368
f  1770//2369 1768//2369 1771//2369
f  1772//2370 1773//2370 1774//2370
f  1774//2371 1773//2371 1775//2371
f  1776//2372 1777//2372 1778//2372
f  1778//2373 1777//2373 1435//2373
f  1778//2374 1435//2374 1779//2374
f  1775//2375 1773//2375 1780//2375
f  1775//2376 1780//2376 1701//2376
f  1701//2377 1780//2377 1779//2377
f  1701//2378 1779//2378 1436//2378
f  1436//2379 1779//2379 1435//2379
f  1781//31 1597//31 1782//31
f  1782//31 1597//31 1425//31
f  1782//31 1425//31 1424//31
f  1783//2380 1784//2380 1785//2380
f  1785//2381 1784//2381 1767//2381
f  1786//31 1787//31 1788//31
f  1788//31 1787//31 1789//31
f  1788//31 1789//31 1790//31
f  1790//31 1789//31 1791//31
f  1790//31 1791//31 1792//31
f  1792//31 1791//31 1793//31
f  1792//31 1793//31 1794//31
f  1794//31 1793//31 1785//31
f  1794//2382 1785//2382 1767//2382
f  1795//31 1796//31 1797//31
f  1797//31 1796//31 1798//31
f  1797//31 1798//31 1783//31
f  1783//31 1798//31 1799//31
f  1783//2383 1799//2383 1784//2383
f  1786//31 1800//31 1787//31
f  1787//2384 1800//2384 1801//2384
f  1787//2385 1801//2385 1802//2385
f  1802//2386 1801//2386 1803//2386
f  1802//31 1803//31 1781//31
f  1781//31 1803//31 1595//31
f  1781//31 1595//31 1597//31
f  1804//2387 1795//2387 1805//2387
f  1805//2388 1795//2388 1797//2388
f  1805//2389 1797//2389 1806//2389
f  1806//2390 1797//2390 1783//2390
f  1806//2391 1783//2391 1807//2391
f  1807//2392 1783//2392 1785//2392
f  1807//2393 1785//2393 1808//2393
f  1808//2394 1785//2394 1793//2394
f  1808//2395 1793//2395 1809//2395
f  1809//2396 1793//2396 1791//2396
f  1809//2397 1791//2397 1810//2397
f  1810//2398 1791//2398 1789//2398
f  1810//2399 1789//2399 1811//2399
f  1811//2400 1789//2400 1787//2400
f  1811//2401 1787//2401 1812//2401
f  1812//2402 1787//2402 1802//2402
f  1812//2403 1802//2403 1813//2403
f  1813//2404 1802//2404 1781//2404
f  1813//2405 1781//2405 1423//2405
f  1423//2406 1781//2406 1782//2406
f  1423//2407 1782//2407 1424//2407
f  1814//2408 1815//2408 1816//2408
f  1816//2409 1815//2409 1817//2409
f  1818//2410 1819//2410 1820//2410
f  1820//2410 1819//2410 1821//2410
f  1819//31 1822//31 1821//31
f  1821//31 1822//31 1823//31
f  1824//2411 1823//2411 1825//2411
f  1825//2412 1823//2412 1822//2412
f  1824//31 1825//31 1816//31
f  1816//31 1825//31 1814//31
f  1826//31 1396//31 1397//31
f  1827//2413 1828//2413 1817//2413
f  1826//31 1397//31 1777//31
f  1777//31 1397//31 1398//31
f  1777//31 1398//31 1384//31
f  1827//2414 1393//2414 1829//2414
f  1829//31 1393//31 1394//31
f  1829//31 1394//31 1830//31
f  1691//31 1411//31 1700//31
f  1700//31 1411//31 1412//31
f  1700//31 1412//31 1445//31
f  1445//31 1412//31 1413//31
f  1445//31 1413//31 1443//31
f  1391//31 1817//31 1390//31
f  1390//31 1817//31 1815//31
f  1390//31 1815//31 1389//31
f  1393//2415 1827//2415 1817//2415
f  1393//31 1817//31 1392//31
f  1392//31 1817//31 1391//31
f  1384//31 1383//31 1777//31
f  1777//31 1383//31 1433//31
f  1777//31 1433//31 1435//31
f  1691//31 1427//31 1411//31
f  1411//31 1427//31 1429//31
f  1411//31 1429//31 1410//31
f  1410//31 1429//31 1431//31
f  1410//31 1431//31 1409//31
f  1409//31 1431//31 1433//31
f  1409//31 1433//31 1382//31
f  1382//31 1433//31 1383//31
f  1830//31 1394//31 1831//31
f  1831//31 1394//31 1395//31
f  1831//31 1395//31 1832//31
f  1832//31 1395//31 1396//31
f  1832//31 1396//31 1833//31
f  1833//31 1396//31 1826//31
f  1833//31 1826//31 1834//31
f  1439//2416 1401//2416 1437//2416
f  1443//31 1413//31 1441//31
f  1441//2417 1413//2417 1408//2417
f  1441//2418 1408//2418 1439//2418
f  1439//2419 1408//2419 1401//2419
f  1437//2420 1401//2420 1416//2420
f  1416//2421 1401//2421 1402//2421
f  1416//31 1402//31 1414//31
f  1414//31 1402//31 1403//31
f  1414//31 1403//31 1418//31
f  1423//2422 1404//2422 1813//2422
f  1813//31 1404//31 1405//31
f  1813//31 1405//31 1812//31
f  1812//31 1405//31 1406//31
f  1812//31 1406//31 1811//31
f  1811//31 1406//31 1407//31
f  1811//31 1407//31 1810//31
f  1810//31 1407//31 1399//31
f  1404//2423 1423//2423 1421//2423
f  1404//2424 1421//2424 1403//2424
f  1403//2425 1421//2425 1418//2425
f  1399//31 1400//31 1810//31
f  1810//31 1400//31 1385//31
f  1810//31 1385//31 1809//31
f  1809//31 1385//31 1386//31
f  1809//31 1386//31 1808//31
f  1808//31 1386//31 1387//31
f  1808//31 1387//31 1807//31
f  1807//31 1387//31 1388//31
f  1807//31 1388//31 1806//31
f  1806//31 1388//31 1389//31
f  1806//31 1389//31 1805//31
f  1805//31 1389//31 1815//31
f  1805//31 1815//31 1804//31
f  1835//2426 1826//2426 1776//2426
f  1776//2427 1826//2427 1777//2427
f  1778//31 1836//31 1776//31
f  1776//31 1836//31 1835//31
f  1778//2428 1779//2428 1836//2428
f  1836//2429 1779//2429 1837//2429
f  1838//31 1837//31 1780//31
f  1780//31 1837//31 1779//31
f  1839//2430 1838//2430 1773//2430
f  1773//2431 1838//2431 1780//2431
f  1840//31 1841//31 1842//31
f  1842//31 1841//31 1843//31
f  1842//31 1843//31 1844//31
f  1844//31 1843//31 1845//31
f  1844//31 1845//31 1846//31
f  1846//31 1845//31 1847//31
f  1846//31 1847//31 1848//31
f  1848//31 1847//31 1849//31
f  1848//31 1849//31 1850//31
f  1850//31 1849//31 1851//31
f  1850//2432 1851//2432 1852//2432
f  1852//2433 1851//2433 1853//2433
f  1852//2434 1853//2434 1854//2434
f  1852//2435 1854//2435 1855//2435
f  1834//2436 1840//2436 1833//2436
f  1833//2437 1840//2437 1842//2437
f  1833//2438 1842//2438 1832//2438
f  1832//2439 1842//2439 1844//2439
f  1832//2440 1844//2440 1831//2440
f  1831//2441 1844//2441 1846//2441
f  1831//2442 1846//2442 1830//2442
f  1830//2443 1846//2443 1848//2443
f  1830//2444 1848//2444 1829//2444
f  1829//2445 1848//2445 1850//2445
f  1829//2446 1850//2446 1827//2446
f  1827//2447 1850//2447 1852//2447
f  1827//2448 1852//2448 1828//2448
f  1828//2449 1852//2449 1855//2449
f  1593//2450 1594//2450 1856//2450
f  1856//2451 1594//2451 1642//2451
f  1857//2452 1856//2452 1641//2452
f  1641//2453 1856//2453 1642//2453
f  1252//2454 1450//2454 1858//2454
f  1450//2455 1254//2455 1859//2455
f  1859//2456 1254//2456 1447//2456
f  1448//2457 1027//2457 1860//2457
f  1860//2458 1027//2458 1861//2458
f  1861//2459 1027//2459 1256//2459
f  1862//2460 1861//2460 1256//2460
f  1449//2461 1252//2461 1858//2461
f  1863//2462 1317//2462 1452//2462
f  1864//2463 1865//2463 1317//2463
f  1317//2464 1865//2464 1866//2464
f  1317//2465 1866//2465 1090//2465
f  1265//2466 1264//2466 1867//2466
f  1262//2467 1261//2467 1867//2467
f  1867//2468 1261//2468 1265//2468
f  1610//2469 1607//2469 1609//2469
f  1615//2470 1613//2470 1468//2470
f  1868//2471 1616//2471 1468//2471
f  1616//2472 1615//2472 1468//2472
f  1468//2473 1467//2473 1868//2473
f  1868//2474 1467//2474 1869//2474
f  1869//2475 1467//2475 1519//2475
f  1869//2476 1519//2476 1464//2476
f  1869//2477 1464//2477 1870//2477
f  1870//2478 1464//2478 1871//2478
f  1871//2479 1464//2479 1463//2479
f  1871//2480 1463//2480 1872//2480
f  1872//2481 1463//2481 1517//2481
f  1872//2482 1517//2482 1873//2482
f  1873//2483 1517//2483 1457//2483
f  1873//2484 1457//2484 1456//2484
f  1873//2485 1456//2485 1874//2485
f  1874//2486 1456//2486 1875//2486
f  1875//2487 1456//2487 1454//2487
f  1875//2488 1454//2488 1514//2488
f  1875//2489 1514//2489 1876//2489
f  1876//2490 1514//2490 1512//2490
f  1876//2491 1512//2491 1877//2491
f  1877//2492 1512//2492 1511//2492
f  1877//2493 1511//2493 1878//2493
f  1878//2494 1511//2494 1510//2494
f  1878//2495 1510//2495 1879//2495
f  1879//2496 1510//2496 1528//2496
f  1879//2497 1528//2497 1880//2497
f  1880//2498 1528//2498 1507//2498
f  1880//2499 1507//2499 1881//2499
f  1881//2500 1507//2500 1506//2500
f  1881//2501 1506//2501 1882//2501
f  1882//2502 1506//2502 1525//2502
f  1882//2503 1525//2503 1526//2503
f  1883//2504 1526//2504 1503//2504
f  1883//2505 1503//2505 1884//2505
f  1884//2506 1503//2506 1500//2506
f  1884//2507 1500//2507 1885//2507
f  1885//2508 1500//2508 1497//2508
f  1885//2509 1497//2509 1886//2509
f  1886//2510 1497//2510 1498//2510
f  1886//2511 1498//2511 1887//2511
f  1887//2512 1498//2512 1494//2512
f  1887//2513 1494//2513 1888//2513
f  1888//2514 1494//2514 1493//2514
f  1888//2515 1493//2515 1889//2515
f  1889//2516 1493//2516 1523//2516
f  1889//2517 1523//2517 1890//2517
f  1890//2518 1523//2518 1490//2518
f  1890//2519 1490//2519 1891//2519
f  1891//2520 1490//2520 1489//2520
f  1891//2521 1489//2521 1892//2521
f  1892//2522 1489//2522 1521//2522
f  1892//2523 1521//2523 1893//2523
f  1893//2524 1521//2524 1486//2524
f  1893//2525 1486//2525 1894//2525
f  1894//2526 1486//2526 1485//2526
f  1894//2527 1485//2527 1895//2527
f  1485//2528 1482//2528 1895//2528
f  1895//2529 1482//2529 1896//2529
f  1896//2530 1482//2530 1897//2530
f  1482//2531 1480//2531 1897//2531
f  1897//2532 1480//2532 1479//2532
f  1897//2533 1479//2533 1898//2533
f  1898//2534 1479//2534 1472//2534
f  1474//2535 1899//2535 1472//2535
f  1472//2536 1899//2536 1900//2536
f  1472//2537 1900//2537 1898//2537
f  1468//2538 1610//2538 1469//2538
f  1469//2539 1610//2539 1609//2539
f  1469//2540 1609//2540 1476//2540
f  1476//2541 1609//2541 1901//2541
f  1476//2542 1901//2542 1474//2542
f  1474//2543 1901//2543 1899//2543
f  1547//2544 1902//2544 1548//2544
f  1546//2545 1903//2545 1547//2545
f  1547//2546 1903//2546 1902//2546
f  1545//2547 1904//2547 1546//2547
f  1546//2548 1904//2548 1903//2548
f  1564//2549 1905//2549 1565//2549
f  1905//2550 1564//2550 1906//2550
f  1906//2551 1564//2551 1563//2551
f  1906//2552 1563//2552 1562//2552
f  1906//2553 1562//2553 1907//2553
f  1907//2554 1562//2554 1908//2554
f  1908//2555 1562//2555 1561//2555
f  1908//2556 1561//2556 1909//2556
f  1909//2557 1561//2557 1560//2557
f  1909//2558 1560//2558 1910//2558
f  1910//2559 1560//2559 1559//2559
f  1910//2560 1559//2560 1558//2560
f  1910//2561 1558//2561 1911//2561
f  1911//2562 1558//2562 1912//2562
f  1912//2563 1558//2563 1557//2563
f  1912//2564 1557//2564 1913//2564
f  1913//2565 1557//2565 1556//2565
f  1913//2566 1556//2566 1555//2566
f  1913//2567 1555//2567 1914//2567
f  1914//2568 1555//2568 1915//2568
f  1915//2569 1555//2569 1554//2569
f  1915//2570 1554//2570 1916//2570
f  1916//2571 1554//2571 1553//2571
f  1916//2572 1553//2572 1552//2572
f  1916//2573 1552//2573 1917//2573
f  1917//2574 1552//2574 1918//2574
f  1918//2575 1552//2575 1551//2575
f  1918//2576 1551//2576 1919//2576
f  1919//2577 1551//2577 1550//2577
f  1919//2578 1550//2578 1920//2578
f  1920//2579 1550//2579 1549//2579
f  1920//2580 1549//2580 1548//2580
f  1920//2581 1548//2581 1921//2581
f  1921//2582 1548//2582 1902//2582
f  1921//2583 1902//2583 1922//2583
f  1544//2584 1923//2584 1545//2584
f  1545//2585 1923//2585 1924//2585
f  1545//2586 1924//2586 1904//2586
f  1542//2587 1925//2587 1543//2587
f  1543//2588 1925//2588 1544//2588
f  1544//2589 1925//2589 1923//2589
f  1541//2590 1926//2590 1542//2590
f  1542//2591 1926//2591 1927//2591
f  1542//2592 1927//2592 1925//2592
f  1540//2593 1928//2593 1541//2593
f  1541//2594 1928//2594 1926//2594
f  1538//2595 1929//2595 1539//2595
f  1539//2596 1929//2596 1540//2596
f  1540//2597 1929//2597 1928//2597
f  1537//2598 1930//2598 1538//2598
f  1538//2599 1930//2599 1931//2599
f  1538//2600 1931//2600 1929//2600
f  1535//2601 1932//2601 1536//2601
f  1536//2602 1932//2602 1537//2602
f  1537//2603 1932//2603 1930//2603
f  1534//2604 1933//2604 1535//2604
f  1535//2605 1933//2605 1934//2605
f  1535//2606 1934//2606 1932//2606
f  1532//2607 1935//2607 1533//2607
f  1533//2608 1935//2608 1534//2608
f  1534//2609 1935//2609 1933//2609
f  1531//2610 1936//2610 1532//2610
f  1532//2611 1936//2611 1935//2611
f  1530//2612 1937//2612 1531//2612
f  1531//2613 1937//2613 1938//2613
f  1531//2614 1938//2614 1936//2614
f  1905//2615 1939//2615 1565//2615
f  1565//2616 1939//2616 1940//2616
f  1565//2617 1940//2617 1529//2617
f  1529//2618 1940//2618 1530//2618
f  1530//2619 1940//2619 1937//2619
f  1941//2620 1920//2620 1942//2620
f  1942//2621 1920//2621 1921//2621
f  1942//2622 1921//2622 1922//2622
f  1943//2623 1910//2623 1911//2623
f  1943//2624 1911//2624 1944//2624
f  1944//2625 1911//2625 1912//2625
f  1944//2626 1912//2626 1945//2626
f  1946//2627 1908//2627 1947//2627
f  1947//2628 1908//2628 1909//2628
f  1947//2629 1909//2629 1943//2629
f  1943//2630 1909//2630 1910//2630
f  1948//2631 1905//2631 1949//2631
f  1949//2632 1905//2632 1906//2632
f  1949//2633 1906//2633 1946//2633
f  1946//2634 1906//2634 1907//2634
f  1946//2635 1907//2635 1908//2635
f  1950//2636 1937//2636 1951//2636
f  1951//2637 1937//2637 1940//2637
f  1951//2638 1940//2638 1948//2638
f  1948//2639 1940//2639 1952//2639
f  1948//2640 1952//2640 1905//2640
f  1953//2641 1935//2641 1936//2641
f  1953//2642 1936//2642 1950//2642
f  1950//2643 1936//2643 1938//2643
f  1950//2644 1938//2644 1937//2644
f  1954//2645 1932//2645 1955//2645
f  1955//2646 1932//2646 1934//2646
f  1955//2647 1934//2647 1933//2647
f  1955//2648 1933//2648 1956//2648
f  1956//2649 1933//2649 1953//2649
f  1953//2650 1933//2650 1935//2650
f  1957//2651 1928//2651 1929//2651
f  1957//2652 1929//2652 1958//2652
f  1958//2653 1929//2653 1931//2653
f  1958//2654 1931//2654 1954//2654
f  1954//2655 1931//2655 1930//2655
f  1954//2656 1930//2656 1932//2656
f  1959//2657 1925//2657 1960//2657
f  1960//2658 1925//2658 1927//2658
f  1960//2659 1927//2659 1961//2659
f  1961//2660 1927//2660 1926//2660
f  1961//2661 1926//2661 1957//2661
f  1957//2662 1926//2662 1928//2662
f  1962//2663 1904//2663 1924//2663
f  1962//2664 1924//2664 1959//2664
f  1959//2665 1924//2665 1923//2665
f  1959//2666 1923//2666 1925//2666
f  1963//2667 1916//2667 1964//2667
f  1916//2668 1917//2668 1964//2668
f  1964//2669 1917//2669 1918//2669
f  1964//2670 1918//2670 1965//2670
f  1965//2671 1918//2671 1919//2671
f  1965//2672 1919//2672 1941//2672
f  1941//2673 1919//2673 1920//2673
f  1912//2674 1913//2674 1945//2674
f  1945//2675 1913//2675 1966//2675
f  1913//2676 1914//2676 1966//2676
f  1966//2677 1914//2677 1915//2677
f  1966//2678 1915//2678 1963//2678
f  1963//2679 1915//2679 1916//2679
f  1955//2680 1956//2680 1967//2680
f  1942//2681 1968//2681 1582//2681
f  1969//2682 1970//2682 1944//2682
f  1944//2683 1970//2683 1971//2683
f  1944//2684 1971//2684 1943//2684
f  1943//2685 1971//2685 1972//2685
f  1943//2686 1972//2686 1947//2686
f  1947//2687 1972//2687 1580//2687
f  1947//2688 1580//2688 1946//2688
f  1946//2689 1580//2689 1973//2689
f  1946//2690 1973//2690 1949//2690
f  1949//2691 1973//2691 1974//2691
f  1949//2692 1974//2692 1948//2692
f  1948//2693 1974//2693 1975//2693
f  1948//2694 1975//2694 1951//2694
f  1951//2695 1975//2695 1976//2695
f  1951//2696 1976//2696 1950//2696
f  1950//2697 1976//2697 1586//2697
f  1950//2698 1586//2698 1953//2698
f  1953//2699 1586//2699 1977//2699
f  1953//2700 1977//2700 1956//2700
f  1956//2701 1977//2701 1967//2701
f  1955//2702 1967//2702 1978//2702
f  1289//2703 1979//2703 1962//2703
f  1289//2704 1962//2704 1980//2704
f  1980//2705 1962//2705 1959//2705
f  1980//2706 1959//2706 1981//2706
f  1981//2707 1959//2707 1960//2707
f  1981//2708 1960//2708 1982//2708
f  1982//2709 1960//2709 1961//2709
f  1982//2710 1961//2710 1983//2710
f  1983//2711 1961//2711 1957//2711
f  1983//2712 1957//2712 1585//2712
f  1585//2713 1957//2713 1958//2713
f  1585//2714 1958//2714 1984//2714
f  1984//2715 1958//2715 1954//2715
f  1984//2716 1954//2716 1978//2716
f  1978//2717 1954//2717 1955//2717
f  1941//2718 1942//2718 1582//2718
f  1941//2719 1582//2719 1965//2719
f  1965//2720 1582//2720 1985//2720
f  1965//2721 1985//2721 1964//2721
f  1964//2722 1985//2722 1986//2722
f  1964//2723 1986//2723 1963//2723
f  1963//2724 1986//2724 1581//2724
f  1963//2725 1581//2725 1966//2725
f  1966//2726 1581//2726 1987//2726
f  1966//2727 1987//2727 1969//2727
f  1969//2728 1987//2728 1970//2728
f  1286//2729 1582//2729 1968//2729
f  1286//2730 1968//2730 1988//2730
f  1286//2731 1988//2731 1287//2731
f  1287//2732 1988//2732 1288//2732
f  1579//2733 1578//2733 1976//2733
f  1976//2734 1578//2734 1586//2734
f  1586//2735 1566//2735 1977//2735
f  1977//2736 1566//2736 1303//2736
f  1977//2737 1303//2737 1967//2737
f  1967//2738 1303//2738 1577//2738
f  1577//2739 1301//2739 1967//2739
f  1967//2740 1301//2740 1978//2740
f  1978//2741 1301//2741 1576//2741
f  1978//2742 1576//2742 1984//2742
f  1984//2743 1576//2743 1299//2743
f  1984//2744 1299//2744 1585//2744
f  1585//2745 1567//2745 1983//2745
f  1983//2746 1567//2746 1295//2746
f  1983//2747 1295//2747 1982//2747
f  1982//2748 1295//2748 1575//2748
f  1574//2749 1981//2749 1293//2749
f  1293//2750 1981//2750 1982//2750
f  1293//2751 1982//2751 1575//2751
f  1583//2752 1979//2752 1289//2752
f  1584//2753 1289//2753 1980//2753
f  1584//2754 1980//2754 1291//2754
f  1291//2755 1980//2755 1574//2755
f  1574//2756 1980//2756 1981//2756
f  1582//2757 1284//2757 1985//2757
f  1985//2758 1284//2758 1573//2758
f  1985//2759 1573//2759 1986//2759
f  1986//2760 1573//2760 1282//2760
f  1986//2761 1282//2761 1581//2761
f  1581//2762 1568//2762 1987//2762
f  1987//2763 1568//2763 1278//2763
f  1987//2764 1278//2764 1989//2764
f  1989//2765 1278//2765 1572//2765
f  1989//2766 1572//2766 1970//2766
f  1572//2767 1275//2767 1970//2767
f  1970//2768 1275//2768 1971//2768
f  1971//2769 1275//2769 1571//2769
f  1971//2770 1571//2770 1972//2770
f  1972//2771 1571//2771 1273//2771
f  1972//2772 1273//2772 1580//2772
f  1580//2773 1569//2773 1973//2773
f  1973//2774 1569//2774 1269//2774
f  1973//2775 1269//2775 1974//2775
f  1974//2776 1269//2776 1570//2776
f  1976//2777 1975//2777 1579//2777
f  1579//2778 1975//2778 1267//2778
f  1267//2779 1975//2779 1974//2779
f  1267//2780 1974//2780 1570//2780
f  1587//2781 1990//2781 1991//2781
f  1587//2782 1991//2782 1992//2782
f  1587//2783 1992//2783 1588//2783
f  1588//2784 1992//2784 1993//2784
f  1588//2785 1993//2785 1589//2785
f  1589//2786 1993//2786 1994//2786
f  1589//2787 1994//2787 1995//2787
f  1589//2788 1995//2788 1996//2788
f  1589//2789 1996//2789 1590//2789
f  1590//2790 1996//2790 1997//2790
f  1590//2791 1997//2791 1998//2791
f  1590//2792 1998//2792 1999//2792
f  1590//2793 1999//2793 1587//2793
f  1587//2794 1999//2794 2000//2794
f  1587//2795 2000//2795 1990//2795
f  2001//2796 2002//2796 2003//2796
f  2004//2797 2005//2797 1639//2797
f  1593//2798 2006//2798 1591//2798
f  1591//2799 2006//2799 2001//2799
f  1591//2800 2001//2800 1639//2800
f  1639//2801 2001//2801 2003//2801
f  1639//2802 2003//2802 2004//2802
f  2007//2803 2008//2803 2009//2803
f  2003//2804 2002//2804 2010//2804
f  2008//2805 2011//2805 2010//2805
f  2008//2806 2010//2806 2009//2806
f  2009//2807 2010//2807 2002//2807
f  2008//2808 2007//2808 2012//2808
f  2013//2809 2012//2809 2014//2809
f  2014//2810 2012//2810 2015//2810
f  2014//2811 2015//2811 2016//2811
f  2011//2812 2008//2812 2013//2812
f  2013//2813 2008//2813 2012//2813
f  2017//2814 2018//2814 2016//2814
f  2016//2815 2018//2815 2019//2815
f  2016//2816 2019//2816 2020//2816
f  2016//2817 2020//2817 2021//2817
f  2021//2818 2022//2818 2016//2818
f  2022//2819 2023//2819 2016//2819
f  2016//2820 2023//2820 2024//2820
f  2016//2821 2024//2821 2025//2821
f  2016//2822 2025//2822 2026//2822
f  2026//2823 2027//2823 2016//2823
f  2016//2824 2027//2824 2014//2824
f  2028//2825 2029//2825 1770//2825
f  1770//2826 1771//2826 2028//2826
f  1771//2827 2030//2827 2028//2827
f  2031//2828 2029//2828 2032//2828
f  2032//2829 2029//2829 2028//2829
f  2032//2830 2028//2830 2030//2830
f  2032//2831 2030//2831 2033//2831
f  1770//2832 2029//2832 1790//2832
f  1792//2833 1769//2833 1790//2833
f  1790//2834 1769//2834 1770//2834
f  1766//2835 1794//2835 1767//2835
f  1794//2836 1766//2836 1792//2836
f  1792//2837 1766//2837 1769//2837
f  2029//2838 2031//2838 1790//2838
f  1790//2839 2031//2839 1788//2839
f  1788//2840 2031//2840 2034//2840
f  1788//2841 2034//2841 1786//2841
f  1786//2842 2034//2842 2035//2842
f  1786//2843 2035//2843 1800//2843
f  1800//2844 2035//2844 2036//2844
f  1800//2845 2036//2845 1801//2845
f  1801//2846 2036//2846 2037//2846
f  1066//2847 2038//2847 1065//2847
f  1065//2848 2038//2848 2039//2848
f  1065//2849 2039//2849 1602//2849
f  1605//2850 2037//2850 1066//2850
f  1066//2851 2037//2851 2040//2851
f  1066//2852 2040//2852 2038//2852
f  1801//2853 2037//2853 1605//2853
f  1801//2854 1605//2854 1803//2854
f  1803//2855 1605//2855 1606//2855
f  1803//2856 1606//2856 1595//2856
f  1595//2857 1606//2857 1596//2857
f  2041//2858 1601//2858 2039//2858
f  2039//2858 1601//2858 1602//2858
f  1601//2859 2041//2859 1071//2859
f  1071//2860 2041//2860 2042//2860
f  1071//2861 2042//2861 1072//2861
f  1072//2862 2042//2862 2043//2862
f  1072//2863 2043//2863 1073//2863
f  1073//2864 2043//2864 2044//2864
f  1073//2865 2044//2865 1599//2865
f  1599//2866 2044//2866 2045//2866
f  1599//2867 2045//2867 1600//2867
f  1600//2868 2045//2868 2046//2868
f  1600//2869 2046//2869 1603//2869
f  1316//2870 2047//2870 1322//2870
f  1316//2871 1087//2871 2048//2871
f  2049//2872 1316//2872 2048//2872
f  2050//2873 1324//2873 2051//2873
f  2051//2874 1324//2874 1323//2874
f  2051//2875 1323//2875 1321//2875
f  1611//2876 1610//2876 2052//2876
f  1610//2877 1468//2877 2052//2877
f  1611//2878 2052//2878 1612//2878
f  2052//2879 1468//2879 1613//2879
f  1613//2880 1612//2880 2052//2880
f  1857//505 1641//505 2053//505
f  2053//505 1641//505 1619//505
f  2053//2881 1619//2881 2054//2881
f  2055//2882 1618//2882 1621//2882
f  2056//2883 2055//2883 1621//2883
f  1618//505 2055//505 1619//505
f  1619//2884 2055//2884 2057//2884
f  2057//2885 2054//2885 1619//2885
f  2056//2886 1621//2886 1620//2886
f  2056//2887 1620//2887 2058//2887
f  2058//2888 1620//2888 1623//2888
f  2058//2889 1623//2889 2059//2889
f  2060//2890 2059//2890 1623//2890
f  2061//2891 2062//2891 1334//2891
f  1334//2892 2062//2892 1623//2892
f  1623//2893 2062//2893 2060//2893
f  2063//2894 2064//2894 1626//2894
f  1626//2895 2064//2895 1624//2895
f  2061//2896 1334//2896 2065//2896
f  2065//2897 1334//2897 1624//2897
f  2065//2898 1624//2898 2064//2898
f  1626//2899 1625//2899 1638//2899
f  2063//2900 1626//2900 2066//2900
f  2066//2901 1626//2901 1638//2901
f  1635//2902 1630//2902 1636//2902
f  1636//2903 1630//2903 1631//2903
f  1636//2904 1631//2904 1637//2904
f  1637//2905 1631//2905 1632//2905
f  1640//2906 1639//2906 2005//2906
f  2005//2907 1627//2907 1628//2907
f  2005//2908 1628//2908 1640//2908
f  1640//31 1628//31 1629//31
f  1640//31 1629//31 1635//31
f  1635//2909 1629//2909 1630//2909
f  1634//2910 2067//2910 1633//2910
f  2005//2911 2068//2911 1627//2911
f  1627//2912 2068//2912 1634//2912
f  1634//2913 2068//2913 2067//2913
f  1638//2914 1637//2914 1632//2914
f  1638//2915 1632//2915 1633//2915
f  1638//2916 1633//2916 2066//2916
f  2066//2917 1633//2917 2069//2917
f  2069//2918 1633//2918 2067//2918
f  1968//2919 1942//2919 2070//2919
f  2071//2920 1988//2920 1968//2920
f  2071//2921 1968//2921 2070//2921
f  1988//2922 2071//2922 2072//2922
f  1942//2923 1922//2923 2070//2923
f  2070//2924 1922//2924 2073//2924
f  2073//2925 1902//2925 2074//2925
f  1922//2926 1902//2926 2073//2926
f  2075//2927 1645//2927 2076//2927
f  2076//2928 1645//2928 1646//2928
f  1646//2929 1647//2929 2076//2929
f  2076//2930 1647//2930 2077//2930
f  1644//2931 2078//2931 1650//2931
f  1650//2932 2078//2932 2079//2932
f  1647//2933 1650//2933 2077//2933
f  2077//2934 1650//2934 2079//2934
f  1647//2935 1646//2935 1644//2935
f  2078//2936 1644//2936 2080//2936
f  2080//2937 1644//2937 1643//2937
f  1649//2938 2081//2938 2082//2938
f  2081//2939 1649//2939 2075//2939
f  1651//2940 1643//2940 1645//2940
f  2075//2941 1649//2941 1648//2941
f  1643//2942 1651//2942 2080//2942
f  1651//2943 1645//2943 1648//2943
f  1648//2944 1645//2944 2075//2944
f  1649//2945 2082//2945 1651//2945
f  1651//2946 2082//2946 2080//2946
f  1659//2947 2083//2947 1660//2947
f  1660//2948 2083//2948 2084//2948
f  2085//2949 1655//2949 1654//2949
f  2085//2950 1654//2950 2086//2950
f  1653//2951 1659//2951 1654//2951
f  1659//2952 1653//2952 1655//2952
f  1659//2953 1655//2953 2083//2953
f  2083//2954 1655//2954 2085//2954
f  2087//2955 2086//2955 1658//2955
f  1658//2956 2086//2956 1654//2956
f  1657//2957 1652//2957 1658//2957
f  1658//2958 1652//2958 2087//2958
f  2087//2959 1652//2959 1656//2959
f  2084//2960 1656//2960 1657//2960
f  2084//2961 1657//2961 1660//2961
f  1660//2962 1657//2962 1658//2962
f  2088//2963 2089//2963 1669//2963
f  1669//2964 2089//2964 1668//2964
f  1663//2965 1662//2965 2090//2965
f  2090//2966 1662//2966 2091//2966
f  1669//2967 1666//2967 1663//2967
f  1669//2968 1663//2968 2088//2968
f  1662//2969 1666//2969 2091//2969
f  1663//2970 2090//2970 2092//2970
f  1663//2971 2092//2971 2088//2971
f  2093//2972 2091//2972 1667//2972
f  1667//2973 2091//2973 1666//2973
f  1665//2974 1661//2974 1667//2974
f  2094//2975 1664//2975 2095//2975
f  2095//2976 1664//2976 2089//2976
f  1667//2977 1661//2977 2093//2977
f  2089//2978 1664//2978 1668//2978
f  1664//2979 1665//2979 1668//2979
f  1661//2980 1664//2980 2094//2980
f  1665//2981 1667//2981 1668//2981
f  1711//2982 2096//2982 1710//2982
f  1710//2982 2096//2982 2097//2982
f  2098//2983 2099//2983 1692//2983
f  1675//2984 1677//2984 1693//2984
f  1692//2985 1693//2985 2098//2985
f  2098//2986 1693//2986 1677//2986
f  2100//2987 1682//2987 1684//2987
f  1684//2988 1685//2988 2100//2988
f  2100//2989 1685//2989 2101//2989
f  2101//2990 1685//2990 2102//2990
f  2102//2991 1685//2991 1686//2991
f  2102//2992 1686//2992 2103//2992
f  2103//2993 1686//2993 1687//2993
f  1683//2994 1682//2994 2100//2994
f  1683//2995 2100//2995 1690//2995
f  1690//2996 2100//2996 2104//2996
f  2098//2997 1677//2997 1678//2997
f  2098//2998 1678//2998 2105//2998
f  2105//2999 1678//2999 1690//2999
f  2105//3000 1690//3000 2104//3000
f  1670//3001 1673//3001 2103//3001
f  1670//3002 2103//3002 1687//3002
f  1603//3003 2103//3003 1673//3003
f  2046//3004 2106//3004 1603//3004
f  2107//3005 2108//3005 2109//3005
f  2109//3006 2108//3006 2110//3006
f  2109//3007 2110//3007 2111//3007
f  2111//3008 2110//3008 2112//3008
f  2111//3009 2112//3009 2113//3009
f  2113//3010 2112//3010 2001//3010
f  2113//3011 2001//3011 2006//3011
f  1774//3012 1775//3012 2114//3012
f  2114//3013 1775//3013 1701//3013
f  2114//3014 1701//3014 1702//3014
f  1703//3015 2115//3015 2116//3015
f  1703//3016 2116//3016 1702//3016
f  1702//3017 2116//3017 2117//3017
f  1702//3018 2117//3018 2118//3018
f  2118//3019 2119//3019 1702//3019
f  1702//3020 2119//3020 2120//3020
f  1702//3021 2120//3021 2114//3021
f  2115//3022 1703//3022 2121//3022
f  2121//3023 1703//3023 1704//3023
f  2121//3024 1704//3024 2122//3024
f  2122//3025 1704//3025 1694//3025
f  2122//3026 1694//3026 2123//3026
f  2123//3027 1694//3027 1695//3027
f  2123//3028 1695//3028 1696//3028
f  2123//3029 1696//3029 1697//3029
f  2123//3030 1697//3030 1698//3030
f  2123//3031 1698//3031 2099//3031
f  2099//3032 1698//3032 1699//3032
f  1699//3033 1692//3033 2099//3033
f  1715//31 1729//31 2124//31
f  2124//31 1729//31 1727//31
f  2124//31 1727//31 2125//31
f  2125//3034 1727//3034 1724//3034
f  2125//3035 1724//3035 2126//3035
f  2126//3036 1724//3036 1722//3036
f  2126//31 1722//31 2127//31
f  2127//31 1722//31 1721//31
f  2127//31 1721//31 2128//31
f  2128//31 1721//31 1706//31
f  2124//31 2129//31 1715//31
f  1715//31 2129//31 2096//31
f  1715//31 2096//31 1714//31
f  1714//31 2096//31 1711//31
f  1714//3037 1711//3037 1717//3037
f  1717//3038 1711//3038 1709//3038
f  1717//3039 1709//3039 1707//3039
f  1717//3040 1707//3040 1719//3040
f  1719//3041 1707//3041 1706//3041
f  1719//3042 1706//3042 1721//3042
f  1705//3043 2130//3043 1706//3043
f  1706//3044 2130//3044 2128//3044
f  1710//3045 2131//3045 1708//3045
f  1707//3046 1708//3046 2132//3046
f  1707//3047 2132//3047 1705//3047
f  1705//3048 2132//3048 2133//3048
f  1713//3049 1712//3049 2134//3049
f  2134//3050 1712//3050 2135//3050
f  1718//3051 2136//3051 2137//3051
f  2137//3052 2136//3052 1712//3052
f  1712//3053 2136//3053 2135//3053
f  2136//3054 1718//3054 2138//3054
f  1720//3055 1723//3055 2139//3055
f  1720//3056 2139//3056 2140//3056
f  1720//3057 2140//3057 1718//3057
f  1718//3058 2140//3058 2138//3058
f  1728//3059 2141//3059 1726//3059
f  2141//3060 1728//3060 2134//3060
f  2134//3061 1728//3061 1713//3061
f  2142//3062 2119//3062 2118//3062
f  2119//3063 2142//3063 2143//3063
f  2144//3064 2145//3064 2146//3064
f  2144//3065 2146//3065 2147//3065
f  2147//264 2146//264 2148//264
f  2147//3066 2148//3066 2149//3066
f  2149//3067 2148//3067 2150//3067
f  1772//3068 1774//3068 2114//3068
f  2143//3069 2151//3069 2152//3069
f  2152//3070 2153//3070 1772//3070
f  2152//3071 1772//3071 2114//3071
f  2152//3072 2114//3072 2143//3072
f  2143//3073 2114//3073 2120//3073
f  2143//3074 2120//3074 2119//3074
f  2116//3075 2130//3075 2117//3075
f  2118//3076 2117//3076 2154//3076
f  2155//3077 1746//3077 1744//3077
f  1378//3078 1380//3078 1745//3078
f  2156//3079 2157//3079 1380//3079
f  1380//3080 2157//3080 1745//3080
f  1745//3081 1743//3081 1378//3081
f  1378//3082 1743//3082 1735//3082
f  1735//3083 1743//3083 1740//3083
f  1739//3084 1377//3084 1736//3084
f  1739//3085 1736//3085 1740//3085
f  1740//3086 1736//3086 1735//3086
f  2158//3087 1751//3087 1374//3087
f  1374//3088 1751//3088 1731//3088
f  1731//3089 1751//3089 1750//3089
f  1380//3090 1733//3090 1747//3090
f  1747//3091 1733//3091 1750//3091
f  1750//3092 1733//3092 1731//3092
f  1380//3093 1747//3093 2156//3093
f  2156//3094 1747//3094 1746//3094
f  1739//3095 2159//3095 1377//3095
f  1377//3096 2159//3096 1374//3096
f  1374//3097 2159//3097 2158//3097
f  2160//3098 2159//3098 1738//3098
f  1738//3099 2159//3099 1739//3099
f  1752//3100 2161//3100 1373//3100
f  1373//3101 2161//3101 2162//3101
f  1373//3102 2162//3102 1376//3102
f  1376//3103 2162//3103 2160//3103
f  2160//3104 1738//3104 1376//3104
f  1376//3105 1738//3105 1737//3105
f  1737//3106 1738//3106 1741//3106
f  1379//3107 1734//3107 1742//3107
f  1742//3108 1734//3108 1741//3108
f  1741//3109 1734//3109 1737//3109
f  1746//3110 1748//3110 1381//3110
f  1381//3111 1748//3111 1732//3111
f  1732//3112 1748//3112 1749//3112
f  1752//3113 1373//3113 1730//3113
f  1752//3114 1730//3114 1749//3114
f  1749//3115 1730//3115 1732//3115
f  1742//3116 1744//3116 1379//3116
f  1379//3117 1744//3117 2163//3117
f  1381//3118 1379//3118 1746//3118
f  1746//3119 1379//3119 2163//3119
f  2158//3120 2161//3120 1751//3120
f  1751//3121 2161//3121 1752//3121
f  1754//3122 1753//3122 2164//3122
f  2165//3123 1753//3123 1757//3123
f  2166//3124 1754//3124 2167//3124
f  2167//3125 1754//3125 2164//3125
f  2168//3126 2164//3126 1753//3126
f  2168//3127 1753//3127 2169//3127
f  2169//3128 1753//3128 2170//3128
f  2170//3129 1753//3129 2165//3129
f  2165//3130 1757//3130 2171//3130
f  2171//3131 1757//3131 2172//3131
f  1756//3132 2173//3132 1757//3132
f  1757//3133 2173//3133 2172//3133
f  1756//3134 1755//3134 2174//3134
f  2174//3135 2175//3135 1756//3135
f  1756//3136 2175//3136 2176//3136
f  1756//3137 2176//3137 2173//3137
f  2177//3138 2178//3138 2179//3138
f  1755//3139 2179//3139 2174//3139
f  2179//3140 1755//3140 1754//3140
f  2177//3141 2179//3141 1754//3141
f  1758//3142 2180//3142 1165//3142
f  1165//3143 2180//3143 2181//3143
f  1763//3144 2182//3144 1758//3144
f  1758//3145 2182//3145 2183//3145
f  1758//3146 2183//3146 2180//3146
f  2181//3147 2184//3147 1165//3147
f  1165//3148 2184//3148 1759//3148
f  1762//3149 1764//3149 1761//3149
f  1761//3150 1764//3150 2185//3150
f  1763//3151 1761//3151 2185//3151
f  2186//3152 2187//3152 2188//3152
f  2188//3153 2187//3153 2189//3153
f  2188//3154 2189//3154 2190//3154
f  2033//3155 2191//3155 2190//3155
f  2033//3156 2190//3156 2189//3156
f  2191//3157 2033//3157 2030//3157
f  2191//3158 2030//3158 2192//3158
f  2192//3159 2030//3159 1771//3159
f  2192//3160 1771//3160 2193//3160
f  2193//3161 1771//3161 2194//3161
f  1759//3162 2184//3162 2195//3162
f  2195//3163 1764//3163 1759//3163
f  1764//3164 2195//3164 2196//3164
f  2197//3165 2184//3165 2198//3165
f  2198//3166 2184//3166 2181//3166
f  2184//3167 2197//3167 2195//3167
f  2199//3168 2198//3168 2180//3168
f  2180//3169 2198//3169 2181//3169
f  2194//3170 1771//3170 2200//3170
f  2200//3171 1771//3171 1768//3171
f  2200//3172 1768//3172 2201//3172
f  2201//3173 1768//3173 1765//3173
f  2201//3174 1765//3174 2202//3174
f  2202//3175 1765//3175 1767//3175
f  2202//3176 1767//3176 2203//3176
f  2203//3177 1767//3177 1784//3177
f  1784//3178 1799//3178 2203//3178
f  2203//3179 1799//3179 2204//3179
f  1773//3180 2205//3180 2206//3180
f  1773//3181 2207//3181 2205//3181
f  2206//3182 1839//3182 1773//3182
f  1773//3183 1772//3183 2208//3183
f  2207//3184 1773//3184 2208//3184
f  1798//3185 1796//3185 2209//3185
f  2204//3186 1799//3186 2210//3186
f  2210//3187 1799//3187 1798//3187
f  2210//3188 1798//3188 2209//3188
f  1818//3189 2211//3189 1819//3189
f  1819//3190 2211//3190 2209//3190
f  1819//3191 2209//3191 1822//3191
f  1815//3192 1814//3192 1804//3192
f  1804//3193 1814//3193 1825//3193
f  1804//3194 1825//3194 1795//3194
f  1795//3195 1825//3195 1822//3195
f  1795//3196 1822//3196 1796//3196
f  1796//3197 1822//3197 2209//3197
f  2211//3198 1818//3198 2212//3198
f  2212//3199 1818//3199 1820//3199
f  1816//3200 1817//3200 1824//3200
f  1824//3201 1817//3201 1828//3201
f  1824//3202 1828//3202 1823//3202
f  2212//3203 1820//3203 2213//3203
f  2213//3204 1820//3204 1821//3204
f  2213//3205 1821//3205 1854//3205
f  1854//3206 1821//3206 1823//3206
f  1854//3207 1823//3207 1855//3207
f  1855//3208 1823//3208 1828//3208
f  1841//3209 2214//3209 1843//3209
f  2214//3210 2215//3210 1843//3210
f  1843//3211 2215//3211 2216//3211
f  1843//3211 2216//3211 1845//3211
f  2216//3211 2217//3211 1845//3211
f  1845//3212 2217//3212 2218//3212
f  1845//3213 2218//3213 1847//3213
f  2218//3213 2219//3213 1847//3213
f  1847//3214 2219//3214 2220//3214
f  1847//3215 2220//3215 1849//3215
f  2220//3216 2221//3216 1849//3216
f  1849//3217 2221//3217 2222//3217
f  1849//3218 2222//3218 1851//3218
f  2213//3219 1854//3219 2223//3219
f  2223//3220 1854//3220 1853//3220
f  2223//3221 1853//3221 2224//3221
f  2224//3222 1853//3222 1851//3222
f  2224//3223 1851//3223 2222//3223
f  1839//3224 2206//3224 1838//3224
f  1838//3225 2206//3225 2214//3225
f  1838//3226 2214//3226 1837//3226
f  1826//3227 1835//3227 1834//3227
f  1834//3228 1835//3228 1836//3228
f  1834//3229 1836//3229 1840//3229
f  1840//3230 1836//3230 1837//3230
f  1840//3231 1837//3231 1841//3231
f  1841//3232 1837//3232 2214//3232
f  2225//3233 2226//3233 2227//3233
f  2227//3234 2226//3234 2228//3234
f  2229//3235 2230//3235 2231//3235
f  2231//3236 2230//3236 2232//3236
f  2231//3237 2232//3237 2233//3237
f  2006//3238 1593//3238 2234//3238
f  2234//3239 1593//3239 1856//3239
f  2234//3240 1856//3240 1857//3240
f  1857//3241 2053//3241 2235//3241
f  1857//3242 2235//3242 2230//3242
f  1857//3243 2230//3243 2234//3243
f  2234//3244 2230//3244 2229//3244
f  2236//3245 2237//3245 2238//3245
f  2236//3246 2238//3246 2233//3246
f  2233//3247 2238//3247 2231//3247
f  1447//3248 1448//3248 2239//3248
f  1860//3249 2239//3249 1448//3249
f  1449//3250 2240//3250 1258//3250
f  1256//3251 1257//3251 1862//3251
f  1449//3252 1858//3252 2240//3252
f  2241//3253 1863//3253 1452//3253
f  1867//3254 2242//3254 1262//3254
f  1262//3255 2242//3255 2243//3255
f  1262//3256 2243//3256 1452//3256
f  1452//3257 2243//3257 2241//3257
f  1451//3258 2244//3258 1264//3258
f  1264//3259 2244//3259 2245//3259
f  1264//3260 2245//3260 1867//3260
f  1867//3261 2245//3261 2242//3261
f  2246//3262 2244//3262 1451//3262
f  2247//3263 2248//3263 1866//3263
f  1866//3264 2248//3264 1090//3264
f  1090//3265 2248//3265 2246//3265
f  1090//3266 2246//3266 1451//3266
f  2247//3267 1866//3267 1865//3267
f  2247//3268 1865//3268 2249//3268
f  1864//3269 2250//3269 1865//3269
f  1865//3270 2250//3270 2249//3270
f  1863//3271 2241//3271 2251//3271
f  1863//3272 2251//3272 1317//3272
f  2251//3273 2250//3273 1317//3273
f  1317//3274 2250//3274 1864//3274
f  2252//3275 1609//3275 1608//3275
f  1608//3276 1611//3276 2253//3276
f  2254//3277 1899//3277 1901//3277
f  2254//3278 1901//3278 2252//3278
f  2252//3279 1901//3279 1609//3279
f  1899//3280 2254//3280 1900//3280
f  1900//3281 2254//3281 2255//3281
f  1900//3282 2255//3282 1898//3282
f  1898//3283 2255//3283 2256//3283
f  1898//3284 2256//3284 2257//3284
f  1898//3285 2257//3285 1897//3285
f  1897//3286 2257//3286 2258//3286
f  1897//3287 2258//3287 1896//3287
f  1896//3288 2258//3288 1895//3288
f  1895//3289 2258//3289 2259//3289
f  1895//3290 2259//3290 1894//3290
f  1894//3291 2259//3291 2260//3291
f  1894//3292 2260//3292 2261//3292
f  1894//3293 2261//3293 2262//3293
f  2263//3294 1890//3294 1891//3294
f  2263//3295 1891//3295 2264//3295
f  2264//3296 1891//3296 2265//3296
f  2265//3297 1891//3297 1892//3297
f  2265//3298 1892//3298 2261//3298
f  2261//3299 1892//3299 2262//3299
f  1890//3300 2263//3300 1889//3300
f  1889//3301 2263//3301 2266//3301
f  1889//3302 2266//3302 1888//3302
f  1888//3303 2266//3303 2267//3303
f  1888//3304 2267//3304 1887//3304
f  1887//3305 2267//3305 2268//3305
f  1887//3306 2268//3306 2269//3306
f  1887//3307 2269//3307 1886//3307
f  2270//3308 1883//3308 1884//3308
f  2270//3309 1884//3309 2271//3309
f  2271//3310 1884//3310 2272//3310
f  2272//3311 1884//3311 1885//3311
f  2272//3312 1885//3312 2269//3312
f  2269//3313 1885//3313 1886//3313
f  1883//3314 2270//3314 1526//3314
f  1526//3315 2270//3315 2273//3315
f  1526//3316 2273//3316 1882//3316
f  1882//3317 2273//3317 2274//3317
f  1882//3318 2274//3318 2275//3318
f  1882//3319 2275//3319 1881//3319
f  1881//3320 2275//3320 2276//3320
f  1881//3321 2276//3321 1880//3321
f  2277//3322 1877//3322 1878//3322
f  2277//3323 1878//3323 2278//3323
f  2278//3324 1878//3324 2279//3324
f  2279//3325 1878//3325 1879//3325
f  2279//3326 1879//3326 2276//3326
f  2276//3327 1879//3327 1880//3327
f  1877//3328 2277//3328 1876//3328
f  1876//3329 2277//3329 2280//3329
f  1876//3330 2280//3330 2281//3330
f  1876//3331 2281//3331 2282//3331
f  2282//3332 2281//3332 2283//3332
f  2282//3333 2283//3333 1875//3333
f  1875//3334 2283//3334 2284//3334
f  1875//3335 2284//3335 1874//3335
f  2285//3336 1871//3336 1872//3336
f  2285//3337 1872//3337 2286//3337
f  2286//3338 1872//3338 2287//3338
f  2287//3339 1872//3339 1873//3339
f  2287//3340 1873//3340 2284//3340
f  2284//3341 1873//3341 1874//3341
f  1871//3342 2285//3342 1870//3342
f  1870//3343 2285//3343 2288//3343
f  1870//3344 2288//3344 1869//3344
f  1869//3345 2288//3345 2289//3345
f  1869//3346 2289//3346 2290//3346
f  1869//3347 2290//3347 1868//3347
f  1614//3348 1616//3348 2290//3348
f  2290//3349 1616//3349 1868//3349
f  2291//3350 1612//3350 1614//3350
f  1608//3351 2253//3351 2292//3351
f  1608//3352 2292//3352 2252//3352
f  2252//3353 2292//3353 2293//3353
f  2252//3354 2293//3354 2254//3354
f  2254//3355 2293//3355 2294//3355
f  2254//3356 2294//3356 2255//3356
f  2255//3357 2294//3357 2295//3357
f  2255//3357 2295//3357 2256//3357
f  2256//3358 2295//3358 2296//3358
f  2256//3359 2296//3359 2257//3359
f  2257//3360 2296//3360 2297//3360
f  2257//3361 2297//3361 2258//3361
f  2258//3362 2297//3362 2298//3362
f  2258//3363 2298//3363 2259//3363
f  2259//3364 2298//3364 2299//3364
f  2259//3364 2299//3364 2260//3364
f  2260//3365 2299//3365 2300//3365
f  2260//3366 2300//3366 2261//3366
f  2261//3367 2300//3367 1450//3367
f  2261//3368 1450//3368 2265//3368
f  2265//3369 1450//3369 1859//3369
f  2265//3370 1859//3370 2264//3370
f  2264//3371 1859//3371 1447//3371
f  2264//3372 1447//3372 2263//3372
f  2263//3373 1447//3373 2301//3373
f  2263//3374 2301//3374 2266//3374
f  2266//3375 2301//3375 2302//3375
f  2266//3376 2302//3376 2267//3376
f  2267//3377 2302//3377 2303//3377
f  2267//3378 2303//3378 2268//3378
f  2268//3379 2303//3379 2304//3379
f  2268//3380 2304//3380 2269//3380
f  2269//3381 2304//3381 2305//3381
f  2269//3382 2305//3382 2272//3382
f  2272//3383 2305//3383 2306//3383
f  2272//3383 2306//3383 2271//3383
f  2271//3384 2306//3384 2307//3384
f  2271//3384 2307//3384 2270//3384
f  2270//3385 2307//3385 2308//3385
f  2270//3385 2308//3385 2273//3385
f  2273//3386 2308//3386 2309//3386
f  2273//3387 2309//3387 2274//3387
f  2274//3388 2309//3388 2310//3388
f  2274//3389 2310//3389 2275//3389
f  2275//3390 2310//3390 2311//3390
f  2275//3390 2311//3390 2276//3390
f  2276//3391 2311//3391 2312//3391
f  2276//3392 2312//3392 2279//3392
f  2279//3393 2312//3393 2313//3393
f  2279//3394 2313//3394 2278//3394
f  2278//3395 2313//3395 2314//3395
f  2278//3396 2314//3396 2277//3396
f  2277//3397 2314//3397 2315//3397
f  2277//3397 2315//3397 2280//3397
f  2280//3398 2315//3398 2316//3398
f  2280//3399 2316//3399 2281//3399
f  2281//3400 2316//3400 2317//3400
f  2281//3401 2317//3401 2283//3401
f  2283//3402 2317//3402 2318//3402
f  2283//3402 2318//3402 2284//3402
f  2284//3403 2318//3403 2319//3403
f  2284//3404 2319//3404 2287//3404
f  2287//3405 2319//3405 2320//3405
f  2287//3405 2320//3405 2286//3405
f  2286//3406 2320//3406 2321//3406
f  2286//3407 2321//3407 2285//3407
f  2285//3408 2321//3408 2322//3408
f  2285//3409 2322//3409 2288//3409
f  2288//3410 2322//3410 2323//3410
f  2288//3411 2323//3411 2289//3411
f  2289//3412 2323//3412 2324//3412
f  2289//3413 2324//3413 2290//3413
f  2290//3414 2324//3414 2291//3414
f  2290//3415 2291//3415 1614//3415
f  1903//3416 2325//3416 1902//3416
f  1902//3417 2325//3417 2074//3417
f  1858//3418 1903//3418 2326//3418
f  2326//3419 1903//3419 1904//3419
f  1903//3420 1858//3420 2325//3420
f  1904//3421 1962//3421 1979//3421
f  2327//3422 2326//3422 1904//3422
f  2327//3423 1904//3423 1979//3423
f  1583//3424 1288//3424 2328//3424
f  1979//3425 1583//3425 2327//3425
f  2327//3426 1583//3426 2328//3426
f  1988//3427 2072//3427 2328//3427
f  1288//3428 1988//3428 2328//3428
f  2329//3429 1994//3429 1993//3429
f  1992//3430 2330//3430 1993//3430
f  1993//3431 2330//3431 2329//3431
f  1992//3432 2331//3432 2330//3432
f  1991//3433 2332//3433 1992//3433
f  1992//3434 2332//3434 2331//3434
f  2332//3435 1991//3435 1990//3435
f  2000//3436 2333//3436 1990//3436
f  1990//3437 2333//3437 2332//3437
f  1999//3438 2333//3438 2000//3438
f  1998//3439 2334//3439 2333//3439
f  1998//3440 2333//3440 1999//3440
f  2334//3441 1998//3441 2335//3441
f  2335//3442 1998//3442 1997//3442
f  2335//3443 1997//3443 1996//3443
f  2335//3444 1996//3444 2336//3444
f  1995//3445 2336//3445 1996//3445
f  1994//3446 2329//3446 1995//3446
f  1995//3447 2329//3447 2336//3447
f  2013//3448 2014//3448 2027//3448
f  2337//3449 2010//3449 2011//3449
f  2337//3450 2011//3450 2013//3450
f  2338//3451 2004//3451 2003//3451
f  2338//3452 2003//3452 2337//3452
f  2337//3453 2003//3453 2010//3453
f  2005//3454 2004//3454 2338//3454
f  2005//3455 2338//3455 2068//3455
f  2019//3456 2018//3456 2339//3456
f  2019//3457 2339//3457 2020//3457
f  2069//3458 2067//3458 2340//3458
f  2340//3459 2067//3459 2341//3459
f  2340//3460 2341//3460 2342//3460
f  2342//3461 2341//3461 2343//3461
f  2342//3462 2343//3462 2344//3462
f  2344//3463 2343//3463 2345//3463
f  2344//3464 2345//3464 2346//3464
f  2346//3465 2345//3465 2347//3465
f  2346//3466 2347//3466 2348//3466
f  2348//3467 2347//3467 2349//3467
f  2348//3468 2349//3468 2350//3468
f  2350//3469 2349//3469 2351//3469
f  2350//3470 2351//3470 2352//3470
f  2352//3471 2351//3471 2353//3471
f  2352//3472 2353//3472 2354//3472
f  2354//3473 2353//3473 2355//3473
f  2354//3474 2355//3474 2356//3474
f  2356//3475 2355//3475 2357//3475
f  2356//3476 2357//3476 2358//3476
f  2358//3477 2357//3477 2359//3477
f  2358//3478 2359//3478 2360//3478
f  2360//3479 2359//3479 2361//3479
f  2360//3480 2361//3480 2362//3480
f  2362//3481 2361//3481 2339//3481
f  2362//3482 2339//3482 2363//3482
f  2363//3483 2339//3483 2364//3483
f  2363//3484 2364//3484 2365//3484
f  2365//3485 2364//3485 2366//3485
f  2365//3486 2366//3486 2367//3486
f  2367//3487 2366//3487 2368//3487
f  2017//3488 2366//3488 2018//3488
f  2018//3489 2366//3489 2364//3489
f  2018//3490 2364//3490 2339//3490
f  2020//3491 2339//3491 2361//3491
f  2020//3492 2361//3492 2021//3492
f  2021//3493 2361//3493 2359//3493
f  2021//3494 2359//3494 2022//3494
f  2022//3495 2359//3495 2357//3495
f  2022//3496 2357//3496 2023//3496
f  2023//3497 2357//3497 2355//3497
f  2023//3498 2355//3498 2024//3498
f  2024//3499 2355//3499 2353//3499
f  2024//3500 2353//3500 2025//3500
f  2025//3501 2353//3501 2351//3501
f  2025//3502 2351//3502 2026//3502
f  2026//3503 2351//3503 2349//3503
f  2026//3504 2349//3504 2027//3504
f  2027//3505 2349//3505 2347//3505
f  2027//3506 2347//3506 2013//3506
f  2013//3507 2347//3507 2345//3507
f  2013//3508 2345//3508 2337//3508
f  2337//3509 2345//3509 2343//3509
f  2337//3510 2343//3510 2338//3510
f  2338//3510 2343//3510 2341//3510
f  2338//3511 2341//3511 2068//3511
f  2068//3512 2341//3512 2067//3512
f  2017//3513 2038//3513 2040//3513
f  2368//3514 2366//3514 2034//3514
f  2032//3515 2033//3515 2189//3515
f  2032//31 2368//31 2031//31
f  2108//3516 2044//3516 2043//3516
f  2031//31 2368//31 2034//31
f  2034//3517 2366//3517 2017//3517
f  2034//3518 2017//3518 2035//3518
f  2035//3519 2017//3519 2036//3519
f  2036//3520 2017//3520 2040//3520
f  2036//31 2040//31 2037//31
f  2369//3521 2368//3521 2187//3521
f  2187//31 2368//31 2032//31
f  2187//3522 2032//3522 2189//3522
f  2041//3523 2009//3523 2042//3523
f  2042//3524 2009//3524 2043//3524
f  2001//3525 2112//3525 2002//3525
f  2002//3526 2112//3526 2009//3526
f  2009//3527 2112//3527 2110//3527
f  2009//3528 2110//3528 2043//3528
f  2043//3529 2110//3529 2108//3529
f  2012//3530 2007//3530 2041//3530
f  2041//3531 2007//3531 2009//3531
f  2038//3532 2017//3532 2039//3532
f  2039//3533 2017//3533 2016//3533
f  2039//31 2016//31 2041//31
f  2041//3534 2016//3534 2015//3534
f  2041//3535 2015//3535 2012//3535
f  2044//3536 2108//3536 2045//3536
f  2045//31 2108//31 2106//31
f  2045//31 2106//31 2046//31
f  2369//3537 2187//3537 2370//3537
f  2370//3538 2187//3538 2186//3538
f  2370//3539 2186//3539 2371//3539
f  1316//3540 2372//3540 2047//3540
f  2372//3541 1316//3541 2049//3541
f  2372//3542 2049//3542 2373//3542
f  2048//3543 2373//3543 2049//3543
f  2048//3544 2374//3544 2373//3544
f  1087//3545 2375//3545 2374//3545
f  1087//3546 2374//3546 2048//3546
f  2375//3547 1087//3547 1324//3547
f  2375//3548 1324//3548 2050//3548
f  2376//3549 2050//3549 2051//3549
f  2372//3550 2377//3550 2047//3550
f  2047//3551 2377//3551 1322//3551
f  1322//3552 2377//3552 1321//3552
f  1321//3553 2377//3553 2376//3553
f  1321//3554 2376//3554 2051//3554
f  2097//3555 2378//3555 1710//3555
f  1710//3555 2378//3555 2131//3555
f  2379//3556 2097//3556 2096//3556
f  2104//3557 2096//3557 2105//3557
f  2105//3558 2096//3558 2129//3558
f  2102//3559 2379//3559 2101//3559
f  2101//3560 2379//3560 2100//3560
f  2100//3561 2379//3561 2096//3561
f  2100//3562 2096//3562 2104//3562
f  2124//3563 2099//3563 2129//3563
f  2129//3564 2099//3564 2098//3564
f  2129//3565 2098//3565 2105//3565
f  2379//3566 2102//3566 2380//3566
f  1603//3567 2380//3567 2103//3567
f  2103//3568 2380//3568 2102//3568
f  2108//3569 2107//3569 2106//3569
f  2106//3570 2107//3570 2380//3570
f  2106//3571 2380//3571 1603//3571
f  2006//3572 2234//3572 2381//3572
f  2111//3573 2113//3573 2381//3573
f  2381//3574 2113//3574 2006//3574
f  2111//3575 2381//3575 2382//3575
f  2111//3576 2382//3576 2383//3576
f  2382//3577 2384//3577 2383//3577
f  2383//3578 2384//3578 2109//3578
f  2109//3579 2384//3579 2385//3579
f  2109//3580 2385//3580 2107//3580
f  2386//3581 2387//3581 2388//3581
f  2125//3582 2123//3582 2124//3582
f  2124//3583 2123//3583 2099//3583
f  2130//3584 2116//3584 2128//3584
f  2128//3585 2116//3585 2115//3585
f  2128//3586 2115//3586 2127//3586
f  2127//3587 2115//3587 2121//3587
f  2127//3588 2121//3588 2126//3588
f  2121//3589 2122//3589 2126//3589
f  2126//3590 2122//3590 2125//3590
f  2125//3591 2122//3591 2123//3591
f  2389//3592 2130//3592 2133//3592
f  2133//3593 2130//3593 1705//3593
f  2139//3594 1723//3594 2390//3594
f  1723//3595 1725//3595 2390//3595
f  2390//3596 1725//3596 1726//3596
f  2390//3597 1726//3597 2391//3597
f  1726//3598 2141//3598 2391//3598
f  2391//505 2141//505 2134//505
f  2391//505 2134//505 2392//505
f  2392//505 2134//505 2135//505
f  2390//505 2393//505 2139//505
f  2139//505 2393//505 2394//505
f  2139//505 2394//505 2140//505
f  2140//505 2394//505 2389//505
f  2140//505 2389//505 2138//505
f  2138//505 2389//505 2133//505
f  2378//505 2392//505 2131//505
f  2131//505 2392//505 2135//505
f  2131//3599 2135//3599 1708//3599
f  1708//3600 2135//3600 2136//3600
f  1708//3601 2136//3601 2132//3601
f  2132//3602 2136//3602 2133//3602
f  2133//3603 2136//3603 2138//3603
f  2154//3604 2395//3604 2118//3604
f  2142//3605 2396//3605 2151//3605
f  2142//3606 2151//3606 2143//3606
f  2395//3607 2397//3607 2118//3607
f  2118//3608 2397//3608 2142//3608
f  2150//3609 2398//3609 2149//3609
f  2149//3610 2398//3610 2399//3610
f  2149//3611 2399//3611 2147//3611
f  2147//3612 2399//3612 2400//3612
f  2147//3613 2400//3613 2144//3613
f  2144//3614 2400//3614 2401//3614
f  2144//3615 2401//3615 2145//3615
f  2145//3616 2401//3616 2402//3616
f  2145//3617 2402//3617 2403//3617
f  2145//3618 2403//3618 2146//3618
f  2146//3619 2403//3619 2404//3619
f  2146//3620 2404//3620 2148//3620
f  2148//3621 2404//3621 2405//3621
f  2148//3622 2405//3622 2406//3622
f  2148//3623 2406//3623 2150//3623
f  2150//3624 2406//3624 2398//3624
f  2207//3625 2208//3625 2407//3625
f  2407//3626 2208//3626 2408//3626
f  2408//3627 2208//3627 2409//3627
f  2409//3628 2208//3628 2410//3628
f  2410//3629 2208//3629 1772//3629
f  2410//3630 1772//3630 2153//3630
f  2411//3631 2207//3631 2412//3631
f  2412//3632 2207//3632 2407//3632
f  2413//3633 2152//3633 2151//3633
f  2413//3634 2151//3634 2414//3634
f  2413//3635 2415//3635 2152//3635
f  2152//3636 2415//3636 2153//3636
f  2410//3637 2415//3637 2416//3637
f  2416//3638 2415//3638 2417//3638
f  2416//3639 2417//3639 2418//3639
f  2417//3640 2415//3640 2413//3640
f  2419//3641 2420//3641 2417//3641
f  2419//3642 2417//3642 2414//3642
f  2414//3643 2417//3643 2413//3643
f  2421//3644 2205//3644 2207//3644
f  2422//3645 2423//3645 2206//3645
f  2206//3646 2205//3646 2422//3646
f  2421//3647 2207//3647 2411//3647
f  2411//3648 2424//3648 2421//3648
f  2205//3649 2421//3649 2425//3649
f  2205//3650 2425//3650 2422//3650
f  2117//3651 2130//3651 2426//3651
f  2117//3652 2426//3652 2154//3652
f  2154//3653 2426//3653 2427//3653
f  2154//3654 2427//3654 2428//3654
f  2371//3655 2186//3655 2429//3655
f  2429//3656 2430//3656 2371//3656
f  2371//3657 2430//3657 2431//3657
f  2186//3658 2432//3658 2433//3658
f  2186//3659 2433//3659 2429//3659
f  2155//3660 2434//3660 2435//3660
f  2155//3661 2435//3661 2436//3661
f  2436//3662 2435//3662 2437//3662
f  2436//3663 2437//3663 2431//3663
f  2431//3664 2437//3664 2371//3664
f  2155//3665 1744//3665 2438//3665
f  2438//3666 1744//3666 1745//3666
f  2159//3667 2172//3667 2173//3667
f  2159//3668 2173//3668 2176//3668
f  2159//3669 2176//3669 2158//3669
f  2158//3670 2176//3670 2175//3670
f  2158//3671 2175//3671 2161//3671
f  2439//3672 2160//3672 2440//3672
f  2440//3673 2160//3673 2162//3673
f  2440//3674 2162//3674 2161//3674
f  2440//3675 2161//3675 2441//3675
f  2441//3676 2161//3676 2175//3676
f  2441//3677 2175//3677 2174//3677
f  2179//3678 2432//3678 2174//3678
f  2174//3679 2432//3679 2441//3679
f  2167//3680 2436//3680 2166//3680
f  2166//3681 2436//3681 1754//3681
f  2436//3682 2431//3682 1754//3682
f  1754//3683 2431//3683 2177//3683
f  2177//3684 2431//3684 2430//3684
f  2177//3685 2430//3685 2178//3685
f  2178//3686 2430//3686 2429//3686
f  2178//3687 2429//3687 2179//3687
f  2179//3688 2429//3688 2433//3688
f  2179//3689 2433//3689 2432//3689
f  1746//3690 2155//3690 2436//3690
f  1746//3691 2436//3691 2167//3691
f  1746//3692 2167//3692 2156//3692
f  2156//3693 2167//3693 2164//3693
f  2156//3694 2164//3694 2157//3694
f  2157//3695 2164//3695 2168//3695
f  2157//3696 2168//3696 1745//3696
f  1745//3697 2168//3697 2169//3697
f  1745//3698 2169//3698 2438//3698
f  2438//3699 2169//3699 2442//3699
f  2169//3700 2170//3700 2442//3700
f  2442//3701 2170//3701 2443//3701
f  2170//3702 2165//3702 2443//3702
f  2443//3703 2165//3703 2171//3703
f  2443//3704 2171//3704 2444//3704
f  2444//3705 2171//3705 2445//3705
f  2445//3706 2171//3706 2172//3706
f  2445//3707 2172//3707 2439//3707
f  2439//3708 2172//3708 2160//3708
f  2160//3709 2172//3709 2159//3709
f  2180//3710 2183//3710 2199//3710
f  2199//3711 2183//3711 2446//3711
f  2446//3712 2183//3712 2447//3712
f  2447//3713 2183//3713 2182//3713
f  2182//3714 1763//3714 2447//3714
f  2447//3715 1763//3715 2185//3715
f  1764//3716 2196//3716 2185//3716
f  2185//3717 2196//3717 2447//3717
f  2199//3718 2440//3718 2198//3718
f  2432//3719 2186//3719 2441//3719
f  2441//3720 2186//3720 2198//3720
f  2441//3721 2198//3721 2440//3721
f  2186//3722 2188//3722 2198//3722
f  2198//3723 2188//3723 2190//3723
f  2198//3724 2190//3724 2197//3724
f  2197//3725 2190//3725 2195//3725
f  2195//3726 2190//3726 2191//3726
f  2196//3727 2195//3727 2191//3727
f  2196//3728 2191//3728 2448//3728
f  2448//3729 2191//3729 2192//3729
f  2194//3730 2449//3730 2193//3730
f  2193//3731 2449//3731 2448//3731
f  2193//3732 2448//3732 2192//3732
f  2203//3733 2204//3733 2450//3733
f  2449//3734 2194//3734 2200//3734
f  2449//3735 2200//3735 2201//3735
f  2201//3736 2202//3736 2449//3736
f  2449//3737 2202//3737 2450//3737
f  2450//3738 2202//3738 2203//3738
f  2206//3739 2423//3739 2451//3739
f  2210//3740 2209//3740 2211//3740
f  2452//3741 2210//3741 2453//3741
f  2453//3742 2210//3742 2211//3742
f  2453//3743 2211//3743 2454//3743
f  2454//3744 2211//3744 2212//3744
f  2454//3745 2212//3745 2455//3745
f  2455//3746 2212//3746 2456//3746
f  2450//3747 2204//3747 2452//3747
f  2452//3748 2204//3748 2210//3748
f  2206//3749 2451//3749 2214//3749
f  2214//3750 2451//3750 2215//3750
f  2215//3751 2451//3751 2457//3751
f  2215//3752 2457//3752 2216//3752
f  2216//3753 2457//3753 2458//3753
f  2216//3754 2458//3754 2217//3754
f  2217//3755 2458//3755 2459//3755
f  2217//3756 2459//3756 2218//3756
f  2218//3757 2459//3757 2460//3757
f  2218//3758 2460//3758 2219//3758
f  2219//3759 2460//3759 2461//3759
f  2219//3760 2461//3760 2220//3760
f  2220//3761 2461//3761 2462//3761
f  2220//3762 2462//3762 2221//3762
f  2221//3763 2462//3763 2463//3763
f  2221//3764 2463//3764 2222//3764
f  2463//3765 2464//3765 2222//3765
f  2222//3766 2464//3766 2465//3766
f  2222//3767 2465//3767 2224//3767
f  2224//3768 2465//3768 2466//3768
f  2224//3769 2466//3769 2467//3769
f  2224//3770 2467//3770 2223//3770
f  2223//3771 2467//3771 2456//3771
f  2223//3772 2456//3772 2212//3772
f  2223//3773 2212//3773 2213//3773
f  2468//3774 2469//3774 2470//3774
f  2470//3775 2227//3775 2468//3775
f  2471//3776 2468//3776 2228//3776
f  2468//3777 2471//3777 2472//3777
f  2228//3778 2468//3778 2227//3778
f  2228//3779 2226//3779 2471//3779
f  2471//3780 2226//3780 2473//3780
f  2225//3781 2474//3781 2473//3781
f  2225//3782 2473//3782 2226//3782
f  2225//3783 2227//3783 2470//3783
f  2475//3784 2474//3784 2225//3784
f  2470//3785 2385//3785 2225//3785
f  2225//3786 2385//3786 2475//3786
f  2475//3787 2385//3787 2384//3787
f  2475//3788 2384//3788 2237//3788
f  2234//3789 2229//3789 2381//3789
f  2381//3790 2229//3790 2382//3790
f  2382//3791 2229//3791 2384//3791
f  2384//3792 2229//3792 2231//3792
f  2384//3793 2231//3793 2238//3793
f  2384//3794 2238//3794 2237//3794
f  2476//3795 2477//3795 2475//3795
f  2478//3796 2479//3796 2475//3796
f  2475//3797 2479//3797 2480//3797
f  2480//3798 2481//3798 2475//3798
f  2481//3799 2482//3799 2475//3799
f  2475//3800 2482//3800 2483//3800
f  2475//3801 2483//3801 2476//3801
f  2237//3802 2236//3802 2484//3802
f  2237//3803 2484//3803 2478//3803
f  2237//3804 2478//3804 2475//3804
f  2485//3805 2477//3805 2476//3805
f  2054//3806 2057//3806 2486//3806
f  2054//3807 2487//3807 2235//3807
f  2054//3808 2235//3808 2053//3808
f  2488//3809 2230//3809 2487//3809
f  2487//3810 2230//3810 2235//3810
f  2236//3811 2233//3811 2489//3811
f  2489//3812 2233//3812 2488//3812
f  2488//3813 2233//3813 2232//3813
f  2488//3814 2232//3814 2230//3814
f  2489//3815 2484//3815 2236//3815
f  2490//3816 2491//3816 2492//3816
f  2492//3817 2491//3817 2493//3817
f  2493//3818 2491//3818 2494//3818
f  2493//3819 2494//3819 2495//3819
f  2495//3820 2494//3820 2496//3820
f  2495//3821 2496//3821 2497//3821
f  2497//3822 2496//3822 2498//3822
f  2497//3823 2498//3823 2499//3823
f  2499//3824 2498//3824 2500//3824
f  2499//3825 2500//3825 2501//3825
f  2501//3826 2500//3826 2502//3826
f  2501//3827 2502//3827 2503//3827
f  2503//3828 2502//3828 2504//3828
f  2503//3829 2504//3829 2505//3829
f  2505//3830 2504//3830 2506//3830
f  2506//3831 2504//3831 2507//3831
f  2506//3832 2507//3832 2508//3832
f  2508//3833 2507//3833 2509//3833
f  2508//3834 2509//3834 2510//3834
f  2510//3835 2509//3835 2511//3835
f  2510//3836 2511//3836 2512//3836
f  2512//3837 2511//3837 2513//3837
f  2513//3837 2511//3837 2514//3837
f  2513//3838 2514//3838 2515//3838
f  2515//3839 2514//3839 2486//3839
f  2515//3840 2486//3840 2516//3840
f  2516//3841 2486//3841 2057//3841
f  2516//3842 2057//3842 2517//3842
f  2517//3843 2057//3843 2055//3843
f  2487//3844 2054//3844 2486//3844
f  2487//3845 2486//3845 2488//3845
f  2488//3845 2486//3845 2514//3845
f  2488//3846 2514//3846 2489//3846
f  2489//3846 2514//3846 2511//3846
f  2489//3847 2511//3847 2484//3847
f  2484//3848 2511//3848 2509//3848
f  2484//3849 2509//3849 2478//3849
f  2478//3850 2509//3850 2507//3850
f  2478//3851 2507//3851 2479//3851
f  2479//3852 2507//3852 2504//3852
f  2479//3853 2504//3853 2480//3853
f  2480//3854 2504//3854 2502//3854
f  2480//3855 2502//3855 2481//3855
f  2481//3856 2502//3856 2500//3856
f  2481//3857 2500//3857 2482//3857
f  2482//3858 2500//3858 2498//3858
f  2482//3859 2498//3859 2483//3859
f  2483//3860 2498//3860 2496//3860
f  2483//3861 2496//3861 2476//3861
f  2476//3862 2496//3862 2494//3862
f  2476//3863 2494//3863 2485//3863
f  2485//3864 2494//3864 2491//3864
f  2518//3865 2519//3865 2304//3865
f  2520//3866 2490//3866 2492//3866
f  2078//3867 2080//3867 2521//3867
f  2521//3868 2080//3868 2522//3868
f  2078//3869 2069//3869 2340//3869
f  2078//3870 2340//3870 2079//3870
f  2079//3871 2340//3871 2342//3871
f  2079//3872 2342//3872 2077//3872
f  2523//3873 2524//3873 2081//3873
f  2081//3874 2075//3874 2523//3874
f  2523//3875 2075//3875 2076//3875
f  2080//3876 2082//3876 2522//3876
f  2522//3877 2082//3877 2524//3877
f  2524//3878 2082//3878 2081//3878
f  2525//3879 1656//3879 2526//3879
f  2526//3880 1656//3880 2084//3880
f  2526//3881 2084//3881 2083//3881
f  1656//3882 2525//3882 2087//3882
f  2087//3883 2525//3883 2527//3883
f  2087//3884 2527//3884 2086//3884
f  2086//3885 2527//3885 2508//3885
f  2086//3886 2508//3886 2085//3886
f  2085//3887 2508//3887 2510//3887
f  2085//3888 2510//3888 2512//3888
f  2085//3889 2512//3889 2083//3889
f  2083//3890 2512//3890 2513//3890
f  2083//3891 2513//3891 2526//3891
f  2513//3892 2090//3892 2091//3892
f  2513//3893 2091//3893 2526//3893
f  2526//3894 2091//3894 2093//3894
f  2526//3895 2093//3895 2528//3895
f  2513//3896 2515//3896 2090//3896
f  2090//3897 2515//3897 2516//3897
f  2090//3898 2516//3898 2092//3898
f  2092//3899 2516//3899 2088//3899
f  2088//3900 2516//3900 2517//3900
f  2088//3901 2517//3901 2055//3901
f  2093//3902 1661//3902 2528//3902
f  2528//3903 1661//3903 2529//3903
f  2055//3904 2056//3904 2088//3904
f  2088//3905 2056//3905 2089//3905
f  2089//3906 2056//3906 2530//3906
f  2089//3907 2530//3907 2095//3907
f  2095//3908 2530//3908 2529//3908
f  2095//3909 2529//3909 2094//3909
f  2094//3910 2529//3910 1661//3910
f  1258//3911 2531//3911 1257//3911
f  1257//3912 2531//3912 2532//3912
f  1257//3913 2532//3913 1862//3913
f  2533//3914 1861//3914 2534//3914
f  2534//3915 1861//3915 1862//3915
f  1447//3916 2239//3916 2301//3916
f  2301//3917 2239//3917 1860//3917
f  2301//3918 1860//3918 2302//3918
f  2535//3919 2325//3919 1450//3919
f  1450//3920 2325//3920 1858//3920
f  1858//3921 2326//3921 2240//3921
f  2326//3922 2327//3922 2240//3922
f  2243//3923 2242//3923 2314//3923
f  2314//3924 2242//3924 2315//3924
f  2315//3925 2242//3925 2245//3925
f  2245//3926 2244//3926 2536//3926
f  2313//3927 2251//3927 2241//3927
f  2241//3928 2243//3928 2313//3928
f  2313//3929 2243//3929 2314//3929
f  2537//3930 2250//3930 2251//3930
f  2248//3931 2247//3931 2497//3931
f  2497//3932 2247//3932 2495//3932
f  2250//3933 2495//3933 2249//3933
f  2249//3934 2495//3934 2247//3934
f  2536//3935 2244//3935 2501//3935
f  2501//3936 2244//3936 2246//3936
f  2501//3937 2246//3937 2499//3937
f  2499//3938 2246//3938 2248//3938
f  2248//3939 2497//3939 2499//3939
f  2538//3940 2539//3940 1611//3940
f  2540//3941 2376//3941 2541//3941
f  2506//3942 2377//3942 2505//3942
f  2505//3943 2377//3943 2372//3943
f  2505//3944 2372//3944 2503//3944
f  2372//3945 2373//3945 2503//3945
f  2503//3946 2373//3946 2501//3946
f  2373//3947 2374//3947 2501//3947
f  2374//3948 2375//3948 2501//3948
f  2501//3949 2375//3949 2536//3949
f  2375//3950 2050//3950 2536//3950
f  2536//3951 2050//3951 2540//3951
f  2540//3952 2050//3952 2376//3952
f  2063//3953 2521//3953 2064//3953
f  2064//3954 2521//3954 2542//3954
f  2063//3955 2066//3955 2521//3955
f  2521//3956 2066//3956 2078//3956
f  2078//3957 2066//3957 2069//3957
f  2064//3958 2542//3958 2065//3958
f  2065//3959 2542//3959 2539//3959
f  2065//3960 2539//3960 2061//3960
f  2061//3961 2539//3961 2538//3961
f  2061//3962 2538//3962 2062//3962
f  2543//3963 2060//3963 2538//3963
f  2538//3964 2060//3964 2062//3964
f  2056//3965 2058//3965 2530//3965
f  2530//3966 2058//3966 2059//3966
f  2530//3967 2059//3967 2543//3967
f  2543//3968 2059//3968 2060//3968
f  2520//3969 2544//3969 2545//3969
f  2310//3970 2546//3970 2311//3970
f  2546//3971 2310//3971 2547//3971
f  2547//3972 2310//3972 2309//3972
f  2547//3973 2309//3973 2548//3973
f  2548//3974 2309//3974 2308//3974
f  2548//3975 2308//3975 2549//3975
f  2549//3976 2308//3976 2307//3976
f  2549//3977 2307//3977 2550//3977
f  2306//3978 2435//3978 2434//3978
f  2306//3979 2434//3979 2307//3979
f  2307//3980 2434//3980 2550//3980
f  2305//3981 2437//3981 2306//3981
f  2306//3982 2437//3982 2435//3982
f  2519//3983 2369//3983 2370//3983
f  2519//3984 2370//3984 2304//3984
f  2304//3985 2370//3985 2371//3985
f  2304//3986 2371//3986 2305//3986
f  2305//3987 2371//3987 2437//3987
f  2332//3988 2350//3988 2551//3988
f  2333//3989 2350//3989 2332//3989
f  2350//3990 2333//3990 2334//3990
f  2334//3991 2335//3991 2071//3991
f  2336//3992 2072//3992 2335//3992
f  2335//3993 2072//3993 2071//3993
f  2072//3994 2336//3994 2552//3994
f  2552//3995 2336//3995 2329//3995
f  2552//3996 2329//3996 2328//3996
f  2328//3997 2329//3997 2327//3997
f  2327//3998 2329//3998 2330//3998
f  2327//3999 2330//3999 2356//3999
f  2330//4000 2331//4000 2356//4000
f  2356//4001 2331//4001 2354//4001
f  2354//4002 2331//4002 2332//4002
f  2354//4003 2332//4003 2551//4003
f  2299//4004 2074//4004 2535//4004
f  2535//4005 2074//4005 2325//4005
f  2298//4006 2073//4006 2299//4006
f  2299//4007 2073//4007 2074//4007
f  2334//4008 2071//4008 2350//4008
f  2350//4009 2071//4009 2348//4009
f  2348//4010 2071//4010 2553//4010
f  2553//4011 2071//4011 2070//4011
f  2070//4012 2073//4012 2553//4012
f  2553//4013 2073//4013 2298//4013
f  2553//4014 2298//4014 2554//4014
f  2554//4015 2298//4015 2297//4015
f  2554//4016 2297//4016 2523//4016
f  2523//4016 2297//4016 2296//4016
f  2523//4017 2296//4017 2524//4017
f  2524//4018 2296//4018 2295//4018
f  2524//4019 2295//4019 2522//4019
f  2522//4020 2295//4020 2294//4020
f  2522//4021 2294//4021 2521//4021
f  2521//4022 2294//4022 2293//4022
f  2521//4023 2293//4023 2542//4023
f  2542//4024 2293//4024 2292//4024
f  2542//4025 2292//4025 2539//4025
f  2539//4025 2292//4025 2253//4025
f  2539//4026 2253//4026 1611//4026
f  1860//4027 1861//4027 2302//4027
f  2302//4028 1861//4028 2533//4028
f  2302//4029 2533//4029 2303//4029
f  2537//4030 2251//4030 2313//4030
f  2537//4031 2313//4031 2555//4031
f  2555//4031 2313//4031 2312//4031
f  2555//4032 2312//4032 2544//4032
f  2544//4033 2312//4033 2311//4033
f  2544//4034 2311//4034 2545//4034
f  2545//4035 2311//4035 2546//4035
f  1611//4036 1612//4036 2538//4036
f  2538//4037 1612//4037 2291//4037
f  2538//4038 2291//4038 2543//4038
f  2543//4038 2291//4038 2324//4038
f  2543//4039 2324//4039 2530//4039
f  2530//4040 2324//4040 2323//4040
f  2530//4041 2323//4041 2529//4041
f  2529//4042 2323//4042 2322//4042
f  2529//4043 2322//4043 2528//4043
f  2528//4044 2322//4044 2321//4044
f  2528//4045 2321//4045 2526//4045
f  2526//4046 2321//4046 2320//4046
f  2526//4047 2320//4047 2525//4047
f  2525//4047 2320//4047 2319//4047
f  2525//4048 2319//4048 2527//4048
f  2527//4049 2319//4049 2318//4049
f  2527//4050 2318//4050 2541//4050
f  2541//4050 2318//4050 2317//4050
f  2541//4051 2317//4051 2540//4051
f  2540//4052 2317//4052 2556//4052
f  2540//4053 2556//4053 2536//4053
f  2536//4054 2556//4054 2315//4054
f  2536//4055 2315//4055 2245//4055
f  2376//4056 2377//4056 2541//4056
f  2541//4057 2377//4057 2506//4057
f  2541//4058 2506//4058 2527//4058
f  2527//4059 2506//4059 2508//4059
f  2077//4060 2342//4060 2076//4060
f  2076//4061 2342//4061 2344//4061
f  2076//4062 2344//4062 2523//4062
f  2523//4063 2344//4063 2554//4063
f  2344//4064 2346//4064 2554//4064
f  2554//4065 2346//4065 2553//4065
f  2553//4066 2346//4066 2348//4066
f  2531//4067 1258//4067 2240//4067
f  2531//4068 2240//4068 2356//4068
f  2356//4069 2240//4069 2327//4069
f  2356//4070 2358//4070 2531//4070
f  2531//4071 2358//4071 2532//4071
f  2532//4072 2358//4072 2360//4072
f  2532//4073 2360//4073 2534//4073
f  2532//4074 2534//4074 1862//4074
f  2360//4075 2362//4075 2534//4075
f  2534//4076 2362//4076 2533//4076
f  2533//4077 2362//4077 2363//4077
f  2533//4078 2363//4078 2518//4078
f  2533//4079 2518//4079 2303//4079
f  2303//4080 2518//4080 2304//4080
f  2368//4081 2369//4081 2367//4081
f  2367//4082 2369//4082 2519//4082
f  2367//4083 2519//4083 2365//4083
f  2365//4084 2519//4084 2518//4084
f  2365//4085 2518//4085 2363//4085
f  2520//4086 2492//4086 2544//4086
f  2544//4087 2492//4087 2555//4087
f  2495//4088 2250//4088 2537//4088
f  2495//4089 2537//4089 2493//4089
f  2493//4090 2537//4090 2555//4090
f  2493//4091 2555//4091 2492//4091
f  2557//4092 2520//4092 2545//4092
f  2546//4093 2558//4093 2557//4093
f  2546//4094 2557//4094 2545//4094
f  2559//4095 2560//4095 2561//4095
f  2561//4096 2560//4096 2387//4096
f  2468//4097 2472//4097 2386//4097
f  2386//4098 2472//4098 2561//4098
f  2386//4099 2561//4099 2387//4099
f  2560//4100 2559//4100 2562//4100
f  2562//4101 2559//4101 2563//4101
f  2392//4102 2378//4102 2564//4102
f  2378//4103 2097//4103 2564//4103
f  2564//4104 2097//4104 2379//4104
f  2564//4105 2565//4105 2392//4105
f  2392//4106 2565//4106 2566//4106
f  2392//4107 2566//4107 2391//4107
f  2379//4108 2380//4108 2567//4108
f  2379//4109 2567//4109 2564//4109
f  2469//4110 2568//4110 2107//4110
f  2567//4111 2380//4111 2569//4111
f  2569//4112 2380//4112 2107//4112
f  2569//4113 2107//4113 2570//4113
f  2570//4114 2107//4114 2568//4114
f  2469//4115 2107//4115 2385//4115
f  2469//4115 2385//4115 2470//4115
f  2469//4116 2468//4116 2386//4116
f  2469//4117 2386//4117 2568//4117
f  2568//4118 2386//4118 2570//4118
f  2571//4119 2569//4119 2388//4119
f  2388//4120 2569//4120 2570//4120
f  2388//4121 2570//4121 2386//4121
f  2387//4122 2560//4122 2562//4122
f  2572//4123 2387//4123 2562//4123
f  2573//4124 2388//4124 2572//4124
f  2572//4125 2388//4125 2387//4125
f  2571//4126 2388//4126 2574//4126
f  2574//4127 2388//4127 2573//4127
f  2573//4128 2575//4128 2576//4128
f  2575//4129 2573//4129 2572//4129
f  2575//4130 2572//4130 2577//4130
f  2577//4131 2572//4131 2562//4131
f  2577//4132 2562//4132 2563//4132
f  2578//4133 2130//4133 2389//4133
f  2579//4134 2578//4134 2580//4134
f  2580//4135 2578//4135 2389//4135
f  2580//4136 2389//4136 2581//4136
f  2389//4137 2394//4137 2581//4137
f  2581//4138 2394//4138 2393//4138
f  2581//4139 2393//4139 2582//4139
f  2582//4140 2393//4140 2390//4140
f  2582//4141 2390//4141 2583//4141
f  2583//4142 2390//4142 2391//4142
f  2583//4143 2391//4143 2566//4143
f  2420//4144 2584//4144 2397//4144
f  2420//4145 2397//4145 2395//4145
f  2154//4146 2585//4146 2586//4146
f  2586//4147 2585//4147 2395//4147
f  2587//4148 2420//4148 2588//4148
f  2588//4149 2420//4149 2395//4149
f  2588//4150 2395//4150 2585//4150
f  2588//4151 2585//4151 2589//4151
f  2419//4152 2396//4152 2420//4152
f  2420//4153 2396//4153 2142//4153
f  2420//4154 2142//4154 2584//4154
f  2414//4155 2151//4155 2419//4155
f  2419//4156 2151//4156 2590//4156
f  2419//4157 2590//4157 2396//4157
f  2402//264 2591//264 2403//264
f  2403//264 2591//264 2417//264
f  2406//4158 2420//4158 2398//4158
f  2398//4159 2420//4159 2587//4159
f  2398//4160 2587//4160 2399//4160
f  2420//4161 2406//4161 2405//4161
f  2420//4162 2405//4162 2417//4162
f  2417//264 2405//264 2404//264
f  2417//264 2404//264 2403//264
f  2402//264 2401//264 2591//264
f  2591//264 2401//264 2400//264
f  2591//264 2400//264 2587//264
f  2587//4163 2400//4163 2399//4163
f  2417//4164 2591//4164 2592//4164
f  2593//4165 2153//4165 2415//4165
f  2593//4166 2415//4166 2410//4166
f  2416//4167 2594//4167 2410//4167
f  2410//4168 2594//4168 2409//4168
f  2592//4169 2412//4169 2417//4169
f  2417//4170 2412//4170 2418//4170
f  2418//4171 2407//4171 2416//4171
f  2416//4172 2407//4172 2408//4172
f  2416//4173 2408//4173 2594//4173
f  2424//4174 2595//4174 2596//4174
f  2596//4175 2595//4175 2411//4175
f  2596//4176 2411//4176 2592//4176
f  2592//4177 2411//4177 2412//4177
f  2597//4178 2411//4178 2595//4178
f  2595//4179 2424//4179 2597//4179
f  2424//4180 2422//4180 2421//4180
f  2424//4181 2598//4181 2422//4181
f  2422//4182 2598//4182 2423//4182
f  2578//4183 2579//4183 2426//4183
f  2585//4184 2427//4184 2426//4184
f  2578//4185 2426//4185 2599//4185
f  2578//4186 2599//4186 2130//4186
f  2585//4187 2154//4187 2428//4187
f  2579//4188 2589//4188 2426//4188
f  2426//4189 2589//4189 2585//4189
f  2600//4190 2601//4190 2602//4190
f  2602//4191 2601//4191 2603//4191
f  2604//4192 2605//4192 2606//4192
f  2606//4193 2605//4193 2607//4193
f  2606//4194 2607//4194 2608//4194
f  2608//4195 2607//4195 2602//4195
f  2608//4196 2602//4196 2603//4196
f  2558//4197 2609//4197 2557//4197
f  2557//4198 2609//4198 2607//4198
f  2557//4199 2607//4199 2605//4199
f  2558//4200 2546//4200 2547//4200
f  2558//4201 2549//4201 2609//4201
f  2609//4202 2549//4202 2550//4202
f  2609//4203 2550//4203 2434//4203
f  2609//4204 2434//4204 2438//4204
f  2434//4205 2155//4205 2438//4205
f  2438//4206 2442//4206 2609//4206
f  2609//4207 2442//4207 2443//4207
f  2609//4207 2443//4207 2610//4207
f  2610//4208 2443//4208 2444//4208
f  2610//4209 2444//4209 2445//4209
f  2558//4210 2547//4210 2548//4210
f  2558//4211 2548//4211 2549//4211
f  2449//4212 2611//4212 2448//4212
f  2448//4213 2611//4213 2612//4213
f  2448//4214 2612//4214 2196//4214
f  2445//4215 2439//4215 2446//4215
f  2446//4216 2439//4216 2199//4216
f  2199//4217 2439//4217 2440//4217
f  2447//4218 2196//4218 2612//4218
f  2447//4219 2612//4219 2446//4219
f  2446//4220 2612//4220 2613//4220
f  2446//4221 2613//4221 2610//4221
f  2446//4222 2610//4222 2445//4222
f  2450//4223 2614//4223 2449//4223
f  2449//4224 2614//4224 2611//4224
f  2450//4225 2615//4225 2614//4225
f  2614//4226 2615//4226 2616//4226
f  2615//4227 2453//4227 2616//4227
f  2616//4228 2453//4228 2617//4228
f  2616//4229 2617//4229 2618//4229
f  2617//4230 2455//4230 2618//4230
f  2618//4231 2455//4231 2619//4231
f  2618//4232 2619//4232 2620//4232
f  2619//4233 2467//4233 2620//4233
f  2620//4234 2467//4234 2621//4234
f  2620//4235 2621//4235 2622//4235
f  2621//4236 2465//4236 2622//4236
f  2622//4237 2465//4237 2623//4237
f  2622//4238 2623//4238 2624//4238
f  2623//4239 2463//4239 2624//4239
f  2624//4239 2463//4239 2625//4239
f  2624//4240 2625//4240 2626//4240
f  2625//4241 2461//4241 2626//4241
f  2626//4242 2461//4242 2627//4242
f  2626//4243 2627//4243 2628//4243
f  2627//4244 2459//4244 2628//4244
f  2628//4244 2459//4244 2629//4244
f  2628//4245 2629//4245 2630//4245
f  2629//4246 2457//4246 2630//4246
f  2630//4247 2457//4247 2631//4247
f  2630//4248 2631//4248 2632//4248
f  2632//4249 2631//4249 2423//4249
f  2632//4250 2423//4250 2598//4250
f  2601//4251 2600//4251 2633//4251
f  2634//4252 2603//4252 2635//4252
f  2635//4253 2603//4253 2601//4253
f  2635//4254 2601//4254 2633//4254
f  2636//4255 2604//4255 2637//4255
f  2637//4256 2604//4256 2606//4256
f  2637//4257 2606//4257 2634//4257
f  2634//4258 2606//4258 2608//4258
f  2634//4259 2608//4259 2603//4259
f  2474//4260 2472//4260 2473//4260
f  2473//4261 2472//4261 2471//4261
f  2604//505 2636//505 2605//505
f  2605//505 2636//505 2638//505
f  2605//505 2638//505 2639//505
f  2520//505 2557//505 2490//505
f  2490//505 2557//505 2605//505
f  2472//4262 2474//4262 2640//4262
f  2640//505 2474//505 2475//505
f  2640//505 2475//505 2641//505
f  2641//505 2475//505 2477//505
f  2641//505 2477//505 2639//505
f  2642//4263 2561//4263 2643//4263
f  2643//4264 2561//4264 2472//4264
f  2643//4265 2472//4265 2644//4265
f  2644//4266 2472//4266 2640//4266
f  2639//505 2477//505 2485//505
f  2639//505 2485//505 2491//505
f  2639//505 2491//505 2605//505
f  2605//505 2491//505 2490//505
f  2561//4267 2642//4267 2559//4267
f  2559//4268 2642//4268 2645//4268
f  2559//4269 2645//4269 2563//4269
f  2563//4270 2645//4270 2646//4270
f  2563//4271 2646//4271 2647//4271
f  2648//4272 2576//4272 2649//4272
f  2649//4273 2576//4273 2575//4273
f  2649//4274 2575//4274 2577//4274
f  2649//4275 2577//4275 2650//4275
f  2650//4276 2577//4276 2647//4276
f  2563//4277 2647//4277 2577//4277
f  2571//505 2574//505 2569//505
f  2569//505 2574//505 2567//505
f  2576//4278 2648//4278 2564//4278
f  2564//4279 2648//4279 2565//4279
f  2651//505 2580//505 2652//505
f  2652//505 2580//505 2581//505
f  2652//505 2581//505 2653//505
f  2574//505 2573//505 2567//505
f  2567//505 2573//505 2564//505
f  2564//505 2573//505 2576//505
f  2648//4280 2654//4280 2565//4280
f  2565//505 2654//505 2655//505
f  2565//505 2655//505 2566//505
f  2566//505 2655//505 2656//505
f  2566//505 2656//505 2583//505
f  2583//505 2656//505 2653//505
f  2583//505 2653//505 2582//505
f  2582//505 2653//505 2581//505
f  2580//4281 2651//4281 2579//4281
f  2579//4282 2651//4282 2657//4282
f  2658//4283 2598//4283 2424//4283
f  2659//4284 2589//4284 2657//4284
f  2657//4285 2589//4285 2579//4285
f  2658//4286 2424//4286 2659//4286
f  2588//4287 2589//4287 2659//4287
f  2659//4288 2424//4288 2596//4288
f  2659//505 2596//505 2592//505
f  2592//505 2591//505 2659//505
f  2659//505 2591//505 2587//505
f  2659//4289 2587//4289 2588//4289
f  2660//4290 2632//4290 2598//4290
f  2660//4291 2598//4291 2658//4291
f  2661//505 2662//505 2616//505
f  2616//505 2662//505 2614//505
f  2611//505 2600//505 2612//505
f  2612//505 2600//505 2602//505
f  2612//505 2602//505 2613//505
f  2613//505 2602//505 2607//505
f  2613//505 2607//505 2610//505
f  2610//505 2607//505 2609//505
f  2632//4292 2660//4292 2630//4292
f  2630//4293 2660//4293 2663//4293
f  2630//505 2663//505 2628//505
f  2628//505 2663//505 2664//505
f  2628//505 2664//505 2626//505
f  2626//505 2664//505 2665//505
f  2626//505 2665//505 2624//505
f  2624//505 2665//505 2666//505
f  2624//505 2666//505 2622//505
f  2622//505 2666//505 2667//505
f  2622//505 2667//505 2620//505
f  2620//505 2667//505 2661//505
f  2620//505 2661//505 2618//505
f  2618//505 2661//505 2616//505
f  2662//505 2668//505 2614//505
f  2614//505 2668//505 2669//505
f  2614//505 2669//505 2611//505
f  2611//505 2669//505 2670//505
f  2611//505 2670//505 2600//505
f  2600//505 2670//505 2633//505
f  2645//4294 2642//4294 2643//4294
f  2635//4295 2671//4295 2672//4295
f  2635//4296 2672//4296 2634//4296
f  2634//4297 2672//4297 2637//4297
f  2637//4298 2672//4298 2673//4298
f  2637//4299 2673//4299 2636//4299
f  2650//4300 2647//4300 2674//4300
f  2674//4301 2647//4301 2646//4301
f  2674//4302 2646//4302 2675//4302
f  2676//4303 2653//4303 2677//4303
f  2677//4304 2653//4304 2656//4304
f  2677//4305 2656//4305 2678//4305
f  2678//4306 2656//4306 2655//4306
f  2678//4306 2655//4306 2679//4306
f  2679//4307 2655//4307 2654//4307
f  2679//4308 2654//4308 2680//4308
f  2680//4309 2654//4309 2648//4309
f  2680//4310 2648//4310 2681//4310
f  2681//4311 2648//4311 2674//4311
f  2674//4312 2648//4312 2649//4312
f  2674//4313 2649//4313 2650//4313
f  2682//4314 2651//4314 2676//4314
f  2676//4315 2651//4315 2652//4315
f  2676//4316 2652//4316 2653//4316
f  2683//4317 2657//4317 2682//4317
f  2682//4318 2657//4318 2651//4318
f  2684//4319 2658//4319 2683//4319
f  2683//4320 2658//4320 2659//4320
f  2683//4321 2659//4321 2657//4321
f  2663//4322 2660//4322 2684//4322
f  2684//4323 2660//4323 2658//4323
f  2685//4324 2669//4324 2686//4324
f  2686//4325 2669//4325 2668//4325
f  2686//4325 2668//4325 2687//4325
f  2687//4326 2668//4326 2662//4326
f  2687//4327 2662//4327 2688//4327
f  2688//4328 2662//4328 2661//4328
f  2688//4329 2661//4329 2689//4329
f  2689//4330 2661//4330 2667//4330
f  2689//4331 2667//4331 2690//4331
f  2690//4332 2667//4332 2666//4332
f  2690//4333 2666//4333 2691//4333
f  2691//4334 2666//4334 2665//4334
f  2691//4334 2665//4334 2692//4334
f  2692//4335 2665//4335 2664//4335
f  2692//4336 2664//4336 2693//4336
f  2693//4337 2664//4337 2663//4337
f  2693//4338 2663//4338 2694//4338
f  2694//4339 2663//4339 2684//4339
f  2671//4340 2635//4340 2633//4340
f  2671//4341 2633//4341 2685//4341
f  2685//4342 2633//4342 2670//4342
f  2685//4343 2670//4343 2669//4343
f  2646//4344 2645//4344 2675//4344
f  2675//4345 2645//4345 2643//4345
f  2675//4346 2643//4346 2695//4346
f  2695//4347 2643//4347 2644//4347
f  2695//4348 2644//4348 2696//4348
f  2696//4348 2644//4348 2640//4348
f  2696//4349 2640//4349 2697//4349
f  2697//4350 2640//4350 2641//4350
f  2697//4351 2641//4351 2698//4351
f  2698//4352 2641//4352 2639//4352
f  2698//4353 2639//4353 2673//4353
f  2673//4354 2639//4354 2638//4354
f  2673//4355 2638//4355 2636//4355
f  2676//505 2677//505 2699//505
f  2699//505 2677//505 2678//505
f  2699//505 2678//505 2700//505
f  2700//505 2678//505 2679//505
f  2700//505 2679//505 2701//505
f  2701//505 2679//505 2680//505
f  2701//505 2680//505 2702//505
f  2702//505 2680//505 2681//505
f  2702//505 2681//505 2703//505
f  2703//505 2681//505 2674//505
f  2703//505 2674//505 2704//505
f  2704//505 2674//505 2675//505
f  2704//505 2675//505 2705//505
f  2705//505 2675//505 2695//505
f  2705//505 2695//505 2706//505
f  2706//505 2695//505 2696//505
f  2706//505 2696//505 2707//505
f  2707//505 2696//505 2697//505
f  2707//505 2697//505 2708//505
f  2708//505 2697//505 2698//505
f  2708//505 2698//505 2709//505
f  2709//505 2698//505 2673//505
f  2709//505 2673//505 2710//505
f  2710//505 2673//505 2672//505
f  2710//505 2672//505 2711//505
f  2711//505 2672//505 2671//505
f  2711//505 2671//505 2712//505
f  2712//505 2671//505 2685//505
f  2712//505 2685//505 2713//505
f  2713//505 2685//505 2686//505
f  2713//505 2686//505 2714//505
f  2714//505 2686//505 2687//505
f  2714//505 2687//505 2715//505
f  2715//505 2687//505 2688//505
f  2715//505 2688//505 2716//505
f  2716//505 2688//505 2689//505
f  2716//505 2689//505 2717//505
f  2717//505 2689//505 2690//505
f  2717//505 2690//505 2718//505
f  2718//505 2690//505 2691//505
f  2718//505 2691//505 2719//505
f  2719//505 2691//505 2692//505
f  2719//505 2692//505 2720//505
f  2720//505 2692//505 2693//505
f  2720//505 2693//505 2721//505
f  2721//505 2693//505 2694//505
f  2721//505 2694//505 2722//505
f  2722//505 2694//505 2684//505
f  2722//505 2684//505 2723//505
f  2723//505 2684//505 2683//505
f  2723//505 2683//505 2724//505
f  2724//505 2683//505 2682//505
f  2724//505 2682//505 2725//505
f  2725//505 2682//505 2676//505
f  2725//505 2676//505 2699//505
f  2726//4356 2727//4356 2728//4356
f  2729//4357 2730//4357 2731//4357
f  2732//4358 2731//4358 2730//4358
f  2715//4359 2716//4359 2733//4359
f  2733//4360 2734//4360 2715//4360
f  2715//4361 2734//4361 2714//4361
f  2734//4362 2735//4362 2714//4362
f  2714//4363 2735//4363 2713//4363
f  2735//4364 2736//4364 2713//4364
f  2713//4365 2736//4365 2712//4365
f  2736//4366 2737//4366 2712//4366
f  2712//4367 2737//4367 2711//4367
f  2737//4368 2738//4368 2711//4368
f  2711//4369 2738//4369 2710//4369
f  2710//4370 2738//4370 2739//4370
f  2710//4371 2739//4371 2740//4371
f  2710//4372 2740//4372 2709//4372
f  2709//4373 2740//4373 2741//4373
f  2709//4374 2741//4374 2708//4374
f  2741//4375 2742//4375 2708//4375
f  2708//4376 2742//4376 2707//4376
f  2742//4377 2743//4377 2707//4377
f  2707//4378 2743//4378 2706//4378
f  2743//4379 2744//4379 2706//4379
f  2706//4380 2744//4380 2705//4380
f  2744//4381 2745//4381 2705//4381
f  2705//4382 2745//4382 2704//4382
f  2745//4383 2746//4383 2704//4383
f  2704//4384 2746//4384 2703//4384
f  2746//4385 2747//4385 2703//4385
f  2703//4386 2747//4386 2702//4386
f  2747//4387 2748//4387 2702//4387
f  2702//4388 2748//4388 2701//4388
f  2748//4389 2749//4389 2701//4389
f  2701//4390 2749//4390 2700//4390
f  2749//4391 2750//4391 2700//4391
f  2700//4392 2750//4392 2699//4392
f  2750//4393 2751//4393 2699//4393
f  2699//4394 2751//4394 2725//4394
f  2751//4395 2752//4395 2725//4395
f  2725//4396 2752//4396 2724//4396
f  2752//4397 2753//4397 2724//4397
f  2724//4398 2753//4398 2723//4398
f  2753//4399 2754//4399 2723//4399
f  2723//4400 2754//4400 2722//4400
f  2754//4401 2755//4401 2722//4401
f  2722//4402 2755//4402 2721//4402
f  2755//4403 2756//4403 2721//4403
f  2721//4404 2756//4404 2720//4404
f  2756//4405 2757//4405 2720//4405
f  2720//4406 2757//4406 2719//4406
f  2757//4407 2758//4407 2719//4407
f  2719//4408 2758//4408 2718//4408
f  2758//4409 2759//4409 2718//4409
f  2718//4410 2759//4410 2717//4410
f  2759//4411 2760//4411 2717//4411
f  2717//4412 2760//4412 2716//4412
f  2716//4413 2760//4413 2733//4413
f  2761//4414 2728//4414 2727//4414
f  2762//4415 2727//4415 2726//4415
f  2763//4416 2732//4416 2730//4416
f  2741//4417 2764//4417 2765//4417
f  2766//4418 2742//4418 2765//4418
f  2765//4419 2742//4419 2741//4419
f  2767//4420 2743//4420 2766//4420
f  2766//4421 2743//4421 2742//4421
f  2768//4422 2744//4422 2767//4422
f  2767//4423 2744//4423 2743//4423
f  2769//4424 2745//4424 2768//4424
f  2768//4425 2745//4425 2744//4425
f  2770//4426 2746//4426 2769//4426
f  2769//4427 2746//4427 2745//4427
f  2771//4428 2747//4428 2770//4428
f  2770//4429 2747//4429 2746//4429
f  2772//4430 2748//4430 2771//4430
f  2771//4431 2748//4431 2747//4431
f  2773//4432 2749//4432 2772//4432
f  2772//4433 2749//4433 2748//4433
f  2774//4434 2750//4434 2773//4434
f  2773//4435 2750//4435 2749//4435
f  2775//4436 2751//4436 2774//4436
f  2774//4437 2751//4437 2750//4437
f  2776//4438 2752//4438 2775//4438
f  2775//4439 2752//4439 2751//4439
f  2777//4440 2753//4440 2776//4440
f  2776//4441 2753//4441 2752//4441
f  2778//4442 2754//4442 2777//4442
f  2777//4443 2754//4443 2753//4443
f  2779//4444 2755//4444 2778//4444
f  2778//4445 2755//4445 2754//4445
f  2780//4446 2756//4446 2779//4446
f  2779//4447 2756//4447 2755//4447
f  2781//4448 2757//4448 2780//4448
f  2780//4449 2757//4449 2756//4449
f  2782//4450 2758//4450 2781//4450
f  2781//4451 2758//4451 2757//4451
f  2783//4452 2759//4452 2782//4452
f  2782//4453 2759//4453 2758//4453
f  2784//4454 2760//4454 2783//4454
f  2783//4455 2760//4455 2759//4455
f  2785//4456 2733//4456 2784//4456
f  2784//4457 2733//4457 2760//4457
f  2786//4458 2734//4458 2785//4458
f  2785//4459 2734//4459 2733//4459
f  2787//4460 2735//4460 2786//4460
f  2786//4461 2735//4461 2734//4461
f  2788//4462 2736//4462 2787//4462
f  2787//4463 2736//4463 2735//4463
f  2789//4464 2737//4464 2788//4464
f  2788//4465 2737//4465 2736//4465
f  2790//4466 2738//4466 2789//4466
f  2789//4467 2738//4467 2737//4467
f  2741//4468 2740//4468 2764//4468
f  2764//4469 2740//4469 2739//4469
f  2764//4470 2739//4470 2790//4470
f  2790//4471 2739//4471 2738//4471
f  2791//4472 2792//4472 2793//4472
f  2793//4473 2792//4473 2794//4473
f  2793//4474 2794//4474 2795//4474
f  2796//4475 2797//4475 2798//4475
f  2798//4476 2797//4476 2799//4476
f  2798//505 2799//505 2800//505
f  2800//4477 2799//4477 2801//4477
f  2802//4478 2803//4478 2804//4478
f  2805//4479 2802//4479 2804//4479
f  2805//4480 2804//4480 2806//4480
f  2806//4481 2804//4481 2807//4481
f  2808//4482 2809//4482 2810//4482
f  2810//4483 2809//4483 2811//4483
f  2812//4484 2809//4484 2808//4484
f  2813//4485 2810//4485 2811//4485
f  2814//4486 2815//4486 2816//4486
f  2816//4487 2815//4487 2817//4487
f  2818//4488 2815//4488 2819//4488
f  2819//4489 2815//4489 2814//4489
f  2820//4490 2816//4490 2821//4490
f  2821//4491 2816//4491 2817//4491
f  2822//4492 2823//4492 2824//4492
f  2825//4493 2823//4493 2822//4493
f  2826//4494 2822//4494 2824//4494
f  2827//4495 2828//4495 2829//4495
f  2830//4496 2829//4496 2828//4496
f  2831//4497 2832//4497 2833//4497
f  2834//4498 2835//4498 2836//4498
f  2836//505 2835//505 2837//505
f  2836//505 2837//505 2833//505
f  2833//4499 2837//4499 2831//4499
f  2838//4500 2839//4500 2840//4500
f  2840//4501 2839//4501 2841//4501
f  2840//4502 2841//4502 2842//4502
f  2842//4503 2841//4503 2843//4503
f  2844//4504 2845//4504 2846//4504
f  2846//505 2845//505 2847//505
f  2846//505 2847//505 2848//505
f  2848//4505 2847//4505 2849//4505
f  2850//4506 2851//4506 2852//4506
f  2850//4507 2852//4507 2853//4507
f  2854//4508 2852//4508 2851//4508
f  2854//4509 2851//4509 2855//4509
f  2856//4510 2857//4510 2858//4510
f  2856//4511 2858//4511 2859//4511
f  2860//4512 2858//4512 2857//4512
f  2860//4513 2857//4513 2861//4513
f  2862//4514 2863//4514 2864//4514
f  2865//4515 2864//4515 2863//4515
f  2866//4516 2867//4516 2868//4516
f  2866//4517 2868//4517 2869//4517
f  2868//4518 2867//4518 2870//4518
f  2871//505 2872//505 2873//505
f  2874//4519 2871//4519 2873//4519
f  2872//505 2871//505 2875//505
f  2761//4520 2727//4520 2762//4520
f  2876//4521 2877//4521 2878//4521
f  2876//4522 2878//4522 2879//4522
f  2880//4523 2881//4523 2879//4523
f  2880//4524 2879//4524 2878//4524
f  2882//4525 2883//4525 2884//4525
f  2885//4526 2884//4526 2883//4526
f  2886//4527 2882//4527 2884//4527
f  2887//505 2775//505 2888//505
f  2888//505 2775//505 2774//505
f  2888//505 2774//505 2889//505
f  2889//505 2774//505 2773//505
f  2889//505 2773//505 2890//505
f  2890//505 2773//505 2772//505
f  2890//505 2772//505 2891//505
f  2891//505 2772//505 2771//505
f  2891//505 2771//505 2892//505
f  2892//505 2771//505 2770//505
f  2892//505 2770//505 2893//505
f  2893//505 2770//505 2769//505
f  2893//505 2769//505 2894//505
f  2894//505 2769//505 2768//505
f  2894//505 2768//505 2895//505
f  2895//505 2768//505 2767//505
f  2895//505 2767//505 2896//505
f  2896//505 2767//505 2766//505
f  2896//505 2766//505 2897//505
f  2897//505 2766//505 2765//505
f  2897//505 2765//505 2898//505
f  2898//505 2765//505 2764//505
f  2898//505 2764//505 2899//505
f  2899//505 2764//505 2790//505
f  2899//505 2790//505 2900//505
f  2900//505 2790//505 2789//505
f  2900//505 2789//505 2901//505
f  2901//505 2789//505 2788//505
f  2901//505 2788//505 2902//505
f  2902//505 2788//505 2787//505
f  2902//505 2787//505 2903//505
f  2903//505 2787//505 2786//505
f  2903//505 2786//505 2904//505
f  2904//505 2786//505 2785//505
f  2904//505 2785//505 2905//505
f  2905//505 2785//505 2784//505
f  2905//505 2784//505 2906//505
f  2906//505 2784//505 2783//505
f  2906//505 2783//505 2907//505
f  2907//505 2783//505 2782//505
f  2907//505 2782//505 2908//505
f  2908//505 2782//505 2781//505
f  2908//505 2781//505 2909//505
f  2909//505 2781//505 2780//505
f  2909//505 2780//505 2910//505
f  2910//505 2780//505 2779//505
f  2910//505 2779//505 2911//505
f  2911//505 2779//505 2778//505
f  2911//505 2778//505 2912//505
f  2912//505 2778//505 2777//505
f  2912//505 2777//505 2913//505
f  2913//505 2777//505 2776//505
f  2913//505 2776//505 2887//505
f  2887//505 2776//505 2775//505
f  2794//4528 2914//4528 2915//4528
f  2794//4529 2915//4529 2795//4529
f  2795//4530 2915//4530 2916//4530
f  2795//4531 2916//4531 2793//4531
f  2793//4532 2916//4532 2917//4532
f  2792//4533 2918//4533 2919//4533
f  2792//4534 2919//4534 2794//4534
f  2794//4535 2919//4535 2914//4535
f  2791//4536 2918//4536 2792//4536
f  2793//4537 2917//4537 2920//4537
f  2793//4538 2920//4538 2791//4538
f  2791//4539 2920//4539 2921//4539
f  2791//4540 2921//4540 2918//4540
f  2922//4541 2799//4541 2923//4541
f  2923//4542 2799//4542 2797//4542
f  2923//4543 2797//4543 2796//4543
f  2923//4544 2796//4544 2924//4544
f  2924//4545 2796//4545 2925//4545
f  2925//4546 2796//4546 2798//4546
f  2925//4547 2798//4547 2926//4547
f  2926//4548 2798//4548 2800//4548
f  2926//4549 2800//4549 2927//4549
f  2927//4550 2800//4550 2801//4550
f  2927//4551 2801//4551 2928//4551
f  2928//4552 2801//4552 2929//4552
f  2929//4553 2801//4553 2922//4553
f  2922//4554 2801//4554 2799//4554
f  2807//4555 2930//4555 2806//4555
f  2806//4556 2930//4556 2931//4556
f  2806//4557 2931//4557 2805//4557
f  2805//4558 2931//4558 2932//4558
f  2805//4559 2932//4559 2802//4559
f  2802//4560 2932//4560 2933//4560
f  2802//4561 2933//4561 2803//4561
f  2803//4562 2934//4562 2804//4562
f  2804//4563 2934//4563 2935//4563
f  2804//4564 2935//4564 2807//4564
f  2807//4565 2935//4565 2936//4565
f  2807//4566 2936//4566 2930//4566
f  2812//4567 2937//4567 2809//4567
f  2809//4568 2937//4568 2938//4568
f  2809//4569 2938//4569 2811//4569
f  2811//4570 2938//4570 2939//4570
f  2811//4571 2939//4571 2813//4571
f  2813//4572 2939//4572 2940//4572
f  2813//4573 2940//4573 2810//4573
f  2810//4574 2940//4574 2941//4574
f  2810//4575 2941//4575 2808//4575
f  2808//4576 2942//4576 2812//4576
f  2812//4577 2942//4577 2943//4577
f  2812//4578 2943//4578 2937//4578
f  2815//4579 2944//4579 2945//4579
f  2815//4580 2945//4580 2817//4580
f  2817//4581 2945//4581 2946//4581
f  2817//4582 2946//4582 2821//4582
f  2821//4583 2946//4583 2947//4583
f  2821//4584 2947//4584 2820//4584
f  2820//4585 2947//4585 2948//4585
f  2820//4586 2948//4586 2816//4586
f  2816//4587 2948//4587 2949//4587
f  2816//4588 2949//4588 2814//4588
f  2814//4589 2949//4589 2950//4589
f  2814//4590 2950//4590 2818//4590
f  2814//4591 2818//4591 2819//4591
f  2815//4592 2818//4592 2944//4592
f  2823//4593 2825//4593 2951//4593
f  2951//4594 2825//4594 2952//4594
f  2952//4595 2825//4595 2822//4595
f  2952//4596 2822//4596 2953//4596
f  2953//4597 2822//4597 2954//4597
f  2954//4598 2822//4598 2826//4598
f  2954//4599 2826//4599 2955//4599
f  2955//4600 2826//4600 2956//4600
f  2956//4601 2826//4601 2824//4601
f  2956//4602 2824//4602 2957//4602
f  2957//4603 2824//4603 2823//4603
f  2958//4604 2827//4604 2959//4604
f  2959//4605 2827//4605 2829//4605
f  2959//4606 2829//4606 2960//4606
f  2960//4607 2829//4607 2961//4607
f  2961//4608 2829//4608 2830//4608
f  2961//4609 2830//4609 2962//4609
f  2962//4610 2830//4610 2963//4610
f  2963//4611 2830//4611 2964//4611
f  2964//4612 2830//4612 2828//4612
f  2964//4613 2828//4613 2965//4613
f  2965//4614 2828//4614 2966//4614
f  2966//4615 2828//4615 2958//4615
f  2958//4616 2828//4616 2827//4616
f  2967//4617 2833//4617 2832//4617
f  2833//4618 2967//4618 2968//4618
f  2833//4619 2968//4619 2836//4619
f  2836//4620 2968//4620 2969//4620
f  2836//4621 2969//4621 2834//4621
f  2834//4622 2969//4622 2970//4622
f  2834//4623 2970//4623 2971//4623
f  2834//4624 2971//4624 2835//4624
f  2835//4625 2971//4625 2837//4625
f  2837//4626 2971//4626 2972//4626
f  2837//4627 2972//4627 2831//4627
f  2831//4628 2972//4628 2973//4628
f  2831//4629 2973//4629 2832//4629
f  2974//4630 2840//4630 2975//4630
f  2975//4631 2840//4631 2976//4631
f  2976//4632 2840//4632 2842//4632
f  2976//4633 2842//4633 2977//4633
f  2977//4634 2842//4634 2843//4634
f  2978//4635 2843//4635 2841//4635
f  2978//4636 2841//4636 2979//4636
f  2979//4637 2841//4637 2980//4637
f  2980//4638 2841//4638 2839//4638
f  2980//4639 2839//4639 2838//4639
f  2980//4640 2838//4640 2981//4640
f  2981//4641 2838//4641 2974//4641
f  2974//4642 2838//4642 2840//4642
f  2982//4643 2846//4643 2983//4643
f  2983//4644 2846//4644 2848//4644
f  2983//4645 2848//4645 2984//4645
f  2984//4646 2848//4646 2849//4646
f  2984//4647 2849//4647 2985//4647
f  2985//4648 2849//4648 2847//4648
f  2985//4649 2847//4649 2986//4649
f  2986//4650 2847//4650 2845//4650
f  2986//539 2845//539 2987//539
f  2987//4651 2845//4651 2844//4651
f  2987//4652 2844//4652 2988//4652
f  2988//4653 2844//4653 2982//4653
f  2982//4654 2844//4654 2846//4654
f  2989//4655 2852//4655 2990//4655
f  2990//4656 2852//4656 2854//4656
f  2990//4657 2854//4657 2991//4657
f  2991//4658 2854//4658 2992//4658
f  2992//4659 2854//4659 2855//4659
f  2992//4660 2855//4660 2993//4660
f  2993//4661 2855//4661 2851//4661
f  2993//4662 2851//4662 2994//4662
f  2994//4663 2851//4663 2850//4663
f  2994//4664 2850//4664 2995//4664
f  2995//4665 2850//4665 2996//4665
f  2996//4666 2850//4666 2853//4666
f  2996//4667 2853//4667 2989//4667
f  2989//4668 2853//4668 2852//4668
f  2859//4669 2997//4669 2856//4669
f  2856//4670 2997//4670 2998//4670
f  2856//4671 2998//4671 2857//4671
f  2857//4672 2998//4672 2999//4672
f  2857//4673 2999//4673 2861//4673
f  2861//4674 2999//4674 3000//4674
f  2861//4675 3000//4675 2860//4675
f  3000//4676 3001//4676 2860//4676
f  2860//4677 3001//4677 3002//4677
f  2860//4678 3002//4678 2858//4678
f  2858//4679 3002//4679 3003//4679
f  2858//4680 3003//4680 2859//4680
f  2859//4681 3003//4681 3004//4681
f  2859//4682 3004//4682 2997//4682
f  3005//4683 2864//4683 3006//4683
f  3006//4684 2864//4684 2865//4684
f  3006//4685 2865//4685 3007//4685
f  3007//4686 2865//4686 3008//4686
f  3008//4687 2865//4687 2863//4687
f  3008//4688 2863//4688 3009//4688
f  3009//4689 2863//4689 3010//4689
f  3010//4690 2863//4690 2862//4690
f  3010//4691 2862//4691 3011//4691
f  3011//4692 2862//4692 2864//4692
f  3011//4693 2864//4693 3012//4693
f  3012//4694 2864//4694 3005//4694
f  2869//4695 3013//4695 3014//4695
f  2869//4696 3014//4696 2866//4696
f  2866//4697 3014//4697 3015//4697
f  2866//4698 3015//4698 3016//4698
f  2866//4699 3016//4699 2867//4699
f  2868//4700 3017//4700 3018//4700
f  2868//4701 3018//4701 2869//4701
f  2869//4702 3018//4702 3013//4702
f  2870//4703 3017//4703 2868//4703
f  2867//4704 3016//4704 3019//4704
f  2867//4705 3019//4705 2870//4705
f  2870//4706 3019//4706 3020//4706
f  2870//4707 3020//4707 3017//4707
f  3021//4708 2872//4708 3022//4708
f  3022//4709 2872//4709 2875//4709
f  3022//4710 2875//4710 3023//4710
f  3023//4711 2875//4711 3024//4711
f  3024//4712 2875//4712 2871//4712
f  3024//4713 2871//4713 3025//4713
f  3025//4714 2871//4714 2874//4714
f  3025//4715 2874//4715 3026//4715
f  3026//4716 2874//4716 3027//4716
f  3027//4717 2874//4717 2873//4717
f  3027//4718 2873//4718 3021//4718
f  3021//4719 2873//4719 2872//4719
f  3028//4720 2726//4720 3029//4720
f  3029//4721 2726//4721 2728//4721
f  3029//4722 2728//4722 3030//4722
f  3030//4723 2728//4723 2761//4723
f  3030//4724 2761//4724 3031//4724
f  3031//4725 2761//4725 2762//4725
f  3028//4726 2762//4726 2726//4726
f  2877//4727 3032//4727 2878//4727
f  2878//4728 3032//4728 3033//4728
f  2878//4729 3033//4729 2880//4729
f  2880//4730 3033//4730 3034//4730
f  2880//4731 3034//4731 2881//4731
f  2881//4732 3034//4732 3035//4732
f  2881//4733 3035//4733 2879//4733
f  2879//4734 3035//4734 3036//4734
f  2879//4735 3036//4735 2876//4735
f  2876//4736 3036//4736 3037//4736
f  2876//4737 3037//4737 2877//4737
f  2877//4738 3037//4738 3032//4738
f  3038//4739 2884//4739 2885//4739
f  3038//4740 2885//4740 3039//4740
f  3039//4741 2885//4741 2883//4741
f  3039//4742 2883//4742 3040//4742
f  3040//4743 2883//4743 2882//4743
f  3040//4744 2882//4744 3041//4744
f  3041//4745 2882//4745 3042//4745
f  3042//4746 2882//4746 2886//4746
f  3042//4747 2886//4747 3043//4747
f  3043//4748 2886//4748 2884//4748
f  3043//4749 2884//4749 3038//4749
f  3044//4750 2729//4750 3045//4750
f  3045//4751 2729//4751 2731//4751
f  3045//4752 2731//4752 3046//4752
f  3046//4753 2731//4753 2732//4753
f  3046//4754 2732//4754 3047//4754
f  3047//4755 2732//4755 3048//4755
f  3048//4756 2732//4756 2763//4756
f  3048//4757 2763//4757 2730//4757
f  3048//4758 2730//4758 3044//4758
f  3044//4759 2730//4759 2729//4759
f  3049//4760 2897//4760 3050//4760
f  3050//4761 2897//4761 2898//4761
f  3051//4762 2896//4762 2933//4762
f  2933//4763 2896//4763 2897//4763
f  2933//4764 2897//4764 3049//4764
f  3052//4765 2895//4765 3051//4765
f  3051//4766 2895//4766 2896//4766
f  2895//4767 3052//4767 2894//4767
f  2894//4768 3052//4768 3053//4768
f  3053//4769 2924//4769 2894//4769
f  2894//4770 2924//4770 2893//4770
f  2924//4771 3054//4771 2893//4771
f  2893//4772 3054//4772 2892//4772
f  2892//4773 3054//4773 3055//4773
f  2892//4774 3055//4774 2891//4774
f  2891//4775 3055//4775 3056//4775
f  2891//4776 3056//4776 3014//4776
f  2891//4777 3014//4777 2890//4777
f  3057//4778 2889//4778 2890//4778
f  3057//4779 2890//4779 3014//4779
f  2889//4780 3057//4780 2888//4780
f  2888//4781 3057//4781 3058//4781
f  2888//4782 3058//4782 3009//4782
f  2888//4783 3009//4783 2887//4783
f  2887//4784 3009//4784 3059//4784
f  3059//4785 3060//4785 2887//4785
f  2887//4786 3060//4786 2913//4786
f  2913//4787 3060//4787 2912//4787
f  2912//4788 3060//4788 3061//4788
f  2912//264 3061//264 2911//264
f  2911//4789 3061//4789 3062//4789
f  2911//4790 3062//4790 3063//4790
f  2911//4791 3063//4791 2910//4791
f  2910//4792 3063//4792 2909//4792
f  3063//4793 3064//4793 2909//4793
f  2909//4794 3064//4794 2908//4794
f  2908//4795 3064//4795 3065//4795
f  2980//4796 2907//4796 3065//4796
f  3065//4797 2907//4797 2908//4797
f  2907//4798 2980//4798 2981//4798
f  2907//4799 2981//4799 2906//4799
f  2906//4800 2981//4800 3066//4800
f  2906//4801 3066//4801 3067//4801
f  2906//4802 3067//4802 2905//4802
f  2905//4803 3067//4803 2904//4803
f  3067//4804 3068//4804 2904//4804
f  2904//4805 3068//4805 3069//4805
f  2904//4805 3069//4805 2903//4805
f  2903//4806 3069//4806 2966//4806
f  2903//4807 2966//4807 2902//4807
f  2902//4808 2966//4808 3070//4808
f  3071//4809 2901//4809 3070//4809
f  3070//4810 2901//4810 2902//4810
f  2901//4811 3071//4811 3072//4811
f  2901//4812 3072//4812 2900//4812
f  2900//4813 3072//4813 2899//4813
f  2899//4814 3072//4814 3073//4814
f  2899//4815 3073//4815 2898//4815
f  2898//4816 3073//4816 3050//4816
f  2981//4817 2975//4817 3066//4817
f  2951//4818 3072//4818 3071//4818
f  2917//4819 3054//4819 2924//4819
f  2917//4820 2924//4820 2920//4820
f  2926//505 2920//505 2925//505
f  2925//4821 2920//4821 2924//4821
f  2920//4822 2926//4822 2921//4822
f  2918//4823 2921//4823 2919//4823
f  2926//4824 2927//4824 2921//4824
f  3056//4825 2914//4825 2919//4825
f  2917//4826 2916//4826 3054//4826
f  3054//4827 2916//4827 3055//4827
f  3055//4828 2916//4828 2915//4828
f  3055//4829 2915//4829 3056//4829
f  3056//4830 2915//4830 2914//4830
f  3049//4831 2935//4831 2934//4831
f  2934//4832 2803//4832 2933//4832
f  2931//4833 3051//4833 2932//4833
f  2934//4834 2933//4834 3049//4834
f  3050//4835 2808//4835 2941//4835
f  3050//4836 2941//4836 3049//4836
f  2941//505 2940//505 3049//505
f  3049//505 2940//505 2935//505
f  3050//4837 2943//4837 2942//4837
f  3050//4838 2942//4838 2808//4838
f  2940//505 2939//505 2935//505
f  2935//4839 2939//4839 2938//4839
f  3072//4840 2818//4840 2950//4840
f  3072//4841 2950//4841 3073//4841
f  2949//4842 2948//4842 3073//4842
f  3073//4843 2948//4843 2947//4843
f  2818//4844 3072//4844 2944//4844
f  2944//4845 3072//4845 2952//4845
f  2946//4846 2945//4846 2947//4846
f  2971//4847 3066//4847 2972//4847
f  2972//4848 3066//4848 2975//4848
f  2972//4849 2975//4849 2973//4849
f  3066//4850 2971//4850 2970//4850
f  3066//4851 2970//4851 3067//4851
f  3067//4852 2970//4852 2969//4852
f  3067//4853 2969//4853 2968//4853
f  3063//4854 2999//4854 2998//4854
f  3063//4855 2998//4855 2997//4855
f  3003//4856 2983//4856 3004//4856
f  3004//4857 2983//4857 3063//4857
f  3004//4858 3063//4858 2997//4858
f  3020//4859 3019//4859 3016//4859
f  3017//4860 3020//4860 3057//4860
f  3020//4861 3016//4861 2919//4861
f  2919//4862 3016//4862 3056//4862
f  3056//4863 3016//4863 3015//4863
f  3017//4864 3057//4864 3018//4864
f  3018//4865 3057//4865 3014//4865
f  3056//4866 3015//4866 3014//4866
f  3014//4867 3013//4867 3018//4867
f  2937//4868 2943//4868 2938//4868
f  2938//4869 2943//4869 3037//4869
f  2938//4870 3037//4870 3036//4870
f  2938//4871 3036//4871 3035//4871
f  2938//4872 3035//4872 2947//4872
f  3035//4873 3034//4873 2947//4873
f  2947//4874 3034//4874 3073//4874
f  3073//4875 3034//4875 3033//4875
f  2950//4876 2949//4876 3073//4876
f  3073//4877 3033//4877 3032//4877
f  3073//4878 3032//4878 3050//4878
f  3050//4879 3032//4879 2943//4879
f  2943//4880 3032//4880 3037//4880
f  3003//4881 3002//4881 3001//4881
f  3074//4882 3075//4882 3076//4882
f  3060//4883 3077//4883 3074//4883
f  3012//4884 3005//4884 3006//4884
f  3078//4885 3006//4885 3007//4885
f  3078//4886 3007//4886 3008//4886
f  3059//4887 3009//4887 3010//4887
f  3059//4888 3010//4888 3060//4888
f  3060//4889 3010//4889 3011//4889
f  3060//4890 3011//4890 3012//4890
f  3026//4891 3078//4891 3058//4891
f  3057//4892 3079//4892 3022//4892
f  3022//4893 3079//4893 3021//4893
f  3057//4894 3022//4894 3023//4894
f  2928//4895 2929//4895 2922//4895
f  2928//4896 2922//4896 3080//4896
f  3031//4897 3053//4897 3029//4897
f  3031//4898 3029//4898 3030//4898
f  3028//4899 2922//4899 2762//4899
f  2762//4900 2922//4900 3053//4900
f  2762//4901 3053//4901 3031//4901
f  2922//4902 3028//4902 3080//4902
f  3080//4903 3028//4903 3029//4903
f  2931//4904 2930//4904 3051//4904
f  3051//4905 2930//4905 3080//4905
f  2935//4906 2938//4906 2936//4906
f  2945//4907 2944//4907 2952//4907
f  3070//4908 2955//4908 2956//4908
f  2956//4909 2957//4909 3071//4909
f  3071//4910 2957//4910 2823//4910
f  3071//4911 2823//4911 2951//4911
f  2954//4912 2955//4912 2953//4912
f  2953//4913 2955//4913 3070//4913
f  2953//4914 3070//4914 3081//4914
f  3081//4915 3070//4915 2959//4915
f  2960//4916 3081//4916 2959//4916
f  2966//4917 2958//4917 2959//4917
f  3082//505 2963//505 2964//505
f  3082//505 2964//505 2965//505
f  3082//4918 2961//4918 2963//4918
f  2963//4919 2961//4919 2962//4919
f  3069//4920 3082//4920 2966//4920
f  2966//4921 3082//4921 2965//4921
f  2968//4922 3082//4922 3067//4922
f  3067//4923 3082//4923 3068//4923
f  3068//505 3082//505 3069//505
f  2978//4924 2979//4924 3047//4924
f  2975//4925 2976//4925 2977//4925
f  2978//4926 3047//4926 2843//4926
f  2967//4927 2832//4927 2973//4927
f  2975//4928 2981//4928 2974//4928
f  2977//4929 2843//4929 3047//4929
f  2977//4930 3047//4930 3083//4930
f  3083//4931 3047//4931 3048//4931
f  3046//4932 3047//4932 3065//4932
f  3046//4933 3065//4933 3045//4933
f  3048//4934 3044//4934 3045//4934
f  3048//4935 3045//4935 3065//4935
f  2985//4936 2986//4936 3064//4936
f  2984//4937 2985//4937 2983//4937
f  3083//4938 3048//4938 2983//4938
f  2983//4939 3048//4939 2982//4939
f  2986//4940 2987//4940 3064//4940
f  3064//4941 2987//4941 2988//4941
f  3064//4942 2988//4942 3048//4942
f  3048//4943 2988//4943 2982//4943
f  2933//4944 2932//4944 3051//4944
f  3052//4945 3051//4945 3080//4945
f  3053//4946 3052//4946 3029//4946
f  3029//4947 3052//4947 3080//4947
f  3053//4948 2922//4948 2924//4948
f  2924//4949 2922//4949 2923//4949
f  3025//4950 3057//4950 3024//4950
f  3024//4951 3057//4951 3023//4951
f  3058//4952 3057//4952 3026//4952
f  3026//4953 3057//4953 3025//4953
f  3058//4954 3078//4954 3009//4954
f  3009//4955 3078//4955 3008//4955
f  3060//4956 3043//4956 3038//4956
f  3060//4957 3038//4957 3061//4957
f  3041//4958 3042//4958 3074//4958
f  2996//4959 2989//4959 3076//4959
f  3060//4960 3074//4960 3042//4960
f  3060//4961 3042//4961 3043//4961
f  3061//4962 2993//4962 2994//4962
f  3061//4963 2994//4963 3062//4963
f  3062//4964 2994//4964 2995//4964
f  3062//4965 2995//4965 2996//4965
f  3076//4966 2989//4966 2990//4966
f  3076//4967 2990//4967 3074//4967
f  3074//4968 2990//4968 2991//4968
f  3074//4969 2991//4969 3041//4969
f  3041//4970 2991//4970 3040//4970
f  3061//4971 3038//4971 3039//4971
f  3061//4972 3039//4972 2993//4972
f  3040//4973 2991//4973 2992//4973
f  3040//4974 2992//4974 3039//4974
f  3039//4975 2992//4975 2993//4975
f  3062//4976 2996//4976 3076//4976
f  3062//4977 3076//4977 3000//4977
f  3062//4978 3000//4978 3063//4978
f  3063//4979 3000//4979 2999//4979
f  3064//4980 3063//4980 2983//4980
f  3064//4981 2983//4981 2985//4981
f  2979//4982 2980//4982 3047//4982
f  3047//4983 2980//4983 3065//4983
f  3048//4984 3065//4984 3064//4984
f  2956//4985 3071//4985 3070//4985
f  2959//4986 3070//4986 2966//4986
f  2952//4987 3072//4987 2951//4987
f  3076//4988 3075//4988 3084//4988
f  3074//4989 3077//4989 3085//4989
f  3079//4990 3020//4990 3086//4990
f  3086//4991 3020//4991 3087//4991
f  3087//4992 3020//4992 2921//4992
f  3088//4993 2921//4993 3089//4993
f  3090//4994 3080//4994 3091//4994
f  3091//4995 3080//4995 2930//4995
f  3092//4996 2930//4996 2938//4996
f  3093//4997 2938//4997 3094//4997
f  2953//4998 3095//4998 3096//4998
f  2960//4999 3097//4999 3081//4999
f  3081//5000 3097//5000 3095//5000
f  3083//5001 3098//5001 3099//5001
f  3083//5002 3099//5002 2975//5002
f  2975//5003 3099//5003 2967//5003
f  2983//5004 3100//5004 3101//5004
f  2983//5005 3101//5005 3083//5005
f  3076//5006 3001//5006 3000//5006
f  3003//5007 3001//5007 3100//5007
f  3100//5008 2983//5008 3003//5008
f  2975//5009 2977//5009 3083//5009
f  2967//5010 2973//5010 2975//5010
f  3082//5011 2968//5011 2967//5011
f  2952//5012 2953//5012 2945//5012
f  2938//5013 2947//5013 2945//5013
f  2936//5014 2938//5014 2930//5014
f  2928//5015 3080//5015 3089//5015
f  2921//5016 2927//5016 3089//5016
f  3089//5017 2927//5017 2928//5017
f  2919//5018 2921//5018 3020//5018
f  3057//5019 3020//5019 3079//5019
f  3021//5020 3079//5020 3027//5020
f  3078//5021 3026//5021 3027//5021
f  3006//5022 3078//5022 3102//5022
f  3006//5023 3102//5023 3012//5023
f  3102//5024 3077//5024 3012//5024
f  3077//5025 3060//5025 3012//5025
f  2953//5026 3096//5026 3103//5026
f  3095//5027 2953//5027 3081//5027
f  2945//5028 2953//5028 3103//5028
f  2945//5029 3103//5029 2938//5029
f  2938//5030 3103//5030 3094//5030
f  3080//5031 3090//5031 3104//5031
f  3080//5032 3104//5032 3089//5032
f  3082//5033 2967//5033 3105//5033
f  3082//5034 3105//5034 2961//5034
f  2961//5035 3105//5035 3106//5035
f  2961//5036 3106//5036 2960//5036
f  3084//5037 3075//5037 3107//5037
f  3107//5038 3075//5038 3074//5038
f  3107//5039 3074//5039 3085//5039
f  3085//5040 3077//5040 3102//5040
f  3102//5041 3078//5041 3108//5041
f  3108//5042 3078//5042 3027//5042
f  3108//5043 3027//5043 3109//5043
f  3109//5044 3027//5044 3079//5044
f  3109//5045 3079//5045 3086//5045
f  3088//5046 3087//5046 2921//5046
f  3089//5047 3104//5047 3090//5047
f  3091//5048 2930//5048 3092//5048
f  3093//5049 3092//5049 2938//5049
f  3094//5050 3103//5050 3096//5050
f  3097//5051 2960//5051 3106//5051
f  3105//5052 2967//5052 3110//5052
f  3110//5053 2967//5053 3099//5053
f  3098//5054 3083//5054 3101//5054
f  3100//5055 3001//5055 3084//5055
f  3084//5056 3001//5056 3076//5056
f  3093//5057 3111//5057 3092//5057
f  3092//5058 3111//5058 3112//5058
f  3092//5059 3112//5059 3113//5059
f  3092//5060 3113//5060 3091//5060
f  3091//5061 3113//5061 3114//5061
f  3091//5062 3114//5062 3090//5062
f  3090//5063 3114//5063 3115//5063
f  3090//5064 3115//5064 3089//5064
f  3115//5065 3116//5065 3089//5065
f  3089//5066 3116//5066 3117//5066
f  3089//5067 3117//5067 3088//5067
f  3117//5068 3118//5068 3088//5068
f  3088//5069 3118//5069 3119//5069
f  3088//5070 3119//5070 3087//5070
f  3087//5071 3119//5071 3120//5071
f  3087//5072 3120//5072 3121//5072
f  3087//5073 3121//5073 3086//5073
f  3086//5074 3121//5074 3122//5074
f  3086//5075 3122//5075 3109//5075
f  3122//5076 3123//5076 3109//5076
f  3109//5077 3123//5077 3124//5077
f  3109//5078 3124//5078 3108//5078
f  3124//5079 3125//5079 3108//5079
f  3108//5080 3125//5080 3126//5080
f  3108//5081 3126//5081 3102//5081
f  3126//5082 3127//5082 3102//5082
f  3102//5083 3127//5083 3128//5083
f  3102//5084 3128//5084 3085//5084
f  3128//5085 3129//5085 3085//5085
f  3085//5086 3129//5086 3130//5086
f  3085//5087 3130//5087 3107//5087
f  3130//5088 3131//5088 3107//5088
f  3107//5089 3131//5089 3132//5089
f  3107//5090 3132//5090 3084//5090
f  3132//5091 3133//5091 3084//5091
f  3084//5092 3133//5092 3134//5092
f  3084//5093 3134//5093 3100//5093
f  3100//5094 3134//5094 3135//5094
f  3100//5095 3135//5095 3136//5095
f  3100//5096 3136//5096 3101//5096
f  3101//5097 3136//5097 3137//5097
f  3101//5098 3137//5098 3098//5098
f  3098//5099 3137//5099 3138//5099
f  3098//5100 3138//5100 3139//5100
f  3098//5101 3139//5101 3099//5101
f  3099//5102 3139//5102 3140//5102
f  3099//5103 3140//5103 3110//5103
f  3110//5104 3140//5104 3141//5104
f  3110//5105 3141//5105 3105//5105
f  3141//5106 3142//5106 3105//5106
f  3105//5107 3142//5107 3143//5107
f  3105//5108 3143//5108 3106//5108
f  3143//5109 3144//5109 3106//5109
f  3106//5110 3144//5110 3145//5110
f  3106//5111 3145//5111 3097//5111
f  3097//5112 3145//5112 3146//5112
f  3097//5113 3146//5113 3147//5113
f  3097//5114 3147//5114 3095//5114
f  3147//5115 3148//5115 3095//5115
f  3095//5116 3148//5116 3149//5116
f  3095//5117 3149//5117 3096//5117
f  3096//5118 3149//5118 3150//5118
f  3096//5119 3150//5119 3094//5119
f  3094//5120 3150//5120 3151//5120
f  3094//5121 3151//5121 3093//5121
f  3111//5122 3152//5122 3112//5122
f  3112//5123 3152//5123 3153//5123
f  3111//5124 3093//5124 3151//5124
f  3112//5125 3153//5125 3113//5125
f  3113//5126 3153//5126 3154//5126
f  3113//5127 3154//5127 3155//5127
f  3113//5128 3155//5128 3114//5128
f  3114//5129 3155//5129 3156//5129
f  3114//5130 3156//5130 3115//5130
f  3115//5131 3156//5131 3157//5131
f  3115//5132 3157//5132 3116//5132
f  3116//5133 3157//5133 3158//5133
f  3116//5134 3158//5134 3117//5134
f  3117//5135 3158//5135 3159//5135
f  3117//5135 3159//5135 3118//5135
f  3118//5136 3159//5136 3160//5136
f  3118//5137 3160//5137 3119//5137
f  3119//5138 3160//5138 3161//5138
f  3119//5139 3161//5139 3120//5139
f  3120//5140 3161//5140 3162//5140
f  3120//5141 3162//5141 3163//5141
f  3120//5142 3163//5142 3121//5142
f  3121//5143 3163//5143 3164//5143
f  3121//5144 3164//5144 3122//5144
f  3122//5145 3164//5145 3165//5145
f  3122//5145 3165//5145 3123//5145
f  3123//5146 3165//5146 3166//5146
f  3123//5147 3166//5147 3124//5147
f  3124//5148 3166//5148 3167//5148
f  3124//5148 3167//5148 3125//5148
f  3125//5149 3167//5149 3168//5149
f  3125//5150 3168//5150 3126//5150
f  3126//5151 3168//5151 3169//5151
f  3126//5151 3169//5151 3127//5151
f  3127//5152 3169//5152 3170//5152
f  3127//5153 3170//5153 3128//5153
f  3128//5154 3170//5154 3171//5154
f  3128//5154 3171//5154 3129//5154
f  3129//5155 3171//5155 3172//5155
f  3129//5156 3172//5156 3130//5156
f  3130//5157 3172//5157 3173//5157
f  3130//5158 3173//5158 3131//5158
f  3131//5159 3173//5159 3174//5159
f  3131//5160 3174//5160 3132//5160
f  3132//5161 3174//5161 3175//5161
f  3132//5162 3175//5162 3133//5162
f  3133//5163 3175//5163 3176//5163
f  3133//5164 3176//5164 3134//5164
f  3134//5165 3176//5165 3177//5165
f  3134//5166 3177//5166 3135//5166
f  3135//5167 3177//5167 3178//5167
f  3135//5168 3178//5168 3179//5168
f  3135//5169 3179//5169 3136//5169
f  3136//5170 3179//5170 3180//5170
f  3136//5171 3180//5171 3137//5171
f  3137//5172 3180//5172 3181//5172
f  3137//5173 3181//5173 3138//5173
f  3138//5174 3181//5174 3182//5174
f  3138//5175 3182//5175 3183//5175
f  3138//5176 3183//5176 3139//5176
f  3139//5177 3183//5177 3184//5177
f  3139//5178 3184//5178 3185//5178
f  3139//5179 3185//5179 3140//5179
f  3140//5180 3185//5180 3186//5180
f  3140//5181 3186//5181 3141//5181
f  3141//5182 3186//5182 3187//5182
f  3141//5183 3187//5183 3142//5183
f  3142//5184 3187//5184 3188//5184
f  3142//5185 3188//5185 3143//5185
f  3143//5186 3188//5186 3189//5186
f  3143//5187 3189//5187 3144//5187
f  3144//5188 3189//5188 3190//5188
f  3144//5189 3190//5189 3145//5189
f  3145//5190 3190//5190 3191//5190
f  3145//5190 3191//5190 3146//5190
f  3146//5191 3191//5191 3192//5191
f  3146//5192 3192//5192 3193//5192
f  3146//5193 3193//5193 3147//5193
f  3147//5193 3193//5193 3194//5193
f  3147//5194 3194//5194 3148//5194
f  3149//5195 3148//5195 3195//5195
f  3149//5196 3195//5196 3196//5196
f  3149//5197 3196//5197 3150//5197
f  3150//5198 3196//5198 3197//5198
f  3150//5199 3197//5199 3198//5199
f  3150//5200 3198//5200 3151//5200
f  3151//5201 3198//5201 3199//5201
f  3151//5202 3199//5202 3111//5202
f  3111//5203 3199//5203 3200//5203
f  3111//5204 3200//5204 3152//5204
f  3200//5205 3201//5205 3152//5205
f  3152//5206 3201//5206 3202//5206
f  3152//5207 3202//5207 3153//5207
f  3153//5208 3202//5208 3203//5208
f  3153//5209 3203//5209 3154//5209
f  3154//5210 3203//5210 3204//5210
f  3154//5211 3204//5211 3155//5211
f  3155//5212 3204//5212 3205//5212
f  3155//5213 3205//5213 3156//5213
f  3156//5214 3205//5214 3206//5214
f  3156//5215 3206//5215 3157//5215
f  3157//5216 3206//5216 3207//5216
f  3157//5217 3207//5217 3158//5217
f  3158//5218 3207//5218 3208//5218
f  3158//5219 3208//5219 3159//5219
f  3208//5220 3209//5220 3159//5220
f  3159//5221 3209//5221 3210//5221
f  3159//5222 3210//5222 3160//5222
f  3160//5223 3210//5223 3211//5223
f  3160//5224 3211//5224 3161//5224
f  3161//5224 3211//5224 3162//5224
f  3162//5225 3211//5225 3212//5225
f  3162//5226 3212//5226 3163//5226
f  3163//5227 3212//5227 3213//5227
f  3163//5228 3213//5228 3164//5228
f  3164//5229 3213//5229 3214//5229
f  3164//5230 3214//5230 3165//5230
f  3165//5231 3214//5231 3215//5231
f  3165//5232 3215//5232 3166//5232
f  3166//5233 3215//5233 3216//5233
f  3166//5234 3216//5234 3167//5234
f  3216//5235 3217//5235 3167//5235
f  3167//5236 3217//5236 3218//5236
f  3167//5237 3218//5237 3168//5237
f  3168//5238 3218//5238 3219//5238
f  3168//5239 3219//5239 3169//5239
f  3169//5240 3219//5240 3170//5240
f  3170//5241 3219//5241 3220//5241
f  3170//5242 3220//5242 3171//5242
f  3220//5243 3221//5243 3171//5243
f  3171//5244 3221//5244 3222//5244
f  3171//5245 3222//5245 3172//5245
f  3172//5246 3222//5246 3223//5246
f  3172//5247 3223//5247 3173//5247
f  3173//5248 3223//5248 3224//5248
f  3173//5249 3224//5249 3174//5249
f  3174//5250 3224//5250 3225//5250
f  3174//5251 3225//5251 3175//5251
f  3175//5252 3225//5252 3226//5252
f  3175//5253 3226//5253 3176//5253
f  3176//5254 3226//5254 3227//5254
f  3176//5255 3227//5255 3177//5255
f  3177//5255 3227//5255 3178//5255
f  3178//5256 3227//5256 3228//5256
f  3178//5257 3228//5257 3179//5257
f  3228//5258 3229//5258 3179//5258
f  3179//5259 3229//5259 3230//5259
f  3179//5260 3230//5260 3180//5260
f  3180//5261 3230//5261 3231//5261
f  3180//5262 3231//5262 3181//5262
f  3181//5263 3231//5263 3232//5263
f  3181//5264 3232//5264 3182//5264
f  3182//5265 3232//5265 3233//5265
f  3182//5266 3233//5266 3183//5266
f  3183//5267 3233//5267 3184//5267
f  3184//5268 3233//5268 3234//5268
f  3184//5269 3234//5269 3185//5269
f  3185//5270 3234//5270 3235//5270
f  3185//5271 3235//5271 3186//5271
f  3186//5272 3235//5272 3236//5272
f  3186//5273 3236//5273 3187//5273
f  3187//5274 3236//5274 3237//5274
f  3187//5275 3237//5275 3188//5275
f  3188//5276 3237//5276 3238//5276
f  3188//5277 3238//5277 3189//5277
f  3238//5278 3239//5278 3189//5278
f  3189//5279 3239//5279 3240//5279
f  3189//5280 3240//5280 3190//5280
f  3190//5281 3240//5281 3241//5281
f  3190//5282 3241//5282 3191//5282
f  3191//5283 3241//5283 3192//5283
f  3192//5284 3241//5284 3242//5284
f  3192//5285 3242//5285 3193//5285
f  3242//5286 3243//5286 3193//5286
f  3193//5287 3243//5287 3244//5287
f  3193//5288 3244//5288 3194//5288
f  3194//5289 3244//5289 3245//5289
f  3194//5290 3245//5290 3148//5290
f  3148//5291 3245//5291 3246//5291
f  3148//5292 3246//5292 3195//5292
f  3195//5293 3246//5293 3247//5293
f  3195//5294 3247//5294 3196//5294
f  3196//5295 3247//5295 3248//5295
f  3196//5296 3248//5296 3197//5296
f  3197//5297 3248//5297 3249//5297
f  3197//5298 3249//5298 3198//5298
f  3198//5298 3249//5298 3199//5298
f  3199//5299 3249//5299 3250//5299
f  3199//5300 3250//5300 3200//5300
f  3200//5301 3250//5301 3201//5301
f  3212//5302 3214//5302 3213//5302
f  3212//5303 3211//5303 3210//5303
f  3210//5304 3209//5304 3208//5304
f  3208//5305 3207//5305 3206//5305
f  3206//5306 3205//5306 3204//5306
f  3204//5307 3203//5307 3201//5307
f  3201//5308 3203//5308 3202//5308
f  3250//5309 3249//5309 3248//5309
f  3248//5310 3247//5310 3246//5310
f  3246//5311 3245//5311 3244//5311
f  3244//5312 3243//5312 3242//5312
f  3242//5313 3241//5313 3240//5313
f  3240//5314 3239//5314 3238//5314
f  3238//5315 3237//5315 3236//5315
f  3236//5316 3235//5316 3234//5316
f  3234//5317 3233//5317 3232//5317
f  3232//5318 3231//5318 3230//5318
f  3230//5319 3229//5319 3228//5319
f  3228//5320 3227//5320 3226//5320
f  3226//5321 3225//5321 3224//5321
f  3224//5322 3223//5322 3222//5322
f  3222//5323 3221//5323 3220//5323
f  3220//5324 3219//5324 3218//5324
f  3218//5325 3217//5325 3216//5325
f  3216//5326 3215//5326 3214//5326
f  3204//5327 3201//5327 3251//5327
f  3251//5328 3201//5328 3250//5328
f  3251//5329 3250//5329 3252//5329
f  3252//5330 3250//5330 3248//5330
f  3252//5331 3248//5331 3253//5331
f  3253//5332 3248//5332 3246//5332
f  3253//5333 3246//5333 3254//5333
f  3254//5334 3246//5334 3244//5334
f  3254//5335 3244//5335 3255//5335
f  3255//5336 3244//5336 3242//5336
f  3255//5337 3242//5337 3256//5337
f  3256//5338 3242//5338 3240//5338
f  3256//5339 3240//5339 3257//5339
f  3257//5340 3240//5340 3238//5340
f  3257//5341 3238//5341 3258//5341
f  3258//5342 3238//5342 3236//5342
f  3258//5343 3236//5343 3259//5343
f  3259//5344 3236//5344 3234//5344
f  3259//5345 3234//5345 3260//5345
f  3260//5346 3234//5346 3232//5346
f  3260//5347 3232//5347 3261//5347
f  3261//5348 3232//5348 3230//5348
f  3261//5349 3230//5349 3262//5349
f  3262//5350 3230//5350 3228//5350
f  3262//5351 3228//5351 3263//5351
f  3263//5352 3228//5352 3226//5352
f  3263//5353 3226//5353 3264//5353
f  3264//5354 3226//5354 3224//5354
f  3264//5355 3224//5355 3265//5355
f  3265//5356 3224//5356 3222//5356
f  3265//5357 3222//5357 3266//5357
f  3266//5358 3222//5358 3220//5358
f  3266//5359 3220//5359 3267//5359
f  3267//5360 3220//5360 3218//5360
f  3267//5361 3218//5361 3268//5361
f  3268//5362 3218//5362 3216//5362
f  3268//5363 3216//5363 3269//5363
f  3269//5364 3216//5364 3214//5364
f  3269//5365 3214//5365 3270//5365
f  3270//5366 3214//5366 3212//5366
f  3270//5367 3212//5367 3271//5367
f  3271//5368 3212//5368 3210//5368
f  3271//5369 3210//5369 3272//5369
f  3272//5370 3210//5370 3208//5370
f  3272//5371 3208//5371 3273//5371
f  3273//5372 3208//5372 3206//5372
f  3273//5373 3206//5373 3274//5373
f  3274//5374 3206//5374 3204//5374
f  3274//5375 3204//5375 3251//5375
f  3275//5376 3251//5376 3276//5376
f  3276//5377 3251//5377 3252//5377
f  3276//5377 3252//5377 3277//5377
f  3277//5378 3252//5378 3253//5378
f  3277//5378 3253//5378 3278//5378
f  3278//5379 3253//5379 3254//5379
f  3278//5379 3254//5379 3279//5379
f  3279//5380 3254//5380 3255//5380
f  3279//5380 3255//5380 3280//5380
f  3280//5381 3255//5381 3256//5381
f  3280//5381 3256//5381 3281//5381
f  3281//5382 3256//5382 3257//5382
f  3281//5382 3257//5382 3282//5382
f  3282//5383 3257//5383 3258//5383
f  3282//5383 3258//5383 3283//5383
f  3283//5384 3258//5384 3259//5384
f  3283//5384 3259//5384 3284//5384
f  3284//5385 3259//5385 3260//5385
f  3284//5385 3260//5385 3285//5385
f  3285//5386 3260//5386 3261//5386
f  3285//5386 3261//5386 3286//5386
f  3286//5387 3261//5387 3262//5387
f  3286//5387 3262//5387 3287//5387
f  3287//5388 3262//5388 3263//5388
f  3287//5388 3263//5388 3288//5388
f  3288//5389 3263//5389 3264//5389
f  3288//5389 3264//5389 3289//5389
f  3289//5390 3264//5390 3265//5390
f  3289//5390 3265//5390 3290//5390
f  3290//5391 3265//5391 3266//5391
f  3290//5391 3266//5391 3291//5391
f  3291//5392 3266//5392 3267//5392
f  3291//5392 3267//5392 3292//5392
f  3292//5393 3267//5393 3268//5393
f  3292//5393 3268//5393 3293//5393
f  3293//5394 3268//5394 3269//5394
f  3293//5394 3269//5394 3294//5394
f  3294//5395 3269//5395 3270//5395
f  3294//5395 3270//5395 3295//5395
f  3295//5396 3270//5396 3271//5396
f  3295//5396 3271//5396 3296//5396
f  3296//5397 3271//5397 3272//5397
f  3296//5397 3272//5397 3297//5397
f  3297//5398 3272//5398 3273//5398
f  3297//5398 3273//5398 3298//5398
f  3298//5399 3273//5399 3274//5399
f  3298//5399 3274//5399 3275//5399
f  3275//5376 3274//5376 3251//5376
f  3298//505 3275//505 3299//505
f  3299//505 3275//505 3276//505
f  3299//505 3276//505 3300//505
f  3300//505 3276//505 3277//505
f  3300//505 3277//505 3301//505
f  3301//505 3277//505 3278//505
f  3301//505 3278//505 3302//505
f  3302//505 3278//505 3279//505
f  3302//505 3279//505 3303//505
f  3303//505 3279//505 3280//505
f  3303//505 3280//505 3304//505
f  3304//505 3280//505 3281//505
f  3304//505 3281//505 3305//505
f  3305//505 3281//505 3282//505
f  3305//505 3282//505 3306//505
f  3306//505 3282//505 3283//505
f  3306//505 3283//505 3307//505
f  3307//505 3283//505 3284//505
f  3307//505 3284//505 3308//505
f  3308//505 3284//505 3285//505
f  3308//505 3285//505 3309//505
f  3309//505 3285//505 3286//505
f  3309//505 3286//505 3310//505
f  3310//505 3286//505 3287//505
f  3310//505 3287//505 3311//505
f  3311//505 3287//505 3288//505
f  3311//505 3288//505 3312//505
f  3312//505 3288//505 3289//505
f  3312//505 3289//505 3313//505
f  3313//505 3289//505 3290//505
f  3313//505 3290//505 3314//505
f  3314//505 3290//505 3291//505
f  3314//505 3291//505 3315//505
f  3315//505 3291//505 3292//505
f  3315//505 3292//505 3316//505
f  3316//505 3292//505 3293//505
f  3316//505 3293//505 3317//505
f  3317//505 3293//505 3294//505
f  3317//505 3294//505 3318//505
f  3318//505 3294//505 3295//505
f  3318//505 3295//505 3319//505
f  3319//505 3295//505 3296//505
f  3319//505 3296//505 3320//505
f  3320//505 3296//505 3297//505
f  3320//505 3297//505 3321//505
f  3321//505 3297//505 3298//505
f  3321//505 3298//505 3299//505
f  3322//5400 3311//5400 3323//5400
f  3323//5401 3311//5401 3312//5401
f  3323//5401 3312//5401 3324//5401
f  3324//5402 3312//5402 3313//5402
f  3324//5402 3313//5402 3325//5402
f  3325//5403 3313//5403 3314//5403
f  3325//5403 3314//5403 3326//5403
f  3326//5404 3314//5404 3315//5404
f  3326//5404 3315//5404 3327//5404
f  3327//5405 3315//5405 3316//5405
f  3327//5405 3316//5405 3328//5405
f  3328//5406 3316//5406 3317//5406
f  3328//5406 3317//5406 3329//5406
f  3329//5407 3317//5407 3318//5407
f  3329//5407 3318//5407 3330//5407
f  3330//5408 3318//5408 3319//5408
f  3330//5408 3319//5408 3331//5408
f  3331//5409 3319//5409 3320//5409
f  3331//5409 3320//5409 3332//5409
f  3332//5410 3320//5410 3321//5410
f  3332//5410 3321//5410 3333//5410
f  3333//5411 3321//5411 3299//5411
f  3333//5411 3299//5411 3334//5411
f  3334//1 3299//1 3300//1
f  3334//1 3300//1 3335//1
f  3335//5412 3300//5412 3301//5412
f  3335//5412 3301//5412 3336//5412
f  3336//5413 3301//5413 3302//5413
f  3336//5413 3302//5413 3337//5413
f  3337//5414 3302//5414 3303//5414
f  3337//5414 3303//5414 3338//5414
f  3338//5415 3303//5415 3304//5415
f  3338//5415 3304//5415 3339//5415
f  3339//5416 3304//5416 3305//5416
f  3339//5416 3305//5416 3340//5416
f  3340//5417 3305//5417 3306//5417
f  3340//5417 3306//5417 3341//5417
f  3341//5418 3306//5418 3307//5418
f  3341//5418 3307//5418 3342//5418
f  3342//5419 3307//5419 3308//5419
f  3342//5419 3308//5419 3343//5419
f  3343//5420 3308//5420 3309//5420
f  3343//5420 3309//5420 3344//5420
f  3344//5421 3309//5421 3310//5421
f  3344//5421 3310//5421 3322//5421
f  3322//5400 3310//5400 3311//5400
f  3341//505 3342//505 3329//505
f  3335//505 3336//505 3337//505
f  3331//505 3332//505 3340//505
f  3340//505 3332//505 3333//505
f  3340//505 3333//505 3339//505
f  3339//505 3333//505 3338//505
f  3341//505 3329//505 3340//505
f  3340//505 3329//505 3330//505
f  3340//505 3330//505 3331//505
f  3342//505 3343//505 3329//505
f  3329//505 3343//505 3344//505
f  3329//505 3344//505 3322//505
f  3322//505 3323//505 3329//505
f  3329//505 3323//505 3324//505
f  3329//505 3324//505 3325//505
f  3325//505 3326//505 3329//505
f  3329//505 3326//505 3327//505
f  3329//505 3327//505 3328//505
f  3338//505 3333//505 3337//505
f  3337//505 3333//505 3334//505
f  3337//505 3334//505 3335//505

